,activity_rate,mean_norm_activation,cv,top_smiles
0,0.001,0.27587843,1.1104233264923096,"['Nc1ncc(Br)c(Cl)c1Br', 'O=C1NC(O)c2cc(Br)cc(Br)c2O1', 'Brc1ccc(Br)c2nccnc12', 'Nc1nc(Oc2ccccc2)c(Br)c(=O)[nH]1', 'O=C(Nc1c[nH]cc(Br)c1=O)c1ccc(F)c(F)c1F', 'O=C(NCc1cc(F)ccc1Br)NCC1CCC1', 'Cc1cnc(NCc2ccco2)c(Br)c1', 'O=C(NCC1CC1)c1ccc(F)cc1Br', 'O=C(CCCNC(=O)C1CC1)Nc1ccc(Br)c(F)c1', 'C=CCNC(=O)CCc1ccc(Br)cc1']"
1,1e-04,0.0,0.0,[]
2,1e-04,0.0,0.0,[]
3,0.0015,0.32465178,0.9152272939682007,"['Cc1cc(CN2C(=O)c3ccccc3S2(=O)=O)no1', 'Cc1ccccc1OCCCN1C(=O)c2ccccc2S1(=O)=O', 'NC(=O)CCN1C(=O)c2cc(N)ccc2S1(=O)=O', 'C=CCN1C(=O)C2(NC(=O)c3c(C)cccc3N2)c2ccccc21', 'Cc1n[nH]c(C2CN(C(=O)CN3Cc4ccccc4C3=O)CCO2)n1', 'CN(Cc1ccco1)C(=O)CN1C(=O)C(C)(C)c2ccccc21', 'CCC(c1nc(C(C)C)no1)N1Cc2ccccc2C1=O', 'Cc1ccc(S(=O)(=O)N2C(=O)C(=O)c3cc(C)ccc32)cc1', 'CCC(C)NC(=O)C1c2ccccc2C(=O)N1Cc1ccccc1', 'CC1Cc2ccccc2N1C(=O)C1Cc2ccccc2C(=O)O1']"
4,1e-04,0.0,0.0,[]
5,0.0077,0.18631007,0.9742449522018433,"['O=C(C=c1[nH]c(=O)c(=Cc2cccnc2)s1)c1ccco1', 'Cn1cccc1C=c1sc2nc3ccccc3n2c1=O', 'Cc1nc2sc(=Cc3cccc(Cl)c3Cl)c(=O)n2n1', 'Cc1nc2sc(=Cc3ccc(Br)cc3)c(=O)n2n1', 'C(=Cc1nn2c(-c3ccncc3)nnc2s1)c1cccs1', 'CCn1c(O)c(C=C2C=Nc3ccccc32)sc1=O', 'COc1cc(C=CC2NCCc3cc(F)ccc32)ccc1O', 'CC1COCCN1CC1=Cc2cc(Cl)ccc2OC1', 'CCOC(=O)C1=C(C)N(CCOC)C(=O)NC1c1cccc(F)c1', 'COC(=O)C1=C(C)N(C2CC2)C(=O)NC1c1ccc(F)cc1F']"
6,0.0169,0.5283724,0.4261355698108673,"['CC(Nc1c(F)cc(C#N)cc1F)c1ccccn1', 'CC(NCc1ccncc1)C(O)c1ccc(F)c(F)c1', 'CC(NCc1c(F)cccc1Cl)c1nnc2ccccn12', 'Cc1[nH]c(NC(=O)CSc2nccn2C)c(C#N)c1C', 'c1n[nH]c(SCc2nnc3n2CCCCC3)n1', 'Cc1[nH]c(SCC(=O)N2CCNC(=O)C2)nc1Cc1ccccc1', 'c1c[nH]c(-c2nccn2-c2ccc3ncsc3c2)n1', 'Cc1[nH]ncc1CCCNC(=O)NCC1CCCO1', 'CC(N)(C(=O)Nc1ccccc1Cl)c1ccccc1', 'Cc1[nH]c(NC(=O)CSc2nc(N)cc(=O)[nH]2)c(C#N)c1C']"
7,1e-04,0.0,0.0,[]
8,0.001,0.27704957,1.0106321573257446,"['COc1ccc2c(c1)OCC(Cc1cnc(-n3cnnc3)c(C)c1)C2', 'COc1ccc2c(c1)CCc1c(C(=O)N3CCCC3)noc1-2', 'Cc1cnc2n(c1=O)CC(C(=O)Nc1nccs1)CS2', 'COc1cccc2c1OCC(NC(=O)c1c(C)cc(C)[nH]c1=O)C2', 'Cc1ccc2c(c1)NC(=O)C(C)(C(=O)Nc1cc(C)nn1C(C)C)O2', 'CC(=O)Nc1ccc2c(c1)CC(C(=O)NC1CCCC1)CO2', 'COc1ccc2c(c1)CC(NCc1cccc(OCC(N)=O)c1)CC2', 'Cc1ccc2c(c1)C(O)(CC(=O)c1cccs1)C(=O)N2', 'Nc1cccn2cc(-c3ccc4c(c3)OCO4)nc12', 'CCC(C(=O)OCC(=O)Nc1ccc(F)cc1)c1ccccc1']"
9,1e-04,0.0,0.0,[]
10,1e-04,1.0,0.0,['Cc1nc(CCNS(=O)(=O)c2cn[nH]c2)cs1']
11,0.0845,0.45853877,0.3596745729446411,"['O=C1NCCNC1c1ncccc1Br', 'O=C(c1n[nH]c2c1CCC2)N1CCCCC1c1ccc(F)cc1', 'O=C(c1n[nH]c(=O)c2ccccc12)N1CCCCCC1', 'O=C(c1n[nH]c2ccccc12)N(CC1CC=CO1)C1CC1', 'O=C(c1c[nH]c2cccc(F)c12)N1CCCC(n2cccn2)C1', 'O=C(c1c[nH]c2cccc(F)c12)N1CCC2(CCCC2)C1', 'Clc1ccc2[nH]c(CN3CCOCC3)nc2c1', 'CC(Sc1n[nH]c(N)n1)C(=O)Nc1cc(Cl)ccc1Cl', 'Cc1cnc(NCc2ccco2)c(Br)c1', 'O=C(c1c[nH]c(=O)c(Cl)c1)N1CCc2ccccc21']"
12,1e-04,0.0,0.0,[]
13,0.0063,0.33329767,0.6989797949790955,"['COc1ccc(-c2nc(COC(=O)c3cc(C)no3)no2)cc1', 'CCc1ccc(-c2noc(CNc3cccc(NC(C)=O)c3)n2)cc1', 'COc1ccc(-c2cnc(CCC(=O)Nc3cc(C)on3)o2)cc1', 'Cc1cccc(-c2nc(CC(=O)NCC(=O)NC3CC3)cs2)c1', 'COc1ccc(-c2nc(CC(=O)NCc3cccnc3)cs2)cc1', 'COc1ccc(-c2nc(CCNC(=O)c3scnc3C)co2)cc1', 'Cc1ccc(-c2noc(CN3CCN(C(=O)C4CC4)CC3)n2)cc1', 'Cc1ccc(-n2nnc(C(=O)N=c3[nH]c4ccccc4[nH]3)c2C)cc1', 'Cc1ccc(-c2nc(C(=O)Nc3ccnc4ccnn34)cs2)cc1', 'COc1ccc(-c2noc(-c3ccc(CNC(C)=O)o3)n2)cc1']"
14,1e-04,0.0,0.0,[]
15,0.0057,0.41522428,0.7657486200332642,"['CCOc1ccc(Br)cc1S(N)(=O)=O', 'CC1CCCCN1C(=O)NCCc1ccc(S(N)(=O)=O)cc1', 'CCc1ccc(NC(=O)NCCc2ccc(S(N)(=O)=O)cc2)cc1', 'COc1ccccc1SCCOc1ccc(S(N)(=O)=O)cc1', 'CC(NC(=O)Nc1ccc(S(N)(=O)=O)cc1)c1cccnc1', 'Cc1cnc(C(=O)NC(C)c2ccc(S(N)(=O)=O)cc2)cn1', 'CC(Cn1cccn1)NC(=O)CCc1ccc(S(N)(=O)=O)cc1', 'Cc1cc(Oc2ccccc2Cl)ccc1S(N)(=O)=O', 'CCCNC(=O)Nc1ccc(S(N)(=O)=O)cc1', 'CC(c1cccc(S(N)(=O)=O)c1)N(C)c1ncnc2c1cnn2C']"
16,0.0023,0.42712957,0.6812818050384521,"['CC(C)(C#N)C(=O)NCCOc1ccc2c(c1)CCC2', 'CCCCC(NC(N)=O)C(=O)N1CCCC1c1cnn(C)c1', 'CC(C)(C#N)C(=O)NC1CCN(c2cccc(F)c2)CC1', 'Cc1ccc(C(N)C(=O)NCc2cccc(C)c2)cc1', 'CCCC(C#N)C(=O)N1CCN(C2CCCC2)CC1', 'CC(C)C(C#N)C(=O)Nc1ccc2ncccc2c1', 'Cc1cccc(C(N)C(=O)NCc2ccc[nH]2)c1F', 'COc1ccc(CC(C#N)C(=O)N2CCCC2)c(OC)c1', 'CN(CCC#N)C(=O)Nc1cnn(-c2ccccc2F)c1', 'CCC(NC(N)=O)C(=O)Nc1ccc2ccccc2n1']"
17,0.0002,0.5,0.0,"['O=S1(=O)c2ccccc2-c2cc3cc(F)c(F)cc3cc21', 'O=S1(=O)c2ccc(O)cc2CC1c1ccccc1']"
18,1e-04,1.0,0.0,['CCCCOC(=O)C1=C(C)NC2(O)c3ccccc3C(=O)C12O']
19,0.1038,0.39261773,0.5156997442245483,"['COC(=O)c1cc(C)ccc1NCC1CCC=CO1', 'CCN(CC)C(=O)NCc1ccc2c(c1)OCO2', 'Cc1ccc(CC(=O)NC2(C#N)CCC3(CC2)OCCO3)s1', 'CC12CCC(C(=O)Nc3ccc4c(c3)OCO4)(CC1O)C2(C)C', 'COC(=O)c1ccc(-c2ccc3c(c2)OCO3)nc1C', 'COc1cc2nc(C)c(C)c(Cl)c2cc1OC', 'CC1COCCN1CC1=Cc2cc(Cl)ccc2OC1', 'O=C(c1cc2c(s1)CCC2)N1CCC2(CC1)OCCO2', 'CC(C)n1c(-c2ccc(F)cc2)ccc(CO)c1=O', 'O=c1c2cnc3ccnn3c2ccn1CCC1=CCCCC1']"
20,0.0046,0.29743648,0.7709978222846985,"['COCCC(=O)c1cc(Cl)c(OC)cc1OC', 'CCCOC(=O)c1ccc(OC(C)C)c(OC)c1', 'C=CCc1cc(C(=O)N(C(C)C)C2CCC2)cc(OC)c1OC', 'CC=Cc1cc(C(=O)Nc2nccs2)cc(OC)c1OC', 'CCC(C#N)(CC)Cc1cc(OC)c(OC)c(OC)c1', 'CCOC(=O)CC(c1oc(CO)cc(=O)c1O)C(C)C', 'CCC(C)N(C)C(=O)c1cc(Cl)c(OCC(N)=O)c(OC)c1', 'CCC1CCCCN1C(=O)COc1ccc(C(C)=O)cc1OC', 'CCCOC(=O)c1sc2nc(COC)nc(OC)c2c1C', 'CCNC(=O)Cc1cc(OCC)c(OCC)cc1Br']"
21,1e-04,1.0,0.0,['COCC(=O)NC1CCC2(C)CCC3C(C)C(=O)OC3C2C1C']
22,1e-04,0.0,0.0,[]
23,1e-04,0.0,0.0,[]
24,0.0218,0.31339377,0.5753344893455505,"['CC(C)c1nnsc1CNC(=O)c1cc(-c2cccs2)nn1C', 'Cc1ccc(C(=O)C(C)Sc2nc(-c3cccnc3)n[nH]2)cc1', 'O=C(C1CCCC1)N1CCNCC1c1nc(-c2ccccc2)no1', 'CCCOC1CCCN(C(=O)Nc2cc(-c3ccccc3)nn2C)C1', 'CC(C)S(=O)(=O)N1CCN(c2cc(-c3ccccc3)ncn2)CC1', 'Cc1ccc(C(C)NC(=O)c2cc(-c3ccco3)[nH]n2)o1', 'CC(=O)Nc1cccc(NC(=O)c2cc(-c3cccnc3)on2)c1C', 'CCOc1c(Cl)cccc1NC(=O)c1c(C)noc1C', 'Cc1cnn(CC2CCCN2C(=O)c2cc(-c3ccccc3)on2)c1', 'C#Cc1cccc(NC(=O)CN(C)C(=O)c2cn3c(C)cccc3n2)c1']"
25,1e-04,0.0,0.0,[]
26,0.0027,0.30634257,0.9681745171546936,"['Cc1cc(=O)[nH]c(Sc2nc(C)cc(=O)[nH]2)n1', 'CCc1cc(=O)[nH]c(N2CCN(C(C)=O)CC2)n1', 'Nc1cc(=O)[nH]c(SCCOc2ccccc2)n1', 'Cc1cc(=O)[nH]c(NCCNC(=O)Nc2ccc(C(C)(C)C)cc2)n1', 'Cc1cc(=O)[nH]c(N2CCN(c3cccc(C(F)(F)F)c3)CC2)n1', 'Cc1cc(=O)[nH]c(-c2cccc(NC(=O)c3cc(Cl)c[nH]3)c2)n1', 'Cc1cc(=O)[nH]c(-c2cccc(NC(=O)CC3C=CCC3)c2)n1', 'Nc1cc(=O)[nH]c(SCC(=O)c2c[nH]c3ccccc23)n1', 'Cn1c(=O)[nH]c(N2CCCC2)c(Cc2cccc(Cl)c2)c1=O', 'Nc1cc(=O)[nH]c(CCNC(=O)c2cccc3ccnn23)n1']"
27,0.0015,0.5198716,0.5779010653495789,"['CCOC(C)c1nc(CSc2ccc(C)cn2)cs1', 'CCOC(C)C(=O)Oc1ccc(C)cc1Br', 'CCOC(C)C(=O)Nc1cc(C)cc2cccnc12', 'CCOC(C)C(=O)Oc1ccc(C(C)C)c(C)c1', 'CCOC(CC)C(=O)Nc1ccc(C(=O)Nc2cccnc2)cc1', 'CCOC(C)C(=O)Nc1nc(-c2ccc(F)c(F)c2)cs1', 'CCOC(CC)C(=O)N1CCC(CC(=O)N2CCCC2)CC1', 'CCOC(C)C(=O)Nc1nc(-c2ccc(OC(C)C)cc2)cs1', 'CCOC(C)c1nc(CN(C)C(=O)Nc2cnccc2C)cs1', 'CCOC(C)c1noc(CNc2ccccc2-n2cccn2)n1']"
28,1e-04,0.0,0.0,[]
29,0.0145,0.31997693,0.7148810029029846,"['C=CCc1cc(CN2CCN(C(C)C(N)=O)CC2)cc(OC)c1O', 'Cc1cc2c(N3CCN(C(=O)OC(C)(C)C)CC3)cccc2cn1', 'CCCc1nc(CN2CCN(C(=O)CCC(C)C)CC2)no1', 'CCOc1ccc(CN2CCN(C(=O)NCCOC)CC2)cc1', 'Cc1ccc(CCC2CCN(S(C)(=O)=O)CC2)cc1', 'CCOc1ccc(CCC2CCN(C(=O)COC)CC2)cc1', 'Cn1ccc(NC2CCN(CC(F)(F)F)CC2)n1', 'CCOc1cc(CN2CCN(C(=O)C(C)O)CC2)ccc1OC', 'CCCn1nc(C)c(CN2CCC(NS(C)(=O)=O)C2)c1C', 'CN(c1nc(CN2CCC(O)(C(F)(F)F)CC2)cs1)C1CC1']"
30,0.0002,0.5,0.0,"['CCNC(=O)C(C)NC(=O)NCC(=O)N(CC)CC', 'COC(C)(C)CC(C)(NCC(F)(F)F)C(N)=O']"
31,0.0002,0.5,0.0,"['Cc1ccc(S(=O)(=O)N2C(=O)C(=O)c3cc(C)ccc32)cc1', 'CCOC(=O)c1ccc(N2C(=O)CC(C(=O)OC)=C2C)cc1']"
32,1e-04,0.0,0.0,[]
33,1e-04,1.0,0.0,['CC(C)C(=O)NCC#CCOc1cccc2cccnc12']
34,1e-04,0.0,0.0,[]
35,1e-04,0.0,0.0,[]
36,0.0071,0.5003226,0.513910174369812,"['CCC1CCCCC1Oc1nc2sccn2c1CO', 'N#CC1CCCC1NCc1ccc(O)c(Cl)c1', 'CC1CCCCC1NC(=O)Nc1cc(S(C)(=O)=O)ccc1Cl', 'CCC1CCCCC1NC(=O)NCCc1ccccn1', 'CC1CCCCN1C(=O)c1cc2cc(F)ccc2[nH]1', 'CC1CCCCC1NC1=NS(=O)(=O)c2ccccc2N1', 'CC1CCCCC1NC(=O)CSc1nc(N)c(C#N)cc1C#N', 'CC1COCCN1CC1=Cc2cc(Cl)ccc2OC1', 'CC1CCCCC1NC(=O)NCc1cccc(CN2CCCC2=O)c1', 'CCC1CCCCN1C(=O)CSc1ccc(N)nc1']"
37,0.0006,0.4257889,0.7348847389221191,"['CC1(C)CC(=O)c2cnc(NCc3ccco3)nc2C1', 'CC1(C)CC(=O)c2cc(Cc3ccco3)c(=O)[nH]c2C1', 'CC1(C)CC(=O)c2cnc3nc(C4CCCCC4)nn3c2C1', 'CC1(C)CNC(=O)c2nc(CCc3ccco3)[nH]c2C1', 'CC1(NC(=O)C2CC(=O)N(Cc3ccccc3)C2)Cc2ccccc2C1', 'CC1(NC(=O)c2cccs2)Cc2ccccc2C1']"
38,0.0086,0.27554372,0.7006688117980957,"['COc1ncc(C(F)(F)F)cc1Br', 'COc1cc(OC)nc(NCc2cccc(F)c2)n1', 'COc1cc(NCC2CCCO2)nc(C2CCCO2)n1', 'COc1cc(OC)nc(NC(=O)c2cccs2)n1', 'COc1ccc(C(=O)N(C)CCOCC2CC2)nn1', 'COc1c[nH]c(CSc2ccc(F)cc2)cc1=O', 'COCc1cc(CN(C)C(=O)C2CCCCO2)n[nH]1', 'COc1ccnc(Sc2nnnn2C2CC2)n1', 'COc1ccc(NC(=O)c2cc(Br)c[nH]2)cn1', 'COc1ccnc(NCCc2ccccc2C(F)(F)F)n1']"
39,0.029,0.25683188,0.684859573841095,"['COC(=O)c1c(O)cc(O)cc1CCc1ccc(O)cc1', 'CCCOC(=O)c1cc(-c2c(O)cc(O)cc2O)nn1CCO', 'O=C(Nc1cccc(O)c1)c1cccc(C(=O)Nc2cccc(O)c2)c1', 'COCC(C)c1nc(-c2ccc(O)cc2O)cs1', 'C#CCC(N)c1nc(-c2ccc(O)cc2O)cs1', 'CC(Cc1ccc(O)cc1)NC(=O)NCC(=O)Nc1ccccc1', 'CC(c1ccc(O)cc1)N(C)C(=O)Nc1ccccc1', 'Cn1cnnc1Sc1ccc(NC(=O)Cc2ccc(O)cc2)cc1', 'COc1cc2c(c(O)c1OC)c(=O)c1cccc(O)c1n2C', 'CC(Cc1ccc(O)cc1)NC(=O)NCC(C)N1CCOCC1']"
40,0.0681,0.4442743,0.44529199600219727,"['COc1c[nH]c(CSc2ccc(F)cc2)cc1=O', 'CCCc1[nH]nc(-c2ccc(F)cc2)c1NC(C)=O', 'COCCCNC1=NS(=O)(=O)c2ccccc21', 'Cc1ccn(CCSc2ccccc2)c(=O)c1C#N', 'CCc1n[nH]c(SCc2cccc(C(=O)N(C)C)c2)n1', 'CCCc1[nH]nc(C(=O)N(CCCO)C(C)C)c1N', 'Cn1ccn(-c2cc(O)c(Cl)cc2Cl)c1=O', 'O=C1CNc2cccc(Cl)c2N1CCc1ccccc1', 'CC1CCN(C(=O)CN2CCOCC2C2CC2)CC1', 'OC1CCN(Cc2ccco2)C1Cc1ccccc1']"
41,1e-04,0.0,0.0,[]
42,0.0023,0.2611792,0.9381620287895203,"['CC(CCCO)NC(=O)Nc1cccc(Cn2cccn2)c1', 'CCC(CCO)NC(=O)Nc1cccc(NC(C)=O)c1C', 'CCC(CCO)NC(=O)Nc1cccc(C(C)=O)c1', 'CCC1(CC)Oc2ccc(C(C)=O)cc2N(CCCC#N)C1=O', 'O=C(NCCO)C1CCCN1C(=O)C12CC3CC(CC(C3)C1)C2', 'O=C(NCCO)Nc1ccc(COCC(F)(F)F)cc1', 'Cn1c(CO)nnc1SCC(=O)NCC(=O)c1ccccc1', 'CCOC(CC)C(=O)Nc1ccc(C(=O)Nc2cccnc2)cc1', 'O=C(NCCO)c1cnn(-c2ccc(Cl)cc2)c1', 'O=C(NCCO)c1cc(Cl)c2c(c1)OCCO2']"
43,1e-04,0.0,0.0,[]
44,1e-04,0.0,0.0,[]
45,0.0136,0.56702936,0.4290129542350769,"['CC(CNC(=O)NC(CO)C(C)C)c1ccccc1', 'CC(Cc1cccs1)NC(=O)c1cncc(Br)c1', 'CC(CN1CCCC1=O)Nc1ncnc2ccsc12', 'CC(CNC(=O)Cn1cnnn1)c1cccs1', 'CC(CCc1cccn1C)NC(=O)Cc1cccc(F)c1F', 'CC(Cc1ccsc1)NC(=O)NCC1CCCO1', 'CC(Cc1cccs1)NC(=O)c1cccc(S(C)(=O)=O)c1', 'CC(CNC(=O)C1CC1c1ccco1)Cn1cccn1', 'CC(Cc1ccsc1)NS(=O)(=O)c1cn[nH]c1', 'CC(Cn1cccn1)OC(=O)C(C)N1CCc2ccccc2C1']"
46,1e-04,0.0,0.0,[]
47,1e-04,0.0,0.0,[]
48,1e-04,0.0,0.0,[]
49,1e-04,0.0,0.0,[]
50,0.0003,0.3804197,1.064125657081604,"['Cn1cccc1C=c1sc2nc3ccccc3n2c1=O', 'Cc1nc2sc(=Cc3cccc(Cl)c3Cl)c(=O)n2n1', 'Cc1nc2sc(=Cc3ccc(Br)cc3)c(=O)n2n1']"
51,0.042,0.6753774,0.16800135374069214,"['CC1(OC(=O)CCCNC(=O)C2CC2)CCCC1', 'C#CCOC(=O)CCCC(=O)Nc1ccccc1C', 'C#CCNC(=O)c1cccnc1SC1CCCC1', 'CN(C)C(=O)c1cc(NCc2nncn2C)ccn1', 'CCN(CC(=O)c1sccc1Br)CC(F)(F)F', 'CN(C)C(=O)c1cccnc1Oc1ccc(Br)cc1', 'C=CCCC(=O)Nc1ccc(Cc2ccncc2)cc1', 'CCCN1C(=O)c2ccccc2NC1c1ccco1', 'CC=CCC(=O)N1CC(F)CC1CNC(=O)CC1CCCC1', 'C=CCNC(=O)CCc1ccc(Br)cc1']"
52,1e-04,0.0,0.0,[]
53,1e-04,0.0,0.0,[]
54,1e-04,0.0,0.0,[]
55,1e-04,0.0,0.0,[]
56,1e-04,0.0,0.0,[]
57,1e-04,0.0,0.0,[]
58,1e-04,0.0,0.0,[]
59,0.0591,0.6826684,0.1902240365743637,"['Cc1[nH]c(NC(=O)CSc2nccn2C)c(C#N)c1C', 'CCCS(=O)(=O)NCc1cccc2cccnc12', 'Nc1ccc(S(=O)Nc2cccc(Cl)c2)cc1', 'CCOC(C)C(=O)Oc1ccc(C)cc1Br', 'Nc1cc(NC(=O)CC2CC3CCC2C3)ccc1Cl', 'CC1(C)CC(=O)c2cnc3nc(C4CCCCC4)nn3c2C1', 'CCC(CC)C(=O)NCc1ncc(C)c(OC)c1C', 'Cc1ccn2c(=O)cc(Cn3cnc4ccccc4c3=O)nc2c1', 'Cc1ccc2c(=O)n(CCc3nncn3C)cnc2c1C', 'CC1(C)CC(=O)c2cc(Cc3ccco3)c(=O)[nH]c2C1']"
60,1e-04,0.0,0.0,[]
61,0.0034,0.40332273,0.6154457330703735,"['O=C(Nc1cnc2n1CCCC2)c1cccc2cnccc12', 'O=C(Nc1cnc2n1CCCC2)c1ccc2ncsc2c1', 'O=C(c1cc2c(s1)CCC2)N1CCC2(CC1)OCCO2', 'O=C(c1ccc2c(c1)CCC2)N1CCC(CO)CC1', 'O=C(c1cc2c(s1)CCCC2)N1CCC2(CC1)OCCO2', 'O=C(Nc1cccc2c1CCCC2)NC(CCO)c1ccccc1', 'O=C(Nc1nnc2n1CCCS2)c1ccccc1F', 'O=C(Nc1nnc2n1CCCS2)c1ccccc1Br', 'O=C(c1n[nH]c2c1CCC2)N1CCCCC1c1ccc(F)cc1', 'O=C(NCc1nnc2n1CCC2)C1CC1c1ccco1']"
62,1e-04,0.0,0.0,[]
63,0.0117,0.27997687,0.7369833588600159,"['N#Cc1nnn(CCO)c1CCCOc1ccccc1', 'Cc1cccc(C(N)=O)c1NCc1ccc(F)cc1', 'N#Cc1nnn(CC(O)CO)c1C=Cc1ccc(Cl)cc1', 'Cn1nc(C(F)(F)F)c(C#N)c1Oc1ccccc1', 'CCCc1nn(C)c(N)c1-c1ccc2c(c1)OCO2', 'Cc1noc(C(C)C)c1C(=O)OCc1cnn(C)c1', 'Cc1[nH]c(=O)[nH]c(=O)c1CCC(=O)Nc1cccc(F)c1', 'COc1ncnc(OC)c1CNc1ccccc1C', 'Cc1onc(C#N)c1C(=O)Nc1ccccc1C(F)(F)F', 'Cc1nn(C(C)(C)C)c(=O)n1Cc1csc(C2CC2)n1']"
64,1e-04,0.0,0.0,[]
65,1e-04,0.0,0.0,[]
66,1e-04,0.0,0.0,[]
67,1e-04,0.0,0.0,[]
68,0.0204,0.34013587,0.5695163607597351,"['COc1cc(C#N)ccc1OCCOc1ccc(C#N)cc1', 'CCOc1ccccc1OCCOc1cccc(C#N)c1', 'CC(=O)N1CCN(Cc2ccc(C#N)cc2F)CC1', 'CC(Nc1c(F)cc(C#N)cc1F)c1ccccn1', 'CCOC(=O)Cn1nc(C#N)cc1-c1ccccc1', 'Cc1ccc2nc(N3CCCCC3)c(C#N)cc2c1', 'C#CCN1CCN(Cc2cc(C#N)ccc2F)CC1', 'CCc1ccc2ncc(C#N)c(N3CCCC3)c2c1', 'COc1ccc2nc(C(F)(F)Cl)c(C#N)c(N)c2c1', 'Cc1cc(SCc2ccc(C#N)cc2)nc(C)n1']"
69,1e-04,0.0,0.0,[]
70,1e-04,0.0,0.0,[]
71,1e-04,0.0,0.0,[]
72,1e-04,0.0,0.0,[]
73,1e-04,0.0,0.0,[]
74,1e-04,0.0,0.0,[]
75,0.0023,0.21561332,0.9575793147087097,"['O=C(Nc1ccccc1)c1c(F)c(F)c(F)c(F)c1F', 'COc1cc(C#N)ccc1OC(=O)c1cc(F)c(F)c(F)c1F', 'COC(=O)Cc1cc(C)nc2c(F)c(F)c(F)cc12', 'CCCOC(=O)CCC(=O)c1cc(F)c(F)c(F)c1', 'CCCN(Cc1ccc(C#N)cc1)C(=O)c1cc(F)c(F)c(F)c1', 'CC(C)(C)C(NC(=O)Nc1cc(F)c(F)c(F)c1)C(N)=O', 'CN(C)C(C(=O)NCc1cc(F)c(F)c(F)c1)c1ccccc1F', 'Cn1ccnc1C(NC(=O)c1cc(F)cc(F)c1)c1ccccc1', 'CS(=O)(=O)c1ccc(C(=O)OCc2ccc(C#N)cc2F)cc1', 'CC1CCC(O)(Cn2cnc3cc(F)c(F)cc3c2=O)CC1']"
76,0.0013,0.4037577,0.48819711804389954,"['O=C1NCCCCC1NC(=O)N1CCCC1C1CCCCC1', 'CC1CC1C(=O)N(CCC#N)CCN1CCOCC1', 'CC(C)(C)OC(=O)N1CCCC1C1CCCC1=O', 'CCCCCNC(=O)N1CCCCC1CN1CCOCC1', 'CCC1C(=O)NCCN1C(=O)C(C)CC1CCCC1', 'O=C1C2CC(O)CCN2C(=O)CN1CCCN1CCOCC1', 'COC(=O)C1CC(O)CN1CCC(=O)N1CCCCC1', 'CC1CCCCN1C(=O)C1CC(=O)N(C2CCOCC2)C1', 'O=C(C1CCOC1)N1CCCC1C1CCCCC1', 'CC(C)C1C(=O)NCCN1C(=O)NCC1CN2CCCCC2CO1']"
77,1e-04,0.0,0.0,[]
78,1e-04,0.0,0.0,[]
79,0.0026,0.532212,0.4195529520511627,"['Cc1c(Br)cccc1Cn1nnnc1C', 'Fc1c(Cl)ccc2c1C(c1nccs1)NCC2', 'Cc1c(Cl)cccc1NC(=O)CCn1cccc1', 'Cc1c(Cl)cccc1NC(=O)c1cnc2sccn2c1=O', 'Cc1c(F)c(F)c(C(=O)N2CCN(C)CC2)c(C)c1Cl', 'Cc1c(Cl)cccc1S(=O)(=O)NCCN1CCOCC1', 'Cc1c(N)cc2c(c1C)OC(c1cccs1)CC2=O', 'Cc1c(O)ccc2c1C(C(O)Cc1ccccc1)NCC2', 'Nc1c(F)cccc1C(=O)N1CCCc2ccccc21', 'Cc1c(Cl)cccc1-n1nc(C#N)c(=O)cc1C']"
80,0.219,0.1858105,0.7516502737998962,"['OCC1(c2nc(C3CCOCC3)nn2-c2cccc3c2CCC3)CC1', 'C=CCC1(CO)CCCN(C(=O)CCc2n[nH]c3c2CCCC3)C1', 'O=C1CC(=O)CC(c2ccccc2C(F)(F)F)C1', 'COCCCC1(CO)CCCN(C(=O)CC2CCCC2)C1', 'O=C(CCNC(=O)C1CCCC1)NCC1CCCc2ccccc21', 'O=C(CCc1ccccc1)C1CCCN(C(=O)Cc2cccnc2)C1', 'Cc1ncnc2c1CN(C(=O)CCC1CCCCC1)CC2', 'CC1(C)CC(=O)c2cnc3nc(C4CCCCC4)nn3c2C1', 'O=C1CN(C(=O)CNC(=O)CC23CC4CC(CC(C4)C2)C3)CCN1', 'O=C(CC1CCCCC1)N1CCCC1c1nnc2n1CCCCC2']"
81,0.0002,0.5,0.0,"['Cc1cn2c3c(=O)n(C)c(=O)n(C)c3nc2n1C1CCCCC1', 'CC1(C)Cc2nc3sc4c(=O)[nH]c(=O)[nH]c4c3cc2CO1']"
82,0.0004,0.4183603,0.729326069355011,"['O=C(NC1CCCCCC1)c1ccc2c(c1)nc1n2CCOC1', 'CCOC(=O)C(C)NC(=O)c1c(C)oc2ncn(C)c(=O)c12', 'O=C(Nc1ccccc1)c1noc2ncnc(N3CCOCC3)c12', 'COc1ccccc1COCC(O)Cn1cnc2cc(F)c(F)cc21']"
83,0.017,0.3026066,0.74550461769104,"['Cc1cc(C)c(CNC(=O)Cc2c(C)nc3ccccc3c2C)c(=O)[nH]1', 'Cc1ccccc1CC(=O)Nc1c(C)nc2sccn2c1=O', 'CCNC(=O)c1cccc(NC(=O)c2cc(C)nc3ccccc23)c1', 'COc1ccnc(NC(=O)CCc2c(C)nc3cc(O)nn3c2C)c1', 'Cc1cccc(CCC(=O)Nn2c(C)nc3sccc3c2=O)c1', 'CCCc1nnc2sc(-c3c(C)nc4ncccn34)nn12', 'COCCC(C)NC(=O)c1cc(C)nc2cc(F)ccc12', 'COC(=O)C(c1c(C)[nH]c2ccccc12)(C(C#N)C#N)C(F)(F)F', 'Cc1ccc(CCNC(=O)c2c(C)nc3ncccn23)o1', 'Cc1ccc(C)c(OCC(=O)Nc2cc(C)nc3ccc(F)cc23)c1']"
84,0.0015,0.44766894,0.6137093305587769,"['CC1(C)C(C(=O)NCc2csc(=O)[nH]2)C1(C)C', 'CC1(C)C(C(=O)N2CCC(C(N)=O)CC2)C1(C)C', 'CC(C)=CC1C(C(=O)Nc2cccnc2-n2ccnc2C)C1(C)C', 'COC1(C)CC(NC(=O)Nc2ccc(CC#N)cc2)C1(C)C', 'COC1(C)CC(NC(=O)CCNC(=O)C(C)(C)C)C1(C)C', 'CC1(C(=O)Nc2ccc3c(c2)CC(=O)N3)CC1(Cl)Cl', 'CCOC1CC(NC(=O)N(C)Cc2nnc3ccccn23)C12CCC2', 'CC1(C(=O)NCc2cccs2)CC1(Cl)Cl', 'C=C1C2(C(=O)Nc3ccc(NC(C)=O)cc3)CCC(C2)C1(C)C', 'CC1(C(=O)Nc2cccc(C(=O)NCC(N)=O)c2)CC1(Cl)Cl']"
85,1e-04,0.0,0.0,[]
86,0.0008,0.54702604,0.49015679955482483,"['C=CCN(CC=C)C(=O)c1nn(-c2ccc(F)cc2)c2ncccc12', 'C=C(C)CN(CC)C(=O)C1=NC=C(S(=O)(=O)N(C)C)C1', 'CCCN(CCC)C(=O)CN1CCn2c(nn(C)c2=O)C1', 'C=C(C)CN(CC)C(=O)c1cccc(NCc2ccccn2)c1C', 'CCCN(CCC)C(=O)Cc1nc(-c2ccc(N)cc2)cs1', 'CCOC(CC)C(=O)Nc1ccc(C(=O)Nc2cccnc2)cc1', 'C=C(C)CN(CC)C(=O)Cn1c(-c2ccccc2)noc1=O', 'CCC(CC)NC(=O)C(C)N1CCN(C(=O)c2cc(C)oc2C)CC1']"
87,1e-04,0.0,0.0,[]
88,0.0051,0.28320992,0.788142204284668,"['CCC(NC(=O)Cc1cn2ccccc2n1)C(C)C', 'CCC(NC(=O)c1ccc2nc(C)c(C)nc2c1)C(C)C', 'COC(=O)CN(Cc1nc(-c2ccccc2)cs1)C(C)C', 'COC(=O)CN(C(=O)c1ccc(SC)cc1)C(C)C', 'CCN(C(=O)c1ccnc(SC)c1)C(C)C(C)C', 'COC(=O)C(NC(=O)COc1ccc(Cl)c(C)c1)C(C)C', 'COC(=O)C(NC(=O)c1cccc(Cl)c1Cl)C(C)C', 'COC(CNC(=O)N1CCN(C(C)C(F)(F)F)CC1)C(C)C', 'CCOC(=O)CN(C(=O)c1cc(C)c(CC)s1)C(C)C', 'COC(C)C(=O)NC(c1nc2ccccc2[nH]1)C(C)C']"
89,0.0006,0.63218343,0.3865073025226593,"['Cc1nc(C(C)(C)C)sc1C(=O)N1CCCC(C(=O)NC2CC2)C1', 'Cc1ccc(S(C)(=O)=O)cc1C(=O)N1CCC(C(N)=O)CC1', 'O=C(Cn1cnc2cc(F)c(F)cc21)N1CCN(C(=O)C2CC2)CC1', 'O=C(c1ccc(-n2ccnc2)nc1)N1CCC(N2CCNC2=O)CC1', 'O=C(c1cnn(-c2ccc(F)cc2)n1)N1CCc2cc(F)ccc2C1', 'Cc1c(COC(C)C)cccc1NCC(=O)N1CCCC(C(N)=O)C1']"
90,1e-04,0.0,0.0,[]
91,1e-04,0.0,0.0,[]
92,0.0005,0.41513515,0.7405132055282593,"['Cc1ccccc1C(C#N)CCC(=O)NCc1cccnc1', 'CCOC(=O)C1=C(CN2CCc3sccc3C2)NC(=O)NC1', 'CN(C)C(=O)C(Cc1ccccc1)Nc1ncccn1', 'CC(C)(CNC(=O)NCCCC1CCCC1)N1CCOCC1', 'COc1ccc(C(Cc2ccc(F)cc2)NS(C)(=O)=O)cc1']"
93,1e-04,0.0,0.0,[]
94,0.084,0.5052695,0.3276461362838745,"['COc1cc(N)cc2cc(-c3cc(C(=O)OC(C)C)[nH]n3)oc12', 'Cc1nc(N2CCC3(CC2)CC(=O)N(C)C3)c2c(C)noc2n1', 'O=C(Cc1csc(-n2cccc2)n1)N1CCn2c1nc1ccccc12', 'CCOC(=O)c1nc(Nc2ccc3c(c2)OCO3)c2c(C)noc2n1', 'Cc1noc2ncc(C(=O)NCc3ccc(-n4cncn4)nc3)cc12', 'CCc1nn2c(N)c(-c3nc(N)cs3)nnc2c1-c1ccccc1', 'N#CC1(NC(=O)c2ccc(-n3ccc(C(F)(F)F)n3)cc2)CCCC1', 'O=C(CC1COCC2CN(C(=O)c3ccoc3)CC12)NCC1CC1', 'Cc1cc2c(nc1C)oc1c(=O)n(Cc3ccc(F)cc3)cnc12', 'Cc1nn(C)c(C)c1CNC(=O)c1nccc2c(N)cc(F)cc12']"
95,1e-04,0.0,0.0,[]
96,1e-04,0.0,0.0,[]
97,0.0583,0.34384155,0.6027328372001648,"['Cc1ncoc1C(=O)N1CCC(c2ccc3ccccc3c2)C(O)C1', 'C=CCn1c(Oc2ccccc2F)nc2c1c(=O)n(C)c(=O)n2C', 'Cc1nn(Cc2ccccc2)c(C)c1CNC(=O)Cc1ccc(O)cc1', 'Cc1cc(CC2COCC2NC(=O)Cc2c(C)nc(C)[nH]c2=O)on1', 'CCCCS(=O)(=O)NCC(=O)Nc1ccc2c(c1)oc(=O)n2C', 'CC1CC(N2CCN(C(=O)c3cccc(F)c3)CC2)C(=O)O1', 'Cc1c(O)ccc2c(CN(C)Cc3nccn3C(F)F)cc(=O)oc12', 'C=CCSc1nc2c(c(=O)[nH]1)C(c1ccccc1Cl)CC(=O)N2', 'CC(CC1CCCCC1)C(=O)N(C)Cc1nc2ccsc2c(=O)[nH]1', 'CC(C(=O)N1CCCC1)N(c1cccc(Cl)c1)S(C)(=O)=O']"
98,1e-04,1.0,0.0,['Cc1cnc(C(=O)N2CCOC3C(Oc4ccccn4)CCC32)cn1']
99,0.0045,0.2698658,0.9043757319450378,"['N#Cc1cccc(C(=O)NC2C(c3cccnc3)CC(O)C2O)c1', 'CN(C)C(=O)C1CC2CN(Cc3ccc(F)cc3)CC1O2', 'Cc1ccc(CN2CC3CC(C(=O)Nc4ccccc4)C(C2)O3)o1', 'CNC(=O)C1CC2CN(Cc3ccc(F)cc3)CC1O2', 'O=C(Nc1cccnc1)C1CC2CN(c3ncc(F)cn3)CC1O2', 'Cc1ccc(CN2CC3CC(C(=O)NCC(C)C)C(C2)O3)cc1', 'CC(C)NC(=O)NCC1OC(CC(=O)N2CCOCC2)C(O)C1O', 'CCn1cc2c(n1)CN(S(=O)(=O)c1cccnc1)CC2COC', 'CC12CCC(C(=O)Nc3ccc4c(c3)OCO4)(CC1O)C2(C)C', 'Cc1ccccc1CN1CC2CC(C(=O)N(C)C)C(C1)O2']"
100,1e-04,0.0,0.0,[]
101,1e-04,0.0,0.0,[]
102,1e-04,0.0,0.0,[]
103,0.0855,0.42425644,0.4455323815345764,"['O=C1OC2CC3CC2C1C3C(=O)N1CCN(c2ccccc2F)CC1', 'CCC1Oc2c(cccc2OCc2ccccc2)NC1=O', 'CN1CCc2nc(SCC(N)=O)c(C#N)cc2C1', 'C=CCOC1C=CC=CC1C(c1c(O)n[nH]c1C)c1c(O)n[nH]c1C', 'CC1CCc2nc(NC(=O)C3CCCO3)sc2C1', 'CC(C)n1c(N)nnc1SCc1nnnn1C1CC1', 'CC(O)c1nc2cc(O)ccc2n1-c1ccccc1', 'CCc1nc2ncc(-c3cc(NCCO)nc4[nH]ccc34)cc2[nH]1', 'COCC1c2c(cnn2C)CCN1S(=O)(=O)Cc1ccccc1', 'COCCSc1nc2ccccc2n1C(F)F']"
104,0.0008,0.4336847,0.684425413608551,"['CCCNc1c(C#N)cnc2ccc(OCC)cc12', 'CCOc1cc(C#N)ccc1OCC(=O)Nc1cccc2cccnc12', 'CCOc1cc(C#N)ccc1OC(=O)c1ccc(C)nc1', 'CCOc1cc(C#N)ccc1OCC(=O)N1CCCCC1', 'CCOc1cc(C#N)ccc1OCC(=O)N(C)Cc1cccs1', 'Cc1cn(C(C)C)c(=O)c(C#N)c1-c1ccccn1', 'Cc1cccc(COn2nnc3ccc(S(=O)(=O)N(C)C)cc32)c1', 'CC(Sc1nncs1)C(=O)N1CCCCCC1']"
105,0.0003,0.49220383,0.5012713670730591,"['Cc1c(C)c2cc(Cl)c3c(c2oc1=O)CN(C1CC1)CO3', 'CCc1cc(=O)oc2c(C)c3c(cc12)CN(CC(C)O)CO3', 'Cc1ccc2cc3c(nc2c1)OC(=O)N(Cc1ccc(C)o1)C3']"
106,1e-04,0.0,0.0,[]
107,1e-04,1.0,0.0,['O=c1ccc2c(n1CC1CC1)CCC(NS(=O)(=O)C1CC1)C2']
108,1e-04,0.0,0.0,[]
109,1e-04,0.0,0.0,[]
110,0.0382,0.636501,0.21042576432228088,"['Cc1cnc2n(c1=O)CC(C(=O)Nc1nccs1)CS2', 'CCOc1ccc(Br)cc1S(N)(=O)=O', 'CC(C)C(Sc1nnnn1C)C(=O)NCc1cccnc1', 'CCc1sc(-c2ccc(S(C)(=O)=O)cc2)cc1N', 'CCCCCNC(=O)Nc1cc(C(=O)NC)ccc1Cl', 'CCc1ccc(NC(=O)C2CC(=O)Nc3ncnn32)cc1', 'CC(C)C(=O)Nc1nc(CC(=O)OCC2CCCO2)cs1', 'CCOc1ccc(C2(CNS(N)(=O)=O)CCOCC2)cc1', 'COCC(=O)N(C)C(C)(C(=O)OC)c1ccc(Br)cc1', 'C=CCOc1cc(C(=O)NCC(=O)OC)cc2occc12']"
111,1e-04,0.0,0.0,[]
112,1e-04,0.0,0.0,[]
113,0.0115,0.5404259,0.4514898657798767,"['Cc1cc(C)cc(N(CCC#N)C(=O)COc2ccccc2F)c1', 'Cc1cc(C)cc(CCNC(=O)c2ccc(F)nc2)c1', 'Cc1cc(C)cc(OCC(=O)OC2CCOC2=O)c1', 'Cc1cc(C)cc(N(C)C(=O)c2ccccc2N)c1', 'Cc1cc(C)cc(N2CC(C(=O)NCc3ccncc3)CC2=O)c1', 'Cc1cc(C)cc(N2CCC(C(=O)Nc3nncs3)C2=O)c1', 'Cc1cc(C)cc(CN2CCN(C(=O)COC(C)C)CC2=O)c1', 'Cc1cc(C)cc(OCCN(C)C(=O)c2ccc[nH]2)c1', 'Cc1cc(C)c(OCCC(=O)NCCO)c(C)c1', 'Cc1cc(C)c(N2CC(c3nc(C)no3)CC2=O)c(C)c1']"
114,1e-04,0.0,0.0,[]
115,0.0032,0.3111661,0.8293112516403198,"['CCc1ncc2c(n1)CN(c1cc(C)c3cc(F)ccc3n1)C2', 'Nc1ncc2c(n1)CCN(C(=O)c1ccccc1)C2', 'Cc1ncc2c(n1)CCN(C(=O)c1ccccc1C(F)(F)F)C2', 'c1ccc(-c2ncc3c(n2)CCCC3NCc2cccnc2)cc1', 'Cc1ccc(-c2nc(C)c3c(n2)N(CC2CCCO2)C(=O)C3)cc1', 'CNc1ncc2c(n1)CN(CCc1ccc3c(c1)OCO3)C2=O', 'Cc1ncsc1CCC(=O)NCc1ncc2c(n1)CCC2', 'CCc1ncc2c(n1)CN(C(=O)Cn1nc(C)c(CC)c1C)C2', 'Cc1cc(C)c(NC(=O)Cn2cc3c(n2)CCC(C)C3)c(C)c1', 'CNc1cc2c(nn1)CCN(C(=O)C1Cc3cc(Cl)ccc3O1)C2']"
116,1e-04,0.0,0.0,[]
117,1e-04,0.0,0.0,[]
118,1e-04,0.0,0.0,[]
119,1e-04,0.0,0.0,[]
120,1e-04,0.0,0.0,[]
121,1e-04,0.0,0.0,[]
122,0.0009,0.43938854,0.6910836100578308,"['CCc1nn(C)c(OC)c1CN1CCCC1C(=O)OC(C)C', 'COc1ccccc1SCCC(=O)OC(C)(C)C', 'CCOc1ccc(F)c(C(=O)OCC(F)(F)F)c1F', 'C#CCOC(=O)CCCC(=O)Nc1ccccc1C', 'CCCNc1c(C#N)cnc2ccc(OCC)cc12', 'CCNC(=O)COc1ccc(C(=O)OCC)cc1', 'CCCOc1c(Br)cc(C(=O)NC2CC2)cc1OC', 'CCOc1ccc(C(=O)OCC2CCCCO2)cc1', 'CCOc1ccc(F)c(C(=O)NCCC(=O)OC)c1F']"
123,1e-04,1.0,0.0,['CC(C)C1(C)C(=O)N(CCCO)c2cc(N)ccc2N1C']
124,1e-04,0.0,0.0,[]
125,1e-04,0.0,0.0,[]
126,0.0002,0.5,0.0,"['CC1c2ccc3c(c2CN2CCc4cc5c(cc4C12)OCO5)OCO3', 'CCc1nc2cc3c(cc2n1Cc1cccc(C#N)c1)OCO3']"
127,0.0125,0.34558716,0.6870859265327454,"['CC(NC(=O)c1ccc(OCc2nccn2C)cc1)c1ccncc1', 'Cc1[nH]c(NC(=O)CSc2nccn2C)c(C#N)c1C', 'COc1ccc(C(=O)N2CCC(O)(c3nccn3C)CC2)cc1', 'CC(NC(=O)c1cccn1C)c1ccccc1Br', 'CCOc1ccc(OCC(=O)N2CCN(c3nccn3C)CC2)cc1', 'CC(=O)Nc1ccc(F)c(NC(=O)c2cccn2C)c1', 'CC(CCc1cccn1C)NC(=O)Cc1cccc(F)c1F', 'CCCN(CC(=O)c1cccn1C)CC(F)(F)F', 'Cc1nc(COC(=O)c2ccc(CSc3nccn3C)o2)oc1C', 'Cn1cnc(CNC(=O)c2cccc(CSc3nccn3C)c2)n1']"
128,0.0006,0.487471,0.5036953687667847,"['Cc1nnc(-c2c(C)[nH]c(C)c2S(=O)(=O)NCc2ccccc2)o1', 'O=C(Cn1c2ccccc2c2cn[nH]c(=O)c21)NCc1ccccc1', 'Nc1cc(NC(=O)CN2CCCS2(=O)=O)ccc1F', 'Cc1cn(CC(=O)Nc2ccc3[nH]c(=O)[nH]c3c2)c2ccccc12', 'Cc1cc(C)nc(NCc2ccccc2S(=O)(=O)N(C)C)n1', 'Cc1ccccc1NC(=O)c1ccc(-n2cnnn2)cc1']"
129,1e-04,0.0,0.0,[]
130,0.2618,0.17129251,0.5875789523124695,"['CC1c2ccc3c(c2CN2CCc4cc5c(cc4C12)OCO5)OCO3', 'Cc1ccc(OCc2nc3c(N)cccc3n2C)cc1', 'CS(=O)(=O)N1CCCc2sc(C(=O)N3CCCC3)nc21', 'CCN1CC(c2nc3ccccc3n2Cc2ccccc2F)CC1=O', 'CC(C)NC(=O)Cc1csc(NC(=O)C2CCCC2)n1', 'CCc1sc(C(=O)N2CCCS2(=O)=O)cc1C', 'Cc1ccccc1C(C(=O)N(C)Cc1c(C)nn(C)c1C)N(C)C', 'CCc1nc2cc3c(cc2n1Cc1cccc(C#N)c1)OCO3', 'CC(C)c1nc2cc(C(O)C(=O)N(C)C)ccc2n1C', 'Cn1cccc1Cc1nnc(SCc2ccc(F)cc2)n1C']"
131,0.011,0.2884944,0.899398148059845,"['CCOC(=O)COc1ccc(CO)cc1Br', 'CCOc1ccccc1OCc1nc(CC)c(CO)s1', 'O=S(=O)(NCc1ccncc1)c1ccc(CO)cc1', 'COc1ccc(-c2cc(CO)c(C)s2)cc1F', 'COc1ccc(Cc2c(CO)nnn2CC(O)CO)cc1', 'Cc1cc(=O)c(CO)cn1-c1cc(Cl)cc(Cl)c1', 'Cc1cc(=O)c(CO)cn1-c1ccc(C(F)(F)F)cc1', 'Cc1cc(C)cc(NCc2c(CO)cnc(C)c2O)c1', 'CC(C)(C)OC(=O)C(N)Cc1ccc(CO)cc1', 'OCCCn1nc(CO)cc1-c1cccc(Cl)c1']"
132,0.0003,0.45751753,0.6464921832084656,"['Cc1nc(C2(NC(=O)NCc3cc(C#N)ccc3F)CCCC2)no1', 'Cc1nc(C2CCCN(C(=O)C3CC(=O)N(CC(C)C)C3)C2)no1', 'CCc1nc(C2CCCN(C(=O)c3cccc(Cl)c3)C2)no1']"
133,0.0007,0.54014933,0.4222482740879059,"['Cc1ccc(-c2nc3cc4c(cc3n2CCO)OCO4)cc1N', 'N#Cc1cccc(Nc2nc3cc4c(cc3[nH]2)OCO4)c1', 'N#Cc1cc(F)cc(C2NCCc3cc4c(cc32)OCC4)c1', 'c1ccc(C2NCCc3ccc4c(c32)OCCO4)nc1', 'c1ncc(C2NCCc3ccc4c(c32)OCO4)cn1', 'c1nc(C2NCCc3ccc4c(c32)OCCO4)n[nH]1', 'O=C(Cn1nnc2cc3c(cc2c1=O)OCCO3)NCc1ccco1']"
134,1e-04,0.0,0.0,[]
135,1e-04,0.0,0.0,[]
136,1e-04,0.0,0.0,[]
137,1e-04,0.0,0.0,[]
138,1e-04,0.0,0.0,[]
139,1e-04,0.0,0.0,[]
140,1e-04,0.0,0.0,[]
141,0.0005,0.41882697,0.7819541692733765,"['CCOC(=O)C12CCC(=O)N1c1ccccc1C(=O)N2C', 'CCOC(=O)C1C2CCC(=O)C2CN1C(=O)OCc1ccccc1', 'CC(=O)OC1CC2CCC1N(Cc1ccccc1)C2=O', 'COC(=O)CC1=CC(=O)N(CC(N)=O)c2ccccc2N1', 'COC(=O)c1c(C)c(C)c(C)c(C)c1C(=O)OC']"
142,1e-04,1.0,0.0,['CCOC(=O)CNc1nnnn1C1OC(CO)C(O)C1O']
143,0.0003,0.50142115,0.4660602807998657,"['O=c1c2cc3ccc(O)cc3oc-2nn1-c1ccc(F)cc1F', 'Cn1cc(C(=O)N2CCCCC2)c2nn(-c3ccccc3)c(=O)c-2c1', 'Cc1nc2sc(=Cc3ccc(Br)cc3)c(=O)n2n1']"
144,1e-04,1.0,0.0,['Nc1nc2c(cc1C(=O)N1CCc3ccccc31)CCC2']
145,0.0002,0.5,0.0,"['C=CCN1CC2=C(C1=O)C(c1ccc(O)cc1)NC(=O)N2C', 'CS(=O)(=O)N1CCC2(CC1)CN(CCn1cccn1)C(=O)CO2']"
146,0.0015,0.3256524,0.8363442420959473,"['Cn1c(=O)c2[nH]c(C3CCCCC3)nc2n(C)c1=O', 'Clc1ccc2[nH]c(CN3CCOCC3)nc2c1', 'Cc1cccc2[nH]c(C3CCN(C(=O)C(C)n4ccnc4)CC3)nc12', 'Nc1ncnc2[nH]c(SCCOc3ccccc3F)nc12', 'Cn1c(=O)c2c(n(C)c1=O)n1c(-c3ccccc3)nnc1n2C', 'CCC(=O)Nc1nc2cc3nc(NC(=O)CC)sc3cc2s1', 'Cc1n[nH]c(C)c1C(C)C(=O)Nc1ccc2[nH]c(C3CCC3)nc2c1', 'CS(=O)(=O)N1CCCc2sc(C(=O)N3CCCC3)nc21', 'O=C(Nc1ccc2[nH]c(CO)nc2c1)C1CCCCC1', 'Cc1ccc2oc(N3CCN(C(=O)CC(C)(C)C)CC3)nc2n1']"
147,1e-04,0.0,0.0,[]
148,1e-04,0.0,0.0,[]
149,1e-04,0.0,0.0,[]
150,0.0007,0.48927736,0.5438086986541748,"['CC1CCCN(C2(O)C(=O)Nc3ccc(Cl)cc32)C1', 'CC(=O)c1ccc(OC(=O)C2CC(=O)N(C)C2c2cccnc2)cc1', 'Nc1cc(OC(=O)c2cccs2)nn1S(=O)(=O)c1ccccc1', 'Nc1oc(-c2ccncc2)cc1C(=O)c1ccncc1', 'Nc1ccc(Nc2ccc3ncsc3c2)c(N)c1', 'CC(C)OC(=O)c1cc(-c2ccc(S(C)(=O)=O)cc2)nn1C', 'Cc1ccc(N)cc1N(C)S(=O)(=O)c1ccccc1C']"
151,0.0004,0.33875182,1.0637763738632202,"['COc1ccccc1OC(=O)C1Cc2ccccc2S1', 'COc1ccccc1SCCC(=O)OC(C)(C)C', 'Cc1cc(SCc2ccc(C#N)cc2)nc(C)n1', 'O=S(=O)(NCCc1ccccc1F)c1c(F)cccc1F']"
152,1e-04,0.0,0.0,[]
153,1e-04,0.0,0.0,[]
154,1e-04,0.0,0.0,[]
155,1e-04,0.0,0.0,[]
156,1e-04,0.0,0.0,[]
157,1e-04,0.0,0.0,[]
158,1e-04,0.0,0.0,[]
159,0.12,0.42469445,0.3909546434879303,"['CCCNC(=O)CSc1n[nH]c(=O)n1CCC', 'CCOC(=O)c1c(C)[nH]c(C(=O)OCCO)c1C', 'CCC(C(=O)NCc1n[nH]c2c1CCCC2)n1cnc2ccccc21', 'CC1(NC(=O)Cc2c[nH]c3ncccc23)Cc2ccccc2C1', 'CCCCCCNC(=O)C(N)c1cc(C)ccc1C', 'c1ccc(-c2cc3c(N4CCOCC4)ncnc3s2)cc1', 'Cc1nc2n(n1)CC(Nc1ncnc3c1CCC3)CC2', 'CCOC(=O)c1c(C)[nH]c(NC(=O)NC2CCCCC2)c1C', 'CC(NC(=O)c1cccn1C)c1ccccc1Br', 'CC(C)Oc1cccc(CNC2CCCNC2=O)c1']"
160,1e-04,0.0,0.0,[]
161,1e-04,0.0,0.0,[]
162,1e-04,0.0,0.0,[]
163,0.0116,0.32974148,0.5815810561180115,"['CCOc1ccc(CC(=O)Nc2ccc3c(c2)OCCCO3)cc1', 'CC1CCCN(C(=O)Nc2cc3c(cc2Cl)OCCCO3)C1', 'Cc1cc(C)c(C(=O)NCc2ccc3c(c2)OCCCO3)c(=O)[nH]1', 'COc1ccc(NC(C)C(=O)Nc2ccc3c(c2)OCCCO3)cn1', 'CC(=O)NC(C)C(=O)Nc1ccc2c(c1)OCCCO2', 'Cc1cc(C)c(S(=O)(=O)N2CCC3(CC2)OCCCO3)c(C)c1', 'COC(=O)NCC(=O)N1CCCC1c1ccc2c(c1)OCCCO2', 'O=C(c1ccc2c(c1)OCCCO2)N1CCCCCC1', 'O=C(c1ccc2c(c1)OCCCO2)N1CCc2ccccc21', 'O=C(Cc1ccc(Cl)cc1)Nc1ccc2c(c1)OCCCO2']"
164,0.0041,0.29949373,0.7705280780792236,"['COc1ccc(CC(C#N)C(=O)N2CCCC2)c(OC)c1', 'COc1cc(CC(C#N)C(=O)N2CCOCC2)ccc1O', 'Cn1cc(CC(C#N)C(=O)NCCc2ccccc2)c2ccccc21', 'Cc1csc(C(C#N)C(=O)c2oc3ccc(Cl)cc3c2C)n1', 'Cc1cc(C)nc(C(C#N)C(=O)CCCOc2ccccc2)n1', 'CCC(CC)c1cc(C(=O)C(C#N)c2nc(C)cs2)on1', 'CCOc1ccc(C(C#N)CC(=O)N2CCC(C)CC2)cc1', 'Cc1cc(C)nc(C(C#N)C(=O)CCCNC(=O)c2ccsc2)n1', 'Cc1csc(C(C#N)C(=O)CCCSc2ccccc2)n1', 'CCN(CC)C(=O)CC(C#N)C(=O)N1CCCC1']"
165,1e-04,0.0,0.0,[]
166,0.0331,0.18011983,0.7417382001876831,"['O=C1OC2CC3CC2C1C3C(=O)N1CCN(c2ccccc2F)CC1', 'Cc1ccc(N2C(=O)Cn3c2nc2c3c(=O)n(C)c(=O)n2C)cc1F', 'Cc1cn2c3c(=O)n(C)c(=O)n(C)c3nc2n1C1CCCCC1', 'C=CCn1c(=O)n2nc(-c3cccnc3)nc2c2c3c(sc21)CCC3', 'CC1(C)Cc2nc3sc4c(=O)[nH]c(=O)[nH]c4c3cc2CO1', 'CCN1CC23CN(C(=O)c4ccccc4)CC(CC2S1(=O)=O)O3', 'COc1cccc(OCc2nc3c4cn[nH]c4ncn3n2)c1', 'O=C1c2cccnc2CN1CCOCc1ccc(Cl)cc1', 'CCC(C)(C)NS(=O)(=O)c1cc2c3c(c1)CCN3C(=O)CC2', 'CC1c2ccc3c(c2CN2CCc4cc5c(cc4C12)OCO5)OCO3']"
167,1e-04,0.0,0.0,[]
168,0.0018,0.45069182,0.634243369102478,"['CCCn1c(=O)oc2cc(NC(=O)c3cccc(OC)c3)ccc21', 'Cn1c(=O)oc2cc(NC(=O)Cc3csc(C(C)(C)C)n3)ccc21', 'Cn1c(=O)n(C)c2cc(NC(=O)Cc3ccc(Cl)cc3)ccc21', 'Cn1c(=O)oc2cc(NC(=O)c3ccc(OCC4CC4)nc3)ccc21', 'CCn1c2ccccc2c2cc(NC(=O)c3cnn(C)c3)ccc21', 'Cn1c(=O)sc2cc(S(=O)(=O)N3CCCC3)ccc21', 'Cn1c(=O)oc2cc(NC(=O)c3ccc(F)cc3)ccc21', 'CCn1c(=O)n(CC)c2cc(N3CCC(C)CC3)c(N)cc21', 'CCn1nc(C)c2nc(C)nc(Nc3cccc(C(N)=O)c3)c21', 'CCn1c(C(N)=O)cc2cc(NC(=O)c3cccs3)ccc21']"
169,1e-04,1.0,0.0,['CC(NC(=O)C(C)(C)C)C(=O)OC(C)C(=O)c1c[nH]c2ccccc12']
170,0.0019,0.30673814,0.9561059474945068,"['CC(C)(C)Nc1nc(C2(c3ccccc3)CC2)no1', 'CCC(C)Nc1nnc(-c2c3c(nn(C)c2=O)CCC3)s1', 'CC(C)Nc1ncccc1C(=O)NCC(C)(O)c1ccc(F)cc1', 'CC(C)Nc1cccc(CNC(=O)c2ccc(C(=O)N(C)C)cc2)c1', 'CC(C)CNc1nnc(SC2CC(C)OC2=O)s1', 'CC(C)(C)Nc1ncnc(NCc2cccnc2)c1N', 'CC(C)OCc1ccccc1CNc1ncccn1', 'CC(C)NC(=O)NCc1nc(-c2ccc(C(F)(F)F)cn2)no1', 'CC(C)NC(=O)NCc1ccc(C(=O)N2CCCCC2C)cc1', 'CC(C)NC(=O)NCC(O)c1ccc2c(c1)CCO2']"
171,1e-04,0.0,0.0,[]
172,0.0267,0.5397457,0.42746612429618835,"['COC(=O)C(C)(O)Cn1cc(Br)ccc1=O', 'Cc1c(CNC(C)c2cnc3ccsc3c2)cnn1C', 'COC(=O)C(C)Cc1ccc2cc(N3CCCC3)ccc2n1', 'Cc1cc(CN(C)C(=O)c2sccc2Br)no1', 'COC(=O)C(C)Cc1ccc2cc(F)c(Cl)cc2n1', 'Cc1ccc(S(C)(=O)=O)c(NC(=O)NCCO)c1', 'COC(=O)C(C)CN(C)Cc1cc(C(N)=O)cs1', 'CC1Cc2nc(N)nn2CC1c1ccccc1Cl', 'COC(=O)C(C)Sc1nc2c(cc1C#N)CCCC2', 'COc1cc(C(C)O)ccc1OCC1CCOCC1']"
173,0.0009,0.26279452,1.0861262083053589,"['CCN1CCN(C(=O)C2CCC(C(C)(C)C)CC2)CC1', 'COC(=O)NCC(=O)OC1CCC(C(C)(C)C)CC1', 'Cc1cc(C)c(CNC(=O)CC2CCCC(C(F)(F)F)C2)c(=O)[nH]1', 'Cc1ccc(C(=O)NC2CCC(C(F)(F)F)CC2)c(=O)[nH]1', 'Cc1cccc(-n2c3c(c(=O)[nH]c2=O)CN(C2CCCCC2)CN3)c1', 'O=C(C1CCCC(C(F)(F)F)C1)N1CCC(O)(C(F)(F)F)CC1', 'CCN(C(=O)CN1CCN(C(=O)CCC(C)C)CC1)c1ccccc1', 'CCC(Oc1ccccc1Cl)C(=O)N1CCC(C(N)=O)CC1', 'CC(Oc1ccc(Cl)cc1Cl)C(=O)N1CCCC(C(N)=O)C1']"
174,0.0005,0.40996796,0.7558472156524658,"['Cc1noc(C)c1CCC(=O)Nc1sc2c(c1C#N)CCCCC2', 'CC(=O)Nc1sc2c(c1C(=O)Nc1cccc(C)c1)CCC2', 'CCOC(=O)c1sc2c(c1NC(C)=O)CCC2', 'CCNC(=O)CNc1nc2sc3c(c2c(=O)n1C(C)C)CCCC3', 'Cc1ccc(C(C)C)c(OCC(=O)Nc2sccc2C(N)=O)c1']"
175,1e-04,0.0,0.0,[]
176,1e-04,0.0,0.0,[]
177,1e-04,0.0,0.0,[]
178,1e-04,0.0,0.0,[]
179,1e-04,0.0,0.0,[]
180,1e-04,0.0,0.0,[]
181,0.0004,0.42494762,0.8201333284378052,"['Cc1cc(-c2c(C#N)c(N)nc3c2C2CCC(C3)N2C)ccc1F', 'Cc1ccc(C(=O)N2CCCc3cc(S(C)(=O)=O)ccc32)cc1F', 'COc1ccc(C(=O)N(C)Cc2cnn(-c3ccccc3)c2)cc1F', 'Cc1ccc(N2CC(C(=O)Nc3c(C)cccc3C)CC2=O)cc1F']"
182,1e-04,0.0,0.0,[]
183,1e-04,0.0,0.0,[]
184,1e-04,0.0,0.0,[]
185,1e-04,0.0,0.0,[]
186,1e-04,0.0,0.0,[]
187,1e-04,1.0,0.0,['CN(C(=O)c1ccco1)c1nc2c(s1)CCc1c-2cnn1C']
188,1e-04,0.0,0.0,[]
189,1e-04,0.0,0.0,[]
190,1e-04,0.0,0.0,[]
191,1e-04,0.0,0.0,[]
192,1e-04,0.0,0.0,[]
193,1e-04,0.0,0.0,[]
194,1e-04,0.0,0.0,[]
195,1e-04,0.0,0.0,[]
196,1e-04,0.0,0.0,[]
197,1e-04,0.0,0.0,[]
198,1e-04,0.0,0.0,[]
199,1e-04,0.0,0.0,[]
200,0.0032,0.5184897,0.5483079552650452,"['CCN(C(=O)c1ccnc(SC)c1)C(C)C(C)C', 'COC(=O)CN(C(=O)c1ccc(SC)cc1)C(C)C', 'CCN(C)C(=O)c1cccc(OCc2ccc(SC)c(OC)c2)c1', 'COc1ccccc1C(CNC(=O)c1cccnc1SC)OC', 'CCOc1ccccc1OC(=O)c1ccnc(SC)c1', 'COC(=O)CN(C(=O)c1cc(SC)ccc1Cl)C(C)C', 'COc1ccccc1-c1nnc(NC(=O)c2cccc(SC)c2)o1', 'COc1cc(CCNC(=O)c2ccc(SC)nc2)ccc1C', 'CCN(C)C(=O)c1cccc(OC(=O)c2ccnc(SC)c2)c1', 'CCOCCCNC(=O)c1cc(SC)ccc1Cl']"
201,0.0006,0.34569892,0.8623647093772888,"['CCCCOC(=O)C1=C(C)NC2(O)c3ccccc3C(=O)C12O', 'Cc1cc(=O)n(C)cc1NC(=O)NC1C2CCc3ccccc3C21', 'CC1Cc2ccccc2N1C(=O)C1Cc2ccccc2C(=O)O1', 'CC(C)(C)OC(=O)N1CCC2Nc3sccc3C2C1', 'COc1ncccc1C(=O)N1CCC2OC(c3nc(C)no3)CC2C1', 'CC(C)(C)OC(=O)N1CCc2[nH]c3ccc(Cl)cc3c(=O)c2C1']"
202,1e-04,0.0,0.0,[]
203,1e-04,0.0,0.0,[]
204,1e-04,0.0,0.0,[]
205,1e-04,0.0,0.0,[]
206,0.0196,0.34897178,0.6642875671386719,"['CCC(=O)N(C)C1CCC2(CC1)CN(C(C)=O)Cc1ccccc1O2', 'CC(C)(C)OC(=O)N1CCC2(CC1)Nc1cc(F)ccc1NC2=O', 'COCCCn1ccc2c(cnc3c(-c4ccccc4)c(C)nn32)c1=O', 'CCN1CCC2(CN(S(=O)(=O)c3ccc(F)cc3)CC2C)C1=O', 'CCn1ccc2c(cnc3c(-c4ccc(F)cc4)c(C)nn32)c1=O', 'C=C1C2(C(=O)Nc3ccc(NC(C)=O)cc3)CCC(C2)C1(C)C', 'CN1C(=O)c2cccc3c(S(=O)(=O)N4CCOCC4)ccc1c23', 'CCNC(=O)Cn1nc(C)n2nc(-c3ccc(OC)cc3)cc2c1=O', 'CCc1c(C(=O)Cn2ccnc2-c2cnccn2)[nH]c(C)c1C(C)=O', 'Cn1c(=O)c2c(n(C)c1=O)n1c(-c3ccccc3)nnc1n2C']"
207,0.0005,0.37384564,0.773140013217926,"['CC(=O)NC1=NC(=O)C2=NCN(COCCO)C2=N1', 'COc1ccc(NC(=O)N2CCN3C(=O)CNC(=O)C3C2)c(C)c1', 'COc1ccc(C(=O)Nc2cc(OC)c(OC)cc2N)cc1OC', 'O=C(Nc1cccc(O)c1)c1cccc(C(=O)Nc2cccc(O)c2)c1', 'COc1cc(C(=O)Oc2ccc(NC(C)=O)cc2)cc(OC)c1OC']"
208,0.0041,0.2827111,0.7507783770561218,"['CC1(C)CC(=O)c2cc(Cc3ccco3)c(=O)[nH]c2C1', 'COC1CC(CC(=O)NCCc2ccc3c(c2)OCO3)CC(OC)C1', 'COc1ccccc1C1(CCC#N)CCCCC1=O', 'Cc1ccc(CC2COCCC2S(=O)(=O)NC(C)C)cc1', 'CC1CCC(COC(=O)CN2CCOCC2)C(C)C1', 'COC1CCC(CC(=O)Oc2cccc(F)c2F)CC1', 'COc1ccc(CC2CN(S(=O)(=O)N(C)C)CCC2OC)cc1', 'COc1ccc(OC)c(N2CC(C(=O)N3CCC3)CC2=O)c1', 'COc1cc(CC2CCCCC2=O)cc(OC)c1OC', 'CCOC(=O)C1CC2CN(C(=O)OCC)CC2N1']"
209,1e-04,0.0,0.0,[]
210,1e-04,0.0,0.0,[]
211,0.2634,0.07434701,0.8318437933921814,"['O=c1c(-c2ccccc2)c(N2CCN(c3ccccc3)CC2)c1=O', 'CCOc1c(Nc2ccc(Cl)cc2C)c(=O)c1=O', 'COCCCNc1c(-c2cc(C)c(C)cc2C)c(=O)c1=O', 'CCOC(=O)N1CCN(c2c(-c3ccc(C)c(C)c3)c(=O)c2=O)CC1', 'Cc1ccc(N2C(=O)Cn3c2nc2c3c(=O)n(C)c(=O)n2C)cc1F', 'Cc1cccc(Cn2c(=O)c3c(nc4[nH]c(C)cn43)n(C)c2=O)c1', 'Cc1csc(CNc2nc3c(s2)c(C)nn3C)n1', 'c1cnc(-c2nc(-c3ccc4c(c3)OCCO4)cs2)cn1', 'COc1ccc2c(c1)nc(C)n2-c1cccc(F)c1', 'c1ccc(-c2nc(-c3c[nH]c4ccccc34)cs2)nc1']"
212,1e-04,0.0,0.0,[]
213,0.0004,0.5246477,0.6936978697776794,"['CCc1cc(NCCNc2nc(C)cc(=O)[nH]2)n2nc(C)c(C)c2n1', 'COc1cccc(N=c2oc3ccccc3cc2C(N)=O)c1', 'N#Cc1cc(-c2ccco2)n(-c2cccc3cccnc23)n1', 'N#Cc1c(N)nc(N2CCOCC2)c(C#N)c1C(=O)c1ccccc1']"
214,0.0002,0.5,0.0,"['CCC1(O)CCN(C(=O)C2CCCN2C(=O)c2cccs2)CC1', 'CCC1(O)CCN(C(=O)c2cc(-c3ccccn3)n[nH]2)CC1O']"
215,0.0038,0.30467516,0.7132636904716492,"['Fc1c(Cl)ccc2c1C(c1nccs1)NCC2', 'Cc1c(N)cc2c(c1C)OC(c1cccs1)CC2=O', 'Cc1cc(N)c2c(c1)C(=O)CC(c1ccncc1)O2', 'Nc1nc2n(n1)CCC(c1ccc3ccccc3n1)C2', 'Nc1cc(Cl)c2c(c1)NC(=O)C(c1ccccc1)O2', 'COc1ccc2c(c1)OCC(Cc1cnc(-n3cnnc3)c(C)c1)C2', 'COc1c(O)ccc2c1C(c1ccc(F)cc1C)NCC2', 'CC(=O)Nc1ccc2c(c1)C(Cc1cccs1)NCC2', 'Fc1ccc2c(c1)C(c1ccc3[nH]nnc3c1)NCC2', 'COc1ccc2c(c1)C(c1ccc3c(c1)OCO3)NCC2']"
216,1e-04,0.0,0.0,[]
217,0.0002,0.5,0.0,"['CC=CCn1c(N2CCC(C)CC2)nc2c1c(=O)[nH]c(=O)n2C', 'C=CCn1c(NCCc2ccccc2)nc2c1c(=O)n(C)c(=O)n2C']"
218,1e-04,0.0,0.0,[]
219,1e-04,0.0,0.0,[]
220,1e-04,0.0,0.0,[]
221,0.791,0.32383513,0.5946747064590454,"['O=C(c1cc(C2CC2)[nH]n1)N1CCCC(N2CCNC2=O)C1', 'Cc1n[nH]c(C2CN(C(=O)C3CC(=O)N(CC4CC4)C3)CCO2)n1', 'Cc1n[nH]c(C2CN(C(=O)CC3OCCc4sccc43)CCO2)n1', 'O=C(CN1CCN(CC(=O)NC2CC2)CC1)NC1CC1', 'O=C(CC1COCC2CN(C(=O)c3ccoc3)CC12)NCC1CC1', 'O=C(NCc1ccnc(OC2CCC2)c1)NCC(O)c1ccco1', 'CC(O)CCNC(=O)NCc1ccnc(OC2CCC2)c1', 'O=C(c1ccc[nH]1)N1CCn2nnc(COCC3CC3)c2C1', 'CN(CC(O)C1CC1)C(=O)CCC(=O)N1CCc2sccc2C1', 'CCNc1cncc(S(=O)(=O)N2CCCCC2CCO)c1']"
222,1e-04,0.0,0.0,[]
223,1e-04,0.0,0.0,[]
224,1e-04,0.0,0.0,[]
225,1e-04,0.0,0.0,[]
226,1e-04,0.0,0.0,[]
227,0.0128,0.22926363,0.9045606255531311,"['O=C(Nc1nc[nH]n1)c1cc(-n2cnnn2)ccc1F', 'O=C(NC1CCCC1)C(Sc1cn[nH]n1)c1ccccc1', 'CN(Cc1nc2ccccc2[nH]1)C(=O)c1cn[nH]n1', 'O=C(Nc1cccnc1-n1cccn1)c1cn[nH]n1', 'Cc1cnn(CC2CCN(C(=O)c3cn[nH]n3)CC2)c1', 'CC1(C(=O)NCCSc2cn[nH]n2)CCCCO1', 'CC(C)N1CC(C(=O)NCCSc2cn[nH]n2)CC1=O', 'CC(C)(NC(=O)c1cccs1)C(=O)NCCSc1cn[nH]n1', 'CN(Cc1nc2ccsc2c(=O)[nH]1)C(=O)c1cn[nH]n1', 'O=C(CSc1cn[nH]n1)N1CCOC(c2ccc(F)cc2)C1']"
228,1e-04,0.0,0.0,[]
229,0.0004,0.32607323,1.1438697576522827,"['COC(=O)c1c(NC(=O)CSc2ccccn2)sc2c1CCC2', 'COC(=O)c1c(NC(=O)C(C)C)sc2c1C(C(=O)OC)CC2', 'Cc1c(C(=O)NCc2nnc3n2CCCCC3)oc2c1C(=O)CCC2', 'Cc1c(C(=O)N2CCN(c3ncccn3)CC2)oc2c1C(=O)CCC2']"
230,1e-04,0.0,0.0,[]
231,0.0002,0.5,0.0,"['O=C(NC1=CC2N=CC=C2C=C1)c1csc(NCC2CCCO2)n1', 'O=C(NC1=CC2N=CC=C2C=C1)c1cc(-n2cccc2)ccc1Cl']"
232,1e-04,0.0,0.0,[]
233,1e-04,0.0,0.0,[]
234,1e-04,0.0,0.0,[]
235,0.0003,0.5187159,0.4033689498901367,"['N#Cc1ccccc1OCCOc1ccccc1F', 'Nc1ccccc1NS(=O)(=O)c1cccs1', 'COCc1ccccc1CNC(=O)c1sccc1C']"
236,0.0004,0.45175347,0.5763236284255981,"['CCCN1CNc2c(c(=O)[nH]c(=O)n2Cc2ccccc2)C1', 'Cc1nc2ccccc2nc1CN1CCc2c(c(CO)nn2C)C1', 'O=C1CC(c2ccccc2F)c2c(c3ccccc3oc2=O)O1', 'Cc1nc2c(c(=O)c3ccccc3n2C)c(=O)n1Cc1ccco1']"
237,1e-04,0.0,0.0,[]
238,0.0426,0.27983043,0.5697934627532959,"['Nc1ncccc1C1NCCc2ccc(Cl)cc21', 'CC(=O)NC(C)C1NCCc2c1ccc(C)c2F', 'N#Cc1ccc(C2NCCc3c(O)ccc(F)c32)cc1', 'CCc1noc(CN2CCN(Cc3nc(CC)no3)CC2)n1', 'COc1ccc(C)cc1C1NCCc2ccc(O)c(OC)c21', 'CCCOCC(=O)NC1CCCn2nc(CC)nc21', 'CC1CCCN(C(=O)NCc2cccc(Cn3cccn3)c2)C1', 'Oc1cccc(C2NCCc3c(F)cc(O)cc32)c1', 'Cc1cc(NC(=O)Cc2noc(C(=O)NC3CCCCC3)n2)no1', 'CCCn1ncc(NC(=O)Cn2ccc(-c3ccsc3)n2)n1']"
239,1e-04,0.0,0.0,[]
240,1e-04,0.0,0.0,[]
241,1e-04,0.0,0.0,[]
242,0.2664,0.18895516,0.6858005523681641,"['CCOC(=O)C1=C(C)N(C)C(=O)NC1c1cccc(OC)c1OC', 'CCOC(=O)C1=C(C)Oc2ncn3nc(C)nc3c2C1c1ccco1', 'O=C(C=c1[nH]c(=O)c(=Cc2cccnc2)s1)c1ccco1', 'CCCCOC(=O)C1=C(C)Nc2ncnn2C1c1ccc(OC)cc1', 'CCOC(=O)C1=C(CC)N(CC)C(=O)NC1c1ccccn1', 'CCCCOC(=O)C1=C(C)Nc2ncnn2C1c1cccc(F)c1', 'CCOC(=O)C1=C(C)N(CCOC)C(=O)NC1c1cccc(F)c1', 'COCCN1CCCC2(CCN(c3ccnc(OC)c3C#N)C2)C1=O', 'CCOC(=O)C1=C(N)Oc2n[nH]c(C)c2C1c1ccccc1', 'c1cncc(C2COC3(CCCN(c4cnccn4)C3)C2)c1']"
243,1e-04,0.0,0.0,[]
244,0.0033,0.5237555,0.5038342475891113,"['Cc1ccc(S(=O)(=O)NCCc2c[nH]c3ccc(F)cc23)c(C)c1', 'Cc1ccc(S(=O)(=O)N2C(=O)C(=O)c3cc(C)ccc32)cc1', 'Cc1ccc(S(=O)(=O)Nc2cccc(-n3cnnc3C)c2)cc1C', 'Cc1ccc(S(=O)(=O)NCC(=O)OCc2ccccc2)cc1', 'Cc1ccc(S(=O)(=O)N(C)CC(=O)NCc2cccs2)cc1', 'Cc1ccc(S(=O)(=O)NC(=O)NCc2ccc(C#N)cc2)cc1', 'Cc1ccc(S(=O)(=O)NCCC(=O)Nc2ncccn2)cc1', 'Cc1ccc(S(=O)(=O)N(C)Cc2nc(N)cc(=O)[nH]2)cc1', 'Cc1ccc(S(=O)(=O)N2CCCCC2)cc1NC(=O)c1ccoc1', 'Cc1ccc(S(=O)(=O)Nc2ccc3[nH]c(=O)[nH]c3c2)cc1C']"
245,0.0023,0.3706383,0.7178440690040588,"['COC1CCCOC12CCN(C(=O)c1cc3ncccn3n1)CC2', 'COC1COC2(CCN(C(=O)COc3ccccc3C)C2)C1', 'COC1C2CCC1N(C(=O)c1sc3ccccc3c1C)CCO2', 'COC1COC2(CCN(C(=O)Cc3ccc(F)cc3C)CC2)C1', 'COC1CCCC1OC(=O)CCc1ncc(-c2ccccc2)o1', 'COC1CCC(CC(=O)Nc2cc(C)nc(C(C)C)n2)CC1', 'COC1CCC(CC(=O)n2ncc(C#N)c2N)CC1', 'COC1CCCC(OC(=O)CC2c3ccccc3CCN2C(C)=O)C1', 'COC1CCC(C(=O)NC(C)Cn2c(=O)oc3ccccc32)CC1', 'CCOC1CCCN(c2nc3c(cnn3C(C)(C)C)c(=O)[nH]2)C1']"
246,1e-04,0.0,0.0,[]
247,0.0003,0.33583286,1.3931622505187988,"['CN(C)C1=NC(C(F)(F)F)(C(F)(F)F)N=C(c2cccnc2)O1', 'O=C(C1CCCC(C(F)(F)F)C1)N1CCC(O)(C(F)(F)F)CC1', 'OC(CC(O)(C(F)(F)F)C(F)(F)F)c1cccs1']"
248,0.0019,0.66906977,0.25919824838638306,"['COCCCn1ccc2c(cnc3c(-c4ccccc4)c(C)nn32)c1=O', 'CCn1ccc2c(cnc3c(-c4ccc(F)cc4)c(C)nn32)c1=O', 'CCNC(=O)Cn1nc(C)n2nc(-c3ccc(OC)cc3)cc2c1=O', 'Cc1cc(C)c(CNC(=O)C(C)Oc2ccc3c(c2)CCC3)c(=O)[nH]1', 'Cc1ccccc1C(=O)Nc1cc(C(=O)N2CCCC2)cn(C)c1=O', 'Cn1nc(C(=O)Nc2ccc3c(c2)COC3=O)c2ccccc2c1=O', 'CC(C)(C)OC(=O)N1CCC2(CC1)Nc1cc(F)ccc1NC2=O', 'CCc1c(C(=O)Cn2ccnc2-c2cnccn2)[nH]c(C)c1C(C)=O', 'CC(c1ccccc1)N(CC1CCC1)C(=O)Cn1ccc(=O)[nH]c1=O', 'CC(C)CN1CC(=O)N2CCc3c([nH]c4ccccc34)C2(C)C1=O']"
249,0.0014,0.28281143,0.9591483473777771,"['CCCn1c(SCC(N)=O)nc2sc3c(c2c1=O)CCCC3', 'COC(=O)Cn1c(=O)[nH]c2sc3c(c2c1=O)CCCC3', 'Cn1c(SCC2CCCO2)nc2sc3c(c2c1=O)CCC3', 'Cc1c(C(=O)NCC2CCCO2)sc2nc3n(c(=O)c12)CCC3', 'C=CCNC(=O)CSc1nc(N)c2c3c(sc2n1)CCCC3', 'COCC(C)NC(=O)CCn1cnc2sc(C)c(C)c2c1=O', 'CCNC(=O)CNc1nc2sc3c(c2c(=O)n1C(C)C)CCCC3', 'C=CCc1c(OCC(=O)NC2CC2)ccc2nc3n(c(=O)c12)CCC3', 'CC(C)c1nc2sc3c(c2c(=O)n1N)CCCC3', 'Cc1nnc(NC(=O)Cn2nc3c(cc2=O)CCCCC3)s1']"
250,1e-04,1.0,0.0,['c1csc(C2CSc3nnc(C4CCCCC4)n3N2)c1']
251,0.0028,0.77167565,0.20766697824001312,"['NS(=O)(=O)c1ccc(NC(=O)C2CCCC2)cc1Br', 'NS(=O)(=O)c1ccc(CCNC(=O)N2CCOCC2)cc1', 'NS(=O)(=O)c1ccc(NC(=O)c2cc(-c3ccccc3)on2)cc1', 'NS(=O)(=O)c1ccc(CCNC(=O)c2cc(Cl)ccn2)cc1', 'NS(=O)(=O)c1ccc(NC(=O)c2ccnc3ccccc23)cc1', 'NS(=O)(=O)c1ccc(C(=O)NCC2CCOC2)o1', 'NS(=O)(=O)c1ccc(CCNC(=O)Nc2ccccc2)cc1', 'NS(=O)(=O)c1ccc(CNC(=O)Cc2cccc(F)c2F)cc1', 'NS(=O)(=O)c1ccc(Cl)c(C(=O)NCCc2cccs2)c1', 'NS(=O)(=O)c1ccc(CCNC(=O)NC2CCCC2)s1']"
252,1e-04,0.0,0.0,[]
253,1e-04,0.0,0.0,[]
254,1e-04,0.0,0.0,[]
255,1e-04,0.0,0.0,[]
256,1e-04,0.0,0.0,[]
257,1e-04,0.0,0.0,[]
258,1e-04,0.0,0.0,[]
259,0.002,0.2076098,1.0713651180267334,"['Nc1ncc(Br)c(Cl)c1Br', 'COc1ncc(C(F)(F)F)cc1Br', 'NC1C(=O)NCC1c1ccccc1Br', 'Cc1ccc(OCCCCO)c(Br)c1', 'COCC(=O)Nc1cc(Br)ccc1OC', 'COCCCCNc1cc(Br)ccc1OC', 'COCCNC(=O)c1cc(Br)ccc1Cl', 'O=C1NCCNC1c1ncccc1Br', 'CC(=O)c1[nH]c2c(C)cccc2c1Br', 'COc1cccc(C(O)c2ccccc2F)c1F']"
260,0.002,0.34554654,0.753516674041748,"['O=C1Nc2cc(O)ccc2OC1Cc1ccccc1C(F)(F)F', 'CC1COCCN1CC1=Cc2cc(Cl)ccc2OC1', 'COCCN1C(=O)c2ccccc2NC1c1ccccc1OC(C)C', 'O=C(Cc1noc(C2=Cc3ccccc3OC2)n1)NC1CCCC1', 'COCCN1Cc2cc(Cl)ccc2OCC1=O', 'CC(C)CN1Cc2cc(NC(=O)c3cccs3)ccc2OCC1=O', 'COCCCN1C(=O)c2ccccc2NC1c1cccnc1', 'O=c1c2cc3ccc(O)cc3oc-2nn1-c1ccc(F)cc1F', 'COc1ncccc1CN1CCc2ncnc(OC)c2CC1', 'CCCN1C(=O)c2ccccc2NC1c1csc(C)n1']"
261,1e-04,0.0,0.0,[]
262,1e-04,0.0,0.0,[]
263,1e-04,0.0,0.0,[]
264,0.0003,0.5593254,0.27140459418296814,"['CC1Sc2ccc(C(=O)NCc3ccc(F)cc3)cc2NC1=O', 'CC(C)CN1Cc2cc(NC(=O)c3cccs3)ccc2OCC1=O', 'CC1CN(C(=O)c2ncccn2)CC(c2ccccc2)O1']"
265,1e-04,0.0,0.0,[]
266,0.0006,0.20716435,1.7048345804214478,"['C=CC(CC(=O)Nc1cc(C)nn1-c1ccc(C)nn1)c1ccccc1', 'COc1cc(O)ccc1C1Nc2c(C)cccc2-c2cc(C)nn21', 'COCC(NC(=O)c1cc(C(C)C)nn1C)c1ccnn1C', 'Cc1cc(C)c(CNC(=O)c2cc(C3CC3)nn2C(C)(C)C)c(=O)[nH]1', 'COC(C)C(=O)Nc1cc(-c2ccco2)nn1-c1ccc(F)cc1F', 'COc1ccc(F)c(NCC(=O)Nc2cc(C)nn2C)c1']"
267,0.0073,0.33433998,0.6255542039871216,"['CCOC(=O)c1c(Cl)c(C)nc2sccc12', 'CCCNc1c(C#N)cnc2ccc(OCC)cc12', 'CCC(C)n1c(SCC#N)nc2cc(C)[nH]c2c1=O', 'CCC1CCCCN1C(=O)c1cc(C)nc2onc(C)c12', 'COCCNc1c(C)c(C)nc2c(-c3ccccc3)c(C)nn12', 'COC(=O)c1ccccc1Nc1cc(C)nc2nc(C)nn12', 'CCCN(CCc1ccccc1)c1ncnc2oc(C)nc12', 'CCOc1ccccc1NC(=O)c1cc(C)nc2onc(C)c12', 'Cc1cc(-c2ccc3ccccc3n2)cn2nc(N)nc12', 'COC(=O)CCc1cc(F)cc2c(C)cc(C)nc12']"
268,1e-04,0.0,0.0,[]
269,0.0017,0.26864007,0.9919739365577698,"['CC1CN(CCOc2ccccc2)CCN1CC(O)c1ccccc1', 'FC1(F)CCN(Cc2ccsc2)CC12CCN(c1cccnc1)C2', 'CC1CN(Cc2ccccc2)CCN1C(=O)C(C)(C)C', 'O=C1N(c2cccnc2)CCC12CCCN(c1ncc(F)cn1)C2', 'CCCCC1C(=O)N(C)CCN1c1ccc(-c2nc(C)no2)cn1', 'CC1Cc2nc(N)nn2CC1c1ccccc1Cl', 'CCCN1C(=O)c2ccccc2NC1c1csc(C)n1', 'CC1CN(C(=O)OC(C)(C)C)CCN1Cc1ccncc1', 'COC(=O)C1CC(NC(C)=O)CN1Cc1ccc2ccccc2c1', 'CCC1CN(C(=O)C(C)Cc2cccc(F)c2)CC1N1CCOCC1']"
270,0.0003,0.40840515,0.8943005800247192,"['CCCn1c(=O)c2c(nc3n(C)c(C)c(C)n23)n(C)c1=O', 'Cc1cccc(Cn2c(=O)c3c(nc4[nH]c(C)cn43)n(C)c2=O)c1', 'C=CCn1c(=O)c2c(nc(-c3ccccc3)n2C)n(C)c1=O']"
271,1e-04,0.0,0.0,[]
272,0.2986,0.2173826,0.6574092507362366,"['CC(=O)c1c(C)[nH]c(C(=O)CSc2ncccn2)c1C', 'Cc1n[nH]c2c(N3CCN(c4ncccn4)CC3)ncnc12', 'CCC(C)NC(=O)C1c2ccccc2C(=O)N2CCCCC12', 'CC12CCC(C(=O)NCCN3CCOCC3)(OC1=O)C2(C)C', 'CCC(=O)N1c2ccc(C(=O)C3CCCCN3)cc2CC1C', 'Cc1noc2ncc(C(=O)N3CCC(N4CCNC4=O)CC3)cc12', 'CC(=O)N1c2ccc(S(=O)(=O)Oc3cccc(F)c3)cc2CC1C', 'O=C1CCc2cc(Cl)cc(C(O)Cc3cccs3)c2N1', 'CC(=O)c1c(C)[nH]c(C(=O)COc2ccc(C#N)cc2Cl)c1C', 'CCOC(=O)c1[nH]c(C)c(C(=O)OC2CC(C)OC2=O)c1C']"
273,0.0018,0.615336,0.48160579800605774,"['OCc1cccc(-n2cc(-c3ccccc3)cn2)n1', 'OCc1cn(Cc2noc(-c3ccsc3)n2)nn1', 'OCc1nc2cc(O)ccc2n1-c1cccc(F)c1', 'OCc1cc2c(cc1OCc1cccnc1)OCO2', 'OCc1nc2ccc(F)cc2n1-c1ccc(F)cc1', 'OCc1ccc2c(ccn2Cc2ccccc2F)c1', 'OCc1cc2cc(OCc3ccccc3)ccc2[nH]1', 'OCc1cnn2cccc(CN3CCN(c4ccccc4)CC3)c12', 'OCc1nnn(-c2nccs2)c1-c1ccc(Cl)cc1', 'OCc1nnn(-c2cccc(F)c2)c1-c1ccc(F)c(F)c1']"
274,1e-04,0.0,0.0,[]
275,1e-04,1.0,0.0,['Cc1cc(CN2CCc3ccccc3C2CO)ccc1F']
276,0.0065,0.34935555,0.6079622507095337,"['Cc1nn(C2CCCCO2)c(C)c1Br', 'Nc1c(NC2CCCC2)ncnc1-n1nnc2ccccc21', 'CSc1nc(N2CCCC2)c2c(c1C#N)CC(C)(C)OC2', 'Cn1nc(C2CCCC2)cc1NC(=O)c1cccc2cn[nH]c12', 'Cn1c(SCC2CCCO2)nc2sc3c(c2c1=O)CCC3', 'c1cc(N2CCCC2)ccc1-c1noc(C2CCC2)n1', 'CCn1nc(C2CCOC2)nc1CN1CCN(c2ncccn2)CC1', 'O=c1cc(C2CCC2)ncn1CC#Cc1cccc(Cl)c1', 'Cc1cc(N2CCCCC2)nc(NCCNC(=O)c2ccco2)n1', 'Cc1cc(N2CCOCC2)nc(NCc2ccccc2)n1']"
277,1e-04,0.0,0.0,[]
278,1e-04,1.0,0.0,['CC(C)COc1ccc(C(C)O)cc1OCC(C)C']
279,0.0037,0.24940495,0.9402000308036804,"['CC(NC(=O)C(C)(C)C)c1nc(COc2ccccc2)no1', 'CC(NC(=O)C(C)(C)C)C(=O)OC(C)c1ccccn1', 'CN(C(=O)OC(C)(C)C)C1CCCN(CC(=O)c2ccc[nH]2)C1', 'Cc1nn(C(C)(C)C)c(=O)n1Cc1csc(C2CC2)n1', 'CCN(CC(=O)NC(C)(C)C)C(=O)c1cccc(OC)c1OC', 'CC(NC(=O)C(C)(C)C)C(=O)OC(C)C(=O)c1c[nH]c2ccccc12', 'CN(Cc1ccc(C(C)(C)C)cc1)Cc1nc(N)nc(N)n1', 'CCCN(CC(=O)N(C)C)C(=O)C(C)Sc1ccccn1', 'CC1CN(C(=O)OC(C)(C)C)CCN1Cc1ccncc1', 'CC1=C(C(=O)OC(C)(C)C)C(c2ccc(F)cc2)NC(=O)N1']"
280,1e-04,0.0,0.0,[]
281,0.034,0.31937703,0.6375303864479065,"['O=C(NCC1CCCO1)Nc1cccc(COCC2CCCCO2)c1', 'COc1cc(NCC2CCCO2)nc(C2CCCO2)n1', 'Cc1n[nH]c(C2CN(C(=O)CC3CCCO3)CCO2)n1', 'CN(CC1CCCO1)C(=O)Nc1ccccc1F', 'COc1ccc(C(=O)NC(C(=O)N(C)CC2CCCO2)C(C)C)cc1', 'CN(CC1CCCO1)C(=O)CNC(=O)c1ccc(F)cc1F', 'O=C(c1cccs1)C1CCCN1C(=O)C1CCCO1', 'Nc1ccc2nc(NC(=O)C3CCCO3)sc2c1', 'CN(CC1CCCO1)C(C(N)=O)c1ccc(F)cc1', 'O=C(CCC1CCCO1)NC1CCN(C(=O)c2ccccc2F)CC1']"
282,1e-04,0.0,0.0,[]
283,1e-04,0.0,0.0,[]
284,1e-04,1.0,0.0,['COC(=O)C(c1c(C)[nH]c2ccccc12)(C(C#N)C#N)C(F)(F)F']
285,1e-04,0.0,0.0,[]
286,1e-04,0.0,0.0,[]
287,0.1229,0.37901893,0.40089723467826843,"['O=S(=O)(c1cn[nH]c1)N1CCOC2CCCC21', 'Nc1c(C2CC2)n[nH]c1C(=O)NCc1ccsc1', 'Cc1c(C2CC2)n[nH]c1NC(=O)CCCc1ccc2[nH]c(=O)[nH]c2c1', 'Clc1ccc(Cl)c(CNc2cnns2)c1', 'Nc1nonc1-c1c[nH]c2c(Br)cccc12', 'O=C(c1ccc2cc[nH]c2c1)N1CCN(Cc2cccs2)CC1', 'CC1Cc2nc(N)nn2CC1c1ccccc1Cl', 'COc1ccc(CCC2NCCc3c(F)cccc32)cc1', 'CCC1Oc2cccc(N)c2N(Cc2ccc(F)cc2)C1=O', 'Cc1csc(C2CCCN(Cc3cnnn3C)C2)n1']"
288,1e-04,0.0,0.0,[]
289,0.0013,0.6090356,0.5566228628158569,"['NS(=O)(=O)CCNC(=O)c1ccc2c(c1)C(=O)c1ccccc1-2', 'Cn1nnnc1SCC(=O)c1ccc2c(c1)Cc1ccccc1-2', 'COc1ccc2c(c1)CCc1c(C(=O)N3CCCC3)noc1-2', 'COc1ccc2nc3c(nc2c1)C(=O)c1ccccc1-3', 'CCN1CCN(C(=O)c2nn(C)c3c2COc2ccccc2-3)CC1', 'CC(C)Oc1ccc(NC(=O)c2n[nH]c3c2CCc2ncccc2-3)cc1', 'CCOC(=O)c1sc(S(C)=O)c2c1CCc1conc1-2', 'CC(=O)c1c2n(n(-c3ccccc3)c1=O)C(=O)c1nccnc1-2', 'Cn1cc(C(=O)N2CCCCC2)c2nn(-c3ccccc3)c(=O)c-2c1', 'O=c1c2cc3ccc(O)cc3oc-2nn1-c1ccc(F)cc1F']"
290,0.0058,0.38712278,0.7406925559043884,"['Cc1cnn(CC2CN(c3cc(C)nc(N)n3)CCO2)c1', 'Cc1cnn(CCC(=O)N(C)CCC(F)(F)F)c1', 'Cc1cnn(CCCN2C(=O)COc3cccnc32)c1', 'Cc1cnn(C(C)C(C)NCc2ccccc2C#N)c1', 'Cc1cnn(CCC(=O)Nc2ccc(OC(F)F)cc2)c1', 'Cc1cnn(Cc2cc(C(=O)N(CC(N)=O)CC(C)C)no2)c1', 'Cn1cnn(CC(=O)NCC2(c3ccc(F)cc3)CCCCC2)c1=O', 'Cc1cnn(C2CCCN(C(=O)C3CC3c3ccco3)C2)c1', 'Cc1cnn(CC2CCCN2C(=O)c2cc(-c3ccccc3)on2)c1', 'Cc1cnn(CC2CCN(C(=O)c3cn[nH]n3)CC2)c1']"
291,1e-04,0.0,0.0,[]
292,1e-04,0.0,0.0,[]
293,0.0003,0.61985546,0.10680066794157028,"['Cc1ccc(C(=O)CCC(=O)Nc2ccc(CC#N)cc2)cc1', 'COc1ccc(C(=O)COc2ccccc2)c(OC)c1OC', 'Cc1ccc(CNC(=O)CCC(=O)c2ccc3c(c2)CCC3)cc1']"
294,1e-04,0.0,0.0,[]
295,0.0011,0.50802726,0.49150171875953674,"['N#Cc1c(NC(=O)CCc2cccs2)nc2n1CCS2', 'N#Cc1c(CSc2nc(-c3cccnc3)n[nH]2)cn2ccccc12', 'N#Cc1c(-c2cccnc2)nc2sc(-c3ccccc3F)nn12', 'N#Cc1c(CCCNC(=O)C2CC=CCC2)nn(-c2ccccc2)c1N', 'N#Cc1c(CSc2nncn2C2CC2)cn2ccccc12', 'N#Cc1c(-c2ccco2)nn(-c2ccccc2)c1N', 'N#Cc1c(=O)c2c(=O)oc3ccccc3c2n2nc3n(c12)CCCCC3', 'N#Cc1c(-c2ccc(Cl)cc2)ccnc1N1CCOCC1', 'N#Cc1c(N)nc2c(c1N)CC(=O)N2c1ccccc1', 'N#Cc1c(N)nc2c(c1N)CC(=O)N2c1ccc(F)cc1']"
296,1e-04,0.0,0.0,[]
297,0.0002,0.5,0.0,"['O=C1COC2CN(Cc3ccccn3)CC2N1Cc1ccc(F)cc1', 'O=C1COC2CN(Cc3cccnc3)CC2N1Cc1ccccn1']"
298,1e-04,0.0,0.0,[]
299,0.0009,0.45092392,0.6507113575935364,"['Brc1ccc(Br)c2nccnc12', 'Fc1cc2c(-c3nnnn3-c3ccccc3)c[nH]c2cc1Cl', 'Clc1cccc(-n2ncc3c2ncn2cnnc32)c1', 'Fc1ccccc1-c1nc2cc(-n3cnnc3)ccc2o1', 'Fc1cccc(-c2[nH]ncc2-c2nnnn2-c2ccccc2)c1', 'Cc1cc(-c2coc3cccc(Br)c23)no1', 'Clc1ccc(-c2noc(-c3ccncc3)n2)cc1', 'FC(F)(Cl)c1nnc2sc(-c3ccc4ccccc4n3)nn12', 'Brc1ccc(Oc2cnccn2)cc1']"
300,0.0087,0.67155266,0.2973497211933136,"['O=C1CCC(=O)c2oc3ccc(Br)cc3c2N1', 'O=C1CCC2CN(c3ncccc3Cl)CCC2N1CCCCO', 'O=C1CC(NC(=O)Nc2ccccc2Cl)CN1', 'O=C1OC(c2c[nH]c3ccccc3c2=O)c2ccccc21', 'O=C1CCCc2[nH]c(=O)c(C(=O)NCCOc3ccccc3)cc21', 'O=C1CCC(C(=O)NCCCOCC2CCOC2)N1', 'O=C1C2CC(O)CCN2C(=O)CN1CCCN1CCOCC1', 'O=C1CCCc2[nH]c(=O)c(C(=O)NCc3ccccc3Cl)cc21', 'O=C1OCCC1Sc1n[nH]c(=O)n1CCc1ccccc1', 'O=C1NC(O)c2cc(Br)cc(Br)c2O1']"
301,1e-04,0.0,0.0,[]
302,1e-04,0.0,0.0,[]
303,1e-04,0.0,0.0,[]
304,1e-04,0.0,0.0,[]
305,0.3412,0.18375744,0.6450645327568054,"['Cc1nnc(SC(C(=O)N(C)C2CCCCC2)C(C)C)s1', 'CC1(C)Cc2c(sc3nc(=O)n(Cc4ccco4)c(N)c23)CO1', 'CC1(C(=O)NCc2cccs2)CC1(Cl)Cl', 'O=C1CCC(C(=O)NCCCOCC2CCOC2)N1', 'CCCn1c(SCC(=O)N(CC)C2CCCCC2)n[nH]c1=O', 'CC12CCC(C(=O)NCCN3CCOCC3)(OC1=O)C2(C)C', 'CCCn1c(SCC(=O)NC)nnc1C(C)C', 'Cc1ccsc1-c1nnc(SCc2nnc(C(C)C)o2)o1', 'CN(C)c1cccc(OCCc2nnc(CCO)o2)c1', 'COc1cccc(N2CCN(C(=O)C3CCN(C)C(=O)C3)CC2)c1']"
306,0.0429,0.58594316,0.2986413240432739,"['COc1ncnc(OC)c1CNc1ccccc1C', 'CCc1nc(CNCCc2cscn2)cs1', 'Cc1nnc(Sc2ccc3scnc3c2N)o1', 'CCc1nc(COC(=O)c2c(C)nsc2NC)cs1', 'Cc1cnc(NCc2ccco2)c(Br)c1', 'Cc1nnc(SCCCO)n1Cc1ccccc1', 'COc1nccc2cccc(NCc3ccncc3)c12', 'COc1ncc(C(F)(F)F)cc1Br', 'Cc1cnc(Cc2ccc(OCC(C)C)c(N)c2)s1', 'Cc1nnc(N2CCC3(CC2)OCCCC3O)o1']"
307,0.0035,0.61249906,0.4636264145374298,"['O=C(NCC#CCOc1cccnc1)c1nc2ccccc2s1', 'COc1cccc(S(=O)(=O)NCC#CCOc2cccnc2)c1', 'Cc1ccc(C(=O)NCC#Cc2cccc(C(F)(F)F)c2)cn1', 'CN(C)S(=O)(=O)NCc1cccc(C#CCO)c1', 'CC(C)C(=O)NCC#CCOc1cccc2cccnc12', 'CCNC(=O)NCC#Cc1cccc(C(F)(F)F)c1', 'O=c1cc(C2CCC2)ncn1CC#Cc1cccc(Cl)c1', 'O=C(NCC#CCOc1cccc2cccnc12)C1CCC1', 'O=C(NCC#CCOc1cccc2ccccc12)c1ccccn1', 'CC(=O)NCc1ccc(C(=O)NCC#Cc2ccccc2)cc1']"
308,0.0054,0.3472087,0.7317475080490112,"['COc1c(Cl)c(OC)c(OC)c2c1CCNC2C', 'COc1ccc(CC(=O)NCCCO)c(OC)c1', 'COc1cc(COC(C)=O)c(O)c2c1CCCC2', 'CCNC(=O)Cc1cc(OCC)c(OCC)cc1Br', 'COc1cc(C)c(C(O)CNCc2ccncc2)c(C)c1', 'CNC(=O)COc1cc(C(C)C)c(Cl)cc1C', 'COc1cc(CC(=O)NC(C)(C)C)cc(OC)c1OC', 'COc1cc(C(C)O)ccc1OCC1CCOCC1', 'CCC(C#N)(CC)Cc1cc(OC)c(OC)c(OC)c1', 'CCCOc1c(Br)cc(C(=O)NC2CC2)cc1OC']"
309,0.0003,0.46190977,0.6268973350524902,"['COc1ccc2nc3c(nc2c1)C(=O)c1ccccc1-3', 'COc1cc(OC)c2nc3n(c(=O)c2c1)CCCCC3', 'OCC1(c2nc(C3CCOCC3)nn2-c2cccc3c2CCC3)CC1']"
310,1e-04,0.0,0.0,[]
311,0.0044,0.22419776,0.7481478452682495,"['Cc1nc(COc2cccc3ccccc23)nc(C)c1N', 'CCCn1c(SCC(=O)NC)nnc1C(C)C', 'Cc1nc(C(F)(F)F)nc(N2Cc3cnn(CCO)c3C2)c1C', 'CCCCn1c(S(=O)(=O)CC(=O)N2CCCCC2)nc(C)c1C', 'CCOCCCNC(=O)c1nc(C(C)C)ncc1Cl', 'Cc1nc(N)n(CC(=O)NC2CCCCC2)c(=O)c1C', 'N#Cc1cnc(CCOc2cccc(Cl)c2)nc1N', 'Cc1ncn(CC(O)c2ccc(Br)cc2)c(=O)c1C', 'Cc1nc(S(=O)(=O)C(C)C(=O)NC2CC2)n(CC(C)C)c1C', 'Cc1sc2[nH]c(SCCCC(=O)NCCO)nc(=O)c2c1C']"
312,0.0006,0.43117025,0.7353389263153076,"['CCOC(=O)c1nn(CC2CC2)c2c1CN(Cc1ccc(C)o1)CC2', 'Cc1nn(-c2ccccc2)c2c1C(NS(C)(=O)=O)CC(C)(C)C2', 'Cc1nc(N2CCOCC2)nc2c1CCN(C(=O)CC(C)(C)C)CC2', 'Cc1c(C(=O)NCc2nnc3n2CCCCC3)oc2c1C(=O)CCC2', 'Cc1c(C(=O)N(Cc2ccco2)C2CC2)[nH]c2c1C(=O)CC(C)(C)C2', 'CCOC(=O)c1sc(C)c2c1NC(C)N(Cc1ccccc1)C2=O']"
313,0.0012,0.3352976,0.8348787426948547,"['COC(=O)C1CC(O)CN1CCC(=O)N1CCCCC1', 'CC(C)(C)NC(=O)C1CC(O)CN1S(=O)(=O)c1ccc(F)cc1', 'Cc1ccccc1C1CC(O)C(O)C1NC(=O)C(C)C', 'Cc1cc(N2CCC(O)C(O)C2)n2nc(C)cc2n1', 'CC=CCC(=O)N1CC(F)CC1CNC(=O)CC1CCCC1', 'COc1ccc(CC(=O)NC2CC(O)C(CO)C2)cc1', 'COC(=O)C1CC(Oc2ccc(OC)cc2Br)CN1', 'O=C(Nc1cccc(Cl)c1F)NC1CCC(O)CC1', 'O=C(Nc1ccc(F)cc1F)NC1CCC(O)CC1', 'CCN(CC)C(=O)C1CC(NC(=O)Cc2ccc(O)cc2)CN1C']"
314,0.0091,0.6792325,0.30833059549331665,"['Cc1nn(C)c(C)c1Nc1cccc2cccnc12', 'Cc1nn(C)c(C)c1CCC(=O)NCCSc1ccccn1', 'Cc1nn(C2CCCCO2)c(C)c1Br', 'Cc1nn(C)c(C)c1NC(=O)CSc1ccccc1O', 'Cc1nn(C)c(C)c1CC(C)NC(=O)NC(C)c1ccccn1', 'Cc1nn(C)c2ncc(NC(=O)N3CCOCC3)cc12', 'Cc1nn(C)c2nc(-c3ccco3)cc(C(=O)NC3CC3)c12', 'Cc1nn(C)c(-c2nn3c(C)nnc3s2)c1Cl', 'Cc1nn(C)c(C)c1C1COCCN1C(=O)CCc1ccccc1', 'Cc1nn(C(C)C)c(C)c1NC(=O)c1nnc2ccc(Cl)cc2n1']"
315,0.0004,0.36246157,0.9393603205680847,"['CCCOc1ccc2cc(C(=O)C3=NC=CC3)oc2c1', 'Cc1ccc(OCc2nc3ccccc3n2CCCO)cc1', 'CCOc1ccc(OCc2nc3cccnc3o2)cc1', 'CC(NS(=O)(=O)N1CCCCCC1)c1ccc2c(c1)CCO2']"
316,0.008,0.27451104,0.6340363025665283,"['CC(C)COc1ccc(C(C)O)cc1OCC(C)C', 'CCCOc1ccc(C(=O)OCC)c2cccnc12', 'COC(=O)Cn1c(C(C)=O)nc2cc(OC)ccc21', 'CCN(C(=O)Cn1c(NCCO)nc2ccccc21)C1CCCCC1', 'CCCOc1ccc(NC(=O)CC)c2cccnc12', 'CC(=O)Nc1sc(SCC#N)nc1-c1ccccc1', 'CC(C)c1c(C(=O)NCCO)nnn1-c1ccc(Cl)cc1', 'COc1cccc(OCc2c(C#N)nnn2CCC(C)C)c1', 'CCCc1c(C(=O)NC(C)C)nnn1-c1ccccc1', 'N#Cc1cc(S(N)(=O)=O)ccc1N1CCC(c2ccccc2)C1']"
317,1e-04,0.0,0.0,[]
318,0.0002,0.5,0.0,"['CC=Cc1ccc(OCC(O)CN2C(C)COCC2C)c(OC)c1', 'CC=Cc1ccc(OCC(=O)N2CCC(C(=O)OC)CC2)c(OC)c1']"
319,1e-04,0.0,0.0,[]
320,1e-04,0.0,0.0,[]
321,0.0321,0.28191945,0.6550634503364563,"['CC1CC1CNS(=O)(=O)c1c(F)cccc1F', 'CC1CC1CNS(=O)(=O)c1ccc(Br)cc1', 'CCC(CC)NS(=O)(=O)c1ccc(F)c(F)c1', 'Cc1ccc(CNS(=O)(=O)c2ccc(F)cc2C)s1', 'Cc1n[nH]cc1CNS(=O)(=O)c1ccccc1Cl', 'Cc1n[nH]cc1CNS(=O)(=O)N1CCCCCC1', 'COc1ccccc1CNS(=O)(=O)Cc1cccc(C)c1', 'Cc1ccccc1NS(=O)(=O)c1cc(N)ccc1F', 'COc1ccccc1NS(=O)(=O)c1ccccc1F', 'Cc1n[nH]cc1CNS(=O)(=O)c1ccc(C(C)(C)C)cc1']"
322,0.004,0.6453602,0.4361630976200104,"['O=C(C1CC1)N1CCC2(C1)c1ccccc1S(=O)(=O)N2CC1CC1', 'Cc1ccc(OCC2Cn3c(nc4c3c(=O)n(C)c(=O)n4C)O2)cc1', 'CC(=O)N1CN(S(C)(=O)=O)c2ccccc2N(S(C)(=O)=O)C1', 'Cc1cccc(C2=CCN(C(=O)c3c[nH]c4c(cnn4C)c3=O)CC2)c1', 'Cc1ccc(NC(=O)c2cn(-c3ccc(C(F)(F)F)cn3)nn2)nc1', 'Cc1nn(-c2ccccc2)c(C)c1CNC(=O)c1ccc(C(N)=O)cc1', 'COc1cccc(-c2nc3c([nH]2)CCN(C(=O)c2nc(C)c[nH]2)C3)c1', 'O=C(Cn1cnc2cc(F)c(F)cc21)N1CCN(C(=O)C2CC2)CC1', 'C#Cc1cccc(NC(=O)CN(C)C(=O)c2cn3c(C)cccc3n2)c1', 'Cc1cccc(-c2nn3c(=O)cc(-c4cnc(C)nc4C)[nH]c3c2C)c1']"
323,1e-04,0.0,0.0,[]
324,1e-04,0.0,0.0,[]
325,1e-04,0.0,0.0,[]
326,1e-04,0.0,0.0,[]
327,0.0046,0.49511412,0.5393433570861816,"['Cc1cc(=O)c(OCC(=O)Nc2cccc3ncccc23)cn1C', 'Cc1cc(=O)n2nc(NCc3ccc(OC(C)C)cc3)nc2[nH]1', 'Cc1cc(=O)c(C(=O)N2CCn3cccc3C2c2ccccc2)c[nH]1', 'Cc1cc(=O)cc(C2CCCN(C(=O)c3cccc(F)c3)C2)[nH]1', 'Cc1cc(=O)c(C(=O)Oc2ccc3nccnc3c2)c[nH]1', 'Cc1sc(=O)n(Cc2ccn(C(C)C)n2)c1C', 'Cc1cc(=O)n2nc(C)c(-c3ccc(Br)cc3)c2[nH]1', 'Cc1cc(=O)n(CC(=O)N2CCCCC2)c(Nc2cccc(F)c2)n1', 'Cc1cc(=O)n(C)cc1NC(=O)NCCc1ccccc1F', 'Cc1cc(=O)c(CO)cn1-c1ccc(C(F)(F)F)cc1']"
328,1e-04,0.0,0.0,[]
329,1e-04,0.0,0.0,[]
330,0.0042,0.57662934,0.637555718421936,"['CC(C)(C)OC(=O)N1CCCC1C1CCCC1=O', 'CC(C)(C)OC(=O)NCC(=O)Nc1cccnc1', 'CC(C)(C)OC(=O)Nc1nccc(Cl)c1Cl', 'CC(C)(C)OC(=O)N1CCC2(CC1)OCc1ccncc12', 'CC(C)(C)OC(=O)N1CCCC1COC(F)(F)F', 'CC(C)(C)OC(=O)N1CCCC(CSc2ncccn2)C1', 'CC(C)(C)OC(=O)N1CCCC(N2CCOCC2)C1', 'CC(C)(C)OC(=O)N1CCC2Nc3sccc3C2C1', 'CC(C)(C)OC(=O)C(N)Cc1ccc(CO)cc1', 'CC(C)(C)OC(=O)N1CCC2(CCCNC2=O)CC1']"
331,1e-04,0.0,0.0,[]
332,1e-04,0.0,0.0,[]
333,1e-04,0.0,0.0,[]
334,1e-04,0.0,0.0,[]
335,1e-04,0.0,0.0,[]
336,1e-04,0.0,0.0,[]
337,1e-04,1.0,0.0,['COCC1CCCN1C(=O)CCc1c(C)nn(C)c1C']
338,1e-04,0.0,0.0,[]
339,1e-04,0.0,0.0,[]
340,0.0039,0.24752055,1.1400641202926636,"['Cc1onc(-c2ccccc2Cl)c1C(=O)N1CCN(C(C)C)CC1', 'Nc1onc(-c2ccccc2F)c1-c1ccccn1', 'Cc1onc(-c2ccccc2)c1C(=O)NCCc1cn2ccccc2n1', 'Nc1onc(-c2ccccn2)c1Cc1ccccc1', 'Cc1onc(-c2ccccc2)c1C(=O)NCc1cn2c(n1)SCC2', 'CCc1[nH]nc(-c2ccc(N3CCCCC3)cc2)c1NC(=O)OC', 'CCCc1[nH]nc(-c2ccc(F)cc2)c1NC(C)=O', 'CCc1[nH]nc(-c2cccs2)c1NC(=O)Cc1cccs1', 'Nc1ccc2onc(CC(=O)N3CCc4ccccc43)c2c1', 'Cc1noc(-c2ccc3c(c2)C(C)(C)C(=O)N3C)c1N']"
341,0.0031,0.28370985,0.785450279712677,"['Cc1ccc(Sc2ccc3nnnn3n2)cc1C', 'Brc1ccc(Br)c2nccnc12', 'c1ccc(C(Nc2ccc3nnnn3n2)c2ccccn2)cc1', 'Clc1cccc(-n2ncc3c2ncn2cnnc32)c1', 'c1cc(-c2ccc(-n3cncn3)cc2)n2ncnc2n1', 'c1ccc(-c2nc3cccnc3nc2-c2ccccn2)nc1', 'O=c1c2cnc3ccnn3c2ccn1CCC1=CCCCC1', 'CC(c1cc2ccccc2o1)N(C)c1ccc2nnnn2n1', 'Clc1ccc(-n2nnnc2CSc2ncn[nH]2)cc1', 'c1ccc(-n2c(Sc3ccc4nnnn4n3)nc3c2CCCC3)cc1']"
342,0.117,0.41318783,0.40835729241371155,"['Brc1ccc(Br)c2nccnc12', 'COc1cc(N)c2ncccc2c1Br', 'Cc1cnnn1CC1CCC2C1OCCN2Cc1ccco1', 'O=C(CCCOCC1CCOCC1)c1ccccc1', 'COc1ccc(-c2c(C3CC3)n[nH]c2N)cc1Cl', 'Cc1ccc(OCc2nc3c(N)cccc3n2C)cc1', 'CC1CCCCN1c1csc2ccc(F)cc2c1=O', 'CCNc1nc(-c2nnc3scc(C)n23)cs1', 'Nc1nonc1-c1noc(C(Cl)(Cl)Cl)n1', 'O=C(NCCCNc1ncccn1)C1CC2CCC1O2']"
343,1e-04,0.0,0.0,[]
344,1e-04,0.0,0.0,[]
345,0.0161,0.46974745,0.5252580046653748,"['O=C(NCCc1ccccc1)c1cc2ccncc2cn1', 'O=C(CCc1ccccc1F)OCc1ccccn1', 'O=C(CCCc1ccccc1)Nc1ccc(-n2cccn2)nc1', 'CCCN(CCc1ccccc1)c1ncnc2oc(C)nc12', 'O=C(CCOc1ccccc1)NCCc1c[nH]c2ccccc12', 'O=C(COCc1ccccc1)NCc1ccc(-n2ccnc2)cc1', 'O=C1CC(c2ccccc2F)c2c(c3ccccc3oc2=O)O1', 'O=C(NCc1ccncc1)c1cnc2[nH]ccc2c1', 'O=C(CSc1ccccc1Cl)NCc1cscn1', 'O=C(CCc1ccccc1)Nc1cnc(-c2cccnc2)nc1']"
346,0.0083,0.29370323,0.7292631268501282,"['Cc1cnn(C2CN(CC=CCN3CC(n4cc(C)cn4)C3)C2)c1', 'COc1ccc(C(=O)N2CC(OCCCc3ccccc3)C2)cc1', 'Cc1ccccc1S(=O)(=O)N1CC(OCc2ccccc2F)C1', 'Cc1cccc(NC(=O)N2CC(c3nc(-c4ccncc4)no3)C2)c1', 'CCc1ncc(C(=O)N2CC(n3nc(C)cc3C)C2)cn1', 'O=C(c1ccc(=O)[nH]c1)N1CC(c2nc(-c3cnccn3)no2)C1', 'CC(C)(C)CC(=O)N1CC(c2nc(-c3cccnc3)no2)C1', 'CCc1ccccc1OC1CN(CC(C)(C)N2CCOCC2)C1', 'O=C(c1ccco1)N1CC(c2nc(-c3ccccn3)no2)C1', 'CC(C)(C)N1CC(C(=O)N2CC(OCc3ccccc3F)C2)CC1=O']"
347,0.0009,0.32743698,1.0036982297897339,"['CCc1ccc2oc(=O)cc(CNC(=O)c3ccccc3)c2c1', 'Cc1cc2oc(=O)cc(C)c2cc1NC(=O)C(O)Cc1ccccc1', 'Cc1ccc2oc(=O)c3cnn(CC(=O)NCC4CCCO4)c3c2c1', 'Cc1ccc2[nH]c(=O)c(CN(C)C(=O)c3cccs3)cc2c1', 'Cc1cc2occ(CC(=O)NCC3CCCO3)c2cc1C(C)C', 'COc1ccc2c(=O)cc(C(=O)N3CCC(C(N)=O)CC3)oc2c1', 'COc1ccc2[nH]c(=O)c(CCC(=O)N3CCOCC3)cc2c1', 'Cc1ccc2nc(C)cc(C(=O)N3CCC4(CC3)OCCO4)c2c1', 'COc1ccc2[nH]c(=O)c(CN(C)C(=O)c3cccs3)cc2c1']"
348,0.0309,0.4819481,0.4378024935722351,"['c1cc(-c2ccc(-n3cncn3)cc2)n2ncnc2n1', 'O=C(NCc1noc(-c2ccco2)n1)Nc1nncs1', 'O=C(NCC1CN2CCCCC2CO1)C1CC=CCC1', 'Nc1c(Nc2cccc3cccnc23)ncnc1N1CCCC1', 'CCCOCC(=O)NC(c1cccs1)c1cccs1', 'O=C(COc1cccc2cccnc12)c1ccccc1', 'CC1(Cc2ccc3c(c2)OCO3)CCCN(C(=O)c2cc(N)[nH]n2)C1', 'O=C(OCc1cccc2cccnc12)C1CCCN(c2ncccn2)C1', 'O=C(NCC1COc2ccccc2O1)c1ccccc1OC(F)F', 'O=C(NCc1noc(Cc2cccs2)n1)c1cn2ccsc2n1']"
349,1e-04,0.0,0.0,[]
350,0.005,0.6250322,0.25314080715179443,"['CCC1Oc2ccc(N)nc2N(CC(C)C#N)C1=O', 'CCC1CCCN(C(=O)c2ccc(=O)n(CCOC)n2)C1', 'CCC1Nc2cc(Br)ccc2N(COC)C1=O', 'CCC1CN(C(C)C(=O)Nc2ccccc2)c2cc(N)ccc2O1', 'CCC1CCCCC1Oc1nc2sccn2c1CO', 'CCC1Oc2cccc(N)c2N(Cc2ccc(F)cc2)C1=O', 'COC1CCCC(OC(=O)CC2c3ccccc3CCN2C(C)=O)C1', 'CCC1CCCN(C(=O)c2cn3cccnc3n2)C1', 'CCC1Oc2c(cccc2OCc2ccccc2)NC1=O', 'CCC1CCCCN1C(=O)CSc1ccc(N)nc1']"
351,0.0026,0.45820907,0.6001443266868591,"['N#CC(C(=O)CCc1nc2ccccc2[nH]1)c1ccccc1Cl', 'Cc1ccc(-c2cc(C(=O)N(C)Cc3cc(C4CC4)[nH]n3)[nH]n2)s1', 'C=CCc1c(OCC(=O)NC2CC2)ccc2nc3n(c(=O)c12)CCC3', 'COc1ccnc(NC(=O)C(C)Cc2c(C)nn(C)c2C)c1', 'CCc1ccc2c(c1)C(O)(CC(=O)c1ccccn1)C(=O)N2', 'O=C(CCc1nc2ccccc2[nH]1)CCc1nc2ccccc2[nH]1', 'Cc1ccc(-c2csc(S(=O)(=O)Cc3cc(C)on3)n2)cc1', 'N#CC(C(=O)CCC(=O)c1ccc(F)cc1F)c1ccccn1', 'COC1CC(CC(=O)NCCc2ccc3c(c2)OCO3)CC(OC)C1', 'COc1ccc(C(=O)CCC(=O)N=c2[nH]nc3cc(C)ccn23)cc1']"
352,1e-04,0.0,0.0,[]
353,1e-04,0.0,0.0,[]
354,0.0063,0.39459234,0.5976911783218384,"['CCCNc1nc2nc3ccc(C)cn3c(=O)c2cc1C(=O)NC', 'CC(C)(C)OC(=O)N1CCC2Nc3sccc3C2C1', 'O=C1COC2CN(Cc3ccccn3)CC2N1Cc1ccc(F)cc1', 'O=C1COC2CN(Cc3cccnc3)CC2N1Cc1ccccn1', 'CC1CN(C(=O)c2cc3occc3n2C)CC(C)O1', 'c1ccc(C2NCCc3ccc4c(c32)OCCO4)nc1', 'CC(c1nc2c3cnn(C)c3ncn2n1)n1cc(Br)cn1', 'Cc1ccc(CNC(=O)C2c3ccccc3CCN2C(=O)C2CC2)o1', 'c1ccc(C2CNc3ccccc3N2Cc2cccnc2)cc1', 'O=C1CCC2CN(c3ncccc3Cl)CCC2N1CCCCO']"
355,0.0003,0.52052546,0.3970504403114319,"['Cc1ccc(-n2nnc(C(=O)N=c3[nH]c4ccccc4[nH]3)c2C)cc1', 'Cc1cccc(C(=O)N=c2sc3ccccc3n2C)n1', 'CC1CC(OC(=O)c2ccccc2SCc2ccsc2)C(=O)O1']"
356,0.0022,0.25680003,0.7908687591552734,"['CCCNC(=O)CCCC(O)c1ccc(Br)cc1', 'CCCC(C#N)CCC(=O)Nc1ccc2c(c1)OCCO2', 'CC(C)CCOCCS(=O)(=O)c1ccccc1F', 'CCOC(=O)CCC(C)NC(=O)c1ccc(C)c(F)c1', 'CCCNC(=O)CSc1n[nH]c(=O)n1CCC', 'CCCCC(=O)NCCCn1ccc2cccnc21', 'CCCCOCCN1CCN(C(=O)c2cc(C)oc2C)CC1', 'CCCCS(=O)(=O)NCC#CCOc1ccc(C)nc1', 'Cc1ccccc1CCNCc1cc(C#N)n(C)c1C', 'CCNC(=O)NCCOC(=O)c1cccc(F)c1Cl']"
357,1e-04,0.0,0.0,[]
358,1e-04,0.0,0.0,[]
359,0.0017,0.54859924,0.6255385875701904,"['Cc1ccc(OCc2cc(=O)n3ccsc3n2)c(C)c1', 'CC(=O)c1ccc(OCc2cc(=O)n3ccsc3n2)cc1F', 'Cc1nc2ccccc2nc1SCc1cc(=O)n2ccsc2n1', 'CCCc1cc(C(=O)OCc2cc(=O)n3cc(C)ccc3n2)[nH]n1', 'Cc1ccccc1C(=O)OCc1cc(=O)n2c(C)csc2n1', 'CC(C#N)CN(C)Cc1cc(=O)n2cc(Br)ccc2n1', 'Cc1nnc(SCc2cc(=O)n3c(n2)SCC3)s1', 'NC(=O)c1ccc(Cl)cc1OCc1cc(=O)n2ccsc2n1', 'CC(=O)Nc1ccccc1C(=O)OCc1cc(=O)n2oc(C)cc2n1', 'O=C(OCc1cc(=O)n2c3c(sc2n1)CCCC3)c1ccco1']"
360,1e-04,0.0,0.0,[]
361,1e-04,0.0,0.0,[]
362,1e-04,0.0,0.0,[]
363,1e-04,0.0,0.0,[]
364,1e-04,0.0,0.0,[]
365,0.0015,0.39133355,0.6508613228797913,"['COC(=O)c1ccc2c(c1)nc(CCO)n2C(C)C', 'CCN(CC)c1ncnc2c1c(N)nn2CCO', 'Cc1cc(=O)oc2c1c(C)nn2-c1ccc(C(N)=O)cc1', 'COC(=O)c1ccc2c(c1)[nH]c(=O)n2C(C)C(=O)OC', 'COC(=O)c1ccc2c(c1)nc(N)n2-c1ccccc1', 'COC(=O)c1ccc2c(c1)nc(CCO)n2C1CCCC1', 'COCCn1cnc2c1c(=O)[nH]c(=O)n2Cc1ccccc1', 'Cc1cnc2c(c1)nc(-c1ccccc1F)n2CCO', 'CCc1ccc2c(c1)nc(CO)n2CC(=O)c1ccccc1', 'COc1ccccc1N1CCn2c1cc(C)c(C#N)c2=O']"
366,0.0002,0.5,0.0,"['COc1ccccc1N1CCn2c1cc(C)c(C#N)c2=O', 'COC(=O)C1CCCn2nc(Cc3ccccc3)nc21']"
367,0.0005,0.5857457,0.2996596097946167,"['N#Cc1cc(F)cc(C2NCCc3cc4c(cc32)OCC4)c1', 'c1ccc(C2NCCc3ccc4c(c32)OCCO4)nc1', 'c1nc(C2NCCc3ccc4c(c32)OCCO4)n[nH]1', 'c1ncc(C2NCCc3ccc4c(c32)OCO4)cn1', 'N#Cc1cccc(Nc2nc3cc4c(cc3[nH]2)OCO4)c1']"
368,1e-04,0.0,0.0,[]
369,1e-04,0.0,0.0,[]
370,1e-04,0.0,0.0,[]
371,1e-04,0.0,0.0,[]
372,0.0003,0.5436513,0.32000306248664856,"['CC(C)COc1ccc(C(C)O)cc1OCC(C)C', 'COCCCOc1c(C(C)O)ccc2ccccc12', 'COc1ccc(C(=O)N(CC(C)O)CC(C)O)cc1OC']"
373,0.0004,0.69597673,0.09218649566173553,"['COc1ccc(CN2CCc3ccccc32)cc1N', 'COCCCNC(=O)c1nc2ccccc2c(=O)n1N', 'Cc1ccn(CCSc2ccccc2)c(=O)c1C#N', 'CCc1cc(Br)cc2c1OC(C)C(=O)N2']"
374,0.0054,0.631368,0.38216152787208557,"['Cc1cc(C)n(CC(C)CNC(=O)Cn2ccc(=O)[nH]c2=O)n1', 'Cc1cc(C)n(CCNC(=O)CC2Oc3ccccc3NC2=O)n1', 'Cc1cc(C)n(CC2CCCN2c2cnc3ccccc3n2)n1', 'Cc1cc(C)n(CCNC(=O)NCc2ccc(Cl)cc2)n1', 'Cc1cc(C)n(CC(C)CNC(=O)N2CCCC(C)C2)n1', 'Cc1cc(C)n(CC(=O)N(C)C(C)c2ccc(Cl)cc2)n1', 'Cc1cc(C)n(CCNC(=O)COc2ccc(Cl)cc2)n1', 'Cc1cc(C)n(CCNC(=O)c2nc(-c3cccs3)no2)n1', 'Cc1nc(C)n(CC2CCCCN2C2CCOC2=O)n1', 'Cc1cc(C)n(CCCNC(=O)c2cc(Cl)c3c(c2)OCO3)n1']"
375,0.0148,0.6077383,0.289838582277298,"['C=CCOC(=O)N1CCC23C=CC(O)CC2Oc2c(O)ccc(c23)C1', 'CC(=O)NC(C)(C(=O)N1CCCC(n2nc(C)cc2C)C1)C1CC1', 'O=C(Nc1ccc2[nH]c(=O)[nH]c2c1)c1cccc(NC(=O)C2CC2)c1', 'CNC(=O)CN(C)C(=O)C1(c2cccc(C(F)(F)F)c2)CCCC1', 'COC(=O)C1=C(C)N(c2ccc(S(N)(=O)=O)cc2)C(=O)C1', 'Cc1nc2c(c(=O)[nH]1)CN(C(=O)c1ccc3nc(C)c(C)nc3c1)C2', 'O=C(Cn1cnnn1)Nc1ccc(C23CC4CC(CC(C4)C2)C3)cc1', 'COC(=O)c1cc2n(n1)CCCN(C(=O)c1cc(C(C)C)on1)C2', 'Cc1[nH]c(=O)ccc1C(=O)N(C)C(C)c1ccc(-n2cncn2)cc1', 'CC(C)C(NC(N)=O)C(=O)Nc1cccc(-c2nnnn2C2CC2)c1']"
376,1e-04,0.0,0.0,[]
377,1e-04,0.0,0.0,[]
378,1e-04,0.0,0.0,[]
379,1e-04,0.0,0.0,[]
380,0.0116,0.34330457,0.6963615417480469,"['Cc1ccc2cccc(NC(=O)c3cccc4c3OCCO4)c2n1', 'Cc1ccc2cccc(OCC(=O)Nc3cc(F)ccc3F)c2n1', 'Cc1ccc2[nH]nc(C(=O)NC3CCC(C)CC3)c2c1', 'Cc1cc2occ(CC(=O)NCC3CCCO3)c2cc1C(C)C', 'Cc1ccc2cccc(C(=O)NCCC(C)C)c2n1', 'Cc1cc2ncn(CC(=O)NC3CCCCC3)c2cc1C', 'COc1ccc2cccc(CC(=O)N(C)Cc3cnccn3)c2c1', 'Cc1ccc2ncc(C(=O)NC(C)c3csc(C(C)C)n3)n2c1', 'Cc1ccc2ncc(C(=O)N3CCc4ccccc43)n2c1', 'Nc1ccc2onc(CC(=O)N3CCc4ccccc43)c2c1']"
381,1e-04,1.0,0.0,['CCOC(=O)C1=C(CN2CCc3sccc3C2)NC(=O)NC1']
382,0.0169,0.34759572,0.7057550549507141,"['O=C(c1cccnc1)N1CCCCC1c1nc2ccccc2s1', 'O=C(CC1CCOc2ccccc21)N1CCCC1c1ccco1', 'Cc1noc(C)c1C(=O)N1CCCC1c1cc(C(C)C)on1', 'O=C(c1ccc(-n2cccn2)cc1)N1CCCC1c1cccs1', 'O=C(CC1CCCCC1)N1CCCC1c1nnc2n1CCCCC2', 'CC(=O)N1CCCC1C1CCCN1c1nc2ccccc2s1', 'O=C(CCOCC1CCCO1)NC1CC1c1cccc(Cl)c1', 'O=C(c1ccccc1F)N1CCCC1c1cccc(F)c1', 'O=C(c1ccc2c(c1)OCO2)N1CCCC1c1ccc(Cl)cc1', 'CNC(=O)Cc1ccccc1NC(=O)C1CC1c1ccc(F)cc1F']"
383,1e-04,0.0,0.0,[]
384,0.0004,0.484757,0.5485910773277283,"['COC(=O)CC1CCC(OC(=O)c2scnc2C2CC2)CC1', 'COC(=O)NCC(=O)OC1CCC(C(C)(C)C)CC1', 'COC1CCCC(OC(=O)CC2c3ccccc3CCN2C(C)=O)C1', 'CC1CCC(COC(=O)CN2CCOCC2)C(C)C1']"
385,1e-04,0.0,0.0,[]
386,1e-04,0.0,0.0,[]
387,1e-04,0.0,0.0,[]
388,1e-04,0.0,0.0,[]
389,1e-04,1.0,0.0,['C=CCSc1nc2c(c(=O)[nH]1)C(c1ccccc1Cl)CC(=O)N2']
390,1e-04,0.0,0.0,[]
391,0.0008,0.26326245,1.1292698383331299,"['Cc1cc(=O)[nH]cc1C(=O)N(C)CCN(C)C(=O)OC(C)(C)C', 'CC(C)C(C)(C#N)NC(=O)COC(=O)CN1CCCCCC1=O', 'CCN(Cc1ccc(O)cc1)C(=O)NCC(=O)NC(C)(C)C', 'CCN(CC)C(=O)NC1C(NC(=O)N(CC)CC)N(C)C(=O)N1C', 'COc1ccccc1OCC(=O)N(C(C)C)C(C)C', 'Cc1ccc2c(CCNC(=O)CCNC(=O)C(C)(C)C)c[nH]c2c1', 'CC(C)CC(NC(=O)CC(C)(C)C)C(=O)N1CCc2ncccc2C1', 'CCNC(=O)C(C)NC(=O)NCC(=O)N(CC)CC']"
392,0.0017,0.22921212,1.0113099813461304,"['OC(Cc1cnccn1)(c1ccccc1)c1ccccc1', 'O=C(OC(C(=O)c1ccccc1)c1ccccc1)c1cccnc1', 'Cc1nc(COC(=O)C(O)(c2ccccc2)c2ccccc2)cs1', 'OC(c1ccc(F)cc1)(c1cncnc1)c1ccccc1Cl', 'CC(CC#N)NC(=O)N(c1ccccc1)c1ccccc1', 'O=C(c1ccoc1)N1CC2CC1CC2NS(=O)(=O)c1ccccc1', 'COc1ccc(C(=O)N(Cc2ccccc2)c2ccccc2)nn1', 'OC(c1ccccc1)(c1ccccn1)C(F)(F)F', 'CCOC(=O)c1cnn(-c2ccccc2)c1-n1cccc1', 'O=C(c1ccc2c(c1)OCO2)N1CCCC1c1ccc(Cl)cc1']"
393,1e-04,0.0,0.0,[]
394,1e-04,0.0,0.0,[]
395,1e-04,0.0,0.0,[]
396,0.0055,0.35763103,0.8180546164512634,"['CNS(=O)(=O)c1cccc(C(=O)N2c3ccccc3CC2C)c1', 'C#CCN1CCN(C(C)C(=O)N2c3ccccc3CC2C)CC1', 'Cc1ccccc1S(=O)(=O)C(C)C(=O)N1c2ccccc2CC1C', 'Cc1cccc(OCC(C)NC(=O)NC2c3ccccc3CC2O)c1', 'COc1cccc(C(=O)NCCN2c3ccccc3CC2C)c1F', 'O=C(NC1c2ccccc2CC1O)c1c[nH]nc1C1CCCCC1', 'CC(=O)N1c2ccccc2CC1C(=O)N1CCCC1(C)C', 'O=C(Nc1ccccc1Br)NC1c2ccccc2CC1O', 'O=C(NCCCOCc1ccco1)NC1c2ccccc2CC1O', 'O=C(Cc1cccc(O)c1)NC1c2ccccc2CC1O']"
397,0.0014,0.299998,0.8546680808067322,"['OCC1CN(c2ccc(F)cc2)C(c2cccc(O)c2)O1', 'OCC1(c2nc(C3CCOCC3)nn2-c2cccc3c2CCC3)CC1', 'OCc1nc2cc(O)ccc2n1-c1cccc(F)c1', 'OCc1nc2ccc(F)cc2n1-c1ccc(F)cc1', 'OCC1CCCN(c2ncnc3cccc(F)c23)C1', 'OCc1cc2cc(OCc3ccccc3)ccc2[nH]1', 'OCc1nnn(-c2nccs2)c1-c1ccc(Cl)cc1', 'OCc1nnn(-c2cccc(F)c2)c1-c1ccc(F)c(F)c1', 'OCC1(O)CCN(c2noc(-c3ccccc3)n2)CC1', 'OCc1cn(Cc2noc(-c3ccsc3)n2)nn1']"
398,0.0017,0.33696696,0.774427592754364,"['Nc1nc2n(n1)CCC(c1ccc3ccccc3n1)C2', 'Cc1nc2n(n1)CC(Nc1ncnc3c1CCC3)CC2', 'Cc1nc2n(n1)CCCC2NC(=O)NCC(C)(C)c1ccncc1', 'CCc1nc2n(n1)CC(NCc1ccc(C#N)cc1F)CC2', 'CCc1nc2n(n1)CCCC2NC(=O)N(C1CC1)C(C)C1CC1', 'Cn1nc2n(c1=O)CCN(CCC(=O)N1CCOCC1)C2', 'CCc1nc2n(n1)CCCC2NC(=O)N(CC)CC(C)CC', 'CCc1nc2n(n1)CCCC2NC(=O)C1Cc2ccccc2C(=O)O1', 'CCc1nc2n(n1)CCCC2NC(=O)c1ccccc1C', 'CCc1nc2n(n1)CCCC2NS(=O)(=O)CCCOC']"
399,0.0202,0.33449852,0.671001136302948,"['CC(C)c1ccccc1OCCNc1ncccc1C#N', 'NC(=O)c1ccsc1NC(=O)CSc1ncn[nH]1', 'CC(C)OCc1ccccc1CNc1ncccn1', 'CC(=O)c1ccccc1Sc1nnc2ccccn12', 'COC(=O)c1occc1CSc1ccccc1O', 'COC(=O)c1sccc1NC(=O)c1ccncc1', 'C#CCOc1ccccc1CN1CCN(C(=O)CC)CC1', 'CCOCc1ccccc1CNc1cn[nH]c(=O)c1Cl', 'COC(=O)c1sccc1CN1CCN(CC(F)F)CC1', 'COC(=O)c1sccc1NC(=O)c1ccc2[nH]ncc2c1']"
400,1e-04,1.0,0.0,['OC1=Nc2c(ncn2-c2ccc(F)cc2)C(c2cc(F)ccc2F)C1']
401,1e-04,0.0,0.0,[]
402,1e-04,0.0,0.0,[]
403,0.0178,0.51088345,0.5333929061889648,"['Cc1c(C(=O)NCc2nnc3n2CCCCC3)oc2c1C(=O)CCC2', 'Cc1c(C(=O)N(Cc2ccco2)C2CC2)[nH]c2c1C(=O)CC(C)(C)C2', 'CCN1CC23CN(C(=O)c4ccccc4)CC(CC2S1(=O)=O)O3', 'CC=CCn1c(N2CCC(C)CC2)nc2c1c(=O)[nH]c(=O)n2C', 'Cc1[nH]c(C(=O)N2CCOC(C)(C)C2)c(C)c1C(=O)OC(C)C', 'CCc1[nH]c(C(=O)Nc2ccc(OC)nc2)c(C)c1C(=O)OC', 'Cc1nc(C)c(CC(=O)Oc2ccc(C#N)cc2Cl)c(=O)[nH]1', 'CCCc1c(C(=O)N2CCNC(=O)C2)[nH]c(C)c1C(=O)OC', 'O=C(NCCc1nc2ccccc2[nH]1)c1cc2ccccc2c(=O)[nH]1', 'CC(C)NC(=O)CSc1nc(-c2ccccc2)nc2cc(=O)[nH]n12']"
404,1e-04,0.0,0.0,[]
405,1e-04,0.0,0.0,[]
406,1e-04,0.0,0.0,[]
407,1e-04,0.0,0.0,[]
408,0.0066,0.19072928,0.9224212765693665,"['COC(=O)c1c(C)c(C)c(C)c(C)c1C(=O)OC', 'COC(=O)CC(CC(C)C)c1c(C)c(C)cc(C)c1C', 'CNc1snc(C)c1C(=O)OCC(=O)c1c(C)cc(C)cc1C', 'CNS(=O)(=O)c1cc(C(=O)NCC2CCCO2)cc(C)c1C', 'CCc1onc(C)c1NC(=O)c1cc(C)c(OCC(=O)OC)c(C)c1', 'Cc1c(C)c(C)c(S(=O)(=O)N(C)CC(=O)NC2CC2)c(C)c1C', 'CC(=O)Nc1ccc(C)c(S(=O)(=O)Oc2cccc(C)c2C)c1', 'CCOc1cc(-c2c(C)c(C)nc(N)c2C#N)ccc1O', 'CNC(=O)c1c(-c2cc(C)c(OC)c(C)c2)cnnc1N', 'CNc1ccc(NS(=O)(=O)c2ccc(C)cc2)c(C)c1']"
409,1e-04,0.0,0.0,[]
410,0.0031,0.32483616,0.6217168569564819,"['CCCCc1ccc2c(c1)S(=O)(=O)N=C(NCC(C)O)N2', 'N#Cc1ccc2c(c1)C1(CCN(C(=O)OCc3ccccc3)CC1)CN2', 'O=C(Nc1ccc2c(c1)N(C(=O)C1CCCC1)CC2)c1ccno1', 'O=C(Nc1ccc2c(c1)N(C(=O)C1CCCC1)CC2)c1ccccn1', 'CCC(=O)c1ccc2c(c1)N(CC(=O)OC)C(=O)C(C(C)C)O2', 'CC(=O)Nc1ccc2c(c1)CC(C(=O)NC1CCCC1)CO2', 'COC(=O)c1cc2n(n1)CCCN(C(=O)c1cc(C(C)C)on1)C2', 'COc1cc(OC)c2c(c1)C(C(=O)c1ccccc1)NCC2', 'NC(=O)c1cc2c(cc1-c1cc(NCCO)nc3[nH]ccc13)OCO2', 'O=C(Nc1ccc2c(c1)CCCN2C(=O)c1ccco1)C1CC1']"
411,0.0352,0.3142149,0.56406170129776,"['CC(C)Oc1ccccc1CN1CCOCC1C1CC1', 'CC(C)Cc1ncc(CN2CCOCC2C2CC2)s1', 'Fc1cccc(N2CCCC2)c1CN1CCOC(c2nccs2)C1', 'CCCCn1nnnc1CN1CCCCC1Cn1nc(C)cc1C', 'Cc1nc(C2COCCN2CCOCc2ccccc2)cs1', 'FC(F)C(F)(F)CN1CCN(Cc2ccccn2)CC1', 'Cn1ncc2c1C(COCC1CC1)N(Cc1nccs1)CC2', 'CC(C)CC1COCCN1Cc1ccccc1N1CCOCC1', 'FC(F)(F)Oc1ccccc1NCc1nnc(C2CCC2)o1', 'CCc1nn(C)c(CC)c1CN1CC(C)OCC1c1ccccc1']"
412,0.0002,0.5,0.0,"['Nc1cc(Cl)c2c(c1)NC(=O)C(c1ccccc1)O2', 'COc1ccc2c(c1)C(c1ccc3c(c1)OCO3)NCC2']"
413,1e-04,0.0,0.0,[]
414,0.0023,0.40797552,0.7266397476196289,"['O=C(NCCOCCO)C1CCCc2ccccc21', 'COCCOCC1NCCc2cc(F)c(O)cc21', 'COCCOCC(=O)Nc1cccc(N2CCOCC2)c1', 'OCCOCCNc1cc(Cl)c2cc[nH]c2n1', 'CCOCCNC(=O)Nc1ccc2c(c1)CCC(=O)N2', 'CCOCCOC(=O)CN1CC(C)Nc2ccccc21', 'CCOCCCNC(=O)c1ccc2c(c1)nc(C)n2-c1ccccc1', 'COCCSc1nc(-c2ccccc2Br)n[nH]1', 'CCOCCNC(=O)c1sc(C(C)C)nc1C', 'CCOCCNC(=O)Nc1ccc(C(C)=O)cc1']"
415,1e-04,0.0,0.0,[]
416,1e-04,0.0,0.0,[]
417,0.0035,0.19633119,1.0707416534423828,"['O=c1cc(CSc2ncccn2)nc2n1CCS2', 'Clc1cc(CN2CCc3cncnc3C2)cc2c1OCCCO2', 'N#Cc1c(NC(=O)CCc2cccs2)nc2n1CCS2', 'NC(=O)CCn1nc(-c2ccncc2)c2c1CCNC2', 'COc1cc(COC(C)=O)c(O)c2c1CCCC2', 'COc1cc(C(=O)NCCc2ccccn2)cc2c1OCCO2', 'NC(=O)c1nc(-c2cccs2)nc2c1[nH]c(=O)n2C1CCCCC1', 'COC(=O)c1c(NC(=O)CSc2ccccn2)sc2c1CCC2', 'NC(=O)c1nc(-c2ccncc2)nc2c1[nH]c(=O)n2Cc1ccccc1', 'Cc1ccccc1CSc1nc(=O)n(CCO)c2c1CCC2']"
418,0.0003,0.46913388,0.5954665541648865,"['CCC(C)NC(=O)c1c(O)nc2ccccn2c1=O', 'O=c1c(-c2ccccc2)c(O)n(O)c2ccccc12', 'COC(=O)C(O)(c1cc(C)c2cccnc2c1O)C(F)(F)F']"
419,1e-04,0.0,0.0,[]
420,0.0002,0.5,0.0,"['CCC(CC#N)NS(=O)(=O)Cc1ccccc1', 'CC(O)C(N)c1nc(-c2ccc(F)c(F)c2)cs1']"
421,0.0254,0.19523165,0.6696207523345947,"['CCC(C)N(Cc1nc(C)no1)Cc1nc(C)no1', 'Cc1noc(CNC(c2nc(C)no2)C(C)C)n1', 'O=C(NCc1noc(-c2ccco2)n1)Nc1nncs1', 'CCN(Cc1ccco1)C(C)c1nc(C(C)C)no1', 'CCc1noc(CC)c1CC(=O)OCc1nc(C)no1', 'Nc1ccccc1OCc1nnc(-c2ccco2)o1', 'Cc1nc(CSc2ncc(C(C)(C)C)o2)no1', 'COCCc1noc(CN2CCCC2c2noc(C)n2)n1', 'COc1ccccc1-c1nnc(NC(=O)c2cc(C)no2)o1', 'COc1cc(CNc2cc(C)no2)ccc1Cl']"
422,0.0002,0.5,0.0,"['CCCCSc1nc(N)cc(N2CCC3(CN(C)C(=O)O3)C2)n1', 'CN(C)c1nc(N)nc(CSc2cc(C#N)ccn2)n1']"
423,1e-04,0.0,0.0,[]
424,1e-04,0.0,0.0,[]
425,1e-04,1.0,0.0,['OCC1(c2nc(C3CCOCC3)nn2-c2cccc3c2CCC3)CC1']
426,0.0003,0.48603067,0.5256004333496094,"['O=C1NC(O)c2cc(Br)cc(Br)c2O1', 'Brc1ccc(Br)c2nccnc12', 'Nc1ncc(Br)c(Cl)c1Br']"
427,1e-04,1.0,0.0,['Cc1ccccc1C1CC(O)C(O)C1NC(=O)C(C)C']
428,0.0045,0.28242344,0.7882647514343262,"['Cc1cc(CC(C)NC(=O)Nc2cnccc2C)n(-c2ccccc2)n1', 'N#Cc1c(CCCNC(=O)C2CC=CCC2)nn(-c2ccccc2)c1N', 'NC(=O)COC(=O)c1cc(-c2ccco2)n(-c2ccc(Cl)cc2)n1', 'Cc1cc(NC(=O)CN2CCOC(C)(C)C2)n(C(C)(C)C)n1', 'CN(Cc1ccccn1)C(=O)c1cc(C(N)=O)n(-c2ccccc2)n1', 'O=C(NC1CC1)c1cc(-c2cccs2)n(-c2ccccc2)n1', 'N#Cc1cc(-c2ccco2)n(-c2cccc3cccnc23)n1', 'CC(=O)c1cc(-c2cc(C)n(C(C)C)c2C)n(C2CC2)c1C', 'CCNC(=O)CNC(=O)c1cc(NC(C)=O)n(-c2ccccc2)n1', 'Cc1cc(NC(=O)N2CCCC2CO)n(C(C)(C)C)n1']"
429,0.1677,0.6826859,0.23937080800533295,"['COc1cc2nc(C)c(C)c(Cl)c2cc1OC', 'COc1nc(C)nc(NC2CCCCC2C)c1N', 'COc1ccc(CC(C#N)C(=O)N2CCCC2)c(OC)c1', 'COc1cc(N)c2ncccc2c1Br', 'COc1cc2cc(CC#N)c(N(C)C)nc2cc1Cl', 'COc1ccc(-c2c(CO)nnn2CC#N)cc1OC', 'COc1cc(CC2CCCCC2=O)cc(OC)c1OC', 'COc1ncnc(OC)c1CNc1ccccc1C', 'COc1cc2nc3c(c(N)c2cc1OC)CCCC3', 'COc1cc(-c2cc(N)on2)c(OC)cc1Br']"
430,0.0095,0.3157731,0.5487678647041321,"['Nc1cccnc1Sc1nnnn1C1CCCC1', 'CCOc1ccc(N)cc1COCC1CCOC1', 'CCCn1c(C)nnc1SCC1CCCCO1', 'Nc1ccccc1OCC(O)CN1CCOCC1', 'COc1ccc(F)cc1NCCN1CCOCC1', 'NC(=O)Nc1ccccc1OCC1CCCCO1', 'CCn1ncc(Br)c1C(=O)N1CCCCC1C', 'COc1ccc(N)cc1OCCN1CCNC1=O', 'CCCCc1c(C)nc(N)nc1N1CCC(NC(C)=O)CC1', 'CC(C)Oc1ccccc1CN1CCOCC1C1CC1']"
431,1e-04,0.0,0.0,[]
432,1e-04,0.0,0.0,[]
433,0.0018,0.6018728,0.3808528780937195,"['C=Cc1cccc(CN2CCN(c3ncc(F)cn3)CC2)c1', 'C#Cc1cccc(NC(=O)NC2CCC(O)CC2)c1', 'C#Cc1cccc(N(CC(=O)NCCC#N)Cc2ccco2)c1', 'C#Cc1cccc(NC(=O)NCCOc2cccc(F)c2)c1', 'C#Cc1cccc(NC(=O)c2[nH]c(C)c(C(=O)OC)c2CCC)c1', 'C#Cc1cccc(N(Cc2cccs2)C(=O)c2ccncc2)c1', 'C#Cc1cccc(N(C(=O)CCNC(=O)c2cccs2)C(C)C)c1', 'C#Cc1cccc(NC(=O)CN(C)C(=O)C2CC(=O)N(CC)C2)c1', 'C#Cc1cccc(NC(=O)c2cncn2-c2ccccc2)c1', 'C#Cc1cccc(NC(=O)CNC(=O)COc2cccc(OC)c2)c1']"
434,1e-04,0.0,0.0,[]
435,0.0002,0.5,0.0,"['CNC(=O)C1CN(Cc2nc(-c3ccccc3)no2)CCO1', 'COCCC(C)NC(=O)C1CN(Cc2ccccc2)CCO1']"
436,1e-04,0.0,0.0,[]
437,1e-04,0.0,0.0,[]
438,1e-04,0.0,0.0,[]
439,1e-04,0.0,0.0,[]
440,1e-04,0.0,0.0,[]
441,0.0008,0.43730104,0.5949072241783142,"['CC(O)c1ccc(OCCOc2ccccc2)cc1', 'CC(O)c1ccc(OCCOc2ccc3c(c2)OCO3)cc1', 'COc1ccc(Cc2c(CO)nnn2CC(O)CO)cc1', 'COc1cc(OC)cc(OCCn2c(C)ccc2C)c1', 'CCOc1ccc(C2OC(C)C(C)O2)cc1OC', 'COc1cc(C)ccc1OCCOc1ccccc1N', 'COc1ccc(C(O)CNc2ccc(C)c(C)c2)cc1OC', 'COc1cc(OC)cc(OCCSc2ccc(N)cc2)c1']"
442,0.0026,0.4011529,0.6199758648872375,"['CNc1cc(-c2ccc3c(c2)N(C)C(=O)CO3)nc(C)n1', 'Cc1ccc(F)c(NC(=O)c2ccc3c(c2)NC(=O)CO3)c1', 'Cc1cccc(OC(=O)c2ccc3c(c2)NC(=O)CO3)c1', 'CC1CCCC(CNC(=O)c2ccc3c(c2)NC(=O)CS3)C1', 'CCOc1ccc(C(=O)Nc2ccc3c(c2)NC(=O)C(C)(C)O3)cc1', 'CCCC(=O)Nc1nc(-c2ccc3c(c2)NC(=O)C(C)O3)cs1', 'O=C(CCC(=O)c1cccs1)Nc1ccc2c(c1)NC(=O)CS2', 'CC1CN(c2ccc3c(c2)NC(=O)C3=O)C(C)CO1', 'Cn1cc(CCC(=O)Nc2ccc3c(c2)S(=O)(=O)C=C3)cn1', 'Nc1cc2c(cc1SCc1ccccc1)NC(=O)C2']"
443,1e-04,0.0,0.0,[]
444,0.033,0.60975856,0.27970656752586365,"['CC(C)c1nc2cc(C(O)C(=O)N(C)C)ccc2n1C', 'CCCCc1nnc(SCc2nc(C)c3ccccc3n2)n1N', 'COCCNc1nc2nonc2nc1N(C)Cc1ccncc1C', 'CN(C)c1nc2nonc2nc1N(C)Cc1cnn(C)c1', 'CN(C)c1nc(N)nc(CSc2cc(C#N)ccn2)n1', 'COCCOc1ncccc1NCc1ccccn1', 'COCCSc1nc2ccccc2n1C(F)F', 'O=C(Nc1nncs1)c1c(F)cccc1Cl', 'O=C(Nc1nccs1)c1cc(-c2cccs2)on1', 'C=CCSc1nc(-c2cccnc2)ccc1C#N']"
445,1e-04,1.0,0.0,['CC1CCC(COC(=O)CN2CCOCC2)C(C)C1']
446,1e-04,0.0,0.0,[]
447,1e-04,0.0,0.0,[]
448,1e-04,0.0,0.0,[]
449,1e-04,0.0,0.0,[]
450,0.0067,0.3683207,0.6315010190010071,"['COc1cccc(-c2cc(C(=O)NCc3ccc(F)cc3)n(C)n2)c1', 'Cc1cnn(Cc2cc(C(=O)Nc3nc4c(s3)CCCC4)no2)c1', 'COc1ccc(-c2cc(C(=O)NCCCc3ccco3)[nH]n2)cc1', 'Cc1ccc(-c2cc(C(=O)N3CCCC3)c3ccccc3n2)s1', 'Cc1ccc(-c2cc(C(=O)N(C)Cc3cc(C4CC4)[nH]n3)[nH]n2)s1', 'COc1cccc(-c2cc(C3(C(=O)Nc4ccccn4)CC3)no2)c1', 'Cc1nn(C)c(C)c1-c1cc(C(=O)NCCC2=CCCCC2)[nH]n1', 'COc1ccc(-c2cc(C(=O)N3CCN(C)CC3)[nH]n2)cc1', 'Cc1nn(C)c(C)c1-c1cc(C(=O)N2CCN(C(C)C)CC2)[nH]n1', 'COc1ccc(-c2c(C(=O)N3CCCC3)nc3ccccn23)cc1']"
451,1e-04,0.0,0.0,[]
452,1e-04,0.0,0.0,[]
453,1e-04,1.0,0.0,['O=c1[nH]c(=O)n(-c2nc3ccccc3o2)cc1Cl']
454,1e-04,0.0,0.0,[]
455,1e-04,0.0,0.0,[]
456,0.015,0.43114465,0.5691388845443726,"['Cc1cc(NC(=O)Cc2noc3c(N)cc(F)cc23)no1', 'Cc1cc(NC(=O)COC(=O)c2ccc(C(C)C)cc2)no1', 'Cc1cc(NC(=O)NCC(O)COc2cccc(F)c2)no1', 'Cc1cc(NC(=O)C(C)(C)Oc2ccc(Cl)c(C)c2)no1', 'Cc1cc(NC(=O)COC(=O)c2cccc(C)c2O)no1', 'Cc1cc(OCC(=O)Nc2ccc(-n3ccnc3)nc2)no1', 'Cc1cc(NC(=O)Cn2c(C)cc3ccccc32)no1', 'Cc1cc(NC(=O)COc2c(C)ccc(C)c2C)no1', 'Cc1cc(CSc2ncnc3sc(C)cc23)no1', 'Cc1cc(-c2coc3cccc(Br)c23)no1']"
457,0.0006,0.43609247,0.6703879237174988,"['CSc1c2c(oc(=O)c1C#N)CC(C)(C)CC2=O', 'CNC(=O)COC(=O)c1c2c(nc3ccccc13)CCCCC2', 'N#Cc1c2n(c(=O)n(CC(=O)c3ccc(Cl)cc3)c1=O)CCC2', 'CS(=O)(=O)NCCNC(=O)c1c2c(nc3ccccc13)CCC2', 'CSc1nc2c(c(-c3ccccc3)c1C#N)CN(C)CC2', 'CCOC(=O)c1sc2c(c1NC(C)=O)CCC2']"
458,1e-04,1.0,0.0,['C=CCN(CC=C)C(=O)CNc1ccc(C)c(C)c1']
459,1e-04,0.0,0.0,[]
460,1e-04,0.0,0.0,[]
461,0.0041,0.2443355,0.9791874885559082,"['CCCNC(=O)C(Cc1ccccc1)NC(=O)c1ccccc1', 'COC(=O)C(Cc1ccccc1)NC(=O)Nc1ccccc1OC', 'COC(=O)C(CC(C)C)NS(=O)(=O)c1cn(C)c(C)n1', 'CN(C)C(=O)C(Cc1ccccc1)Nc1ncccn1', 'NC(=O)C(Cc1ccccc1)Nc1ncc(Br)cn1', 'CC(CC(=O)c1ccccc1)NC(=O)c1nc(C(C)C)ncc1Cl', 'CCCCNC(=O)C1CC(c2ccco2)NS(=O)(=O)N1C', 'COc1ccc(C(Cc2ccc(F)cc2)NS(C)(=O)=O)cc1', 'CCOC(=O)C(CC)N1C(=O)C(C(C)C)Oc2ccc(C(C)=O)cc21', 'CC(Cn1ccnc1)NC(=O)c1ccc2c(=O)n(C)c(=O)n(C)c2n1']"
462,1e-04,0.0,0.0,[]
463,0.006,0.28010717,0.7845820188522339,"['CC(C)(O)c1sc(C2CCCCC2)nc1C1CC1', 'Cn1c(=O)c2[nH]c(C3CCCCC3)nc2n(C)c1=O', 'CCNC(=O)c1cnc(N2CCOCC2)nc1N', 'Cc1ccc(-c2nc(C3CCCCC3)n[nH]2)c(C)n1', 'C=CCNC(=O)c1cc(C2CC2)nc2c1c(=O)[nH]c(=O)n2CC(C)C', 'O=C(NCc1ccc(OC2CCCCC2)cc1)c1cc[nH]n1', 'O=C(NCCOc1cc(N2CCOCC2)ncn1)c1ccccc1F', 'CCC(C)Nc1ncnc(N2CCOCC2)c1N', 'Fc1ccc(-n2nc(C3CCOCC3)nc2-c2cn[nH]c2)c(F)c1', 'CC(C)CCSc1cc(N2CCOCC2)ncn1']"
464,0.0026,0.21392414,1.0425394773483276,"['CCCn1ccnc1-c1nccn1Cc1ccccc1-n1cncn1', 'CC(c1nncn1C)n1ccnc1-c1ccccc1-c1ccccc1', 'COC(=O)c1c(O)cc(O)cc1CCc1ccc(O)cc1', 'O=C(Nc1ccccc1C1=NCCO1)c1ccccc1O', 'C=CCc1cccc(Cl)c1OCCn1ccnc1', 'COc1cc(C)ccc1OCCOc1ccccc1N', 'COc1cc(C#N)ccc1OCCOc1ccc(C#N)cc1', 'O=C(Nc1nncs1)c1ccccc1CCc1ccccc1', 'Cc1ccccc1CCc1noc(N)c1-c1ccccn1', 'CNC(=O)c1ccccc1C#CCNC(=O)CCC(=O)c1ccccc1']"
465,1e-04,0.0,0.0,[]
466,1e-04,1.0,0.0,['CC(=O)N1c2ccc(S(=O)(=O)Oc3cccc(F)c3)cc2CC1C']
467,1e-04,0.0,0.0,[]
468,1e-04,0.0,0.0,[]
469,0.0003,0.6624444,0.009013756178319454,"['CC(C)CCNC(=O)CN1C(=O)C2=C(CCC2)Nc2ccccc21', 'O=C1NC2=C(C(=O)N(CCO)C2)C(c2ccc3c(c2)OCO3)N1', 'O=C(NC1=CC2N=CC=C2C=C1)c1cc(-n2cccc2)ccc1Cl']"
470,1e-04,0.0,0.0,[]
471,0.0015,0.3614921,0.658057689666748,"['COc1cc(N)c2ncccc2c1Br', 'CCOC(=O)c1cnc2ccc(Cl)cc2c1N(C)C', 'COc1ccc2cnccc2c1N1CCN(C(=O)OC(C)(C)C)CC1', 'Cc1ccc2c(C(=O)Nc3cccc(O)c3)nccc2c1N', 'CCOC(=O)c1cnc2cc(Cl)c(OC)cc2c1NC', 'Cc1ccc2c(=O)n(CCc3nncn3C)cnc2c1C', 'COC(=O)c1oc2ccccc2c1CSc1nnnn1C(C)(C)C', 'COC(=O)C(O)(c1cc(C)c2cccnc2c1O)C(F)(F)F', 'COC(=O)CNC(=O)c1cnc2ccccc2c1C(F)(F)F', 'CCN(CC)C(=O)c1cnc2nc(C)ccc2c1Nc1cccc(C)c1']"
472,0.0101,0.20642431,0.8073435425758362,"['O=C(NCc1cc(=O)[nH]c2ccccc12)c1ccc(=O)[nH]c1', 'CC(NC(=O)c1ccc(=O)[nH]c1)c1ccccc1Cl', 'C=CCN(Cc1cccc(OCC)c1)C(=O)c1ccc(=O)[nH]c1', 'O=C(CCCn1cccc1)N1CCN(C(=O)c2ccc(=O)[nH]c2)CC1', 'Cc1ccc(CN(Cc2ccco2)C(=O)c2ccc(=O)[nH]c2)s1', 'O=C(c1ccc(=O)[nH]c1)N1CC(c2nc(-c3cnccn3)no2)C1', 'CCCNC(=O)COc1cccc2ccc(=O)[nH]c12', 'CN(C)c1nc2c(c(=O)[nH]1)CCN(C(=O)c1ccc(=O)[nH]c1)C2', 'COc1ccc(-c2ccc(=O)[nH]n2)cc1S(=O)(=O)NC1CCCC1', 'O=C(NCc1cccc(Cn2cccn2)c1)c1ccc(=O)[nH]c1']"
473,1e-04,0.0,0.0,[]
474,1e-04,0.0,0.0,[]
475,1e-04,0.0,0.0,[]
476,1e-04,0.0,0.0,[]
477,1e-04,0.0,0.0,[]
478,0.0012,0.41699496,0.7400001883506775,"['Cc1cccc(C(=O)Nc2ccc3c(c2)oc(=O)n3C(C)C)c1', 'COCCn1cnc2c1c(=O)[nH]c(=O)n2Cc1ccccc1', 'O=c1[nH]c2scc(-c3ccco3)c2c(=O)n1CCCO', 'O=c1c2ccccc2n(CCO)c(=O)n1C1CCCCC1', 'NC(=O)c1nc(-c2ccncc2)nc2c1[nH]c(=O)n2Cc1ccccc1', 'C=CCNC(=O)c1cc(C2CC2)nc2c1c(=O)[nH]c(=O)n2CC(C)C', 'CC(C)Oc1cccc(Cn2cnc3c2c(=O)n(C)c(=O)n3C)c1', 'CCCCS(=O)(=O)NCC(=O)Nc1ccc2c(c1)oc(=O)n2C', 'C=CCn1c(NCCc2ccccc2)nc2c1c(=O)n(C)c(=O)n2C', 'CSc1nc2cc(C)n(CC#N)c2c(=O)n1CC(C)C']"
479,0.0072,0.2972715,0.7119660377502441,"['Fc1ccc(C(Nn2cncn2)C2CCCCC2)cc1', 'COc1ccc(C(Cc2ccc(F)cc2)NS(C)(=O)=O)cc1', 'COc1ccc(CN(c2ccncc2)S(C)(=O)=O)cc1', 'Cc1ccc(C(C(=O)NC2CCCC2)N2CCOCC2)cc1', 'Cc1ccc(CN(C(=O)c2nccnc2N)C2CC2)cc1C', 'COc1cccc(CN(CC(O)c2ccccc2)C2CC2)c1', 'Cc1cccc(N(CCC#N)C(=O)Cc2cccs2)c1', 'Cc1cccc(CN(C(=O)c2cnccn2)C2CC2)c1', 'C#Cc1cccc(N(Cc2cccs2)C(=O)c2ccncc2)c1', 'Cc1ccc(CN(C(=O)c2n[nH]cc2N)C(C)C)o1']"
480,0.0016,0.32276237,0.6911435723304749,"['CC1CCOC1C(=O)N1CCCSc2ccccc21', 'CSc1cc2c(cc1NC(=O)C1CC3C=CC1C3)OCCO2', 'CC1CCc2sc(C(=O)NCc3cn4c(n3)SCC4)cc2C1', 'O=C(NCc1ccc(F)cc1F)c1cc2c(s1)SCC2', 'O=C(NCCc1cscn1)N1CCOCC1C1CC1', 'CCCCCNC(=O)N1CCCCC1CN1CCOCC1', 'O=C(CCS(=O)(=O)N1CCNCC1)N1CCCCCC1', 'O=C(NCCCCN1CCOCC1)c1cnc2n(c1=O)CCS2', 'COC(=O)CC1C(=O)NCCN1S(=O)(=O)c1cn[nH]c1', 'CC(C)N1CC(C(=O)NCCSc2cn[nH]n2)CC1=O']"
481,1e-04,1.0,0.0,['O=c1nncc(N2CCN(C(c3ccccc3)c3ccccc3)CC2)[nH]1']
482,1e-04,0.0,0.0,[]
483,1e-04,0.0,0.0,[]
484,1e-04,0.0,0.0,[]
485,1e-04,0.0,0.0,[]
486,1e-04,0.0,0.0,[]
487,1e-04,0.0,0.0,[]
488,0.0094,0.76844984,0.1474701464176178,"['c1cnc2c(CN3CCOCC3C3CC3)cccc2c1', 'c1ccc2c(CNCCN3CCOCC3)cccc2c1', 'c1cc(-c2n[nH]cc2-c2ccc3nccn3c2)ccn1', 'c1ccc(-c2nc3cccnc3nc2-c2ccccn2)nc1', 'c1cnc(CNc2ccc(-n3nccn3)cc2)cn1', 'c1cncc(-c2nc3nccc(-c4ccsc4)n3n2)c1', 'c1c[nH]c(-c2nccn2-c2ccc3ncsc3c2)n1', 'c1cnc2c(Nc3ncnc4[nH]ncc34)cccc2c1', 'c1cnc2c(CSc3nnc(N4CCCC4)s3)cccc2c1', 'c1ccc2oc(CCNc3ncnc4[nH]cnc34)nc2c1']"
489,1e-04,0.0,0.0,[]
490,1e-04,1.0,0.0,['Cc1ccc(S(=O)CCOc2ccccc2)cc1']
491,1e-04,1.0,0.0,['CCCC1CCC(=O)C(CN2CCOCC2CC)C1']
492,1e-04,0.0,0.0,[]
493,1e-04,0.0,0.0,[]
494,1e-04,0.0,0.0,[]
495,1e-04,0.0,0.0,[]
496,1e-04,1.0,0.0,['COCc1cccc(C(=O)N2CCOCC2C2CC2)c1']
497,1e-04,0.0,0.0,[]
498,0.1249,0.39311647,0.38219109177589417,"['CC1(C(=O)NCCSc2cn[nH]n2)CCCCO1', 'CCOc1ccccc1CNc1cn[nH]c(=O)c1Cl', 'O=C(NCC1CCCO1)c1c[nH]nc1-c1ccccc1Cl', 'O=S(=O)(Nc1ccc2cn[nH]c2c1)c1ccccc1', 'Fc1ccc(C2NCCc3cc4[nH]ccc4cc32)nc1', 'O=C(Nc1cccc(-c2cn[nH]c2)c1)C1CC=CCC1', 'Cn1cnc(CNC(=O)c2c[nH]nc2-c2ccccc2)n1', 'CCCC(=O)N1CCC(c2c[nH]c3ccc(OC)cc23)CC1', 'CCC1CCCN(C(=O)c2cn3cccnc3n2)C1', 'COc1cc(OC)cc(-c2nn3cc(N)nc3s2)c1']"
499,1e-04,0.0,0.0,[]
500,0.0034,0.28318003,0.7566098570823669,"['Cc1ccc(-c2nc3cnccn3c2NCCC(=O)NC(C)C)cc1', 'CN(C)c1ccc(-c2nc3cnccn3c2NCc2ccco2)cc1', 'c1ccc(-c2nc3cccnc3nc2-c2ccccn2)nc1', 'CCc1nnc(-c2cc3ccccc3n2CC(=O)c2ccccc2)o1', 'c1cnn(CCCNc2nc3nonc3nc2N2CCCCC2)c1', 'Cc1cc(N)n(-c2nc3ccccc3n2CCN2CCOCC2)n1', 'Cc1ccc(OCc2nc3ccccc3n2CCCO)cc1', 'CCN1CC(c2nc3ccccc3n2Cc2ccccc2F)CC1=O', 'COc1cccc(N=c2oc3ccccc3cc2C(N)=O)c1', 'COc1ccc(-c2nc3sc(C)cn3c2CC#N)cc1']"
501,1e-04,0.0,0.0,[]
502,0.0023,0.37310898,0.9453292489051819,"['O=C(COC(=O)c1ccsc1)NCc1ccccc1F', 'O=C(COC(=O)c1ccc(F)cc1F)NCc1ccco1', 'O=C(COC(=O)c1c(F)cccc1F)NCc1ccco1', 'O=C(COC(=O)c1cc2c(s1)CCC2)c1ccc[nH]1', 'O=C(COC(=O)c1cc(F)cc(F)c1)NCC1CCCO1', 'O=C(COC(=O)c1ccc(Cl)cc1)NC1CC1', 'O=C(OCC(=O)N1CCc2ccccc21)c1cnc2ccccn2c1=O', 'O=C(OCc1cc(=O)n2c3c(sc2n1)CCCC3)c1ccco1', 'O=C(OCCc1cccs1)c1cnc2n(c1=O)CCS2', 'O=C(OCCCn1nnc(-c2ccccc2)n1)C1CC=CCC1']"
503,1e-04,0.0,0.0,[]
504,0.0005,0.48705834,0.43805280327796936,"['CCC1(CNC(=O)NC2C3CCOC3C2(C)C)CC1', 'CN(Cc1ccco1)C1CN(Cc2cccs2)C2CCCOC12', 'CCC(NC(=O)NC1C2CCOC2C12CCC2)c1noc(C)n1', 'CC1(C)C(NC(=O)c2csc(-c3ccoc3)n2)C2CCOC21', 'Cc1nc(CN2CC3OCCN(Cc4c(C)noc4C)C3C2)cs1']"
505,0.0005,0.2604467,1.4160960912704468,"['CC(=O)NCC1CN(c2ccnc(C(C)(C)C)n2)CCO1', 'COC(=O)CC1CN(Cc2cn(C)nc2-c2cccnc2)CCO1', 'CC(=O)NC1C(=O)N(CC2COc3ccccc3O2)c2ccccc21', 'CC(=O)NCC1CCN(C(=O)c2ccc(CNC(N)=O)cc2)CC1', 'CN(C)C(=O)NCC(=O)NCC1CCN(c2cnn(C)c(=O)c2)C1']"
506,0.0002,0.5,0.0,"['CCOc1ccc(C)cc1S(=O)(=O)N1CCN=C1c1ccccc1', 'COc1cccc(-c2nnc(SCC(=O)Nc3ccccc3)o2)c1']"
507,1e-04,0.0,0.0,[]
508,0.011,0.2505226,0.6672520041465759,"['Cc1ccc(NS(=O)(=O)c2ccc(C(=O)N(C)C)cc2)cc1C', 'CC(=O)Nc1ccc(OC(=O)c2cccc(NS(C)(=O)=O)c2)cc1', 'Cc1ccc(NC(=O)Nc2ccc(CC(=O)N(C)C)cc2)cc1', 'CC(C)NC(=O)Nc1ccc(NC(=O)c2ccc(N(C)C)cc2)cc1', 'CC(C)NC(=O)N(C)c1ccc(OCc2ccc(C(N)=O)cc2)cc1', 'CC(=O)Nc1ccc(NC(=O)c2cccc(NC(=O)C3CC3)c2)cc1', 'Cc1cccc(NS(=O)(=O)c2ccc(C(=O)N3CCC3)cc2)c1C', 'C#CCOc1cccc(NC(=O)c2ccc(CNC(N)=O)cc2)c1', 'CCCC(=O)Nc1ccc(CNS(=O)(=O)c2ccc(C)cc2)cc1', 'CC(C)Cn1nccc1NC(=O)c1ccc(CNC(N)=O)cc1']"
509,0.0069,0.45205784,0.4881664514541626,"['Fc1cc(Br)cc2c1C(C1CNC1)NCC2', 'Cc1cc(Br)ccc1C(=O)NCCCO', 'Fc1cc(Br)c2c(c1)CCNC2C1CC1', 'Nc1cc(Br)cn2c(-c3cccc(F)c3)nnc12', 'COc1c(Br)cccc1CCNC(=O)Cc1cccnc1', 'Cc1cc(Br)ccc1C(=O)N(C(C)C)C1CCC1', 'COc1c(Cl)c(OC)c(OC)c2c1CCNC2C', 'Cc1cc(Br)c2ncc(C(N)=O)cc2c1', 'Nc1cc(F)cc2c(C(=O)N3CCCC3)nccc12', 'Cn1cc(Br)cc1C(=O)NCCc1cn2ccccc2n1']"
510,0.0177,0.2912661,0.7976484298706055,"['COc1ccccc1Nc1ncnc(Nc2ccc(C)cn2)c1N', 'Nc1c(Nc2cccnc2)ncnc1Nc1nccs1', 'Cc1cc(Nc2cc(Cl)ccc2F)n2ncnc2n1', 'CCOc1ccc(Nc2ncnc(Nc3cccnc3)c2N)cc1', 'Cc1nc(Nc2ccc3c(c2)OCO3)c2c(C)noc2n1', 'c1ccc2nc(Nc3ccc(N4CCOCC4)nc3)cnc2c1', 'COC(=O)c1ccc(Oc2ncnc(Nc3ccccn3)c2N)cc1', 'c1nc(Nc2ccc3c(c2)OCCO3)c2ccsc2n1', 'CCNc1ncnc(Nc2ccc(Cl)cc2C)c1N', 'CCc1nc(Nc2ccc(OC)cc2)c2c(n1)c(C)nn2C']"
511,1e-04,0.0,0.0,[]
512,0.0153,0.52929544,0.3191671371459961,"['O=C(c1ccn2nnnc2c1)N(CCO)Cc1nccs1', 'O=C(c1cccc(OCC(F)F)n1)N1CCOC(c2ccco2)C1', 'O=C(c1cccc(OCC(F)F)n1)N1CCCC(n2cccn2)C1', 'O=C(c1cc2ncccn2n1)N(Cc1ccc2[nH]ccc2c1)C1CC1', 'O=C(c1cc(-c2ccco2)n[nH]1)N1CCC(Oc2ccccn2)CC1', 'O=C(c1cccs1)N1CC(OCC2CCOCC2)C2COCC21', 'O=C(c1cc(-c2ccncc2)on1)N1CCC(=Cc2ccccc2)CC1', 'O=C(c1ccc(F)cc1O)N1CCc2cc(F)ccc2C1', 'O=C(c1ccccc1OCC1CCCO1)N1CCN(CCO)CC1', 'O=C(c1cccc2ncccc12)N1CCOCC1C1CC1']"
513,1e-04,0.0,0.0,[]
514,0.3335,0.18823144,0.6186753511428833,"['C=CCN(CC=C)C(=O)CNc1ccc(C)c(C)c1', 'C=CCN(CC=C)C(=O)c1ccnc(OC2CCC2)c1', 'CC(C)c1ncncc1C(=O)NCCNC(=O)Cc1cccc(F)c1', 'C=CCN(Cc1ccccc1F)C(=O)Cc1c(C)n[nH]c1C', 'CC(Sc1ccccc1)C(=O)NCC(C)N1CCOCC1', 'CCN(CC)C(=O)CCC(=O)NC(C#N)c1ccccc1F', 'CC1(C)CC(=O)c2cnc(NCc3ccco3)nc2C1', 'C=CCN1C(=O)C2(NC(=O)c3c(C)cccc3N2)c2ccccc21', 'C=CCN(CCO)C(=O)Nc1ccc(Br)cc1Cl', 'C=CCSc1nc2c(c(=O)[nH]1)C(c1ccccc1Cl)CC(=O)N2']"
515,0.0068,0.28711545,0.8143365383148193,"['OCc1cnn2cccc(CN3CCN(c4ccccc4)CC3)c12', 'Cc1ncn(-c2cc(N3CCN(C(=O)CC(C)C)CC3)ncn2)c1C', 'Cc1cccc2[nH]c(C3CCN(C(=O)C(C)n4ccnc4)CC3)nc12', 'c1ccc(-c2noc(N3CCC(OCc4cccnc4)CC3)n2)cc1', 'COc1ccc(-c2cc(N3CCN(C(=O)C(C)C)CC3)ncn2)cc1', 'c1ccc(-c2csc(C3CN(CCn4cccn4)CCO3)n2)cc1', 'c1ccc(-c2noc(C3CN(Cc4cccs4)CCO3)n2)cc1', 'CCOC(=O)c1cnc(N2CCN(Cc3ccccn3)CC2)s1', 'Cc1ccc2oc(N3CCN(C(=O)CC(C)(C)C)CC3)nc2n1', 'CCN(CC)c1cc(N2CCN(C(=O)c3nc[nH]n3)CC2)nc(N)n1']"
516,1e-04,0.0,0.0,[]
517,1e-04,0.0,0.0,[]
518,0.2215,0.29795164,0.4926237165927887,"['O=C(Nc1ccccc1)c1c(F)c(F)c(F)c(F)c1F', 'COc1cc(C#N)ccc1OC(=O)c1cc(F)c(F)c(F)c1F', 'O=C(CCCc1cc(F)ccc1F)NCC(F)F', 'CCOc1ccc(F)c(C(=O)OCC(F)(F)F)c1F', 'CN(C)C(C(=O)NCc1cc(F)c(F)c(F)c1)c1ccccc1F', 'CC(O)(CNC(=O)Nc1cc(F)c(F)c(F)c1)c1ccc(F)cc1', 'CCCOC(=O)CCC(=O)c1cc(F)c(F)c(F)c1', 'Cc1oncc1C1NCCc2cc(F)c(F)c(F)c21', 'CCc1onc(C)c1NC(=O)c1c(F)cc(F)cc1F', 'CC(C)(C)CC1NCCc2c(F)cc(F)c(F)c21']"
519,1e-04,0.0,0.0,[]
520,1e-04,1.0,0.0,['CC#CC(=O)N1CC(=O)N(C(C)C)CC(OCc2ccc(F)cc2)C1']
521,0.0002,0.5,0.0,"['CCCN1CNc2c(c(=O)[nH]c(=O)n2Cc2ccccc2)C1', 'c1ccc(C2(CNc3nn4c(nc5ccccc54)[nH]3)CC2)cc1']"
522,1e-04,0.0,0.0,[]
523,0.0031,0.30887035,0.6445374488830566,"['COC(=O)c1ccc2c(c1)[nH]c(=O)n2C(C)C(=O)OC', 'CC(C)n1cc(Br)cc1C(=O)NCCS(N)(=O)=O', 'CC(C)C(=O)c1ccccc1NC(=O)C1CCNC(=O)C1', 'COC(=O)CN(c1ccc(OC)cc1)S(C)(=O)=O', 'Cc1ccsc1CNC(=O)COc1ccccc1C(N)=O', 'COC(=O)c1ccccc1NC(=O)COC(=O)c1cccs1', 'CN(Cc1ccc(Cl)cc1)C(=O)Cc1ccc(O)cc1', 'CC(c1ccc(Cl)cc1Cl)N(C)C(=O)C1CCC(=O)N1', 'COc1ccccc1NC(=O)NCCC(=O)OC(C)C', 'CCOC(=O)c1ccc(NC(=O)NC(C)C(C)CO)cc1']"
524,1e-04,0.0,0.0,[]
525,0.0006,0.4833291,0.5513614416122437,"['COc1cccc(-c2nc3c([nH]2)CCN(C(=O)c2nc(C)c[nH]2)C3)c1', 'Cc1cccc(-n2c3c(c(=O)[nH]c2=O)CN(C2CCCCC2)CN3)c1', 'N#Cc1cccc(-c2cn3c(n2)N(C(=O)Cc2ccsc2)CCC3)c1', 'Cc1ccc(-c2nc(C)c3c(n2)N(CC2CCCO2)C(=O)C3)cc1', 'c1ccc(Cn2cc3c(n2)C(CNCc2ccncc2)OCC3)nc1', 'COc1ccc(NC(=O)c2cn3c(n2)CN(CC(C)C)CC3)cc1']"
526,1e-04,0.0,0.0,[]
527,1e-04,0.0,0.0,[]
528,1e-04,0.0,0.0,[]
529,0.4751,0.2191389,0.8037049174308777,"['Brc1ccc(Oc2cnccn2)cc1', 'Brc1ccc(Br)c2nccnc12', 'Oc1ccc(CCC2NCCc3c2ccc(F)c3O)cc1', 'Fc1ccc(C2NCCc3cc4[nH]ccc4cc32)nc1', 'Cc1cc(-c2coc3cccc(Br)c23)no1', 'c1cc(-c2n[nH]cc2-c2ccc3nccn3c2)ccn1', 'Oc1ccc(CCCNc2ccc3cn[nH]c3c2)cc1', 'Clc1cccc2c1CCNC2c1ccc2nc[nH]c2c1', 'Clc1cccc(-n2ncc3c2ncn2cnnc32)c1', 'c1c[nH]c(-c2nccn2-c2ccc3ncsc3c2)n1']"
530,0.0057,0.44764948,0.6024124622344971,"['CCSc1nnc(SC(C)C(=O)N(C)CCC#N)s1', 'CSc1nnc(SC(C)C(=O)NC2CCCCC2)s1', 'CC1CCCN(c2ccc(S(C)(=O)=O)cc2S(C)(=O)=O)CC1', 'CSc1nnc(SC(C)C(=O)N(C)CCC#N)s1', 'CCCS(=O)(=O)N1CCN(S(=O)(=O)C2CC2)CC1', 'CSc1nsc(SCC(=O)N(C)c2ccccc2)n1', 'CCS(=O)(=O)c1ccc(S(=O)(=O)N=c2[nH]cc(C)s2)cc1', 'CSc1nsc(NC(=O)CSc2ccccc2Cl)n1', 'CCSc1nnc(SCC(=O)c2ccccc2)s1', 'CSc1nnc(SCC(=O)NC(C)(C)C)s1']"
531,0.1383,0.43071282,0.4679707884788513,"['C=CCNC(=O)CSc1nc(N)c2c3c(sc2n1)CCCC3', 'COCCN(Cc1cc2cc3c(cc2n2nnnc12)OCO3)C(C)=O', 'C=CCNc1ncnc2c1sc1nc(C)c3c(c12)CC(C)(C)OC3', 'O=c1[nH]nc2c(Oc3cccc(Cl)c3)nccn12', 'CC1(CNC(=O)c2ccnc(OC3CCC3)c2)CCCCC1O', 'O=C(NCC(O)c1cccs1)C1(c2cccs2)CCCC1', 'CCCNC(=O)COc1cccc2ccc(=O)[nH]c12', 'OCc1cnn2cccc(CN3CCN(c4ccccc4)CC3)c12', 'O=C(NCCCCN1CCOCC1)c1cnc2n(c1=O)CCS2', 'Cc1n[nH]c(-c2ccc(NCc3cccc4cn[nH]c34)cc2)n1']"
532,0.0002,0.5,0.0,"['COc1cc2c(c(O)c1OC)c(=O)c1cccc(O)c1n2C', 'COC(=O)c1c(O)cc(O)cc1CCc1ccc(O)cc1']"
533,1e-04,0.0,0.0,[]
534,0.0124,0.48843473,0.5281879305839539,"['Clc1ccc2c(c1)CCCN2Cc1ccccn1', 'CCOC1CCC2C1OCCN2C(=O)c1ccoc1', 'C=CCOC1CCC2C1OCCN2C(=O)c1ccoc1', 'Cc1ccc(C)c2c1CCNC2c1ccc2[nH]nnc2c1', 'CCc1nc2n(n1)CCCC2NS(=O)(=O)CCCOC', 'O=C(C1CC1)N1CCC2(C1)c1ccccc1S(=O)(=O)N2CC1CC1', 'COc1ccc2c(c1)NC(C)C(=O)N2CC(=O)OC(C)C', 'Fc1cccc2c1CCNC2CCc1ccccc1', 'CCOC1CCC2C1OCCN2C(=O)c1cccs1', 'COc1cccc2c1CCCCN2C(=O)c1ccncc1F']"
535,1e-04,0.0,0.0,[]
536,1e-04,0.0,0.0,[]
537,0.0174,0.3857622,0.6188575029373169,"['Cn1cc(NC(=O)CCc2ccc(Br)cc2F)cn1', 'CC(C)n1cc(NCc2cccc(Cl)c2F)cn1', 'CCn1cc(NC(=O)NCCc2ccccc2)cn1', 'CCn1cc(NC(=O)Nc2cc(C)ccc2OC)cn1', 'CCn1cc(N)c(C(=O)NCCCn2nc(C)cc2C)n1', 'CCn1cc(CNc2nnc(C(C)C)s2)cn1', 'CCn1cc(NC(C)C(=O)Nc2ccc(OC)cc2)cn1', 'CC(C)Cn1cc(NC(=O)NCc2cccs2)cn1', 'CC(C)n1cc(NCc2cnc(-c3cccnc3)s2)cn1', 'CCCn1cc(NC(=O)Nc2cc(F)ccc2OC)cn1']"
538,0.0009,0.27884257,0.9960082769393921,"['COC(=O)C1CCN(C(=O)c2cc(-c3ccc(F)cc3)[nH]n2)CC1', 'CCNC(=O)C1CCN(c2ncnc3nc(C)cc(C)c23)C1', 'CCNC(=O)C1CCN(C(=O)Cc2coc(-c3ccccc3)n2)CC1', 'CNC(=O)C1CCN(S(=O)(=O)c2ccc3c(c2)CCCC3)CC1', 'NC(=O)CC1CCN(C(=O)c2cccc(CN3CCCC3=O)c2)CC1', 'O=C(c1ccco1)N1CCC(c2ccnc3nc4ccccc4n23)CC1', 'CCOC(=O)C1CCN(c2nc(C(F)(F)F)cc(=O)[nH]2)CC1', 'NC(=O)C1CCN(C(=O)C2CCN(C(=O)c3ccccn3)CC2)CC1', 'CN(C)C(=O)C1CCN(C(=O)c2cccc(NC(=O)C3CC3)c2)CC1']"
539,1e-04,1.0,0.0,['CC(=O)N1CN(S(C)(=O)=O)c2ccccc2N(S(C)(=O)=O)C1']
540,0.0013,0.50110763,0.4248065948486328,"['CC(NS(C)(=O)=O)C(=O)NC(c1ccc(C(C)C)cc1)C(C)C', 'CCCNC(=O)C(C)NC(=O)Cc1ccc(Cl)cc1', 'CC(O)C(NC(=O)OCc1ccccc1)C(N)=O', 'CC(=O)c1sc(N(C)C)nc1-c1ccc(N(C)C)cc1', 'CC(C)C(NC(=O)NCc1ccccc1)C(=O)N1CCC(O)C1', 'CCN(C(C)C)S(=O)(=O)c1ccc2c(c1)CCCN2', 'CC(C)C(NC(=O)c1ccccc1)C(=O)NC(C)C1CCCO1', 'CC(C)N(CCCO)C(=O)c1ccc(N(C)C)cc1', 'CCOCCNC(=O)c1sc(C(C)C)nc1C', 'CC(C)C(NC(N)=O)C(=O)NCC1Cc2ccccc2O1']"
541,1e-04,0.0,0.0,[]
542,1e-04,0.0,0.0,[]
543,0.0011,0.3191635,0.9072275757789612,"['CC(C)CC(NC(=O)C1CC=CCC1)C(=O)OC(C)C', 'CN(CC(=O)NC1CCC(C)(C)c2ccccc21)C(=O)OC(C)(C)C', 'CCOC(=O)CC(c1oc(CO)cc(=O)c1O)C(C)C', 'CC(Sc1nnc(C2CCCCC2)o1)C(=O)OC(C)(C)C', 'C=CCN(CC=C)C(=O)CNc1ccc(C)c(C)c1', 'COCCN(Cc1cnn(C)c1)C(=O)Cc1ccc(Cl)cc1', 'CCN(CC(=O)Nc1cccc(OC)c1)C(=O)C(C)(C)C', 'CC(NC(=O)C(C)(C)C)C(=O)OC(C)c1ccccn1', 'CC(C)N(Cc1ccc(C#N)cc1)C(=O)C1CCOCC1', 'CC(C)S(=O)(=O)c1ccccc1C(=O)Oc1ccc(C#N)cc1']"
544,1e-04,0.0,0.0,[]
545,1e-04,0.0,0.0,[]
546,1e-04,0.0,0.0,[]
547,0.1373,0.37703106,0.46936213970184326,"['O=C(Nc1ccccc1)c1noc2ncnc(N3CCOCC3)c12', 'C=CCOC1CN(S(=O)(=O)c2cccnc2)C2CCCOC12', 'Cc1cccc2c(=O)n(CCCC(=O)N3CCOCC3)cnc12', 'Cc1cc(=O)[nH]c2ccc(-c3ccc4c(c3)OCO4)cc12', 'COc1cccc2cc(C(=O)NCC(OC)c3ccccc3)oc12', 'O=c1c(-c2ccccc2)c(N2CCN(c3ccccc3)CC2)c1=O', 'CC(C)c1noc(CNc2ccc(-c3nnnn3C3CC3)cc2)n1', 'CN(CCN1CCOCC1)C(=O)C1CC12CCCc1ccccc12', 'Cc1noc2ncc(NC(=O)CNC(=O)c3ccccc3)cc12', 'CCCCn1c(=O)c2sccc2n2c(CCC(=O)NC)nnc12']"
548,1e-04,1.0,0.0,['CC(=O)c1c2n(n(-c3ccccc3)c1=O)C(=O)c1nccnc1-2']
549,1e-04,0.0,0.0,[]
550,0.0318,0.3138287,0.731257975101471,"['Cc1ccc(NCC(=O)NCc2ccco2)c(Cl)c1', 'Cc1ccc(NCc2cnc(C)s2)c(Br)c1', 'Cc1ccc(NC(=O)C(C)Sc2n[nH]c(N)n2)c(F)c1', 'COc1ccc(C(=O)NCc2cscn2)c(O)c1', 'Cc1cnc(NCc2ccco2)c(Br)c1', 'Cc1ccc(NC(=O)CCn2cccc2)c(Br)c1', 'Cc1ccc(C(=O)NCCCN2CCOCC2)c(Cl)c1', 'N#Cc1ccc(CN2C(=O)CCc3ccccc32)c(F)c1', 'Cc1cnc(NC(=O)c2cncc(F)c2)c(Br)c1', 'Cc1ccc(NC(=O)CCCNC(=O)C2CC2)c(Cl)c1']"
551,0.1603,0.35590523,0.5787373781204224,"['CC(C)n1c(N2CCCCC2)nc2c1c(=O)[nH]c(=O)n2C', 'O=C(NCc1cc(=O)[nH]c2ccccc12)c1ccc(=O)[nH]c1', 'Cc1nc(C)c(CC(=O)Oc2cccc(Cl)c2)c(=O)[nH]1', 'O=C(NCc1cccc(Cn2cccn2)c1)c1ccc(=O)[nH]c1', 'COc1cccc2cc(C(=O)Nc3ccc4c(C)cc(=O)[nH]c4c3)oc12', 'O=c1[nH]cc(-c2cccc(OC(F)(F)F)c2)c(=O)[nH]1', 'Cc1ccc(C(=O)Nc2nnc(CC(C)C)s2)c(=O)[nH]1', 'Cc1cc(C(=O)OCc2nc(C3CC3)cs2)cc(=O)[nH]1', 'CC(C)OC(=O)c1cc(-c2ccc3c(c2)CC(=O)N3)nn1C', 'CC(c1cccc(Cl)c1)N(C)C(=O)Cn1ccc(=O)n(C)c1=O']"
552,1e-04,0.0,0.0,[]
553,1e-04,0.0,0.0,[]
554,0.0083,0.45913732,0.4935397207736969,"['O=C(Cn1nnc2ccccc2c1=O)N1CCN(c2ccccc2)CC1', 'O=C(Cn1cnc2ccccc2c1=O)c1cccs1', 'O=C(Cn1c(=O)oc2ccccc21)Nc1ccc(Cl)cn1', 'O=C(Cn1cnc(-c2ccccc2)cc1=O)N1CCCC1', 'O=C(Cn1nc(-c2ccccc2Cl)ccc1=O)NCc1ccco1', 'O=C(Cn1ncc(=O)c2ccccc21)OCCNc1ncccn1', 'O=C(Cn1nc(-n2cccn2)ccc1=O)Nc1ccncc1', 'O=C(Cn1c(=O)oc2cc(Cl)ccc21)N1CCc2ccccc2C1', 'O=C(Cn1ccccc1=O)Oc1ccc(NC(=O)c2ccccc2)cc1', 'O=C(Cn1nnc(-c2ccc(F)cc2)n1)N1CCc2ccccc2C1']"
555,0.0107,0.42961687,0.6814817190170288,"['Cc1cc(CN(Cc2cccnc2)CC2CCCO2)c2ccccc2n1', 'Cc1cc(C(=O)NCC(CO)Cc2ccco2)c2ccccc2n1', 'CC(C)c1cc(C(=O)NCC(N)=O)c2ccccc2n1', 'Cc1cc(C(=O)Nc2cccc(C(=O)N(C)C)c2)c2ccccc2n1', 'Cc1nc(NCC(CO)Cc2ccsc2)c2c(C)nn(C)c2n1', 'Cc1cc(C(=O)NCC(C)C)c2cc(F)ccc2n1', 'COC(=O)c1cc(N2CCCC2)c2cc(F)cc(F)c2n1', 'c1nc(NCCN2CCOCC2)c2c3c(sc2n1)CCCC3', 'Cc1cc(C(=O)NCCCC(N)=O)c2ccc(F)cc2n1', 'Cc1cc(C(=O)NCc2n[nH]c3c2CCC3)c2cnn(C(C)C)c2n1']"
556,1e-04,0.0,0.0,[]
557,0.0127,0.6452995,0.229325532913208,"['CCCC(=O)Nc1cccc(Cl)c1-n1cccn1', 'CCCC(=O)N(CC)Cc1ccc(OC)c(F)c1', 'CCCC(=O)NCc1ccccc1OC(F)(F)F', 'CCNC(=O)c1ccc(NC(=O)NCCO)cc1', 'CCNC(=O)Cc1cc(OCC)c(OCC)cc1Br', 'CCCC(=O)OC1CN(c2nc3c(OC)cccc3s2)C1', 'CCCC(=O)NCC1CCN(C(=O)COc2ccccc2)CC1', 'CCNC(=O)c1ccc(NCC(=O)NC2CC2)c(C)c1', 'CCNC(=O)C(C)NC(=O)CCc1ccccc1OC', 'CCCC(=O)Nc1cccc(NC(=O)c2cc3cc(F)ccc3[nH]2)c1']"
558,1e-04,0.0,0.0,[]
559,0.0008,0.43783277,0.688534677028656,"['CCOCCCN(c1ccc(C#N)cc1)S(C)(=O)=O', 'CC(NC(N)=O)C(=O)N(Cc1cccc(F)c1)C1CC1', 'CCC(C)C(NC(N)=O)C(=O)NCc1cccc(F)c1', 'CC(NS(C)(=O)=O)C(=O)NC(c1ccc(C(C)C)cc1)C(C)C', 'Cc1ccccc1CC(=O)NC(CC(N)=O)C1CCOCC1', 'COC(=O)CN(c1ccc(Br)cc1)S(C)(=O)=O', 'CCC(C)N(Cc1ccccc1)C(=O)C1CCOCC1', 'CC(Oc1ccccc1N)C(=O)Nc1ccccc1F']"
560,0.0007,0.5509673,0.48137974739074707,"['CC=Cc1ccc(OCC(O)CN2C(C)COCC2C)c(OC)c1', 'CC=CCC(=O)N1CC(F)CC1CNC(=O)CC1CCCC1', 'CC=Cc1cc(C(=O)Nc2nccs2)cc(OC)c1OC', 'CC=Cc1ccc(OCC(=O)N2CCC(C(=O)OC)CC2)c(OC)c1', 'CC=CCn1c(N2CCC(C)CC2)nc2c1c(=O)[nH]c(=O)n2C', 'CC#Cc1cn(C2OC(CO)C(O)C2OC)c(=O)[nH]c1=O', 'CC#CC(=O)N1CC(=O)N(C(C)C)CC(OCc2ccc(F)cc2)C1']"
561,1e-04,0.0,0.0,[]
562,1e-04,0.0,0.0,[]
563,1e-04,0.0,0.0,[]
564,0.0022,0.7412946,0.15447352826595306,"['COC(CNC(=O)C1CCCCC1)c1ccc(C)s1', 'COC(CNC(=O)N1CCN(C(C)C(F)(F)F)CC1)C(C)C', 'COC(C)(CNC(=O)c1nc2ccccc2s1)c1ccccc1F', 'COC(C)(C)c1noc(CNS(=O)(=O)c2cccs2)n1', 'COC(CNC(=O)Nc1c(C)n[nH]c1C)c1ccccc1', 'COC(C)C(=O)Nc1ccc2nc(C3CC3)sc2c1', 'COC(C(=O)OCc1cccc(F)c1)c1ccccc1', 'COC(C)(C)c1noc(Cn2c(C3CC3)nc3ccccc32)n1', 'COC(C)C(=O)NC(c1nc2ccccc2[nH]1)C(C)C', 'COC(C)(C)CC(C)(NCC(F)(F)F)C(N)=O']"
565,1e-04,0.0,0.0,[]
566,1e-04,0.0,0.0,[]
567,0.001,0.50841177,0.6225739121437073,"['CCSc1ccc(-c2nc(C)nc(CN)n2)cc1', 'CCCOc1ccc(-c2nc(CN)cc(=O)[nH]2)cc1OC', 'CCn1c(CN)cc(=O)n2nc(-c3ccccc3)cc12', 'Cc1ccc2c(c1)nc1n2C(CNCc2ccc(C#N)cc2)COC1', 'Cc1cccc(OCCNc2ncc(Br)cc2N)c1', 'Cn1nncc1CNc1ncc(Cc2ccc(C#N)cc2)s1', 'C#Cc1cccc(N(CC(=O)NCCC#N)Cc2ccco2)c1', 'CNC(=O)c1cccc(CCNC(=O)N(CCO)C2CC2)c1', 'CC1CC(C)CN(C(=O)COc2ccccc2N)C1', 'COc1ccc(CC(=O)NCCCO)c(OC)c1']"
568,1e-04,0.0,0.0,[]
569,0.2394,0.41616142,0.4390955865383148,"['CCCC(=O)Nc1cccc(Cl)c1-n1cccn1', 'CC(=O)N1CCC(c2ncncc2-c2noc(C)n2)CC1', 'COc1cccc(OCc2nc3c4cn[nH]c4ncn3n2)c1', 'Cc1ccc2c(c1)C1OCCC1C(c1ccco1)N2', 'Cc1nc2ccccc2n(CCC2CCOC2)c1=O', 'Cc1ccc(C(=O)N2CCC3CC(c4nccs4)OC3C2)cn1', 'Cc1nc2ccccc2nc1N1CCN(c2nccs2)CC1', 'Nc1c(Nc2cccnc2)ncnc1Nc1nccs1', 'O=C(NC1CCCC1)C(Sc1cn[nH]n1)c1ccccc1', 'O=C(CC1CCCCC1)N1CCCC1c1nnc2n1CCCCC2']"
570,1e-04,0.0,0.0,[]
571,0.0279,0.34909353,0.5899909734725952,"['Cc1ccc(-c2cc(C(=O)N(C)Cc3cc(C4CC4)[nH]n3)[nH]n2)s1', 'O=C(CNC(=O)c1ccccc1)Nc1cccc(-c2ccc(=O)[nH]n2)c1', 'Cc1nn(C)c(C)c1-c1cc(C(=O)NCCC2=CCCCC2)[nH]n1', 'O=c1ccc(-c2csc(S(=O)(=O)NCC3CCCO3)c2)n[nH]1', 'O=C(Cn1nnc(-c2ccccc2)n1)Nc1cccc(-c2ccn[nH]2)c1', 'CC(C)c1cc(NC(=O)c2ccc(CNS(C)(=O)=O)o2)[nH]n1', 'Cc1ccc(C(=O)NCc2ccc(-n3cncn3)cc2)c(=O)[nH]1', 'CC1(Cc2ccc3c(c2)OCO3)CCCN(C(=O)c2cc(N)[nH]n2)C1', 'CC(CC1CCCCC1)C(=O)N(C)Cc1nc2ccsc2c(=O)[nH]1', 'COc1ccc(S(=O)(=O)NC2CC2)cc1NC(=O)c1ccc[nH]1']"
572,1e-04,0.0,0.0,[]
573,0.0004,0.36421672,0.9482492804527283,"['COC(=O)c1cc2c(=O)n(-n3cnnc3)ccc2nc1C=CN(C)C', 'CC(=O)Oc1cc2oc(=O)cc(C)c2cc1C(=O)c1ccccc1', 'Cc1cc(-c2ccc(=O)[nH]n2)cc(S(=O)(=O)N2CCOCC2)c1C', 'Cc1cc2oc(=O)cc(C)c2cc1NC(=O)C(O)Cc1ccccc1']"
574,1e-04,0.0,0.0,[]
575,1e-04,0.0,0.0,[]
576,1e-04,0.0,0.0,[]
577,1e-04,0.0,0.0,[]
578,1e-04,0.0,0.0,[]
579,0.0032,0.39135787,0.6351233124732971,"['CCn1nc(C)nc1CCCc1c[nH]c2ccccc12', 'Cc1n[nH]c(C)c1CCc1nncn1C(C)c1ccccc1', 'CCCc1nnc2c3cnn(-c4ccc(C)cc4C)c3ncn12', 'Cc1noc(C)c1Cc1nn2c(C(C)C)nnc2s1', 'CCCn1ccnc1-c1nccn1Cc1ccccc1-n1cncn1', 'Cc1noc(C)c1Cc1nn2c(C3CC3)nnc2s1', 'c1ccc(-c2ccnc3nc(C4CCC4)nn23)cc1', 'Cc1nnsc1-c1nn2c(C(C)C)nnc2s1', 'CC(C)(C)c1nc(Cc2nc3ccccc3[nH]2)no1', 'CC(c1nncn1C)n1ccnc1-c1ccccc1-c1ccccc1']"
580,1e-04,0.0,0.0,[]
581,0.0058,0.35169488,0.6139479279518127,"['Cc1cccc(CNC(=O)C(N)c2ccc(N)cc2)c1', 'Cc1ccc(F)c(S(=O)(=O)N(CCC#N)CCC(F)(F)F)c1', 'COc1ccc(CC(=O)N2CCCC(C#N)C2)cc1OC', 'CN(CCc1ccccc1)C(=O)C(N)c1ccccc1', 'Cc1cc(C(=O)N2CCC(C#N)CC2)c(C)n1Cc1cccs1', 'Cc1nc(C2CCCN(C(=O)C3(C#N)CCCC3)C2)sc1C', 'Cc1cccc(CNC(=O)C(N)c2ccccc2C)c1', 'COc1ccccc1Cc1nc(-c2cccc(N)c2)cs1', 'CN(CCC#N)CC(=O)Nc1nc2ccc(N)cc2s1', 'Cc1cccc(S(=O)(=O)N2CCC(O)CC2)c1']"
582,1e-04,0.0,0.0,[]
583,1e-04,0.0,0.0,[]
584,1e-04,0.0,0.0,[]
585,1e-04,0.0,0.0,[]
586,1e-04,0.0,0.0,[]
587,1e-04,0.0,0.0,[]
588,0.0462,0.36838683,0.5765008330345154,"['CC(=O)Nc1ccc(NC(=O)c2cccc(NC(=O)C3CC3)c2)cc1', 'CCNC(=O)c1ccc(NC(=O)C2CC(=O)N(CC)C2)cc1', 'CCNC(=O)c1ccc(NC(=O)c2cccc(Cl)c2)c(C)c1', 'CC(=O)Nc1cccc(NC(=O)NC(CC(C)C)c2ccccc2)c1', 'CNC(=O)c1cccc(NC(=O)N2CCN(C)c3ccccc3C2)c1', 'CCNC(=O)c1ccc(NC(=O)c2ccc3cc[nH]c3c2)c(C)c1', 'CC(=O)Nc1ccc(NC(=O)Cn2c(C)csc2=O)cc1', 'CC(=O)c1cccc(NC(=O)C(C)N2CCN(CC(F)F)CC2)c1', 'CC(=O)Nc1cccc(NC(=O)C(C)Oc2c(C)cccc2C)c1', 'CCCNC(=O)c1cccc(NC(=O)Cn2c(C)c(C)sc2=O)c1']"
589,1e-04,0.0,0.0,[]
590,0.0027,0.39331204,0.4612829387187958,"['N#CCCC(C#N)Cn1c(=O)c(C#N)c2n(c1=O)CCCCC2', 'N#CCCC(C#N)CN1CCN(c2nccs2)CC1', 'N#CCCC(C#N)Cn1nc(-c2cccs2)oc1=O', 'N#Cc1ccc(O)c(NC(=O)C2(C#N)CCCCC2)c1', 'N#CCCC(C#N)COc1ccccc1C(=O)NC1CCCC1', 'CCCc1nc(CSc2nc(N)c(C#N)cc2C#N)cs1', 'CC1CCCCC1NC(=O)CSc1nc(N)c(C#N)cc1C#N', 'COc1cc(C#N)ccc1OCCOc1ccc(C#N)cc1', 'CC1CCN(c2ncnc(N(CCC#N)CCC#N)c2N)CC1', 'CCOc1nc(N)c(C#N)c(-c2ccccc2Cl)c1C#N']"
591,0.0132,0.3839871,0.6353346109390259,"['COCCc1noc(CN2CCCC2c2noc(C)n2)n1', 'Cc1cc(CC2COCC2NC(=O)Cc2c(C)nc(C)[nH]c2=O)on1', 'Cc1nccc(C(=O)N2CCCC2c2noc(C(C)C)n2)n1', 'CCCn1nc(C(=O)N2CCCCC2c2nc(C)cs2)ccc1=O', 'CNc1cc(N2CCCC2CNc2ncnc3c2cnn3C)ncn1', 'Cc1noc(NC(=O)C2CC2c2ccc(F)cc2)n1', 'COC(=O)c1ccc(NC(=O)N2CCCC2c2cc(C)on2)cc1', 'CC(C)CN(C)c1ccc(C(=O)N2CCCC2c2cnn(C)c2)cn1', 'Cc1ccc(C2COCCN2Cc2cnc(C)n2-c2ccccc2)o1', 'CCn1cc(C(=O)N2CCCC2c2nc3ccccc3[nH]2)c(C)n1']"
592,0.0015,0.36319983,0.7860304117202759,"['CC(C)OC(=O)CCNC(=O)N1CCCCCC1', 'CC(C)N(C)C(=O)NCCCOC1CCOCC1', 'CCN(CC)C(=O)CC(C#N)C(=O)N1CCCC1', 'CCc1ccccc1OC(C)C(=O)N1CCOCC1', 'CC(C)(CNC(=O)OC(C)(C)C)NC(=O)C1CC=CC1', 'CC(C)(C)OC(=O)N1CCCC1C1CCCC1=O', 'CCCCS(=O)(=O)NCC(=O)N1CCOC(C)C1C', 'Cc1cccc(Cl)c1NC(=O)NCC1CCCO1', 'CC(C)C(C)(C#N)NC(=O)COC(=O)CN1CCCCCC1=O', 'CCCCCNC(=O)N1CCCCC1CN1CCOCC1']"
593,1e-04,0.0,0.0,[]
594,1e-04,0.0,0.0,[]
595,0.0008,0.5225631,0.5618898868560791,"['CN1Cc2ccccc2CC1CNC(=O)c1n[nH]c2c1CCC2', 'O=C1c2ccccc2NC(c2cccs2)N1C1CC1', 'O=C1c2cccnc2CN1CCOCc1ccc(Cl)cc1', 'O=C1c2nccnc2C(O)N1c1ccc(Br)cn1', 'O=C1c2ccccc2NC(c2cccs2)N1Cc1ccccc1', 'CN1c2ccccc2C(=O)NC1c1ccc(Br)cc1', 'CC1Cc2ccccc2N1C(=O)C1Cc2ccccc2C(=O)O1', 'CCC1Oc2c(cccc2OCc2ccccc2)NC1=O']"
596,1e-04,0.0,0.0,[]
597,0.0005,0.2488006,1.4797474145889282,"['CCn1c2ccccc2c2cc(NC(=O)c3cnn(C)c3)ccc21', 'CC1c2ccc3c(c2CN2CCc4cc5c(cc4C12)OCO5)OCO3', 'CC1Oc2ccccc2N(CC(=O)Nc2nc(C3CC3)cs2)C1=O', 'CCn1ccc2cc(NC(=O)C3CCN(c4ncccn4)CC3)ccc21', 'CN1c2ccccc2C(=O)NC1c1ccc(Br)cc1']"
598,0.0619,0.24387644,0.5597379207611084,"['C=CCOC1C=CC=CC1C(c1c(O)n[nH]c1C)c1c(O)n[nH]c1C', 'O=C(CNC(=O)c1cccc(C(F)(F)F)c1F)Nc1cn[nH]c1', 'COC(=O)c1ccc(OC(C)C)c(NC(=O)c2cc(C)n[nH]2)c1', 'O=C(NCc1ccccc1)C1CCCN1C(=O)c1cc2cccnn2c1', 'COc1cc(O)ccc1C1Nc2c(C)cccc2-c2cc(C)nn21', 'O=C(Nc1ccc(C(F)(F)F)cc1)c1cc(C2CC2)n[nH]1', 'CC(=O)Nn1ccc2c(cnc3c(-c4ccccc4)c(C)nn32)c1=O', 'O=C(N=c1[nH]ncn1-c1ccccc1)c1cccc(-c2ncn[nH]2)c1', 'O=C(Nc1cccc(C(=O)OCc2ccccc2)c1)c1ccnnc1', 'O=C(CNC(=O)c1ccccc1)Nc1cc(-c2cccs2)n[nH]1']"
599,0.0566,0.28716055,0.6515749096870422,"['Cc1cnn(C2CN(CC=CCN3CC(n4cc(C)cn4)C3)C2)c1', 'c1cc(CN2CCOC3(CCCN(c4cnccn4)C3)C2)ccn1', 'CN(Cc1ccccn1)C1COC2(CCN(Cc3ccncc3)C2)C1', 'O=C(c1cnccn1)N1CCOC2(CCCN(c3cccnc3)C2)C1', 'O=C(N1CCOCC1)N1CCC2(CCCN(c3ncccn3)C2)C1', 'Fc1cccnc1NC1COC2(CCCN(c3ccncn3)C2)C1', 'Cc1noc(-c2cccnc2N2CCCC(c3nc(C)no3)C2)n1', 'O=C(CC1CC1)N1CCC2(CCCN(c3nncs3)C2)C1', 'c1ccc(-n2nnnc2N2CCCC(c3nnc4ccccn34)C2)cc1', 'c1cncc(C2COC3(CCCN(c4cnccn4)C3)C2)c1']"
600,1e-04,0.0,0.0,[]
601,1e-04,0.0,0.0,[]
602,1e-04,0.0,0.0,[]
603,1e-04,0.0,0.0,[]
604,1e-04,0.0,0.0,[]
605,0.0008,0.5859737,0.32070934772491455,"['CCOCCCNc1ncnc2c1nc1n2CCCC1', 'COc1ccccc1CNC(=O)c1ccc2c(c1)nc1n2CCC(C)C1', 'CC(=O)Nc1ccc2c(c1)nc1n2CCN(c2ccc3[nH]ccc3c2)C1', 'Cc1ccc2c(c1)nc1n2C(CNCc2ccc(C#N)cc2)COC1', 'O=C(NC1CCCCCC1)c1ccc2c(c1)nc1n2CCOC1', 'O=C(NC1CC1)c1ccc2c(c1)nc1n2CCCC1', 'O=C(COc1ccccc1)Nc1ccc2c(c1)nc1n2CCOC1', 'Cc1ccc(N2C(=O)Cn3c2nc2c3c(=O)n(C)c(=O)n2C)cc1F']"
606,1e-04,0.0,0.0,[]
607,0.1584,0.30881548,0.5961278080940247,"['C#CCCOC(=O)Cc1c(C)nc2c(c1C)c(=O)[nH]n2C', 'Cc1nnc(Sc2nc3c([nH]2)c(=O)n(C)c(=O)n3C)n1N', 'CCC(C)(C)C(=O)Nc1ccc2c(c1)oc(=O)n2C', 'CC(O)Cn1c(NCCCO)nc2c1c(=O)[nH]c(=O)n2C', 'CN(C)S(=O)(=O)c1ccccc1-c1c[nH]c(=O)[nH]c1=O', 'COc1cc(C=Cc2ccc3c(c2)OCO3)oc(=O)c1', 'NC(=O)CCN1C(=O)c2cc(N)ccc2S1(=O)=O', 'CCC(C)NC(=O)c1c(O)nc2ccccn2c1=O', 'Cc1nc2ncnn2c2ccn(Cc3ccccn3)c(=O)c12', 'CCCCSc1nc(N)cc(N2CCC3(CN(C)C(=O)O3)C2)n1']"
608,1e-04,0.0,0.0,[]
609,1e-04,0.0,0.0,[]
610,1e-04,1.0,0.0,['CC1c2ccc3c(c2CN2CCc4cc5c(cc4C12)OCO5)OCO3']
611,1e-04,0.0,0.0,[]
612,1e-04,0.0,0.0,[]
613,1e-04,0.0,0.0,[]
614,1e-04,0.0,0.0,[]
615,0.0004,0.3029221,1.286942481994629,"['c1ccc(-n2c(Sc3ccc4nnnn4n3)nc3c2CCCC3)cc1', 'CC(C)(C)n1c(=NC(=O)c2cnn3cccnc23)[nH]c2ccccc21', 'CCOc1ccc(-n2c(CCC(F)(F)F)n[nH]c2=O)cc1', 'COc1ccc(-c2c(C(=O)N3CCCC3)nc3ccccn23)cc1']"
616,1e-04,0.0,0.0,[]
617,1e-04,0.0,0.0,[]
618,0.0002,0.5,0.0,"['O=C(NCC1CC1)C1CC2(CCCN(c3ncccn3)C2)CO1', 'COC(=O)C1C2CCC(C2)C1NC(=O)c1ncn(-c2ccccc2)n1']"
619,0.0385,0.32347596,0.5903476476669312,"['Cc1ccc(NCc2nnc3n2CCCCC3)cc1Cl', 'Cc1ccc(NC(=O)NCC2CCCCO2)cc1F', 'Cc1ccc(NC(=O)C(C)Sc2ncn[nH]2)cc1F', 'COc1ccc(CNC(=O)NCCCn2cccn2)cc1F', 'Cc1ccc(NC(=O)CN2CCCC2=O)cc1Cl', 'COc1ccc(C(=O)NCCc2cccnc2)cc1Br', 'COc1ccc(NC(=O)NC2CCC(O)CC2)cc1Br', 'COc1ccc(CN2CCOC3CCCC32)cc1Br', 'COc1ccc(CNC(C)C(=O)NCc2ccccc2)cc1F', 'Cc1ccc(-n2cnnc2SCc2cccnc2)cc1Cl']"
620,1e-04,0.0,0.0,[]
621,1e-04,0.0,0.0,[]
622,1e-04,0.0,0.0,[]
623,1e-04,0.0,0.0,[]
624,1e-04,0.0,0.0,[]
625,1e-04,1.0,0.0,['Cc1ccc2c(c1)C1OCCC1C(c1ccco1)N2']
626,1e-04,0.0,0.0,[]
627,1e-04,0.0,0.0,[]
628,1e-04,0.0,0.0,[]
629,1e-04,0.0,0.0,[]
630,1e-04,0.0,0.0,[]
631,0.013,0.3391087,0.6878071427345276,"['NC(=O)c1cc(NC(=O)CC2OC(=O)c3ccccc32)ccc1F', 'C=CCc1cc(CN2CCN(C(C)C(N)=O)CC2)cc(OC)c1O', 'CCOc1cc(NC(=O)NCc2cccc(C#N)c2)ccc1OC', 'CNC(=O)c1cc(NC(=O)NCC(O)c2ccccc2F)ccc1F', 'CC(=O)Nc1cc(NC(=O)N(C)C(C)c2cccc(O)c2)ccc1F', 'N#Cc1cc(S(=O)(=O)NCC2CC=CCC2)ccc1Cl', 'CNS(=O)(=O)c1cc(NC(=O)NCCc2ccccc2)ccc1C', 'CNS(=O)(=O)c1cc(NC(=O)N2CCCCCC2)ccc1C', 'C=CCc1cc(C(=O)N(C(C)C)C2CCC2)cc(OC)c1OC', 'CCOc1cc(CN2CCN(C(=O)C(C)O)CC2)ccc1OC']"
632,0.0009,0.47751024,0.6015090942382812,"['CC12CCC(C(=O)Nc3ccc4c(c3)OCO4)(CC1O)C2(C)C', 'Cc1oncc1C(=O)Nc1ccc2c(c1)N(C(=O)C1CC1)CC2', 'NS(=O)(=O)CCNC(=O)c1ccc2c(c1)C(=O)c1ccccc1-2', 'Cn1nnnc1SCC(=O)c1ccc2c(c1)Cc1ccccc1-2', 'C#CCNC(=O)c1ccc2c(c1)S(=O)(=O)N=C1CCCCCN12', 'CCC(C)(C)C(=O)Nc1ccc2c(c1)oc(=O)n2C', 'CS(=O)(=O)Oc1ccc2c(c1)oc(=O)c1ccccc12', 'CC(C)(C)OC(=O)N1CCC2(CC1)OCc1ccncc12', 'CCOc1ccc(C(=O)Nc2ccc3c(c2)NC(=O)C(C)(C)O3)cc1']"
633,0.0644,0.3215229,0.573524534702301,"['Cc1ccc(CCNC(=O)C2CCN(c3ccccc3)C2=O)cc1', 'Cc1cccc(CCNC(=O)NCC(O)c2c(F)cccc2F)c1', 'COc1cc(CCNC(=O)c2ccc(SC)nc2)ccc1C', 'Cc1cc(C)cc(CCNC(=O)c2ccc(F)nc2)c1', 'Cc1ccc(CCNC(=O)c2c(C)nc3ncccn23)o1', 'CC(C)Oc1ccc(CCNC(=O)c2cc(C(N)=O)cs2)cc1', 'COc1ccccc1CCNC(=O)Cc1sc(C)nc1C', 'CCOc1cccc(CCNC(=O)Cc2ccccc2O)n1', 'Cc1cnc(CCNC(=O)c2ccc3ccccc3n2)s1', 'Cc1cc(CNC(=O)CCNC(=O)Cc2ccccc2)c(C)o1']"
634,1e-04,1.0,0.0,['Cc1nccn1-c1cccc(C2CCCN2S(=O)(=O)N(C)C)n1']
635,1e-04,0.0,0.0,[]
636,0.0008,0.3617211,0.7639201879501343,"['O=C(NCc1cccnc1)C1c2ccccc2C(=O)N1C1CCCC1', 'CCC(C)NC(=O)C1c2ccccc2C(=O)N1Cc1ccccc1', 'O=C(NC1CCCC1)C1c2cccn2CC(=O)N1C1CC1', 'COc1ccccc1OC(=O)C1Cc2ccccc2S1', 'COC(=O)NCCCC(=O)N1CC2CCCCC21c1ccccc1', 'CN(Cc1ccsc1)C(=O)C1Cc2ccccc2C(=O)O1', 'CC1Cc2ccccc2N1C(=O)C1Cc2ccccc2C(=O)O1', 'Cc1ccccc1OCCCN1C(=O)c2ccccc2S1(=O)=O']"
637,0.2962,0.21372145,0.6494649648666382,"['CCc1nc2n(n1)CCCC2Nc1nc(-c2cccc(OC)c2)no1', 'CCOC(=O)N1CCN(c2c(-c3ccc(C)c(C)c3)c(=O)c2=O)CC1', 'Cc1nc(CN2CC3OCCN(Cc4c(C)noc4C)C3C2)cs1', 'Cc1nc(NCc2cc(F)c(F)c(F)c2)sc1-c1ccn(C)n1', 'CCc1nc2n(n1)CCCC2NC(=O)C1Cc2ccccc2C(=O)O1', 'CCc1cnc(C)nc1N(C)Cc1cc(COC)[nH]n1', 'Cc1n[nH]c(C)c1C(C)C(=O)Nc1ccc2[nH]c(C3CCC3)nc2c1', 'CNC(=O)CN(C)C(=O)Cc1ccc(OCc2c(C)noc2C)cc1', 'Cc1noc(C)c1CNC(=O)N1CCC(Cc2cnn(C)c2)C1', 'Cc1ccsc1CN(C)C(=O)C1CCCN(c2cnccn2)C1']"
638,1e-04,0.0,0.0,[]
639,1e-04,0.0,0.0,[]
640,0.0095,0.303325,0.6892831921577454,"['CCCN1C(=O)C(O)(C(C)C(=O)c2ccccc2)c2ccccc21', 'CN1C(=O)OC(C)(CC(C)(C)c2ccccc2)C1(C)O', 'CCOc1ccc(C2OC(C)C(C)O2)cc1OC', 'COC(=O)C(C)Cc1ccc2cc(N3CCCC3)ccc2n1', 'COC(=O)C1C(C(=O)N2CCOCC2)C1(C)C(=O)c1ccccc1N', 'CC1CN(C(=O)C(C)Cc2ccccc2F)C(C)CO1', 'COc1cc(CO)cc2c1OC(C(C)C)C(=O)N2CC(C)C', 'CCCn1ncc(-c2ccc3ccccc3c2)c(CO)c1=O', 'CCCN1C(=O)C(C(C)C)Oc2ccc(CO)cc21', 'CC(CNC(=O)C(C)(C)c1cccnc1)CN1CCOCC1']"
641,1e-04,0.0,0.0,[]
642,0.0637,0.49842462,0.3988596200942993,"['CCN1CCN(C(=O)c2nn(C)c3c2COc2ccccc2-3)CC1', 'Cc1occc1C(=O)Nc1cc(Cl)ccc1-n1cccn1', 'N#CCCN(CCC#N)C(=O)CN1CCOC(c2nccs2)C1', 'Cc1occc1CN(C)C(=O)Nc1ccc(-c2nccs2)cc1', 'Fc1cccc(N2CCCC2)c1CN1CCOC(c2nccs2)C1', 'Cc1noc(C)c1CN1CCCC2(C1)CN(c1nncs1)CCO2', 'COc1cccc2cc(C(=O)Nc3cccc(-c4n[nH]c(C)n4)c3)oc12', 'O=C1NC2=C(C(=O)N(CCO)C2)C(c2ccc3c(c2)OCO3)N1', 'Cn1ncc(C(=O)Nc2ccccc2F)c1-n1cccc1', 'O=C(OCn1nnc2ccccc2c1=O)C1(c2ccccc2)CC1']"
643,0.0003,0.56869143,0.2436433881521225,"['CC(C)c1ccc(-n2nc3ccc(N)cc3n2)cc1', 'O=C(Cn1c(-c2ccccc2)cc2ccccc21)NCC1CCCO1', 'O=C(CCn1c(=O)oc2ccccc21)Oc1ccc(Cl)cc1']"
644,1e-04,1.0,0.0,['CCN1CC23CN(C(=O)c4ccccc4)CC(CC2S1(=O)=O)O3']
645,0.0002,0.5,0.0,"['Cn1cc2c3c(cccc31)CN(C(=O)c1cccs1)CC2', 'CCc1ccccc1NC(=O)c1cn2c3c(cccc3c1=O)CC2']"
646,1e-04,0.0,0.0,[]
647,1e-04,0.0,0.0,[]
648,0.1051,0.2455406,0.5753040909767151,"['CN(C)c1ccc(C(F)(F)F)cc1NC(=O)Nc1cn[nH]c1', 'CC(C)NC(=O)c1ccc(Cl)c(NC(=O)NCCc2cn[nH]c2)c1', 'CCOC(=O)CC1COCCN1C(=O)c1cc(C2CC2)n[nH]1', 'Cc1ccc(NC(=O)CN(C)C(=O)C(C)c2c(C)n[nH]c2C)nc1', 'Cc1cc(C)n(CC2CCCN2C(=O)c2c(C)c(C)n[nH]c2=O)n1', 'O=C(NCCCOc1ccc2c(c1)OCO2)c1ccc2ncnn2c1', 'COc1cc(N)cc2cc(-c3cc(C(=O)OC(C)C)[nH]n3)oc12', 'CCc1cc(NC(=O)C(CC(C)C)N2CCCCC2=O)[nH]n1', 'COCCCn1ccc2c(cnc3c(-c4ccccc4)c(C)nn32)c1=O', 'Cc1ccoc1C(=O)N1CCCC(c2cc(C(F)(F)F)[nH]n2)C1']"
649,1e-04,0.0,0.0,[]
650,0.458,0.15979291,0.878346860408783,"['Cc1nnsc1-c1nn2c(C(C)C)nnc2s1', 'CCCn1c(C)nnc1CSc1nnnn1-c1cccc(F)c1', 'O=c1c2ccccc2nnn1CSc1nnnn1C1CCCC1', 'CC(C)n1c(N)nnc1SCc1nnnn1C1CC1', 'C=CCn1c(SCc2nnnn2-c2ccccc2)nnc1C1CC1', 'Cc1nn(C)c(-c2nn3c(C)nnc3s2)c1Cl', 'Nc1cccnc1Sc1nnnn1C1CCCC1', 'O=c1c2ccccc2nnn1CSc1nncs1', 'Cc1ccc(Sc2ccc3nnnn3n2)cc1C', 'COc1ccnc(Sc2nnnn2C2CC2)n1']"
651,1e-04,0.0,0.0,[]
652,1e-04,0.0,0.0,[]
653,1e-04,0.0,0.0,[]
654,0.4974,0.21285395,0.7232578992843628,"['CCc1ncc(C(=O)NCCc2cc(=O)[nH]c(C)n2)cn1', 'CC(=O)c1ccc(CNc2nccnc2C#N)nc1C', 'Cc1cc(C)nc(C(C#N)C(=O)CCCNC(=O)c2ccsc2)n1', 'CC(C)c1ncncc1C(=O)NCCNC(=O)Cc1cccc(F)c1', 'Cc1ncc(C(=O)NCCCOC(C)C)c(N)n1', 'Cc1ccccc1CCNC(=O)c1nccnc1N', 'Cc1ccc2nc(C)c(C(=O)NCC(C)(C)C(N)=O)cc2c1', 'Cc1cc(C(=O)NCC(CO)Cc2ccco2)c2ccccc2n1', 'COCc1ncc(C(=O)Nc2nc(C)cc(C)n2)c(N)n1', 'Cc1cc(F)c(S(=O)(=O)NC(C)CC2CCOC2)cc1F']"
655,1e-04,0.0,0.0,[]
656,0.02,0.38222617,0.647258996963501,"['Cc1ccc(-c2cc(C(=O)N(C)Cc3cc(C4CC4)[nH]n3)[nH]n2)s1', 'COc1c(NC(=O)Nc2cc(-c3ccccc3)on2)c(C)nn1C', 'CC(C)Cc1cc(C(=O)N(C)Cc2ccno2)on1', 'COc1cc(CCC(=O)Nc2ccn(C)n2)on1', 'Cc1cc(CNC(=O)c2ccc(Br)cn2)on1', 'Cc1cc(C(=O)Nc2ccc3sccc3c2)on1', 'Cc1cc(NC(=O)CN(C)Cc2c(F)cccc2Cl)on1', 'Cc1cc(C(=O)OC(C)C(=O)N(C)c2ccccc2)on1', 'CC(C)c1cc(CNC(=O)c2ccc3cc[nH]c3c2)on1', 'CC(=O)c1ccc(NC(=O)Cc2cc(-c3cccs3)on2)cc1']"
657,0.0012,0.51959735,0.5033375024795532,"['CC(=O)N(Cc1cccnc1)c1nc2c(C)cc(C)cc2s1', 'C#Cc1cccc(NC(=O)CN(C)C(=O)c2cn3c(C)cccc3n2)c1', 'CCN(CC(=O)NC(C)(C)C)C(=O)NCCc1nc2ccccc2[nH]1', 'CC(C)c1nc2ccc(NC(=O)N(C)CCC#N)cc2s1', 'O=C(c1ccno1)N(Cc1ccccn1)c1nc2ccccc2s1', 'CC(NC(=O)c1cc(-c2cccnc2)on1)c1cc2ccccc2o1', 'O=C(NC(c1ccccc1)c1ccncc1)c1cc2cc(F)ccc2[nH]1', 'CC(C)N(Cc1ccc(C#N)cc1)C(=O)c1c[nH]c2cccc(F)c12', 'O=C(Nc1ccccc1C(=O)NC1CC1)c1cnc2ccccc2n1', 'O=C(NCCc1ccccc1)c1nc2c(F)cccc2s1']"
658,1e-04,0.0,0.0,[]
659,0.0082,0.33159882,0.6591530442237854,"['CC(=O)N1Cc2ccccc2CC1C(=O)N1CCN(C)CC1', 'COc1cc(OC)c2[nH]cc(C(=O)N3CCN(C)CC3)c(=O)c2c1', 'COc1ccc(-c2cc(C(=O)N3CCN(C)CC3)[nH]n2)cc1', 'Cc1ccc(-c2nccn3cc(C(=O)N4CCN(C)CC4)nc23)cc1', 'Cc1c(F)c(F)c(C(=O)N2CCN(C)CC2)c(C)c1Cl', 'Cc1c(C(=O)N2CCN(C)CC2)nnc2nc(C(F)(F)F)nn12', 'CC(c1ccc(F)c(F)c1)N1CCN(CCO)CC1', 'COc1cccc(N2CCN(C(=O)C3CCN(C)C(=O)C3)CC2)c1', 'COCCCN(C)C(=O)Nc1nc2c(s1)CN(C)CC2', 'CCCC(NC(=O)Cc1ccccc1)C(=O)N1CCN(C(C)C)CC1']"
660,1e-04,0.0,0.0,[]
661,1e-04,0.0,0.0,[]
662,1e-04,1.0,0.0,['O=c1nncc(N2CCN(C(c3ccccc3)c3ccccc3)CC2)[nH]1']
663,1e-04,0.0,0.0,[]
664,0.0023,0.31010553,0.7227104306221008,"['Cc1cc2c(o1)CC(C)(C)CC2NC(=O)CCNc1ncccn1', 'COc1ccc2c(c1OC)C(=O)OC2Nc1ncnc2[nH]cnc12', 'Cc1ccc2c(c1)OCC(=O)N2CC(=O)N1CCNCC1', 'Cc1cc(C)c2c(c1)C(=O)C(=O)N2CC1CCCO1', 'Cc1ccc2c(c1)NCC(=O)N2Cc1ccccc1C', 'COc1cc2c(c(OC)c1OC)CCNC2C1CC(=O)C1', 'COc1ccc2c(c1)NC(C)C(=O)N2CC(=O)OC(C)C', 'CCn1ncc2c1NC(=O)CC2c1ccc(Sc2ncn[nH]2)o1', 'Oc1cc2c(cc1F)CCNC2c1ccncc1Cl', 'O=C1OC2CC3CC2C1C3C(=O)N1CCN(c2ccccc2F)CC1']"
665,1e-04,0.0,0.0,[]
666,1e-04,0.0,0.0,[]
667,1e-04,0.0,0.0,[]
668,0.0011,0.3365595,0.7636456489562988,"['CCOC(=O)c1csc(=NC(=O)C2CC(=O)N(C(C)(C)C)C2)[nH]1', 'CCOc1cccc2n[nH]c(=NC(=O)Nc3ccc(C)cc3)n12', 'Cc1csc(=NC(=O)c2cc(-n3cnnn3)ccc2Cl)[nH]1', 'Cn1ccsc1=NC(=O)CCCNC(=O)OCc1ccccc1', 'Cc1cccc(=NS(=O)(=O)Cc2ccccc2Cl)[nH]1', 'CCOC(=O)c1sc(=NC(=O)CSc2n[nH]c(N)n2)[nH]c1C', 'Cc1ccn2c(=NC(=O)CCCC(=O)NC(C)C)[nH]nc2c1', 'Cc1ccc(=NS(=O)(=O)C2CS(=O)(=O)c3ccccc32)[nH]c1', 'Cc1ccn2c(=NC(=O)Cn3c(=O)oc4ccccc43)[nH]nc2c1', 'Cn1ccsc1=NC(=O)CNC(=O)c1cc(F)cc(F)c1']"
669,1e-04,0.0,0.0,[]
670,0.0125,0.3337315,0.7486910223960876,"['Cc1cc(C(=O)OCC(=O)Nc2sccc2C#N)c(C)o1', 'CC(=O)c1ccc(C(=O)OCC(=O)NCc2cccs2)s1', 'CC(=O)c1cccc(C(=O)OCC(=O)NCc2ccco2)c1', 'CC(C)(C)n1cc(C(=O)OCC(=O)N2CCCCCC2)cn1', 'Cc1csc(=O)n1CC(=O)OCC(=O)NC1(C#N)CCCCC1', 'CCOc1ncccc1C(=O)OC(C)C(=O)Nc1nc(C)c(C)s1', 'CCOc1ncccc1C(=O)OCC(=O)c1ccc(C)c(C)c1', 'Cn1nccc1C(=O)OCC(=O)Nc1ccc(Br)cn1', 'CNc1snc(C)c1C(=O)OCC(=O)c1c(C)cc(C)cc1C', 'CC(=O)Nc1cccc(C(=O)OC(C)C(=O)c2ccc(F)c(F)c2)c1']"
671,0.017,0.265537,0.7593806385993958,"['CCc1nc(NC(=O)CCC2Cc3ccccc3NC2=O)sc1C', 'CSc1nc(C)c(CCC(=O)N(C)CC(N)=O)c(C)n1', 'CCn1nc(C)c(CNC(=O)C(c2ccc(F)cc2)N(C)C)c1C', 'CCc1nc(C(C)NC(=O)c2ccc(OC)c(OC)c2)cs1', 'Cc1cc(NC(=O)C(NC(=O)COc2ccccc2)C(C)C)n(C)n1', 'Cc1nc(C(NC(=O)Nc2cccc(F)c2)c2ccccc2)n[nH]1', 'Cc1nc(S(=O)(=O)C(C)C(=O)NC2CC2)n(CC(C)C)c1C', 'Cc1cc(C(=O)N(Cc2ccsc2)C(C)(C)C)nc(C)n1', 'CC(C)(C)c1nc(CNC(=O)Cc2ccc(F)cc2F)cs1', 'Cc1nc(CNC(=O)N(Cc2ccccc2)CC(F)F)oc1C']"
672,1e-04,0.0,0.0,[]
673,1e-04,0.0,0.0,[]
674,1e-04,0.0,0.0,[]
675,0.0022,0.2767295,0.8032824397087097,"['Cc1nc(O)c2nnn(CC3CCCN3C(=O)c3cccs3)c2n1', 'Cc1cc(C(F)(F)F)c2c(C(N)=O)cn(C(C)(C)C)c2n1', 'CSc1nc2ncc3c(=O)n(Cc4cccnc4)ccc3n2n1', 'CSc1nc(N2CCOCC2)c2cnn(-c3ccc(C)cc3)c2n1', 'Cc1ccc2c(=O)nc(C)n(-c3ccccc3)c2n1', 'CC(CN1CCOCC1)NC(=O)c1ccc2c(=O)[nH]c(=O)n(C)c2n1', 'Cc1ccc2cccc(OCC(=O)Nc3cc(F)ccc3F)c2n1', 'CC(Cn1ccnc1)NC(=O)c1ccc2c(=O)n(C)c(=O)n(C)c2n1', 'Cc1nc2nnc3c(=O)n(-c4cc(Cl)cc(Cl)c4)ccc3n2n1', 'Cc1cc(C(=O)N(C)CCC(F)(F)F)c2cnn(C(C)C)c2n1']"
676,0.0099,0.23133251,0.9158204793930054,"['O=C(COc1ccc(Br)cc1F)c1ccc[nH]1', 'O=C(Cn1cnc2ccccc2c1=O)c1cccs1', 'O=C(c1cc(F)ccc1F)C1CCCN1C(=O)c1ccco1', 'O=C(CCc1nc2ccccc2[nH]1)CCc1nc2ccccc2[nH]1', 'O=C(CC1COCCN1C(=O)c1ccc(Cl)cn1)c1ccco1', 'O=C(CN1CCc2ccccc21)c1ccc(F)c(F)c1', 'O=C(c1ccc(C2OCCO2)cc1)c1cccnc1', 'O=C(CSc1ncn[nH]1)c1ccc(OC(F)F)cc1', 'O=C(Cn1nc(-c2ccccc2)ccc1=O)c1ccccc1', 'O=C(CCCOCC1CCOCC1)c1ccccc1']"
677,1e-04,1.0,0.0,['CC1CN(Cc2ccccc2)c2c(N)cccc2O1']
678,1e-04,0.0,0.0,[]
679,1e-04,0.0,0.0,[]
680,0.0115,0.44984582,0.5127058029174805,"['CCOC(=O)c1ncn(-c2ccc(OC)cc2)c1N', 'CC(=O)c1cnc2c(-c3ccccc3)c(C)nn2c1C', 'OCCOc1cccc2sc(-c3cccs3)nc12', 'COCC(=O)Nc1nc(-c2ccccc2)c(C(C)=O)s1', 'CCOC(=O)c1cnn(-c2ccc(C)c(C)c2)c1N', 'N#CCc1nnc2scc(-c3cc(F)ccc3F)n12', 'CC(O)C(N)c1nc(-c2cc(F)ccc2O)cs1', 'CNC(=O)OCc1nc(-c2ccccc2)oc1COC(=O)NC', 'CCCCNC(=O)c1c(-c2ccc(OC)cc2)cnnc1N', 'CCOC(=O)c1ccc(-c2ccco2)n1C(CC)C(N)=O']"
681,1e-04,0.0,0.0,[]
682,1e-04,0.0,0.0,[]
683,1e-04,0.0,0.0,[]
684,0.0007,0.2897181,0.9933621883392334,"['O=C(C1CCCCC1)N1CCc2c(nc(N3CCOCC3)[nH]c2=O)C1', 'Cc1ccc(OCC2Cn3c(nc4c3c(=O)n(C)c(=O)n4C)O2)cc1', 'O=C(Cc1cnc[nH]c1=O)N1CCC2(CCCN(CCO)C2=O)C1', 'O=C(N1CCOCC1)N1CCC2(CCCN(c3ncccn3)C2)C1', 'O=C(CCNC(=O)N1CCn2c1nc1ccccc12)NC1CC1', 'Cn1cccc1C(=O)N1CCCC2(CCN(c3ccsc3)C2=O)C1', 'O=C(NC1CCCC1)N1CCC(c2nc(C3CC3)no2)C1']"
685,1e-04,0.0,0.0,[]
686,1e-04,0.0,0.0,[]
687,1e-04,0.0,0.0,[]
688,1e-04,0.0,0.0,[]
689,1e-04,0.0,0.0,[]
690,0.0255,0.25179794,0.6918312311172485,"['O=C(COCC1CC2OCCN(Cc3ccco3)C2C1)N1CCCC1', 'O=C(Nc1nnc(CS(=O)(=O)c2ccccc2)o1)c1cccs1', 'COCCN(Cc1cc2cc3c(cc2n2nnnc12)OCO3)C(C)=O', 'O=C(Nc1ccc(C(=O)N2CCc3nocc3C2)cc1)c1cccnc1', 'O=C(OCc1cc(=O)n2c3c(sc2n1)CCCC3)c1ccco1', 'CC(CCC(=O)N1CCC(C(N)=O)c2ccccc21)c1ccccc1', 'CC(C)C(C(=O)Nc1ccc2[nH]nc(C(N)=O)c2c1)c1ccccc1', 'COCC(NC(=O)c1cc(-c2ccc(F)cc2)[nH]n1)C(N)=O', 'O=C(NCCC1=C2C=CC(F)C=C2N=C1)c1ccc2[nH]nnc2c1', 'COCC(NC(=O)C1(c2ccc(F)cc2F)CCCC1)C(N)=O']"
691,1e-04,0.0,0.0,[]
692,1e-04,0.0,0.0,[]
693,1e-04,0.0,0.0,[]
694,0.4026,0.17106538,0.6713829040527344,"['COc1cccc(C(O)c2ccccc2F)c1F', 'Cc1cccc(NC(=O)COC(=O)c2ccccc2F)c1C', 'Cc1cccc(NC(=O)N2CCCCC2CO)c1Cl', 'N#Cc1ccccc1OCCOc1ccccc1F', 'Cc1ccc2cccc(NC(=O)c3cccc4c3OCCO4)c2n1', 'Cc1cccc(NC(=O)c2c(Cl)cccc2Cl)n1', 'CC(Oc1ccccc1N)C(=O)Nc1ccccc1F', 'COc1ccccc1C(=O)Cc1cccc(F)c1F', 'Cc1ccnn2c(C(=O)c3ccccc3F)nnc12', 'Cc1ccccc1CNC(=O)c1ccnc2ccccc12']"
695,0.2675,0.14847055,0.6254737377166748,"['COc1cc2nc3c(c(N)c2cc1OC)CCCC3', 'Cc1ccc2ncc(C(=O)Nc3cnn(C(C)(C)C)c3)n2c1', 'COc1ccc(CCc2nc3nccc(-c4ccsc4)n3n2)cc1', 'CN(C)C(=O)C1CC2CN(Cc3ccc(F)cc3)CC1O2', 'Brc1ccc2ncc(CN3CCOCC3)n2c1', 'CSc1nc2nc(C)c(CC(=O)NC3CC3)c(C)n2n1', 'Cc1ccc2ncc(C(=O)Nc3cc(C4CC4)nc(C)n3)n2c1', 'Cc1cc2ncn(CC(=O)c3ccco3)c2cc1C', 'COc1ccc(-c2cc3nccc(-c4cccnc4)n3n2)cc1', 'Cc1ccc2ncc(CN3CCN(c4cccs4)CC3)n2c1']"
696,1e-04,1.0,0.0,['CC(=O)c1ccc(NC(=O)NC2C3CCC(C3)C2CO)cc1C']
697,1e-04,0.0,0.0,[]
698,1e-04,0.0,0.0,[]
699,1e-04,0.0,0.0,[]
700,0.0003,0.6011185,0.15421096980571747,"['O=C(CSc1ncnc2sc3c(c12)CCCC3)N1CCCC1', 'C=CCNc1ncnc2c1sc1nc(C)c3c(c12)CC(C)(C)OC3', 'Cc1cc(CSc2ncnc3sc(C)cc23)no1']"
701,0.0026,0.33111948,0.758884072303772,"['CCc1nn2c(N)c(-c3nc(N)cs3)nnc2c1-c1ccccc1', 'COCc1nn(Cc2nc(N)c3c(C)c(C)oc3n2)c(=O)o1', 'CC(C)Cc1ccc(-c2cc(N)c(C(N)=O)s2)cc1', 'CSc1ncccc1C(=O)OCc1nc(N)c2ccccc2n1', 'CC1CC(C)CN(C(=O)c2cc(=O)c3cc(N)ccc3o2)C1', 'CC(C)c1nn2c(N)c(C=C3C=Nc4ccccc43)c(=O)nc2s1', 'COc1ccc(-c2nc(N)n(C(=O)c3ccccn3)n2)cc1', 'C#CCCOC(=O)Cc1c(C)nc2c(c1C)c(=O)[nH]n2C', 'COc1ccc(O)cc1Cc1cnc2nc(N)nc(N)c2c1C', 'Cc1nn(C)c(C)c1CNC(=O)c1nccc2c(N)cc(F)cc12']"
702,0.0008,0.44046703,0.5292478799819946,"['CCC(C#N)(CC)Cc1cc(OC)c(OC)c(OC)c1', 'CCC(CO)NC(=O)c1coc(COc2ccc3c(c2)OCO3)n1', 'CCCC(O)c1cc(CC)c2c(c1)C(CC)C(=O)N2', 'COCC(N)c1nc(-c2ccc(O)c(F)c2)cs1', 'CCC(CO)Nc1ncnc2cc(OC)c(OC)cc12', 'C#CCC(N)c1nc(-c2ccc(O)cc2O)cs1', 'CCC(C#N)Oc1cccc(CNC(=O)C2COc3ccccc32)c1', 'CCC(C#N)NC(=O)c1ccn(-c2ccc(OC)cc2)n1']"
703,1e-04,0.0,0.0,[]
704,1e-04,0.0,0.0,[]
705,1e-04,0.0,0.0,[]
706,1e-04,0.0,0.0,[]
707,0.381,0.07029888,0.8077882528305054,"['O=c1c(-c2ccccc2)c(N2CCN(c3ccccc3)CC2)c1=O', 'COCCCNc1c(-c2cc(C)c(C)cc2C)c(=O)c1=O', 'CCOc1c(Nc2ccc(Cl)cc2C)c(=O)c1=O', 'CCOC(=O)N1CCN(c2c(-c3ccc(C)c(C)c3)c(=O)c2=O)CC1', 'COc1ncccc1CN1CCc2ncnc(OC)c2CC1', 'O=C(C1CCOCC1)N1CCc2ncnc(-c3ccccc3)c2CC1', 'Cc1ncnc(N(C)Cc2n[nH]c3c2CCCCC3)c1C', 'Cc1ccc(-c2nc(C3CCCCC3)n[nH]2)c(C)n1', 'CSc1nc(C)nc(C)c1C(=O)NC(C)CO', 'Cc1[nH]c(NC(=O)CSc2nc(N)cc(=O)[nH]2)c(C#N)c1C']"
708,1e-04,0.0,0.0,[]
709,1e-04,0.0,0.0,[]
710,1e-04,0.0,0.0,[]
711,1e-04,1.0,0.0,['CC1(C)OC2C(O)CC(NC(=O)OCc3ccccc3)C2O1']
712,1e-04,0.0,0.0,[]
713,0.0008,0.3264434,0.8624086976051331,"['N#CC(c1ccccc1)c1cc(=O)oc2ccccc12', 'NC(=O)C1CN(Cc2c3ccccc3cc3ccccc23)CCO1', 'O=c1c(-c2ccccc2)c(O)n(O)c2ccccc12', 'COCCCOc1c(C(C)O)ccc2ccccc12', 'CS(=O)(=O)Oc1ccc2c(c1)oc(=O)c1ccccc12', 'COC(=O)CNc1c(C#N)c(SC)nc2ccccc12', 'CN(Cc1ccc(C#N)cc1)Cc1c(Cl)ccc2cccnc12', 'O=C(Nc1cccc(O)c1)c1cccc(C(=O)Nc2cccc(O)c2)c1']"
714,0.0013,0.38908532,0.6250638961791992,"['CC(N)(C(=O)Nc1ccccc1Cl)c1ccccc1', 'OC(CC(O)(C(F)(F)F)C(F)(F)F)c1cccs1', 'COC(=O)C(C)(O)Cn1cc(Br)ccc1=O', 'COC(C)(C)CC(C)(NCC(F)(F)F)C(N)=O', 'CC(O)C(N)c1nc(-c2ccccc2Cl)cs1', 'CCC(C#N)(CC)Cc1cc(OC)c(OC)c(OC)c1', 'CC(O)(CNC(=O)NCCc1cscn1)c1ccccc1Cl', 'CC(C)(O)c1nc(-c2ccc(F)cc2F)cs1', 'OC(c1ccccc1)(c1ccccn1)C(F)(F)F', 'CC(O)(CNC(=O)NC1CCc2cc(Cl)ccc21)c1ccco1']"
715,1e-04,0.0,0.0,[]
716,1e-04,0.0,0.0,[]
717,1e-04,0.0,0.0,[]
718,1e-04,0.0,0.0,[]
719,0.0088,0.33952308,0.6799214482307434,"['Cc1c(C2CC2)n[nH]c1NC(=O)CCCc1ccc2[nH]c(=O)[nH]c2c1', 'CC(C)Cc1cc(C(=O)N2CCN(C(=O)c3c[nH]c(=O)[nH]3)CC2)[nH]n1', 'CSc1cccc(NC(=O)Nc2c[nH]c(=O)[nH]c2=O)c1', 'CC(C(=O)Nc1ccc2[nH]c(=O)[nH]c2c1)N1CCOCC1', 'COc1ccc(Cl)cc1C(=O)Nc1ccc2[nH]c(=O)[nH]c2c1', 'O=C(Nc1ccc2[nH]c(=O)[nH]c2c1)c1cccc(NC(=O)C2CC2)c1', 'CCN(CCC#N)S(=O)(=O)c1ccc2[nH]c(=O)[nH]c(=O)c2c1', 'CCOc1ccc(NC(=O)Nc2cc3[nH]c(=O)[nH]c3cc2C)cc1', 'Cc1ccc(S(=O)(=O)Nc2ccc3[nH]c(=O)[nH]c3c2)cc1C', 'CC(NC(=O)c1ccco1)C(=O)Nc1ccc2[nH]c(=O)[nH]c2c1']"
720,1e-04,0.0,0.0,[]
721,1e-04,0.0,0.0,[]
722,0.0008,0.36623073,0.7648373246192932,"['NC1C(=O)NCC1c1ccccc1Br', 'Nc1ccc(S(=O)(=O)CCN2CCOCC2)cc1', 'OC1CCN(Cc2ccco2)C1Cc1ccccc1', 'Nc1cc(NC(=O)CC2CC3CCC2C3)ccc1Cl', 'OC1CCC(c2nc(C3CC3)nn2-c2ccc(Cl)cc2)CC1', 'Nc1ccc(SCCOc2ccc(F)cc2)cc1', 'Nc1ncc2c(n1)CCN(C(=O)c1ccccc1)C2', 'CN1CCN(C(=O)c2cccc(Br)c2)CC1']"
723,1e-04,0.0,0.0,[]
724,1e-04,0.0,0.0,[]
725,1e-04,0.0,0.0,[]
726,0.002,0.5995731,0.4458650052547455,"['CC(C)C(C)(C#N)NC(=O)CSc1cccc2cccnc12', 'COc1cc(CC(C#N)C(=O)N2CCOCC2)ccc1O', 'CC(C)C(C)(C#N)NC(=O)COC(=O)CN1CCCCCC1=O', 'COc1ccc(C(C#N)CC(=O)NC2CCCC2)cc1OC', 'CC(C)(C)C(C#N)NC(=O)c1ccnc(OC2CCC2)c1', 'CCc1ccc(C(C#N)N2CCN(C(C)=O)CC2)cc1', 'CN(Cc1ccc(C#N)cc1)Cc1c(Cl)ccc2cccnc12', 'Cc1cc(C)c(C#N)c(SC(C)C(=O)NCc2ccccc2)n1', 'COc1ccc(C(C#N)N(C)C(=O)C2CC2)c(OC)c1', 'COc1ccc(C(C#N)NC(=O)C(C)C)c(OC)c1']"
727,1e-04,0.0,0.0,[]
728,1e-04,0.0,0.0,[]
729,1e-04,1.0,0.0,['C#CCN1CCC(C(=O)N2CCCc3c(C)ccc(OC)c32)CC1']
730,1e-04,0.0,0.0,[]
731,1e-04,0.0,0.0,[]
732,0.0025,0.5186522,0.5520794987678528,"['Cn1ccsc1=NC(=O)CCCNC(=O)OCc1ccccc1', 'COCCCNC1=NS(=O)(=O)c2ccccc21', 'COc1cc(C=Cc2ccc3c(c2)OCO3)oc(=O)c1', 'Cc1cccc(=NS(=O)(=O)Cc2ccccc2Cl)[nH]1', 'Cn1ccsc1=NC(=O)CNC(=O)c1cc(F)cc(F)c1', 'O=C(CNC1=NS(=O)(=O)c2ccccc21)NCC1CCCC1', 'COc1cc(C=CC2NCCc3cc(F)ccc32)ccc1O', 'C=CCOC1C=CC=CC1C(c1c(O)n[nH]c1C)c1c(O)n[nH]c1C', 'O=C(CC1C=CCC1)NCc1ccccc1Cn1cccn1', 'O=C(CC1C=CCC1)Nc1ccc(N2CCCCC2)nc1']"
733,1e-04,0.0,0.0,[]
734,1e-04,0.0,0.0,[]
735,0.0008,0.37810245,0.7641983032226562,"['CCc1cc(=O)[nH]c2cc(NC(=O)COC)ccc12', 'CCCc1nc2cc(OC)c(OC)cc2n1CCO', 'C=CCOC1C2CCC1N(S(=O)(=O)c1ccccc1)CCO2', 'CCc1c(C)nc2cc(-c3ccoc3C)nn2c1NCCOC', 'COCCNC(=O)c1nc2ccccc2c(=O)n1CCOC', 'C=CCOC(=O)c1sc2nc(-c3ncccn3)[nH]c(=O)c2c1C', 'CCN1CC(c2nc3ccccc3n2CC(=O)OC)CC1=O', 'C=CCNC(=O)Nc1ccc(OC(F)F)c2ncccc12']"
736,0.003,0.3642165,0.6655767560005188,"['CCS(=O)(=O)c1ccccc1Oc1cccc(N)c1', 'Cn1cnnc1Sc1ccc(Br)cc1N', 'N#Cc1nccnc1Sc1nc2ccccc2s1', 'NC(=O)c1cccnc1Sc1ccc(Br)cc1', 'CC(=O)c1ccccc1Sc1nnc2ccccn12', 'Cn1ccnc1Sc1ncc(C(F)(F)F)cc1Cl', 'Cc1c(Br)cccc1Cn1nnnc1C', 'Cn1ccnc1Sc1ccc(F)cc1NC(=O)c1ccncc1', 'CCOc1ccc(Br)cc1S(N)(=O)=O', 'Nc1cccnc1Sc1nnnn1C1CCCC1']"
737,1e-04,1.0,0.0,['CCCCC(CC)C(=O)C(C#N)c1nc(C)cs1']
738,0.0009,0.4251691,0.6170697808265686,"['CCOC(=O)c1c(C)c(C(=O)Nc2cccc(F)c2)c(C)n1CC', 'Cc1ccc(-n2cc(C)cn2)c(NC(=O)c2ccncc2)c1', 'Cc1ccc(-c2nc(C)c(C(=O)OCC(=O)NC(C)C)s2)o1', 'Cc1cc(C)n2nc(C)c(C(=O)Nc3ccc(Cl)c(F)c3)c2n1', 'Cc1ccc(-n2ncc(C(=O)NCCc3ccco3)c2C)cc1', 'Cc1ccc(-n2cc(C)cn2)c(NC(=O)NCc2ncn(C)n2)c1', 'Cc1ccc(OC(=O)Cn2c(C)c(C)sc2=O)cc1C', 'CCOC(=O)c1c(C)c(C(=O)NC2CCCCCC2)c(C)n1C', 'CC(=O)Nc1ccc(C)c(S(=O)(=O)Oc2cccc(C)c2C)c1']"
739,1e-04,0.0,0.0,[]
740,0.0002,0.5,0.0,"['O=C1NC2=C(C(=O)N(CCO)C2)C(c2ccc3c(c2)OCO3)N1', 'O=C1CN(C(=O)CNC(=O)CC23CC4CC(CC(C4)C2)C3)CCN1']"
741,1e-04,0.0,0.0,[]
742,1e-04,0.0,0.0,[]
743,0.0027,0.4810314,0.6020593643188477,"['N#CC1CCCC1NCc1ccc(O)c(Cl)c1', 'N#CC1(NC(=O)CSc2nc(-c3cccs3)n[nH]2)CCCC1', 'N#CC1CCN(C(=O)COc2ccc(F)cc2Cl)CC1', 'N#CC1(NC(=O)C2CC2c2ccc(OCc3ccccc3)cc2)CC1', 'N#CC1(C(=O)N2CCN(c3cc(N)ncn3)CC(O)C2)CCOCC1', 'N#CC1CCN(C(=O)COc2cc(Cl)ccc2Cl)CC1', 'N#CC1(NC(=O)CN2CCOC(c3nccs3)C2)CCCCCC1', 'N#CC1(C(=O)N2CCC(C(N)=O)CC2)CCCCC1', 'N#CC1(C(=O)Oc2ccc(Oc3ccccn3)cc2)CCCC1', 'N#CC1(NC(=O)CNc2cccc(C(=O)N3CCCC3)c2)CCCC1']"
744,1e-04,0.0,0.0,[]
745,1e-04,0.0,0.0,[]
746,1e-04,0.0,0.0,[]
747,1e-04,0.0,0.0,[]
748,1e-04,0.0,0.0,[]
749,0.194,0.19144875,0.6714031100273132,"['CN1C(=O)c2cccc3c(S(=O)(=O)N4CCOCC4)ccc1c23', 'O=C1CCCc2c1c(Cc1ccccc1)nn2CCO', 'Cc1ccc2c(c1)c(C(=O)N1CCC3(CCOCC3)CC1)nn2C', 'CC1(C)CC(=O)c2cnc(NCc3ccco3)nc2C1', 'Cc1ccc2c(c1)cc(C(=O)NCc1cccnc1)n2C', 'CCCCc1nnc(SCc2nc(C)c3ccccc3n2)n1N', 'CC(O)Cn1c(NCCCO)nc2c1c(=O)[nH]c(=O)n2C', 'CCN(CC(F)(F)F)C(=O)Cc1c(C)nc2c(c1C)c(=O)[nH]n2C', 'O=C(NCC1(c2cccs2)CC1)c1cc(-c2ccco2)on1', 'O=C(NCC1CC1)C1CCCN(C(=O)c2cccc(F)c2)C1']"
750,1e-04,0.0,0.0,[]
751,1e-04,0.0,0.0,[]
752,0.0491,0.6266336,0.328134685754776,"['COC(=O)c1sccc1NCc1ccccc1F', 'COC(=O)c1cc(CNc2ccccc2Cl)oc1C', 'COC(=O)c1cc(NCC2CCOC2)ccc1N', 'COC(=O)c1ccc(NCc2nccs2)c(N)c1', 'COC(=O)c1cc(C)ccc1NCC1CCC=CO1', 'COC(=O)Cc1ccc2cc(Br)ccc2n1', 'COC(=O)c1sccc1NC(=O)c1ccncc1', 'COC(=O)CC1CCC(OC(=O)c2scnc2C2CC2)CC1', 'COC(=O)c1occc1CSc1ccccc1O', 'COC(=O)Cc1csc(NCC2CCCO2)n1']"
753,1e-04,0.0,0.0,[]
754,1e-04,1.0,0.0,['Cc1ccccc1CN1CC2CC(C(=O)N(C)C)C(C1)O2']
755,1e-04,0.0,0.0,[]
756,0.0115,0.8423429,0.12071585655212402,"['CCOc1ccccc1CNc1cn[nH]c(=O)c1Cl', 'COc1cccn(Cc2sc(C)nc2C)c1=O', 'COc1ccc(Nc2nc(=O)cn[nH]2)cc1Cl', 'CCCN(CCO)c1ccc2cccc(Br)c2n1', 'CCOCCCNc1ncnc2c1nc1n2CCCC1', 'O=C(Nc1cccc(Cl)c1)OCC1OCCO1', 'CCCC1CN(C(=O)c2occc2Br)CCO1', 'CCC(C)Nc1ncnc(N2CCOCC2)c1N', 'CCOCCNC(=O)c1sc(C(C)C)nc1C', 'Cc1ccccc1OCCc1nnc(SCC#N)o1']"
757,0.0008,0.37494403,0.8178183436393738,"['Cc1nc(N2CCOCC2)nc2c1CCN(C(=O)CC(C)(C)C)CC2', 'Cc1nc(N(C)C)ncc1C(=O)Nc1ccc(Br)cc1', 'CCc1nc(SC)ncc1C(=O)Nc1cccc(C(C)=O)c1', 'CCc1nc(C)ncc1C(=O)N1CCc2sccc2C1', 'NC(=O)c1nc(-c2cccs2)nc2c1[nH]c(=O)n2C1CCCCC1', 'CCOCCCNC(=O)c1nc(C(C)C)ncc1Cl', 'CC(C)C(=O)N(C)Cc1nc(N2CCCC2)ncc1-c1ccncc1', 'COc1ccc(C(C)=O)cc1CC(=O)NCCN1CCOCC1']"
758,0.0666,0.66366196,0.19175781309604645,"['O=C1CCC(C(=O)NCCCOCC2CCOC2)N1', 'CCCc1cc(C(=O)NCCc2nncn2CC)no1', 'CC(C)CN1C(=O)C(CC(=O)N2CCCC2)Sc2ncccc21', 'CCc1nc(CC(=O)OCC2CCCC2)cs1', 'O=C1CC(NC(=O)Nc2ccccc2Cl)CN1', 'Cc1nc(COC(=O)c2cc(C(N)=O)cn2C)sc1C', 'CCc1nc(CC(=O)Oc2ccccc2OC)cs1', 'CC(C)OCCC(=O)N(C)Cc1ccccc1Br', 'CCCCS(=O)(=O)NCC(=O)N1CCOC(C)C1C', 'COc1ccc(C(=O)OCCCc2cccc(C)n2)nn1']"
759,1e-04,0.0,0.0,[]
760,1e-04,0.0,0.0,[]
761,0.0002,0.5,0.0,"['CCC(CC)c1nnc2n1NC(c1ccccc1)CS2', 'COCc1nnc2n1N=C(c1ccc(Cl)cc1)CS2']"
762,0.0137,0.6984593,0.34800705313682556,"['CNC(=O)c1c[nH]c2ncc(Br)cc12', 'CNC(=O)c1ncn2c(=O)n(-c3ccccc3)nnc12', 'CNC(=O)COc1cc(C(C)C)c(Cl)cc1C', 'CNC(=O)NC1CCSc2ccc(Cl)cc21', 'CNC(=O)C1CC2CN(Cc3ccc(F)cc3)CC1O2', 'CNC(=O)Cn1nnc(CO)c1C=Cc1ccc(Cl)cc1', 'CNC(=O)COc1ccc(CNC(=O)C2CC2)cc1', 'CNC(=O)OCc1nc(-c2ccccc2)oc1COC(=O)NC', 'CNC(=O)CSc1nnc2c3ccccc3ccn12', 'CNC(=O)Cc1nc(COc2cc(C)ccc2C)n[nH]1']"
763,1e-04,0.0,0.0,[]
764,1e-04,0.0,0.0,[]
765,1e-04,0.0,0.0,[]
766,1e-04,0.0,0.0,[]
767,1e-04,0.0,0.0,[]
768,0.0002,0.5,0.0,"['CC(NC1=NS(=O)(=O)c2ccccc21)C(=O)N1CCOCC1', 'O=C(CNC1=NS(=O)(=O)c2ccccc21)NCC1CCCC1']"
769,1e-04,0.0,0.0,[]
770,1e-04,0.0,0.0,[]
771,0.0002,0.5,0.0,"['Cn1c2c(c(=O)[nH]c1=O)C(c1ccccc1)C1=C(COC1=O)N2', 'Cn1c(=O)c2c(n(C)c1=O)n1c(-c3ccccc3)nnc1n2C']"
772,1e-04,0.0,0.0,[]
773,1e-04,0.0,0.0,[]
774,1e-04,0.0,0.0,[]
775,1e-04,0.0,0.0,[]
776,1e-04,0.0,0.0,[]
777,1e-04,0.0,0.0,[]
778,0.0063,0.36582133,0.6958730816841125,"['COCc1nnc2n1N=C(c1ccc(Cl)cc1)CS2', 'CCOCc1ncn2c1CN(S(=O)(=O)c1cccc(C)c1)CC2', 'CC(C)c1nc2n(n1)CC(Nc1cnc3ccccc3n1)CC2', 'Cc1nnc2n1CC(NC(=O)c1nc(-c3ccccc3)cs1)CC2', 'CCc1nnc2n1CCN(C(=O)c1cc3cc(F)ccc3s1)C2', 'CCC(CC)c1nnc2n1NC(c1ccccc1)CS2', 'CCc1nc2n(n1)CC(NCc1ccc(C#N)cc1F)CC2', 'Cc1nnc2n1CC(NC(=O)c1occc1CN1CCOCC1)CC2', 'CC(C)n1cc2c(n1)C(NS(=O)(=O)N1CCOCC1)CCC2', 'CCNc1nc2c(s1)C(c1ccc(F)c(F)c1)CC(=O)N2']"
779,1e-04,0.0,0.0,[]
780,1e-04,0.0,0.0,[]
781,1e-04,0.0,0.0,[]
782,0.0062,0.3482954,0.8848179578781128,"['Cc1nc2ccc(NC(=O)N(C)C(C)CC#N)cc2o1', 'Cc1nc2ccc(NC(=O)NCCOCC(F)(F)F)cc2o1', 'Cc1nc2ccc(NC(=O)c3cccc(OCC(N)=O)c3)cc2o1', 'Cc1nc2ccc(NC(=O)c3cncc(Br)c3)cc2o1', 'Cc1nc2ccc(NC(=O)NCC(C)CC3(C)OCCO3)cc2o1', 'CC(=O)Nc1nc2ccc(-c3nc4ccccc4o3)cc2s1', 'Cc1nc2ccc(NC(=O)CCn3ccnc3)cc2[nH]1', 'Cc1nc2ccc(CNC(=O)C3CCOc4ccccc4C3)cc2[nH]1', 'Cc1nc2cc(NC(=O)CCCn3c(C)csc3=O)ccc2[nH]1', 'Cc1nc2cc(NC(C)C(=O)Nc3ccc(C#N)cc3)ccc2o1']"
783,1e-04,0.0,0.0,[]
784,1e-04,0.0,0.0,[]
785,1e-04,0.0,0.0,[]
786,1e-04,0.0,0.0,[]
787,1e-04,0.0,0.0,[]
788,1e-04,0.0,0.0,[]
789,1e-04,0.0,0.0,[]
790,0.0145,0.30812442,0.6484073400497437,"['COc1ccnc(Sc2nnnn2C2CC2)n1', 'CCNc1nc(-c2sc(CC)nc2C2CC2)cs1', 'Cc1ccc(-c2nccn2Cc2ccccc2-n2cncn2)o1', 'Cc1nc(CSc2nnnn2C2CCCCC2)cs1', 'Fc1cccc(-c2[nH]ncc2-c2nnnn2-c2ccccc2)c1', 'c1cnc2c(CN3CCOCC3C3CC3)cccc2c1', 'Cc1ccc(-c2n[nH]cc2C2Nc3ccccc3C(=O)N2C2CC2)o1', 'Cc1cc(-c2cn(C)nc2C2CCCCN2C(=O)C2CCC2)on1', 'CC1CCC(Nc2ccccc2Cn2cncn2)C1', 'Cc1nc(CSc2nncn2-c2ccccc2)cs1']"
791,0.0002,0.5,0.0,"['CCOC(=O)CNc1nnnn1C1OC(CO)C(O)C1O', 'C=CCN(C)C(=O)CC1OC(CNC(=O)c2ccccc2)C(O)C1O']"
792,1e-04,0.0,0.0,[]
793,0.0008,0.29051527,1.0768482685089111,"['COCc1nnc2n1N=C(c1ccc(Cl)cc1)CS2', 'Oc1ccc(CCC2NCCc3c2ccc(F)c3O)cc1', 'COc1cccc(N=c2oc3ccccc3cc2C(N)=O)c1', 'Oc1ccc(C=CC2NCCc3cc(O)ccc32)cc1', 'Fc1ccc(OCC=CCN2CCOCC2)cc1', 'Clc1cc(Cl)cc(CNCCc2nccs2)c1', 'Clc1ccc(Cc2nnc(NCc3cccnc3)o2)cc1', 'COc1ccc(-c2nc3ccccc3c(=O)n2N)cc1']"
794,0.0025,0.54158366,0.3694537878036499,"['CC(C)C(NC(=O)c1ccco1)C(=O)NC(C)C(C)n1cncn1', 'CC(C)C(NC(=O)NCc1ccccc1)C(=O)N1CCC(O)C1', 'CC(C)C(NC(=O)c1ccccc1)C(=O)NC(C)C1CCCO1', 'CC(C)C(NC(=O)c1scc2c1OCO2)C(=O)NC1CCCC1', 'CC(C)C(CNC(=O)Cc1cccs1)N1CCOCC1', 'CC(C)C(Sc1nnnn1C1CC1)C(=O)Nc1ccc(F)cc1', 'CC(C)C(Sc1nnnn1C)C(=O)NCc1cccnc1', 'CC(C)C(CNC(=O)Cc1ccc[nH]1)c1cccnc1', 'CN(C)C(C(=O)NCCc1nc2c(s1)CCC2)c1ccc(F)cc1', 'CN(C)C(C(=O)NCCc1n[nH]c(=O)n1C)c1ccc(F)cc1']"
795,0.0085,0.3577174,0.6551605463027954,"['Cc1cccc(C(=O)NCCCN2CCOCC2)c1O', 'COc1cccc(C(=O)N(C)c2ccccn2)c1O', 'Cc1cccc(NC(=O)CNC(=O)CC2CCCCC2)c1C(N)=O', 'Cc1cccc(NC(=O)NCCc2cscn2)c1C#N', 'Cc1cccc(Oc2ncccc2NC(=O)Nc2cn[nH]c2)c1C', 'Cc1cccc(OCc2c(C#N)nnn2C(C)C)c1C', 'COc1cccc(CCC(=O)NC2CCOc3ccccc32)c1OC', 'Cc1cccc(NC(=O)N2CCCCC2CO)c1Cl', 'Cc1cccc(NC(=O)CNC(=O)C2CCC2)c1C', 'Cc1cccc(OCCc2nnc(CCO)o2)c1C']"
796,1e-04,0.0,0.0,[]
797,1e-04,0.0,0.0,[]
798,1e-04,0.0,0.0,[]
799,1e-04,0.0,0.0,[]
800,1e-04,1.0,0.0,['CSc1cc2c(cc1NC(=O)C1CC3C=CC1C3)OCCO2']
801,0.0055,0.31910008,0.663498044013977,"['CCn1c(SCc2nccn2C)nnc1-c1ccco1', 'Brc1ccc(Oc2cnccn2)cc1', 'O=c1cc(CSc2ncccn2)nc2n1CCS2', 'Clc1cc(NCc2nccs2)nc2[nH]ccc12', 'COc1ccnc(Sc2nnnn2C2CC2)n1', 'CCCn1c(CNc2cn[nH]c2)nc2ccccc21', 'Cc1ccc(NCc2cnc(C)s2)c(Br)c1', 'O=c1[nH]c(CSc2ccccn2)nc2ccccc12', 'Cc1cnc(NCc2ccco2)c(Br)c1', 'Brc1cccc(NCc2ccccn2)c1']"
802,0.0028,0.54576117,0.5371527671813965,"['Cn1c(=O)sc2cc(S(=O)(=O)N3CCCC3)ccc21', 'Cn1c(=O)oc2cc(NC(=O)c3ccc(OCC4CC4)nc3)ccc21', 'Cn1c(=O)oc2cc(NC(=O)c3ccc(F)cc3)ccc21', 'CCn1c(=O)cc(OCC(=O)Nc2ccccc2C#N)c2ccccc21', 'CCn1c(=O)cc(SCC(=O)NC2CC2)c2ccccc21', 'Cn1c(=O)n(C)c2cc(NC(=O)Cc3ccc(Cl)cc3)ccc21', 'Cn1c(=O)n(CC(=O)Nc2cccc3ncccc23)c2cccnc21', 'CCn1c(=O)n(CC)c2cc(N3CCC(C)CC3)c(N)cc21', 'Cn1c(=O)c(SCC(=O)NCc2ccco2)nc2ccccc21', 'Cn1c(=O)n(Cc2ccc(OC(F)(F)F)cc2)c2cncnc21']"
803,1e-04,0.0,0.0,[]
804,0.0032,0.41666391,0.592786967754364,"['Cc1cc(C)n(-c2ccc(C(=O)Nc3ccc(O)cc3)cn2)n1', 'Cc1cc(C)n(-c2ccc(C(=O)NCc3sc(C)nc3C)nn2)n1', 'Cc1cc(C)n(-c2ccc(Cl)c(C(=O)NCc3ccncc3)n2)n1', 'Cc1cc(C)n(-c2ccc(C(=O)Nc3ccccc3C(N)=O)cc2)n1', 'Cc1cc(C)n(-c2nc(N3CCOCC3)nc(N3CCOCC3)n2)n1', 'Cc1cc(C)n(-c2ccc(-c3nc(C4CCOC4)no3)cc2)n1', 'Cc1cc(C)n(Cc2cccc(NC(=O)N3CCCC(C)C3)c2)n1', 'Cc1cc(C)n(-c2ccc(COC(=O)c3ccnnc3)cc2)n1', 'Cc1cc(C)n(Cc2ccc(C(=O)Nc3ncccn3)o2)n1', 'Cc1cc(C)n(-c2ccccc2NC(=O)c2cccc(F)c2)n1']"
805,1e-04,0.0,0.0,[]
806,1e-04,0.0,0.0,[]
807,0.0002,0.5,0.0,"['COC(=O)CCC(=O)Oc1ccc(C(C)=O)cc1', 'COC(=O)NCC(=O)OC1CCC(C(C)(C)C)CC1']"
808,1e-04,1.0,0.0,['COC(=O)CCC(=O)c1cc(OC)c(OC)cc1Br']
809,1e-04,0.0,0.0,[]
810,0.0011,0.2590795,1.1000441312789917,"['Cn1cccc1C=c1sc2nc3ccccc3n2c1=O', 'O=C1Cn2ncnc2-c2cc(Br)ccc2N1', 'O=C1NCCNC1c1ncccc1Br', 'O=C1OC(c2c[nH]c3ccccc3c2=O)c2ccccc21', 'O=C1C(c2ccccc2)Nc2ccccc2N1CC(O)CO', 'NC1C(=O)NCC1c1ccccc1Br', 'NC(=O)c1ccccc1NC(=O)c1cn2cccnc2n1', 'O=C(Nc1ccc(F)cc1)c1cn2cccnc2n1', 'O=C(Nc1ccncc1)c1ccn(-c2ccccc2)n1', 'O=C(Nc1ccc(Cl)cc1)C1Cc2ccccc2O1']"
811,0.0006,0.47517464,0.7171506285667419,"['c1cc2c(cc1CN1CCCC(CN3CCOCC3)C1)OCCO2', 'Cc1ccc2c(c1)C(NC(=O)NC1CCOC3(CCCC3)C1)CO2', 'Cc1ccc2c(c1)c(C(=O)N1CCC3(CCOCC3)CC1)nn2C', 'Cc1nnc2n1CC(NC(=O)c1nc(-c3ccccc3)cs1)CC2', 'Cc1ccc2c(c1)N(CC(=O)NCCn1ccc(C)n1)C(=O)CO2', 'Cn1nc2c(c1NC(=O)c1ccc(OC(F)(F)F)cc1)CCC2']"
812,1e-04,0.0,0.0,[]
813,0.23,0.17478403,0.6498766541481018,"['COc1ccc2nc(C(F)(F)Cl)c(C#N)c(N)c2c1', 'COc1ccc2nc3c(nc2c1)C(=O)c1ccccc1-3', 'CCn1ccc2c(Br)c(N)ccc2c1=O', 'FC(F)C(F)(F)CN1CCN(Cc2ccccn2)CC1', 'Cc1cc(C(N)=O)c2c(Cl)cc(Cl)cc2n1', 'CC(C)COc1ccc2ncc(C#N)c(N(C)C)c2c1', 'Cc1nc(C(C)C)sc1C(=O)N1CC(C)(C)C(C)(O)C1', 'CC(C)(C)c1cc(N)c2cc(F)c(F)c(F)c2n1', 'CCOC(=O)C1=C(c2csc(NCC3CCCO3)n2)C(C)=NC1C', 'COc1cc(N)c2ncccc2c1Br']"
814,0.0046,0.36273572,0.6104214191436768,"['CC(NC(=O)Nc1ccccc1Br)C1CCCO1', 'N#CCC(COc1cccc(F)c1)N1CCCCC1', 'O=C(NCCc1cccc(Cl)c1)C1CCOC1', 'CCN(C(=O)c1cc(Br)ccc1O)C1CC1', 'COCCNC(c1nc(C(C)C)cs1)C1CCOC1', 'CC(NC(=O)NCc1ccccc1Cl)C1CCCO1', 'O=C(Nc1ccc(F)cc1)NC1CCCCC1O', 'O=C(Nc1cccc(Cl)c1)OCC1OCCO1', 'CN(C(=O)NCc1ccccc1F)C1CCCC1', 'O=C(c1cccs1)C1CCCN1C(=O)C1CCCO1']"
815,0.0022,0.4036733,0.694994330406189,"['Cc1nc(-c2cccc(NC(=O)c3ccco3)c2)cs1', 'Cc1cc(-c2csc(CCN3CCOC3=O)n2)c(C)s1', 'Cc1cc(-c2ccc(S(C)(=O)=O)cc2)nc(-c2ccccc2O)n1', 'Cc1nc(-c2c[nH]c(C(=O)Nc3cccnc3)c2)cs1', 'Cc1nc(-c2ccc(CC(=O)OCCC(F)(F)F)cc2)cs1', 'c1ccc(-c2cc3c(N4CCOCC4)ncnc3s2)cc1', 'Cc1cc(-c2cnc(NCc3cccnc3)nc2-c2ccc(C)o2)on1', 'CCn1c(-c2nc(C(=O)Nc3ccncc3)cs2)cc2ccccc21', 'c1cc(-c2ccc(-c3noc(CN4CCOCC4)n3)cc2)ncn1', 'Cc1cc(-c2n[nH]c3cc(N)ccc23)c(O)cc1Cl']"
816,1e-04,0.0,0.0,[]
817,1e-04,0.0,0.0,[]
818,0.001,0.38450655,0.8343527317047119,"['CC(c1nncn1C)n1ccnc1-c1ccccc1-c1ccccc1', 'CCCn1ccnc1-c1nccn1Cc1ccccc1-n1cncn1', 'COc1ccccc1-c1ccc(-n2ccnc2-c2ncc[nH]2)cc1', 'Cc1nc[nH]c1-c1nccn1-c1ccc(-n2cncn2)cc1', 'CCn1cnnc1CCn1cc(-c2ccccc2-c2ccco2)nn1', 'Fc1cccc(-c2[nH]ncc2-c2nnnn2-c2ccccc2)c1', 'COc1ccccc1-c1noc(-c2ccncc2)n1', 'COCc1ncc(-c2nccn2-c2ccc3c(c2)OCO3)cn1', 'Cc1ccc(-c2nccn2Cc2ccccc2-n2cncn2)o1', 'COc1ccccc1-n1nnc(CO)c1-c1ccc(F)cc1']"
819,0.0007,0.56688124,0.4839819669723511,"['CCCc1nnc2sc(NC(=O)COc3cccc(C)c3)nn12', 'CCCCc1nnc2sc(NC(=O)COc3ccc(C)cc3)nn12', 'Cc1nn(C)c2sc(C(=O)N(C(C)C)C(C)C)cc12', 'Cc1nn(C)c2sc(C(=O)N(C)C(C)C(C)(C)C)cc12', 'Cc1cccc2oc(CNC(=O)c3ccc(Cn4cnnn4)cc3)nc12', 'Cc1csc2cc(C(=O)NCc3ccco3)cnc12', 'CCc1ccc2nc(NC(=O)c3ccc(C)[nH]c3=O)sc2c1']"
820,1e-04,1.0,0.0,['Cc1ccc(N2C(=O)Cn3c2nc2c3c(=O)n(C)c(=O)n2C)cc1F']
821,1e-04,1.0,0.0,['O=C1OC2CC3CC2C1C3C(=O)N1CCN(c2ccccc2F)CC1']
822,0.0026,0.53124386,0.49156469106674194,"['COCCN1CCN(C(=O)NCCC2CC3CCC2C3)CC1=O', 'Cc1nccn1-c1ncccc1NC(=O)C1CC2CCC1C2', 'Nc1cc(NC(=O)CC2CC3CCC2C3)ccc1Cl', 'CC(C)NC(=O)CN1CCN(C(=O)CC2CC3CCC2C3)CC1', 'O=C(NCCC(=O)N1CCOc2ccccc2C1)C1CC2CCC1C2', 'Cc1ccc(OCC(=O)NC2CC3CCC2C3)cc1C', 'O=C(Nc1ccc(OCC2CCOCC2)cc1)C1CC2CCC1O2', 'CCc1cc(C(=O)NCCC2CC3CCC2C3)[nH]n1', 'Cc1ccc(Br)cc1NC(=O)C1CC2CCC1O2', 'O=C(Nc1ncc(Cc2ccccc2F)s1)C1CC2CCC1O2']"
823,0.0105,0.26539427,0.8295839428901672,"['Cc1oc(NC(=O)Cc2nc3ccc(N)cc3o2)c(C#N)c1C', 'Cc1oc(C(=O)OCC2CCCC2)cc1S(=O)(=O)N(C)C', 'Cc1oc(C)c(C(=O)Nc2cc(Br)c[nH]c2=O)c1C', 'Cc1oc(-c2ccccc2)nc1C(=O)N1CCc2ccccc2C1', 'Cc1oc(-c2ccccc2)nc1CC(=O)N(C)CCC(=O)NC1CC1', 'Cc1oc(-c2ccsc2)nc1CC(=O)Nc1cnccc1C(N)=O', 'Nc1oc(-c2ccncc2)cc1C(=O)c1ccncc1', 'O=C(c1coc(COc2ccc3ncccc3c2)n1)N1CCC1', 'COc1coc(C(=O)NCc2cccnc2)cc1=O', 'O=C(c1coc(CN2CCOCC2)c1)N1CC2CC=CCC2C1']"
824,0.0007,0.31311688,0.896193265914917,"['CC(C)CC(NC(=O)C1CC=CCC1)C(=O)OC(C)C', 'O=C(NC1CCCCNC1=O)OCC(F)(F)F', 'O=C(CCN1CCOC1=O)NC1CCCNC1=O', 'CC(OCC1CCCO1)C(=O)NCCC1=CCCCC1', 'COC(CNC(=O)N1CCN(C(C)C(F)(F)F)CC1)C(C)C', 'CCN(CCCNC(=O)NC1CC1)S(C)(=O)=O', 'O=C(NCCC(=O)N1CCCC1)NCCc1c(F)cccc1F']"
825,1e-04,0.0,0.0,[]
826,1e-04,0.0,0.0,[]
827,1e-04,0.0,0.0,[]
828,1e-04,0.0,0.0,[]
829,0.0018,0.4533842,0.6112774610519409,"['CC1(C(=O)NCCSc2cn[nH]n2)CCCCO1', 'CC1(C(=O)NCc2cccs2)CC1(Cl)Cl', 'CC1(C(=O)NCc2cccc(Cl)c2)CC1(Cl)Cl', 'CC1(C(=O)Nc2ccc3c(c2)CC(=O)N3)CC1(Cl)Cl', 'CC1(OC(=O)CCCNC(=O)C2CC2)CCCC1', 'CC1(C(=O)Nc2cccc(Cl)c2)Oc2ccccc2NC1=O', 'CC1(CNC(=O)c2ccnc(OC3CCC3)c2)CCCCC1O', 'CC1(NC(=O)c2cccs2)Cc2ccccc2C1', 'CC1(NC(=O)Cc2c[nH]c3ncccc23)Cc2ccccc2C1', 'CC1(C(=O)N2CCC(C(N)=O)C2)Cc2ccccc2C(=O)O1']"
830,1e-04,1.0,0.0,['CC#Cc1cn(C2OC(CO)C(O)C2OC)c(=O)[nH]c1=O']
831,0.0576,0.13908473,1.102226734161377,"['COC(=O)c1c(O)cc(O)cc1CCc1ccc(O)cc1', 'CC(O)c1ccc(OCCOc2ccc3c(c2)OCO3)cc1', 'COc1ccc(C(O)CCC2OCCO2)cc1OC', 'Cc1cc(C)cc(OCC(=O)OC2CCOC2=O)c1', 'COc1cc(CO)ccc1OCC(=O)OC(C)C', 'COc1cc(CC2CCCCC2=O)cc(OC)c1OC', 'CC(=O)Oc1cc2oc(=O)cc(C)c2cc1C(=O)c1ccccc1', 'CCOc1ccc(C2OC(C)C(C)O2)cc1OC', 'CCOC(=O)CC(c1oc(CO)cc(=O)c1O)C(C)C', 'COc1cc(COC(C)=O)c(O)c2c1CCCC2']"
832,1e-04,1.0,0.0,['O=C(c1ccccn1)N1CCN(c2ncc3c(n2)CCOC3)CC1']
833,1e-04,0.0,0.0,[]
834,1e-04,0.0,0.0,[]
835,1e-04,0.0,0.0,[]
836,0.0154,0.39571038,0.6565164923667908,"['Cc1ccc(NC(=O)Cn2cccc2-c2nnc(C3CC3)o2)cc1C', 'COC(=O)Cn1ccc(NC(=O)CCn2ccc3ccccc32)n1', 'Cc1ccnc(NC(=O)Cn2c(=O)n(C)c3ccccc32)c1', 'CN(Cc1ccc(Cl)cc1)C(=O)Cn1cnc2ccccc2c1=O', 'CCOc1cc(NC(=O)Cn2c(C)c(C)sc2=O)ccc1OC', 'Cc1cc(C)n(CC(C)CNC(=O)Cn2ccc(=O)[nH]c2=O)n1', 'N#CCCN(C(=O)Cn1nnc(-c2ccsc2)n1)c1ccccc1', 'COc1cccc(NC(=O)Cn2nc(C)c3c(C)onc3c2=O)c1', 'Cc1ccc(NC(=O)Cn2nc(C(N)=O)c3ccccc3c2=O)cc1', 'Cc1ccc(OC(=O)Cn2c(C)c(C)sc2=O)cc1C']"
837,1e-04,0.0,0.0,[]
838,1e-04,1.0,0.0,['O=C1OC(c2c[nH]c3ccccc3c2=O)c2ccccc21']
839,0.0007,0.48700958,0.7879869341850281,"['COCC(C)NC(=O)c1oc2c(c1C)C(O)CC(C)(C)C2', 'Cc1noc(C)c1CN(C)C(=O)c1oc2c(c1C)C(=O)CCC2', 'COc1ccc(NC(=O)c2oc3c(c2C)C(=O)CCC3)c(OC)c1', 'CCNC(=O)c1oc2c(c1C)-c1nn(CC)cc1CC2', 'Cc1c(C(=O)N(Cc2ccco2)C2CC2)[nH]c2c1C(=O)CC(C)(C)C2', 'O=C(NCCCC1CCOC1)c1[nH]nc2c1CCCCC2', 'CCOC(=O)c1oc2ccccc2c1CN1C(C)COCC1C']"
840,1e-04,0.0,0.0,[]
841,1e-04,0.0,0.0,[]
842,1e-04,0.0,0.0,[]
843,0.0002,0.5,0.0,"['COCCNC(c1cnn(C)c1)c1nccs1', 'COCCNC(c1nc(C(C)C)cs1)C1CCOC1']"
844,0.0003,0.47378013,0.5757582187652588,"['Cc1c2ncn(Cc3ccc(C#N)cc3)c(=O)c2nn1C', 'Cc1c2ncnc(NCc3ccc(F)cc3)c2nn1C', 'O=c1c2cc3ccc(O)cc3oc-2nn1-c1ccc(F)cc1F']"
845,0.0236,0.26833013,0.6823307275772095,"['COC(=O)c1cc(NCC2CCOC2)ccc1N', 'O=C(NC1CC1)c1cc(-n2cnnn2)ccc1Cl', 'Cc1c(NC(=O)c2cccc(F)c2)cccc1-n1cnnn1', 'CNC(=O)c1c(COCc2ccccc2C)cccc1OC', 'Cc1c(NC(=O)c2cnccn2)cccc1-n1cnnn1', 'Cc1c(NC(=O)Cc2c(F)cccc2Cl)cccc1-n1cnnn1', 'NC(=O)c1cc(S(=O)(=O)NC2CC2)ccc1N', 'CC(=O)Nc1cc(NC(=O)C2CCCCC2)ccc1C', 'Cc1cc(NC(=O)C(C)(C)C)ccc1C(=O)N(C)C', 'Nc1cc(S(=O)(=O)N2CCCC2)ccc1Cl']"
846,1e-04,0.0,0.0,[]
847,0.0012,0.43993935,0.5929141640663147,"['COC(=O)NCC(=O)OC1CCC(C(C)(C)C)CC1', 'CC(C)CC(NC(=O)C1CC=CCC1)C(=O)OC(C)C', 'CC(C)(C)OC(=O)N1CCCC1COC(F)(F)F', 'CC(NC(=O)CC(C)(C)c1ccccc1)C1CCCO1', 'OC(CC(O)C(Cl)(Cl)Cl)c1ccccc1', 'CC(C)(CNC(=O)OC(C)(C)C)NC(=O)C1CC=CC1', 'CN(C)C(=O)c1cccc(OC(=O)CC2C=CCC2)c1', 'Cc1cc(NC(=O)CCCc2ccccc2)ccc1C(=O)N(C)C', 'Cc1ccccc1C1CC(O)C(O)C1NC(=O)C(C)C', 'CC(C)(C)OC(=O)C(N)Cc1ccc(CO)cc1']"
848,1e-04,0.0,0.0,[]
849,0.0414,0.56265175,0.30367255210876465,"['CCCCC(CC)C(=O)C(C#N)c1nc(C)cs1', 'CCCCn1nnnc1CSc1nc2ccccc2o1', 'CCCCc1ccc(CC(=O)NCc2cn[nH]c2)cc1', 'CCCCn1nc(CC)nc1Cn1cccnc1=O', 'CCCCn1nnnc1CN1CCCCC1Cn1nc(C)cc1C', 'CCCCN(Cc1ccccc1C)C(=O)c1cnc(N)nc1C', 'CCCCn1nnnc1CN1CCCC1c1noc(C(C)C)n1', 'CCCCc1nnc(NC(=O)c2c(C)nc(C(C)(C)C)[nH]c2=O)s1', 'CCCCn1nnnc1CN1CCCC(C(F)(F)F)C1', 'CCCc1nnnn1Cc1nc(C)c2ccccc2n1']"
850,0.0012,0.57143486,0.43056124448776245,"['Cc1c(C(=O)N(Cc2ccco2)C2CC2)[nH]c2c1C(=O)CC(C)(C)C2', 'CN(C)C(=O)C1CCN(C(=O)c2cccc(NC(=O)C3CC3)c2)CC1', 'CC(=O)c1c(C)[nH]c(C(=O)NCc2cccc(C(F)(F)F)c2)c1C', 'COC(=O)c1c(C)c(C(=O)CN(C)C(=O)C2CCC2)c(C)n1C', 'Cc1cc(-c2ccc(=O)[nH]n2)cc(S(=O)(=O)N2CCOCC2)c1C', 'CCCCn1c(=O)[nH]c(=O)c2c1nc(-c1ccc(O)c(OC)c1)n2C', 'CC(C)(C)OC(=O)N1CCC(C(=O)Nc2ccc(F)c(C#N)c2)C1', 'O=C(Nc1cccc(-c2cnco2)c1)C1CC(=O)N(c2ccccc2)C1', 'CCN(CC(F)(F)F)C(=O)Cc1c(C)nc2c(c1C)c(=O)[nH]n2C', 'NC(=O)C1CN(C(=O)C2(c3cccc(C(F)(F)F)c3)CC2)CCO1']"
851,0.0004,0.37746406,0.9073181748390198,"['O=c1c(-c2ccccc2)c(N2CCN(c3ccccc3)CC2)c1=O', 'CCOc1c(Nc2ccc(Cl)cc2C)c(=O)c1=O', 'COCCCNc1c(-c2cc(C)c(C)cc2C)c(=O)c1=O', 'CCOC(=O)N1CCN(c2c(-c3ccc(C)c(C)c3)c(=O)c2=O)CC1']"
852,1e-04,0.0,0.0,[]
853,1e-04,0.0,0.0,[]
854,0.0004,0.47633737,0.6910587549209595,"['COC1(C)CC(NC(=O)CCNC(=O)C(C)(C)C)C1(C)C', 'COC1CC(CC(=O)NCCc2ccc3c(c2)OCO3)CC(OC)C1', 'COC1(C)CC(NC(=O)Nc2ccc(CC#N)cc2)C1(C)C', 'CC1CN(C(C(=O)N2CCc3cc(F)ccc3C2)C(C)C)CC(C)O1']"
855,1e-04,0.0,0.0,[]
856,0.0407,0.32404274,0.6008975505828857,"['CC(C)c1nn(C)cc1CNCc1ccc(-n2cccn2)nc1', 'O=C(CCn1cccn1)NCc1ccc(-n2cncn2)nc1', 'O=C(Cc1ccccc1)NCc1nccc(N2CCCC2)n1', 'CC(O)CCNC(=O)NCc1ccnc(OC2CCC2)c1', 'CC(O)CC(C)CNC(=O)c1ccnc(OC2CCC2)c1', 'CCc1ncsc1C(=O)NCc1ccnc(OC2CCC2)c1', 'CC(CCCO)NC(=O)Nc1cccc(Cn2cccn2)c1', 'O=C(CN1CCOC1=O)NCc1cc(-c2ccco2)on1', 'COCC(C)NC(=O)Cc1csc(-c2ccccn2)n1', 'CC(C)c1nnsc1CNC(=O)c1cc(-c2cccs2)nn1C']"
857,0.0061,0.39491382,0.5989823341369629,"['CN(Cc1ccncc1)c1ncc(Br)cc1N', 'CCN(CC)c1nc2ccc(C)cc2cc1CCC#N', 'CN(CCOc1ccccc1F)c1cccnc1C#N', 'CCCN(C)c1ccc(C(=O)NCc2ccsc2)cc1', 'CC(C)NC(=O)CN(C)c1ccc(Cl)c(C#N)n1', 'CCN(CC)c1ncnc2c1c(N)nn2CCO', 'CCN(CC)c1ccc(C(=O)Nc2nnc(C(F)(F)F)s2)cc1', 'CCCN(CCc1ccccc1)c1ncnc2oc(C)nc12', 'N#CCCN(CCC#N)c1ncnc(Sc2ccccc2)c1N', 'OCCN(CCO)c1ccc2ccc(F)cc2n1']"
858,1e-04,0.0,0.0,[]
859,1e-04,0.0,0.0,[]
860,0.0004,0.47476253,0.5503095984458923,"['COCCn1c(=NC(=O)c2sc(C)nc2C)sc2ccccc21', 'CCOCCCn1c(=NC(=O)c2ccnc(C)n2)[nH]c2ccccc21', 'CC(C)(C)n1c(=NC(=O)c2cnn3cccnc23)[nH]c2ccccc21', '[H]N=c1n(CC=C)c2ccccc2n1CC(=O)c1cccs1']"
861,0.0146,0.3150552,0.6841972470283508,"['O=C(Nc1ccc2c(c1)OCO2)c1cc(-c2cccc(F)c2)no1', 'O=C(CCCSc1ccccc1)Nc1nnc(-c2ccccn2)o1', 'O=C(CSc1ccc(F)cc1)Nc1nc(-c2ccncc2)cs1', 'COc1ccc(F)cc1NC(=O)CCc1nc(-c2cccnc2)no1', 'O=C(CSc1ccc(F)cc1)Nc1nnc(-c2ccsc2)o1', 'O=C(NCC#CCN1CCOCC1)c1cc(-c2ccccc2)on1', 'O=C(Nc1ccc(N2CCCC2=O)cc1)c1cc(-c2ccccc2)on1', 'Cc1ncsc1CCC(=O)N(C)Cc1nc(-c2ccccc2)no1', 'O=C(Cc1ccc(F)cc1)NCCc1nc(-c2cccs2)c[nH]1', 'CN(Cc1ccco1)C(=O)CSc1nc(-c2ccccc2)cs1']"
862,0.0003,0.42099214,0.825279712677002,"['CC1CN(C(=O)C2CCOC2)c2ccccc2N(C)C1=O', 'COC(=O)CC1Nc2cc(Cl)ccc2NC1=O', 'CCC1Nc2cc(Br)ccc2N(COC)C1=O']"
863,0.0052,0.32128346,0.7802003026008606,"['CC(C)OC(=O)c1cc(-c2ccc3c(c2)CC(=O)N3C)on1', 'O=C1N(Cc2cccnc2)CC2CN(Cc3ccccn3)CCN12', 'CCN(CC)C(=O)C1CC(NC(=O)Cc2ccc(O)cc2)CN1C', 'Cc1cc(-c2c(C#N)c(N)nc3c2C2CCC(C3)N2C)ccc1F', 'CC(C)C1(C)C(=O)N(CCCO)c2cc(N)ccc2N1C', 'Cc1cc(C(=O)NC2CCC3(CCC(=O)N3C)CC2)no1', 'CCOC1CC2CN(C(=O)c3ccnnc3)CCN2C1', 'C#CCNC(=O)c1ccc2c(c1)S(=O)(=O)N=C1CCCCCN12', 'Cc1ccccc1C1(C)Nc2ccccc2C(=O)N1C', 'CC1CCN(C(=O)c2ccc3c(c2)NC(=O)C2CCCCN32)CC1']"
864,1e-04,0.0,0.0,[]
865,0.0116,0.34401074,0.7747190594673157,"['COc1ccc(C)cc1NC(=O)CNS(=O)(=O)c1ccc(C)cc1', 'COc1ccc(C)cc1C(O)CNS(=O)(=O)N(C)C', 'COc1ccc(C)cc1C(O)CNCc1ccncc1', 'COc1cc(C)ccc1NC(=O)c1ccc2c(c1)OCO2', 'COc1ccc(C)cc1C(O)CCNc1ccc(C(C)=O)cc1', 'COc1ccc(C)cc1S(=O)(=O)N1CCN(c2ccccc2)CC1', 'COc1cc(C)ccc1OCc1nc(CCO)cs1', 'CCOc1cc(C)c(Cl)cc1S(=O)(=O)N1CCOCC1', 'COc1cc(C)ccc1OCCSc1ccc(N)cc1', 'COc1ccc(C)cc1C(C)NC(=O)CCCn1c(C)csc1=O']"
866,0.0044,0.5093265,0.46834325790405273,"['Cc1ccc2c(c1)C1OCCC1C(c1ccco1)N2', 'Fc1ccc2c(c1)C(c1ccc3[nH]nnc3c1)NCC2', 'Fc1ccc2c(c1)nc(-c1ccncc1)n2C1CC1', 'Cc1ccc2c(c1)c(CNc1nnc(C(C)(C)C)o1)nn2C', 'Cc1ccc2c(c1)N(C(=O)CCC(=O)N1CCOCC1)CC(C)O2', 'Cc1cnc2c(c1)nc(-c1ccccc1F)n2CCO', 'Cc1ccc2c(c1)C(NC(=O)NC1CCOC3(CCCC3)C1)CO2', 'Cc1ccc2c(c1)c(=O)c(C(=O)Nc1c(C)noc1C)nn2C', 'Cc1ccc2c(c1)NCC(=O)N2Cc1ccccc1C', 'Cc1ccc2c(c1)cc(C(=O)NCc1cccnc1)n2C']"
867,0.0003,0.3824478,1.050983190536499,"['CCC1CN(C(=O)c2ccc(S(=O)(=O)NC)o2)CCO1', 'CNC(=O)CN(C)C(=O)c1cc(C)c(C)c(S(=O)(=O)NC)c1', 'CC(NC(=O)c1ccc(S(=O)C(C)C)cc1)c1ccccc1Cl']"
868,0.0003,0.3660605,1.1613417863845825,"['CCCSc1ccc(N)c(NC(=O)c2ccoc2)c1', 'CC1Sc2ccc(C(=O)NCc3ccc(F)cc3)cc2NC1=O', 'OCCSc1ccc2nnc(-c3ccccc3)n2n1']"
869,1e-04,0.0,0.0,[]
870,1e-04,1.0,0.0,['CC(C)CCOCCS(=O)(=O)c1ccccc1F']
871,0.0022,0.19279017,1.1287094354629517,"['CCOC(=O)c1c(C2CC2)csc1NC(=O)c1cccnc1', 'Nc1c(-c2ccc(Cl)cc2)noc1C(=O)N1CCOCC1', 'CCOC(=O)c1cc(CC)sc1NC(=O)c1ccc2c(c1)OCO2', 'CCOC(=O)c1ccc(-c2ccco2)n1C(CC)C(N)=O', 'C=CCNc1oc(-c2ccco2)nc1S(=O)(=O)c1ccccc1', 'CNC(=O)c1ccsc1NC(=O)COc1ccc2ccccc2c1', 'COCC(NC(=O)c1cc(-c2ccc(F)cc2)[nH]n1)C(N)=O', 'N#Cc1c(-c2ccc(Cl)cc2)ccnc1N1CCOCC1', 'NC(=O)Cn1c(-c2cccc(Br)c2)noc1=O', 'NC(=O)c1ccsc1NC(=O)CSc1ncn[nH]1']"
872,0.0008,0.4063633,0.7124688625335693,"['O=C(OCCNc1ncccn1)c1sccc1-n1cnnn1', 'O=C1OCCC1Sc1n[nH]c(=O)n1CCc1ccccc1', 'O=C1OCCC1N1CCN(c2ccc(O)cc2)CC1', 'O=C(OCC1OC(n2ccc(=O)[nH]c2=O)CC1O)Oc1ccccc1', 'O=C1OCCN1c1cccc(NC(=O)N(Cc2ccco2)C2CC2)c1', 'O=C(OCc1ccccc1)N1CCN(Cc2cscn2)CC1', 'NC(=O)COC(=O)c1cc(-c2ccco2)n(-c2ccc(Cl)cc2)n1', 'O=C(OCC1CCCCO1)c1ccc(OCC(F)F)nc1']"
873,0.2239,0.16716167,0.70391845703125,"['O=c1c(-c2ccccc2)c(N2CCN(c3ccccc3)CC2)c1=O', 'CCN1CC(c2nc3ccccc3n2Cc2ccccc2F)CC1=O', 'CC1CN(Cc2nc3ccccc3c(=O)n2CC#N)CC(C)(C)O1', 'CC1CC(C)CN(C(=O)C2(C)CC2(Cl)Cl)C1', 'CC1CN(CC(=O)Nc2c(C#N)oc3ccccc23)CC(C)O1', 'CCn1cc(NC(=O)C(C)(C)Oc2ccc3c(c2)CCCC3=O)cn1', 'c1cncc(C(c2cc3ccccc3[nH]2)C2OCCO2)c1', 'CCOC(=O)N1CCN(c2c(-c3ccc(C)c(C)c3)c(=O)c2=O)CC1', 'CC1CN(C(C)C(=O)Nc2ccccc2C#N)CCO1', 'CC1CN(C(C)C(=O)Nc2cc(N)ccc2F)CC(C)O1']"
874,1e-04,0.0,0.0,[]
875,1e-04,0.0,0.0,[]
876,0.3849,0.16250052,0.7657570838928223,"['CCC1c2cccn2CCN1C(=O)c1nc2ccc(C)cn2c1F', 'Cc1cccc2nc(CSc3nnc(-c4cccs4)n3N)cn12', 'Cc1cccc2nc(CSc3ccccc3N)cn12', 'Cc1cccc2nc(-c3ccc(Br)cc3)c(C(C)O)n12', 'Cc1cccc2nc(-c3nc(C4CC4)n[nH]3)c(F)n12', 'O=c1cc(COc2nnc3ccccn23)nc2sccn12', 'Cn1cc(Br)cc1C(=O)NCCc1cn2ccccc2n1', 'Cc1csc2nc(CSc3ccccn3)cc(=O)n12', 'CCOC(=O)c1ccc(-c2ccco2)n1C(CC)C(N)=O', 'CN(C)C(=O)Cc1nc(CSc2ncc3ccccn23)cs1']"
877,0.0039,0.41018596,0.6449863910675049,"['CCc1nn(C)c(OC)c1CN1CC(C)OC(CC)C1', 'CCc1nn(C)c(OC)c1CN1CCCC1C(=O)OC(C)C', 'CCc1nn(C)c(CC)c1CN1CC(C)OCC1c1ccccc1', 'CCc1nn(C)c(OC)c1CN1CCN(c2cnn(C)c2)C(=O)C1', 'CCc1nn(C)c(CC)c1CN1CCNC(=O)CC1c1ccccc1', 'Cc1nn(C)c(Oc2ccc(Cl)cc2Cl)c1N', 'Cc1nn(C)c(-c2nn3c(C)nnc3s2)c1Cl', 'Cc1nn(C)c(Nc2cc(Cl)cc(Cl)c2)c1N', 'CCCc1nn(C)c(N)c1-c1ccc2c(c1)OCO2', 'CCn1nc(C)c(CN(C)S(=O)(=O)c2cccs2)c1C']"
878,1e-04,0.0,0.0,[]
879,1e-04,0.0,0.0,[]
880,0.0002,0.5,0.0,"['O=C1CCCc2c1c(C1CC1)nn2-c1c(F)cccc1F', 'O=C1CCCc2c1c(Cc1ccccc1)nn2CCO']"
881,0.1839,0.43005863,0.4366556704044342,"['CN(Cc1ccco1)C1CN(Cc2cccs2)C2CCCOC12', 'COC(=O)c1ccc(C)n2nc(CCN3CCOCC3)nc12', 'CNC(=O)c1ncn2c(=O)n(-c3ccccc3)nnc12', 'Cc1nn(C(=O)c2ccccc2)c2nc3ccccc3nc12', 'NC(=O)Nc1ccc(C(=O)Nc2ccc3c4c(cccc24)CC3)cc1', 'Cc1nc2ncnn2c2ccn(Cc3ccccn3)c(=O)c12', 'COCCC(C)NS(=O)(=O)c1cccc2ccc(C)nc12', 'Cc1ccc(-n2ncc3c2ncn2nc(C4CCCO4)nc32)cc1', 'COc1cc2c(c(OC)c1OC)CCNC2C1CC(=O)C1', 'Cc1n[nH]c2ncc(C(=O)NCCc3ccc(F)cc3)cc12']"
882,1e-04,0.0,0.0,[]
883,0.0177,0.44590238,0.5145987868309021,"['Cn1c2c(c(=O)[nH]c1=O)C(c1ccccc1)C1=C(COC1=O)N2', 'COc1nc2c(cc1CNC(=O)C1CC1)C(=O)N(C1CCCC1)C2', 'Cc1ccc2c(c1)C1OCCC1C(c1ccco1)N2', 'CCn1ncc2c1C(COCC1CC1)N(C(=O)c1ccco1)CC2', 'CCn1ncc2c1C(COCC1CC1)N(C(=O)c1ccncn1)CC2', 'Cc1ccc2c(c1)NC(=O)C(C)(C(=O)Nc1cc(C)nn1C(C)C)O2', 'CNc1cc2c(nn1)CCN(C(=O)C1Cc3cc(Cl)ccc3O1)C2', 'Cc1nnc2n1CC(NC(=O)c1occc1CN1CCOCC1)CC2', 'CCc1nnc2n1CC(CNc1c(C#N)c(=O)n(C)c(=O)n1C)CC2', 'C=CCOCC12CCCOC1CCN(C(=O)c1ccco1)C2']"
884,1e-04,0.0,0.0,[]
885,0.0006,0.46488777,0.7202761769294739,"['COc1ccc2[nH]c3c(c2c1)CCN1C(=O)CNC(=O)C31C', 'COc1ccc2c3c(ccc2c1)CCNC3c1cnoc1C', 'COc1ccc2nc3c(nc2c1)C(=O)c1ccccc1-3', 'Cc1ccc2cc3c(nc2c1)OC(=O)N(Cc1ccc(C)o1)C3', 'CCc1nc2cc3c(cc2n1Cc1cccc(C#N)c1)OCO3', 'COc1ccc2cnccc2c1N1CCN(C(=O)OC(C)(C)C)CC1']"
886,1e-04,0.0,0.0,[]
887,1e-04,0.0,0.0,[]
888,1e-04,0.0,0.0,[]
889,1e-04,0.0,0.0,[]
890,1e-04,0.0,0.0,[]
891,0.0019,0.46619862,0.5104753375053406,"['COc1ccc(Nc2nc(=O)cn[nH]2)cc1Cl', 'O=C(Cn1c(=O)cnc2ccccc21)OC1CCCC1', 'Cc1csc(Cn2c(=O)sc3ccccc32)n1', 'O=c1[nH]c(=O)n(-c2nc3ccccc3o2)cc1Cl', 'Cc1ccc2c(=O)nc(C)n(-c3ccccc3)c2n1', 'CCc1cc(=O)[nH]c2cc(NC(=O)COC)ccc12', 'Cn1c(=O)[nH]c(=O)c2nc(-c3ccccc3)cnc21', 'Cc1cc(=O)[nH]c(Sc2nc(C)cc(=O)[nH]2)n1', 'CCCCNC(=O)n1c(=O)[nH]c2cc(Cl)ccc21', 'Cc1nc2nnc3c(=O)n(-c4ccccc4C)ccc3n2n1']"
892,1e-04,0.0,0.0,[]
893,1e-04,0.0,0.0,[]
894,1e-04,0.0,0.0,[]
895,0.0176,0.42350835,0.5788864493370056,"['COC(=O)c1ccc(-c2ccc3c(c2)OCO3)nc1C', 'Cc1cc(=O)[nH]c2ccc(-c3ccc4c(c3)OCO4)cc12', 'COc1c2ccc(C(=O)NCc3ccc4c(c3)OCO4)cc2nn1C', 'CC(CO)NC(=O)NCC1(c2ccc3c(c2)OCO3)CCCCC1', 'Cc1sc(NC(=O)c2ccc3c(c2)OCO3)c(C(N)=O)c1C', 'CC1CCCCN1C(=O)c1cc(Cl)c2c(c1)OCO2', 'CCN(CC)C(=O)NCc1ccc2c(c1)OCO2', 'COCC(=O)NCC1(c2ccc3c(c2)OCO3)CCCCC1', 'NC(=O)C1CCN(C(=O)c2ccc3c(c2)OCO3)CC1', 'Cc1cc(NC(=O)NCc2ccc3c(c2)OCCO3)n(C)n1']"
896,1e-04,0.0,0.0,[]
897,1e-04,0.0,0.0,[]
898,1e-04,0.0,0.0,[]
899,0.0013,0.44245428,0.7852587103843689,"['Cc1c(C(=O)N2CCN(C(=O)N(C)C)CC2)cnn1-c1ccccn1', 'CNC(=O)COC(=O)c1cn(-c2ccc(C)cc2)nc1-c1ccccc1', 'CN(C)C(C(=O)N1CCN(c2cc(C#N)ccn2)CC1)c1ccccc1', 'CC(NC(=O)C(C)(C)C)C(=O)OC(C)C(=O)c1c[nH]c2ccccc12', 'CN1C(=O)C2(N=C(N)NC(N3CCc4ccccc43)=N2)c2ccccc21', 'CN(C(=O)C1CC(=O)N(c2ccc(Cl)c(F)c2)C1)c1ccccn1', 'Cc1cc(C(=O)NC2CC3CCC2(C)C3(C)C)ccc1-n1cnnn1', 'CN(Cc1cnn(-c2ccccc2)c1)C(=O)COc1ccc(C#N)cc1', 'O=S(=O)(c1cccnc1)N(Cc1nc(-c2ccoc2)no1)C1CC1', 'COC(=O)C1C(C(=O)N2CCOCC2)C1(C)C(=O)c1ccccc1N']"
900,0.0011,0.37455428,0.8696491122245789,"['CCCCSc1nc(N)cc(N2CCC3(CN(C)C(=O)O3)C2)n1', 'CCc1ccc(CCC(=O)N2CCC3(CN(C)C(=O)O3)C2)cc1', 'CCOc1ccc(C2OC(C)C(C)O2)cc1OC', 'Cc1n[nH]c(SCC(=O)N2CCCC3(CNC(=O)O3)C2)n1', 'CCc1nc2n(n1)CCCC2NC(=O)C1Cc2ccccc2C(=O)O1', 'COc1ccccc1CNC(=O)C1COC(=O)N1Cc1cnc[nH]1', 'CN(Cc1ccsc1)C(=O)C1Cc2ccccc2C(=O)O1', 'CNC(=O)C1CN(C(=O)C2Cc3ccccc3O2)c2ccccc2O1', 'COc1ccc2cc(COC(=O)C3CCCO3)ccc2c1', 'Cc1ccc(F)cc1NC(=O)CCNC(=O)C1CCC(=O)N1']"
901,0.1493,0.3856069,0.5515493750572205,"['CCOC(=O)c1c(C)n(C)c2cc(Br)c(O)cc12', 'C=CCCC1NCCc2c(OC(F)(F)F)cc(O)cc21', 'CCOC(=O)CNc1nnnn1C1OC(CO)C(O)C1O', 'C=CCNC(=O)c1ccc(NC(=O)NCC2(O)CCCCCC2)cc1', 'COc1cccc(C2CCCN2C(=O)c2ccc(O)c(Cl)c2)c1', 'Cc1cc(Oc2ccccc2Cl)ccc1S(N)(=O)=O', 'Cc1ncn(CC(O)c2ccc(Br)cc2)c(=O)c1C', 'Cc1nc2sc(=Cc3cccc(Cl)c3Cl)c(=O)n2n1', 'Cc1c2ncn(Cc3ccc(C#N)cc3)c(=O)c2nn1C', 'COc1ccc(Cl)cc1C(=O)N1CCN(CC(O)C2CC2)CC1']"
902,1e-04,0.0,0.0,[]
903,1e-04,0.0,0.0,[]
904,0.0017,0.27553368,1.0715105533599854,"['COC(=O)c1c(NC(=O)CSc2ncn[nH]2)sc(C)c1C', 'COC(=O)c1c(NC(=O)CCCc2cccs2)sc(C)c1C', 'CCOC(=O)c1c(NC(=O)C(C)C)sc(C(C)=O)c1C', 'CC(=O)c1c(SC(C)C(=O)Nc2ccc(F)cc2)nc(=O)[nH]c1C', 'CCOC(=O)c1sc(=NC(=O)CSc2n[nH]c(N)n2)[nH]c1C', 'COC(=O)c1sc(NC(=O)CSc2nnnn2C)nc1C', 'CCc1c(C(=O)N2CCC(Cn3cc(CO)nn3)CC2)csc1C', 'COC(=O)c1c(NC(=O)CCC2CCCCC2)c(C)nn1C', 'CCOC(=O)c1sc(NC(=O)CCc2c(C)noc2C)cc1C', 'CCCc1cc(C(=O)Nc2cc(NC(C)=O)ccc2OC)sc1C']"
905,1e-04,0.0,0.0,[]
906,1e-04,0.0,0.0,[]
907,1e-04,0.0,0.0,[]
908,1e-04,0.0,0.0,[]
909,0.0005,0.3893171,0.9806020855903625,"['NC1C(=O)NCC1c1ccccc1Br', 'O=C1NCCNC1c1ncccc1Br', 'O=C(CN1C(=O)OCC1c1ccccc1)N1CCCCC1', 'CN(C(=O)C1CC1c1ccc(Cl)cc1)c1ccc(C(N)=O)cc1', 'O=C(OCC1CCCO1)C1(c2ccc(F)cc2)CC1']"
910,1e-04,0.0,0.0,[]
911,0.016,0.25772494,0.6180067658424377,"['Cc1ccsc1-c1nnc(SCc2nnc(C(C)C)o2)o1', 'Cc1nnc(CSc2nnc(-c3ccc(F)cc3)o2)o1', 'Cc1nnc(C(C)Sc2nnc(COc3ccc(F)cc3)o2)o1', 'CCc1nnc(CSc2nnc(-c3ccccc3)n2CC)o1', 'Cc1cccc(OCc2nnc(SC(C)C(=O)NC3CC3)o2)c1', 'CCc1nnc(-c2ccc(S(=O)(=O)Nc3ccccc3)o2)o1', 'CC(C)Sc1nnc(COc2ccc(F)cc2)o1', 'Cc1nnc(CN(C)Cc2ccc(-c3ccc(Cl)cc3)o2)o1', 'CCc1nnc(SCC(=O)Nc2ccc(Cl)cc2Cl)o1', 'Cc1cccc(CCNC(=O)CCc2nnc(-c3ccsc3)o2)c1']"
912,0.0105,0.30753553,0.7671777606010437,"['COc1ccc(-c2nc3cc(N)ccc3s2)cc1', 'Nc1ccc(-c2nc3ncc(Br)cc3o2)cc1', 'Cc1cc(N)cc(-c2nc3cc(-n4cnnc4)ccc3o2)c1O', 'Cc1ccc(CCc2nc3ncc(N)cc3[nH]2)cc1', 'CN(CCC#N)CC(=O)Nc1nc2ccc(N)cc2s1', 'N#CCCCCS(=O)c1nc2ccc(N)cc2o1', 'CS(=O)(=O)N1CCC(c2nc3cc(Cl)ccc3o2)C1', 'Cn1cc(C(=O)Nc2nc3ccc(S(C)(=O)=O)cc3s2)cn1', 'CCC(C)C(=O)N=c1[nH]c2ccc(S(C)(=O)=O)cc2s1', 'Cc1cccc(C)c1OCc1nc2ccc(N)cc2o1']"
913,1e-04,0.0,0.0,[]
914,1e-04,0.0,0.0,[]
915,1e-04,0.0,0.0,[]
916,0.0044,0.550254,0.47691798210144043,"['c1ccc(CN2CCN(c3cccc4ccncc34)CC2)cc1', 'c1ccc(-c2csc(CNCCc3ccccn3)n2)cc1', 'c1ccc(C2(CNc3nn4c(nc5ccccc54)[nH]3)CC2)cc1', 'c1ccc(CCNc2c(-c3ccccn3)nc3cnccn23)cc1', 'c1ccc(-n2cc(NCC3CCOCC3)cn2)cc1', 'c1ccc(OCCCNc2ncnc3ccsc23)cc1', 'c1ccc(CN2CCN(c3ncc(Cn4cccn4)s3)CC2)cc1', 'c1ccc(-c2nc(N3CCn4cnnc4C3)no2)cc1', 'c1ccc(-c2ccnc3nc(C4CCC4)nn23)cc1', 'c1ccc(-n2cc(CNc3cnccn3)cn2)cc1']"
917,0.0043,0.33375114,0.7196899652481079,"['COc1ccc(CNC(=O)c2nccc3c(N)cc(C)cc23)cc1', 'COc1cc2c(-c3cncc4cc(O)c(OC)cc34)cncc2cc1O', 'Cc1oc2cc(O)ccc2c(=O)c1Oc1ccccc1', 'COc1ccc2cc(COC(=O)C3CCCO3)ccc2c1', 'COc1ccc(Br)c2ccc(C)nc12', 'COc1nccc2cccc(NCc3ccncc3)c12', 'COc1cc2c(c(O)c1OC)c(=O)c1cccc(O)c1n2C', 'COCCCOc1c(C(C)O)ccc2ccccc12', 'COc1ccc2c(Br)cc(C)nc2c1', 'COc1ccc2c3c(ccc2c1)CCNC3c1cnoc1C']"
918,1e-04,0.0,0.0,[]
919,1e-04,0.0,0.0,[]
920,0.0071,0.2869135,0.729134202003479,"['c1cncc(-c2n[nH]c(SCc3ncc(-c4cccs4)o3)n2)c1', 'CCc1n[nH]c(SCc2cccc(C(=O)N(C)C)c2)n1', 'COc1ccc(C(=O)Nc2n[nH]c(-c3ccccc3)n2)cc1OC', 'CCCc1n[nH]c(C2CN(CC(O)Cn3cccn3)CCO2)n1', 'Cc1n[nH]c(-c2ccc(NC(=O)c3n[nH]c4ccccc34)cc2)n1', 'CC(Sc1n[nH]c(N)n1)C(=O)Nc1cc(Cl)ccc1Cl', 'CCCc1n[nH]c(C2CN(C(=O)c3ccnc(N(C)C)c3)CCO2)n1', 'CC(=O)N1CCCC1C(=O)Nc1n[nH]c(N2CCCCC2)n1', 'CC(C)c1n[nH]c(SCC(=O)N(C)c2ccccc2)n1', 'COc1ccc(CNC(=O)Nc2cccc(-c3n[nH]c(C)n3)c2)cc1']"
921,0.0286,0.5009073,0.48853573203086853,"['O=C(c1cnc(-c2cccs2)s1)N1CCCC1Cn1cccn1', 'Cn1ncc(C(=O)Nc2ccnc3ccnn23)c1-n1cccc1', 'CCn1ncc2c(C(=O)NC(C)C3CC3)cc(-c3cccs3)nc21', 'Cn1ncc(C(=O)OCc2nncn2C2CC2)c1-n1cccc1', 'Cn1ncc(C(=O)NC2CCCc3occc32)c1-n1cccc1', 'CC(C)CN1C(=O)C(CC(=O)N2CCCC2)Sc2ncccc21', 'Cc1ccc(C(=O)Nc2ccc3cc[nH]c3c2)c(-n2cnnn2)c1C', 'CN(CCOc1ccc(F)cc1)C(=O)c1ccc(-n2cccn2)cc1', 'O=C(Cn1c(-c2cscn2)nc2ccccc21)Nc1nccs1', 'O=C(c1ccc(-n2cccn2)cc1)N1CCCC1c1cccs1']"
922,1e-04,0.0,0.0,[]
923,1e-04,0.0,0.0,[]
924,0.0032,0.49026793,0.6335997581481934,"['Cn1ccc2cc(C(=O)Nc3nc(Cc4ccc(F)cc4)n[nH]3)ccc21', 'CCn1nnc2cc(C(=O)OCc3ccoc3C)ccc21', 'CCn1ccc2cc(NC(=O)C3CCN(c4ncccn4)CC3)ccc21', 'Cn1ccc2cc(C(=O)NCc3cccnc3)ccc21', 'CCn1cnc2cc(NC(=O)COc3ccccc3)ccc21', 'CCn1cnc2cc(-c3csc(NC)n3)ccc21', 'CCn1nnc2cc(C(=O)NC3(C(=O)OC)CCCC3)ccc21', 'Cn1nnc2cc(-c3noc(CNC(=O)Cc4ccccc4)n3)ccc21', 'CCn1nnc2cc(C(=O)Nc3cccc(C(=O)NC)c3)ccc21', 'Cn1ncc2c(SCc3cccc4c3OCCO4)ncnc21']"
925,0.0003,0.56889844,0.24304017424583435,"['O=C(Nc1ccncc1)NC12CC3CC(CC(C3)C1)C2', 'CC(O)CN(C)C(=O)C12CC3CC(CC(C3)C1)C2', 'O=C(NCCO)C1CCCN1C(=O)C12CC3CC(CC(C3)C1)C2']"
926,1e-04,0.0,0.0,[]
927,1e-04,0.0,0.0,[]
928,0.0306,0.27463233,0.7180699110031128,"['CC(=O)NCCNC(=O)NCCc1cc(C)cc(C)c1', 'O=C(NCCNC(=O)c1cc2ccoc2cn1)Nc1ccccc1', 'Cc1ccccc1C(=O)NCCNc1ccc(N)cn1', 'CC(C)c1ncncc1C(=O)NCCNC(=O)Cc1cccc(F)c1', 'CC(=O)NCCNC(=O)N(C)Cc1cccc(Cl)c1', 'O=C(CNC(=O)NCCNC(=O)c1ccccc1Cl)NC1CC1', 'CC(=O)NCCNC(=O)C1(c2ccc(F)cc2)CCCC1', 'O=C(NCCNc1cc(-n2cccc2)ncn1)c1cccnc1', 'COc1cccc(C(=O)NCCN2c3ccccc3CC2C)c1F', 'Cc1ccc(C(N)=O)cc1NCCN1CCCc2ccccc21']"
929,1e-04,1.0,0.0,['NC(=O)NCCC(=O)N=c1[nH]c2ccccc2n1-c1ccc(F)cc1']
930,1e-04,0.0,0.0,[]
931,1e-04,0.0,0.0,[]
932,0.0091,0.19782235,0.6834362149238586,"['COCC(NC(=O)c1cc(C(C)C)nn1C)c1ccnn1C', 'CC(=O)c1cc(Cl)ccc1OCC(=O)Nc1cc(C)nn1C', 'COc1ccc(F)c(NCC(=O)Nc2cc(C)nn2C)c1', 'COc1ccc(CSc2cc(C)nn2C)cc1N', 'CC(C)c1ccc(CNc2c(C#N)cnn2C)cc1', 'Cc1cc(N2CCC(Cc3ccnn3C)CC2)ncn1', 'Cc1nn(C)c(C)c1Nc1nc2c(s1)c(C)nn2C', 'CC(=O)N1CCN(CCNC(=O)Nc2cc(C)nn2C)CC1', 'CCC(NC(=O)c1ccnn1C(C)C)c1ccc(F)cc1', 'Cc1ccc(C)n1-c1c(C(=O)NCCCO)cnn1C']"
933,0.0096,0.2746402,0.6527066826820374,"['CCc1nc2n(n1)CCCC2NC(=O)N(CC)CC(C)CC', 'Cc1cc(CN2CCN(C(=O)NC(C)CCC(C)C)CC2)on1', 'CCc1nc2n(n1)CCCC2NC(=O)CCOCC(C)C', 'CCCc1nc(CN2CCN(C(=O)CCC(C)C)CC2)no1', 'CCN(C(=O)CN1CCN(C(=O)CCC(C)C)CC1)c1ccccc1', 'Cc1nn(C)c2sc(C(=O)N(C)C(C)C(C)(C)C)cc12', 'CC(C)Cn1nccc1NC(=O)CCC(C)(C)C', 'COc1cccc(OC)c1COC(=O)CC(C)C', 'CCc1cc(NC(=O)NC(C)CCC(C)(C)C)n(C)n1', 'Cc1occc1C(=O)N1CCN(C(=O)CCC(C)C)CC1']"
934,1e-04,1.0,0.0,['Cc1c(C(=O)NCC2CCCO2)sc2nc3n(c(=O)c12)CCC3']
935,1e-04,0.0,0.0,[]
936,0.0016,0.22123475,1.0619897842407227,"['COC(=O)C1OC(c2ccccc2)OC1C(=O)OC', 'CC1(C)OCC2(COC(c3ccccn3)N2)CO1', 'CCOC(=O)CN1CC(C)OC(c2ccccc2)C1', 'COCC(=O)N1CC(c2ccccc2)OC(c2ccc(F)cc2)C1', 'CC1=CC(C)C2(CO)COC(c3ccco3)C1C2C', 'O=C(Cc1cccnc1)NCC1COC2(CCCCC2)O1', 'O=C(CCC1CCCO1)NC1(c2ccccc2)CCCC1', 'O=C(N1CCC(OCc2ccccc2)CC1)C1(c2ccccc2)CCC1', 'CN1C(=O)OC(C)(CC(C)(C)c2ccccc2)C1(C)O', 'O=S(=O)(c1cn[nH]c1)N1CCOC2CCCC21']"
937,1e-04,0.0,0.0,[]
938,0.0091,0.28323045,0.7702076435089111,"['CC1CC1C(=O)Nc1ccc2nc(N3CCOCC3)sc2c1', 'C=CCc1ccc2nc(C(F)(F)F)c(C#N)c(N)c2c1', 'COC(C)C(=O)Nc1ccc2nc(N3CCOCC3)sc2c1', 'COc1ccccc1COc1ccc2cc(C(C)=O)c(=O)oc2c1', 'CC(C)COc1ccc2ncc(C#N)c(N(C)C)c2c1', 'C=CCNC(=O)c1ccc2c(=O)n(CCc3ccccc3)c(=O)[nH]c2c1', 'CCCC(=O)Nc1ccc2nn(-c3ccc(F)cc3)nc2c1', 'CCOC(=O)c1cccc2nc(C)n(CC(=O)OC)c12', 'CCCNC(=O)COc1cccc2ccc(=O)[nH]c12', 'COc1ccc2nc(C(F)(F)Cl)c(C#N)c(N)c2c1']"
939,1e-04,0.0,0.0,[]
940,0.0004,0.5641564,0.2860894501209259,"['c1cc2c(cc1OCCCN1CCOCC1C1CC1)OCO2', 'c1cc2c(cc1CN1CCCC(CN3CCOCC3)C1)OCCO2', 'c1cc2c(cc1-c1noc(-c3cnc(C4CCCO4)s3)n1)CCO2', 'Nc1cc2c(cc1OCC1CCCCO1)OCCO2']"
941,1e-04,0.0,0.0,[]
942,0.0083,0.25283134,0.8395622372627258,"['CCC1c2cccn2CCN1C(=O)c1nc2ccc(C)cn2c1F', 'CCC1CCCCC1Oc1nc2sccn2c1CO', 'O=C(c1nc2ccccn2c1-c1ccsc1)N1CCOCC1', 'O=C(c1nc2ccccn2c1CN1CCCOCC1)N1CCOCC1', 'O=C(NCc1ccco1)c1nc2ccccn2c1-c1ccccc1', 'CCN(CC(F)(F)F)C(=O)c1cnc2ccccn2c1=O', 'CCC(C)Oc1ccc(NC(=O)c2cnc3sccn3c2=O)cc1', 'Cc1ccc(NC(=O)c2cnc3sccn3c2=O)nc1', 'Cc1cccc(C)c1NC(=O)c1cnc2sccn2c1=O', 'Cc1ccc(-c2nc3cnccn3c2NCCC(=O)NC(C)C)cc1']"
943,1e-04,0.0,0.0,[]
944,1e-04,0.0,0.0,[]
945,0.0002,0.5,0.0,"['COC(=O)c1sccc1NCc1ccccc1F', 'COCCCCNc1cc(Br)ccc1OC']"
946,0.0301,0.2562067,0.6481729745864868,"['Nc1ccccc1NS(=O)(=O)c1cccs1', 'O=C1CC(NC(=O)Nc2ccccc2Cl)CN1', 'Nc1ccccc1C(=O)NCC(=O)c1ccc(Br)cc1', 'O=C(Cc1ccc(F)cc1)NC(CO)c1ccccc1', 'NC(=O)c1ccc(NS(=O)(=O)c2ccc(N)cc2)cc1', 'Nc1nccnc1C(=O)NCCc1cc(F)cc(F)c1', 'O=C(NCc1ccc(Br)cc1)N1CCCC1', 'O=C(Cc1ccc(F)cc1)NCc1ccc(F)cc1', 'O=C(CNC(=O)c1ccncc1)NCc1ccccn1', 'Nc1ccccc1S(=O)(=O)N1CCc2ccccc21']"
947,1e-04,0.0,0.0,[]
948,1e-04,1.0,0.0,['O=C(C1CCCO1)N1CCC2(CCN2c2ncccn2)C1']
949,1e-04,1.0,0.0,['COc1ccc(OC)c(-c2nc(CN3CCC(C#N)CC3)c(C)o2)c1']
950,0.0003,0.35318807,1.255211353302002,"['CC(=O)Nc1sc2c(c1C(=O)Nc1cccc(C)c1)CCC2', 'Cn1nc2c(c1NC(=O)c1ccc(OC(F)(F)F)cc1)CCC2', 'Cn1nc2c(c1C(=O)Nc1ccccc1)CCCC2']"
951,1e-04,0.0,0.0,[]
952,1e-04,0.0,0.0,[]
953,1e-04,0.0,0.0,[]
954,1e-04,0.0,0.0,[]
955,1e-04,0.0,0.0,[]
956,0.0118,0.33006507,0.7027778029441833,"['CC1CCN(C(=O)C2CCN(C(=O)c3ccccn3)CC2)CC1', 'CC1CCN(C(=O)CN2CCOCC2C2CC2)CC1', 'CC1CCN(C(=O)NCCc2nccn2C(F)F)CC1', 'CC1CCCN(C(=O)COc2ccc(Cl)cc2C(N)=O)C1', 'CC1CCN(C(=O)CCc2nc(-c3cccnc3)no2)C(C)C1', 'CC1CCN(C(=O)COc2ncnc3ccccc23)CC1', 'CC1CCN(C(=O)c2cc(S(=O)(=O)N3CCCC3)cn2C)CC1', 'CC1CCN(C(=O)c2cccc(CN3CCCC3=O)c2)C(C)C1', 'CC1CCCN(S(=O)(=O)N2CCCC2c2cccs2)C1', 'CC1CCCN(C(=O)NCc2cccc(Cn3cccn3)c2)C1']"
957,0.0018,0.15563044,1.3331918716430664,"['Cc1ccc(=NS(=O)(=O)C2CS(=O)(=O)c3ccccc32)[nH]c1', 'CC1CCC(C)N(C(=O)NC2CCN(S(=O)(=O)C3CC3)CC2)C1', 'CC1CCN(C(=O)Cn2cnc(C#N)n2)c2ccccc2S1', 'CCc1noc(CC)c1CNC(=O)N1CCN(S(C)(=O)=O)CC1', 'Cc1ccc(NC(=O)C2CCNC(=O)C2)cc1S(C)(=O)=O', 'CCN(C(=O)C1C(C)(C)C1(C)C)c1ccccc1S(=O)(=O)CC', 'CCOC(=O)c1csc(=NC(=O)C2CC(=O)N(C(C)(C)C)C2)[nH]1', 'COc1ccccc1CNC(=O)C1COC(=O)N1Cc1cnc[nH]1', 'Cc1ccc(S(=O)(=O)N(C)C)cc1NC(=O)COC(=O)C1CC1', 'COc1ccc(F)cc1CCN1C(=O)C(C)CS1(=O)=O']"
958,1e-04,0.0,0.0,[]
959,1e-04,1.0,0.0,['CCc1cc(NCCNc2nc(C)cc(=O)[nH]2)n2nc(C)c(C)c2n1']
960,0.0992,0.41757742,0.3775881230831146,"['C=CCOCC12CCCOC1CCN(C(=O)c1ccco1)C2', 'COCCCOc1c(C(C)O)ccc2ccccc12', 'C=CCOCC1CCC2C1OCCN2C(=O)c1ccco1', 'O=C(OCn1nnc2ccccc2c1=O)C1(c2ccccc2)CC1', 'CC(=O)c1nc2cc(O)ccc2n1-c1ccccc1F', 'CC(O)Cn1c(NCCCO)nc2c1c(=O)[nH]c(=O)n2C', 'CSc1n[nH]c2ncnc(NCCn3cc(Cl)cn3)c12', 'O=C(CCc1c[nH]c2ccccc12)N1CCOCC1', 'O=C(NCc1cn2ccsc2n1)c1ccccc1Cl', 'O=C1CCC2CN(c3ncccc3Cl)CCC2N1CCCCO']"
961,0.0027,0.30233562,0.8353997468948364,"['Cn1ccsc1=NC(=O)CCCNC(=O)OCc1ccccc1', 'Cn1ccsc1=NC(=O)CNC(=O)c1cc(F)cc(F)c1', 'COc1cc(OC)c(OC)cc1CC1NCCNC1=O', 'Cc1cc(F)ccc1CCNC(=O)NCC(=O)Nc1cccc(F)c1', 'CNC(=O)c1ccccc1C#CCNC(=O)CCC(=O)c1ccccc1', 'COc1ccccc1CCNC(=O)Nc1ccc(F)cc1', 'N#CCn1nnc(CO)c1C=Cc1ccc(F)cc1', 'CCOc1ncccc1C(=O)OCC(=O)c1ccc(C)c(C)c1', 'CCCOc1ccc(C)cc1C(O)CCN1CCOCC1', 'Cc1ccccc1C(C#N)CCC(=O)NCc1cccnc1']"
962,1e-04,0.0,0.0,[]
963,1e-04,0.0,0.0,[]
964,1e-04,0.0,0.0,[]
965,0.0003,0.34327957,1.3322622776031494,"['Cc1ccc(-n2ncc3c2ncn2nc(C4CCCO4)nc32)cc1', 'Cc1ccc(-c2nccn3cc(C(=O)N4CCN(C)CC4)nc23)cc1', 'Fc1ccc(-c2ccnc3nc(C4CCCO4)nn23)cc1']"
966,0.0002,0.5,0.0,"['O=C(OC(C(=O)c1ccccc1)c1ccccc1)c1cccnc1', 'CC(=O)OC(C(=O)NC1CCCCC1)c1cccc(C)c1']"
967,0.0051,0.2943156,0.7014496922492981,"['COC(=O)C1=C(C)NC(=O)NC1c1cccc(C)c1', 'Cc1ccc(C2(Cc3ccccc3F)NC(N)=NC2=O)cc1C', 'COC(=O)C1=C(C)NC(=O)NC1c1ccsc1', 'COc1cc(OC)cc(C(C(C#N)C#N)C2NC(C)=NC2=O)c1', 'CCc1nc(NC(=O)CCC2Cc3ccccc3NC2=O)sc1C', 'Cc1n[nH]c(C(=O)NC2CCCNC2=O)c1Br', 'CCc1ccc(C2(Cc3ccc(C)o3)NC(N)=NC2=O)cc1', 'COc1ccc(C2NCCNC2=O)c(OC)c1C', 'NC1C(=O)NCC1c1ccccc1Br', 'CC(C)Oc1cccc(CNC2CCCNC2=O)c1']"
968,0.0002,0.5,0.0,"['Cc1nc2sc(=Cc3cccc(Cl)c3Cl)c(=O)n2n1', 'Cc1nc2sc(=Cc3ccc(Br)cc3)c(=O)n2n1']"
969,0.0014,0.49225017,0.5759860873222351,"['CC(Nc1ncnc2c1cnn2C)c1cccc(Br)c1', 'CC(Nc1c(F)cc(C#N)cc1F)c1ccccn1', 'CC(Nc1cc(S(N)(=O)=O)ccc1Cl)c1ccco1', 'CCC(Nc1ccc2cc[nH]c2n1)c1ccncc1', 'CC(Nc1cnn(C(C)(C)C)c1)C(=O)Nc1ccccc1C#N', 'CC(Nc1ncccn1)c1ccc(S(=O)(=O)N(C)C)cc1', 'CC(Nc1ccc2c(c1)CC(=O)N2)c1cc(F)ccc1F', 'CC(Nc1cccc(C(=O)NC2CC2)c1)c1nnc(-c2ccccc2)o1', 'CC(Nc1cnn(Cc2ccc(Cl)cc2)c1)C(=O)NC1CC1', 'CCC(Nc1cccc(OC)c1)C(=O)NCC1CCOCC1']"
970,0.1327,0.12749653,1.2349227666854858,"['CC1c2ccc3c(c2CN2CCc4cc5c(cc4C12)OCO5)OCO3', 'CCN1CC23CN(C(=O)c4ccccc4)CC(CC2S1(=O)=O)O3', 'COc1ccc2[nH]c3c(c2c1)CCN1C(=O)CNC(=O)C31C', 'Cc1ccc2cc3c(nc2c1)OC(=O)N(Cc1ccc(C)o1)C3', 'CCc1nc2cc3c(cc2n1Cc1cccc(C#N)c1)OCO3', 'COc1ccc2nc3c(nc2c1)C(=O)c1ccccc1-3', 'COc1cc2nc3c(c(N)c2cc1OC)CCCC3', 'COc1cc(OC)c2nc3n(c(=O)c2c1)CCCCC3', 'Cc1c(C)c2cc(Cl)c3c(c2oc1=O)CN(C1CC1)CO3', 'C=CCOC(=O)N1CCC23C=CC(O)CC2Oc2c(O)ccc(c23)C1']"
971,0.2574,0.16843988,0.6501249670982361,"['CCOCCCNc1ncnc2c1nc1n2CCCC1', 'CCC(=O)N1c2ccc(C(=O)C3CCCCN3)cc2CC1C', 'CN(C(=O)c1ccco1)c1nc2c(s1)CCc1c-2cnn1C', 'COc1ccccc1CNc1ncnc2c1cnn2-c1ccc(C)cc1', 'c1cc2c(cc1-c1noc(-c3cnc(C4CCCO4)s3)n1)CCO2', 'O=C(NCC1CCCO1)c1cc(N2CCCC2=O)ccc1Cl', 'c1nc2ccc(-c3noc(-c4cn(CC5CCCO5)nn4)n3)cc2[nH]1', 'CC(=O)N1CCCC1C1CCCN1c1nc2ccccc2s1', 'COc1cccc(C(=O)NCCN2c3ccccc3CC2C)c1F', 'CNc1cc(N2CCCC2CNc2ncnc3c2cnn3C)ncn1']"
972,1e-04,0.0,0.0,[]
973,0.0014,0.31011063,0.747719943523407,"['Cn1nnnc1-c1cccc(C(=O)Nc2ccc(-n3cccn3)cc2)c1', 'CCn1cnnc1-c1ccc(C(=O)Nc2ccc3c(c2)COC3)cc1', 'Cn1nnnc1SCC(=O)c1ccc2c(c1)Cc1ccccc1-2', 'Cn1nnnc1-c1cccc(C(=O)NCC(=O)N2CCCCC2)c1', 'Cn1nnnc1-c1cccc(NC(=O)CC2C=CCC2)c1', 'Cc1nnnn1-c1cc(NC(=O)NC2CCCCNC2=O)ccc1F', 'Cc1noc(C)c1COc1ccc(C(=O)NC(C#N)C(C)(C)C)cc1', 'CC(Cn1ccnc1)NC(=O)c1ccc2c(=O)n(C)c(=O)n(C)c2n1', 'Cn1cnnc1Sc1ccc(NC(=O)Cc2ccc(O)cc2)cc1', 'CCn1nnnc1-c1cccc(C(=O)NCCc2ccco2)c1']"
974,0.0045,0.37150595,0.6092547178268433,"['Cc1nc2cc(N)ccc2n1-c1ccc(Cl)cc1', 'OCc1nc2ccc(F)cc2n1-c1ccc(F)cc1', 'OCc1nc2cc(O)ccc2n1-c1cccc(F)c1', 'Cc1nc2cc(C(N)=O)ccc2n1-c1ccccc1', 'O=c1c2cc3ccc(O)cc3oc-2nn1-c1ccc(F)cc1F', 'Cc1nc2ccc(F)cc2n1-c1ccc(C#N)cc1', 'CC(O)c1nc2cc(O)ccc2n1-c1ccccc1', 'Cc1nc2cc(Cl)ccc2cc1C(=O)NC(C)C', 'N#Cc1nc2ccc(F)c(F)c2n1-c1ccccc1N', 'Cc1nc2c(c(=O)c3ccccc3n2C)c(=O)n1Cc1ccco1']"
975,1e-04,1.0,0.0,['Cc1cccc(C(=O)N=c2sc3ccccc3n2C)n1']
976,1e-04,0.0,0.0,[]
977,1e-04,0.0,0.0,[]
978,1e-04,0.0,0.0,[]
979,1e-04,0.0,0.0,[]
980,1e-04,0.0,0.0,[]
981,1e-04,0.0,0.0,[]
982,1e-04,0.0,0.0,[]
983,0.0091,0.3519321,0.7129599452018738,"['CC(=O)N1CCCC1C(=O)Nc1cccc2oc(C(F)(F)F)nc12', 'CC(=O)N1CCCC1C1CCCN1c1nc2ccccc2s1', 'COC(=O)C1CCCC1NC(=O)Cc1cccc(OCC#N)c1', 'COC(=O)C1CCCCN1C(=O)c1ccc2cc[nH]c2c1', 'C=CCOC1C=CC=CC1C(c1c(O)n[nH]c1C)c1c(O)n[nH]c1C', 'CC(=O)N1CCCC1C(=O)Nc1n[nH]c(N2CCCCC2)n1', 'CC(C)C1C(=O)NCCN1C(=O)c1ccc(Oc2cccnc2)cc1', 'CC(C)C1C(=O)NCCN1C(=O)c1ccc2cc[nH]c2c1', 'CCC1C(=O)NCCN1C(=O)C(C)CC1CCCC1', 'CCC1C(=O)NCCN1C(=O)CCn1nnc2ccccc2c1=O']"
984,0.0024,0.47457442,0.6733168363571167,"['COc1ccc2c(ccn2CC(=O)OCC2CCCCO2)c1', 'OCc1ccc2c(ccn2Cc2ccccc2F)c1', 'COc1ccc2c(ccn2CC(=O)N2CCCC2C(N)=O)c1', 'COc1ccc2c(ccn2CC(=O)Nc2ccc(OC)c(OC)c2)c1', 'COc1ccc2c(ccn2CC(=O)N2CCN(CC(C)O)CC2)c1', 'Cc1ccc2c(cnn2CCC(=O)Nc2c(C)nn(C(C)C)c2C)c1', 'CC(NC(=O)c1cnc2c(cnn2C(C)C)c1)c1ccc(F)cc1', 'CCOC1CCCN(C(=O)c2cnc3c(cnn3C3CCCC3)c2)C1', 'COc1ccccc1C(C)NC(=O)c1cnc2c(cnn2C(C)C)c1', 'COc1ccc2c(cnn2CCC(=O)NCc2nc3ccccc3[nH]2)c1']"
985,0.2947,0.14465822,1.0563898086547852,"['CNC(=O)C1CN(C(=O)C2Cc3ccccc3O2)c2ccccc2O1', 'Nc1cc2c(cc1OCC1CCCCO1)OCCO2', 'Cc1n[nH]c(C2CN(C(=O)CC3CCCO3)CCO2)n1', 'O=C(NCC1CCCO1)Nc1cccc(COCC2CCCCO2)c1', 'CC1CN(Cc2ccccc2)c2c(N)cccc2O1', 'CCC1CN(C(C)C(=O)Nc2ccccc2)c2cc(N)ccc2O1', 'COc1cc(NCC2CCCO2)nc(C2CCCO2)n1', 'CC1(C)CN(Cc2ccccc2)c2cc(N)ccc2O1', 'Clc1cc2c(cc1Cc1nc(C3CCOC3)no1)OCCO2', 'CC1CN(C(=O)Nc2ccc3c(c2)COC3)CC(c2ccsc2)O1']"
986,0.0144,0.46132883,0.6164530515670776,"['Cc1ccc(Cl)cc1N1CC(C(=O)OCC(N)=O)CC1=O', 'Cc1ccc(Cl)cc1N1CCN(C2CCOC2=O)CC1', 'Cc1ccc(F)cc1NC(=O)Nc1cnn(CC(=O)N(C)C)c1', 'Cc1ccc(Cl)cc1NC(=O)c1snnc1C', 'Cc1c(Cl)cccc1NC(=O)CC1CSc2ncc(C)c(=O)n21', 'Cc1ccc(F)cc1NC(=O)NC1CCCN(S(C)(=O)=O)C1', 'Cc1ccc(F)cc1NC(=O)CCC(=O)c1ccc2c(c1)OCCO2', 'Cc1ccc(Br)cc1NC(=O)C1CC2CCC1O2', 'Cc1ccc(F)cc1NC(=O)C(C)n1nnc(-c2ccccc2)n1', 'Cc1ccc(F)cc1NC(=O)c1snnc1C']"
987,0.4437,0.23498723,0.745266854763031,"['Fc1cccc(CNc2cncc(-n3cccn3)n2)c1', 'Cc1cccc(CNc2nccn(C3CC3)c2=O)c1', 'CCC(=O)Nc1cccc(C(=O)Oc2cccc(C(=O)NC)c2)c1', 'Cc1ccc(O)c(C(=O)Nc2cccc(C(=O)NC3CC3)c2)c1', 'Cc1ccc(Cl)c(OC(=O)c2ccnc(-n3cncn3)c2)c1', 'CC(O)c1cccc(OCCOc2cccc(C#N)c2)c1', 'CCOc1cccc(C(=O)Nc2cccc(C(=O)N3CCCC3)c2)c1', 'c1cncc(-c2nc3nccc(-c4ccsc4)n3n2)c1', 'Nc1cccc2ccnc(C(=O)NCC3CCCO3)c12', 'CC1CCCC(CO)(Nc2ccnc(C(N)=O)c2)C1']"
988,1e-04,0.0,0.0,[]
989,1e-04,0.0,0.0,[]
990,1e-04,0.0,0.0,[]
991,0.0065,0.2429204,0.8182381391525269,"['Nc1c(NCc2ccccc2Cl)ncnc1Nc1cccnc1', 'Nc1c(Nc2cccnc2)ncnc1Nc1nccs1', 'CCNc1ncnc(Nc2cccc3ncccc23)c1N', 'Nc1c(Nc2cccc3cccnc23)ncnc1N1CCCC1', 'Nc1ncnc(Nc2cccc(Br)c2)c1N', 'COc1ccccc1Nc1ncnc(Nc2ccc(C)cn2)c1N', 'CCNc1ncnc(Nc2ccc(Cl)cc2C)c1N', 'CCOc1ccc(Nc2ncnc(Nc3cccnc3)c2N)cc1', 'Cc1ccc(Nc2ncnc(N3CCOCC3)c2N)cc1Cl', 'c1cnc2c(Nc3ncnc4[nH]ncc34)cccc2c1']"
992,1e-04,0.0,0.0,[]
993,0.0004,0.49120903,0.5744704604148865,"['CCN1C(=O)C(C)(C)c2cc(NC(=O)c3ccco3)ccc21', 'CN1C(=O)C(C)(C)c2cc(-c3nccnc3C#N)ccc21', 'CC(=O)N1CC(C)(C)c2cc(S(=O)(=O)NCc3ccco3)ccc21', 'CCn1c(=O)n(CC)c2cc(N3CCC(C)CC3)c(N)cc21']"
994,0.0138,0.27549663,0.782964289188385,"['CC(C(=O)N1CCCc2ccccc21)n1cc(Br)cn1', 'CC(C(=O)N1CCCC1)N(c1cccc(Cl)c1)S(C)(=O)=O', 'CC(C(=O)NCc1cccc(F)c1)n1sc2ccccc2c1=O', 'CC(C(=O)NC1CC1)N(c1cccc(F)c1)S(C)(=O)=O', 'CC(C(=O)N(C)CC(=O)NCC1CCCO1)n1cccn1', 'CC(C(=O)Nc1ccc2c(c1)CCC2)n1cncn1', 'CC(C(=O)N1CCC(CS(N)(=O)=O)CC1)c1cccc(Cl)c1', 'CC(C(=O)N1CCC(C(N)=O)CC1)N1CCOC(c2ccccc2)C1', 'CC(C(=O)N1CCCCCC1)S(=O)(=O)c1ccccc1Cl', 'CCC(C(=O)NCc1n[nH]c2c1CCCC2)n1cnc2ccccc21']"
995,0.0062,0.35331905,0.6079587340354919,"['Cc1cccc(CN2CCc3ncnc(-c4ccsc4)c3CC2)n1', 'Cc1ccc(CN2CC3CC(C(=O)Nc4ccccc4)C(C2)O3)o1', 'Cc1nc(CN2CC3OCCN(Cc4c(C)noc4C)C3C2)cs1', 'COc1cc(N2CC3CN(c4cccnc4)C(=O)C3C2)ncn1', 'Cn1cc(N2CC3CN(C(=O)c4cccn4C)CC3C2=O)cn1', 'Cc1ccc(CN2CC3CC(C(=O)NCC(C)C)C(C2)O3)cc1', 'CCn1ncc(CN2CCc3nc4sccc4c(=O)n3CC2)c1C', 'c1ccc(CN2CCN3CC(Oc4cncnc4)CC3C2)nc1', 'Cc1ccc(CN2CC(c3ncc(-c4cccnc4)[nH]3)CC2=O)cc1', 'c1ccc(CN2CCOC3(CCN(c4ncccn4)CC3)C2)cc1']"
996,0.0062,0.39547879,0.5283620357513428,"['COc1ccc2c(c1)c(C(=O)Nc1ccn(C)n1)cn2C(C)C', 'COC(=O)CCN(C)S(=O)(=O)c1ccn(C)c1', 'COCC1CN(Cc2cccs2)Cc2cn(C)nc21', 'COCCn1ccc(NC(=O)c2cn(C)nc2-c2cccs2)n1', 'COCC1CN(S(=O)(=O)Cc2ccccc2)Cc2cn(C)nc21', 'COC(=O)C(CC(C)C)NS(=O)(=O)c1cn(C)c(C)n1', 'CC(Cc1ccc(C(C)C)cc1)NC(=O)NCc1ncn(C)n1', 'CC(C)Oc1cccc(C(=O)NCc2ncn(C)n2)n1', 'Cc1nc(NCc2cc(F)c(F)c(F)c2)sc1-c1ccn(C)n1', 'CCCOc1ccc(-c2csc(NC(=O)c3ccn(C)n3)n2)cc1']"
997,0.0014,0.5246766,0.29829710721969604,"['OCCC1(Nc2ncnc3c2oc2ccccc23)CCC1', 'N#CC1(NC(=O)CNc2cccc(C(=O)N3CCCC3)c2)CCCC1', 'N#CC1(c2ccccc2)CCC(=O)N1Cc1ccccc1', 'N#CC1(NC(=O)C2CC2c2ccc(OCc3ccccc3)cc2)CC1', 'COCC1(C(=O)N2CCC(C#N)(c3ccccc3)CC2)CCC1', 'N#CC1(NC(=O)Cn2c(-c3ccccn3)noc2=O)CCCCCC1', 'N#CC1(NC(=O)c2ccc(-n3ccc(C(F)(F)F)n3)cc2)CCCC1', 'N#CC1(C(=O)N2CCC(C(N)=O)CC2)CCCCC1', 'N#CC1(C(=O)Oc2ccc(Oc3ccccn3)cc2)CCCC1', 'N#CC1(NC(=O)CSc2nc(-c3cccs3)n[nH]2)CCCC1']"
998,1e-04,0.0,0.0,[]
999,1e-04,0.0,0.0,[]
1000,1e-04,0.0,0.0,[]
1001,0.002,0.34143656,0.774858295917511,"['CC(O)C(N)c1nc(-c2cc(F)ccc2O)cs1', 'N#Cc1ccc(CNCC(O)c2ccc(O)cc2)cc1', 'N#CC1CCCC1NCc1ccc(O)c(Cl)c1', 'CC(O)C(N)c1nc(-c2ccccc2Cl)cs1', 'Cc1nc(C(N)c2cncc(Br)c2)sc1C', 'CC(NCc1ccncc1)C(O)c1ccc(F)c(F)c1', 'CC(C)(CO)c1nc(-c2cc(N)ccc2F)cs1', 'Cc1ccc(-c2csc(C(N)C(C)O)n2)cc1C', 'CC(O)C(N)c1nc(-c2ccc(F)c(F)c2)cs1', 'O=C1NC(O)c2cc(Br)cc(Br)c2O1']"
1002,1e-04,1.0,0.0,['CC12CCC(C(=O)NCCN3CCOCC3)(OC1=O)C2(C)C']
1003,0.0032,0.39235687,0.6798589825630188,"['CCc1cc(NCC(O)c2ccccc2F)nc(-c2ccncc2)n1', 'COc1cc(CS(=O)(=O)c2ccccc2)nc(-c2ccccc2)n1', 'Cc1cc(NCC2CCCCO2)nc(-c2ccccc2O)n1', 'COc1cc(NCC2CCCO2)nc(C2CCCO2)n1', 'Cc1cc(SCc2ccc(C#N)cc2)nc(C)n1', 'Cc1cc(N2CCOCC2)nc(NCc2ccccc2)n1', 'Cc1cc(C(=O)NCc2ccco2)nc(N2CCCCCC2)n1', 'Cc1cc(-c2ccc(S(C)(=O)=O)cc2)nc(-c2ccccc2O)n1', 'Nc1nc(COC(=O)C2CC2)nc(Nc2ccccc2)n1', 'CCN(CC)c1cc(N2CCN(C(=O)c3nc[nH]n3)CC2)nc(N)n1']"
1004,1e-04,0.0,0.0,[]
1005,1e-04,0.0,0.0,[]
1006,1e-04,0.0,0.0,[]
1007,1e-04,0.0,0.0,[]
1008,0.0816,0.6200202,0.20864379405975342,"['Cc1cc(NC(=O)Cc2noc3c(N)cc(F)cc23)no1', 'CCn1ncc2c1NC(=O)CC2c1ccc(Sc2ncn[nH]2)o1', 'Cc1cn(C)nc1C(=O)Nc1nnc(-c2ccccc2Cl)o1', 'COc1ccccc1-c1nnc(NC(=O)c2cc(C)no2)o1', 'Cc1ccc(C(=O)OCC(=O)N2CCSc3ccccc32)s1', 'C=CCNc1ncc(C(=O)N2CCc3cccc(F)c3C2)s1', 'O=C(CSc1ccc(F)cc1)Nc1nnc(-c2ccsc2)o1', 'CN(C)C(=O)C1CCC2C(CCN2Cc2cnn(C)c2)O1', 'Cc1cc(C(=O)NC2CCCN(c3cccnc3)C2=O)no1', 'CCOC(=O)c1cnc(N2CCN(Cc3ccccn3)CC2)s1']"
1009,1e-04,0.0,0.0,[]
1010,0.0241,0.29874688,0.6757847666740417,"['O=c1nncc(N2CCN(C(c3ccccc3)c3ccccc3)CC2)[nH]1', 'COC(=O)c1cc(CN2CCN(c3cnn(C)c3)C(=O)C2)c[nH]1', 'Cc1cc(=O)c(C(=O)N2CCn3cccc3C2c2ccccc2)c[nH]1', 'Cc1cc(=O)cc(C2CCCN(C(=O)c3cccc(F)c3)C2)[nH]1', 'O=C(NC(c1ccccc1)c1ccncc1)c1cc2cc(F)ccc2[nH]1', 'CC(=O)c1c(SC(C)C(=O)Nc2ccc(F)cc2)nc(=O)[nH]c1C', 'Cc1cc(NC(=O)Cc2ccc(NC(=O)CC(C)(C)C)cc2)[nH]n1', 'CCN(CC(=O)NC(C)(C)C)C(=O)NCCc1nc2ccccc2[nH]1', 'O=C1CN(C(=O)c2cccc(-c3ccoc3)c2)C2CCCCC2N1', 'Cc1ccc(C(=O)NCc2ccnc(Oc3ccccc3)c2)c(=O)[nH]1']"
1011,1e-04,0.0,0.0,[]
1012,0.0005,0.42340702,0.6119329333305359,"['c1cc2c(cc1-c1noc(-c3cnc(C4CCCO4)s3)n1)CCO2', 'Clc1cc2c(cc1Cc1nc(C3CCOC3)no1)OCCO2', 'COc1cc2c(cc1-c1c(C#N)c(N)nc3c1CCCC3)OCCO2', 'COc1nc2c(cc1CNC(=O)C1CC1)C(=O)N(C1CCCC1)C2', 'Cc1cc2c(cc1-c1ncnc(C)c1N)OCCO2']"
1013,0.0002,0.5,0.0,"['O=C1OCCC1Sc1n[nH]c(=O)n1CCc1ccccc1', 'O=C1NCCN(C(=O)c2ccc(Cl)c(F)c2)C1Cc1ccccc1']"
1014,0.0004,0.5967487,0.23484031856060028,"['CCCCCNS(=O)(=O)c1cc2c3c(c1)CC(=O)N3CCC2', 'CN(CCC#N)S(=O)(=O)c1cc2c3c(c1)CCN3C(=O)CC2', 'CCC(C)(C)NS(=O)(=O)c1cc2c3c(c1)CCN3C(=O)CC2', 'Fc1cc2c(c(F)c1Cl)CCNC2c1cncnc1']"
1015,1e-04,0.0,0.0,[]
1016,0.0095,0.33640772,0.6512809991836548,"['O=C(CCC(=O)Oc1ccc(Cl)cc1)Nc1nccs1', 'COc1ccc(CNC(=O)Oc2ccccc2)cc1', 'CCC(CC)N(CCO)C(=O)Oc1ccccc1', 'N#CC1(C(=O)Oc2ccc(Oc3ccccn3)cc2)CCCC1', 'COC(=O)CCC(=O)Oc1ccc(C(C)=O)cc1', 'CCOC(C)C(=O)Oc1ccc(C)cc1Br', 'CCOC(C)C(=O)Oc1ccc(C(C)C)c(C)c1', 'NC(=O)CSc1ccccc1C(=O)Oc1ccc(Cl)cc1', 'CCCn1nc(C(=O)Oc2ccc(C)cc2)ccc1=O', 'COCCOc1ccc(S(=O)(=O)Oc2ccccc2F)cc1']"
1017,1e-04,0.0,0.0,[]
1018,1e-04,1.0,0.0,['O=C(Cc1cccc(F)c1)NCC(=O)OCC1CC1(Cl)Cl']
1019,0.0007,0.5189008,0.5845436453819275,"['COC(=O)C(C)Sc1nc2c(cc1C#N)CCCC2', 'CC(C)c1nc(CN(C)c2nc3c(cc2C#N)CCCC3)no1', 'Cc1nnc(NC(=O)Cn2nc3c(cc2=O)CCCCC3)s1', 'COCCn1c2c(ccc1=O)CCN(C(=O)Cc1ccsc1)CC2', 'Nc1nc2c(cc1C(=O)N1CCc3ccccc31)CCC2', 'COc1cc(C#N)ccc1OCCn1nnnc1C(C)(C)C', 'COc1nc2c(cc1CNC(=O)C1CC1)C(=O)N(C1CCCC1)C2']"
1020,1e-04,0.0,0.0,[]
1021,1e-04,0.0,0.0,[]
1022,0.0016,0.45991307,0.6764482259750366,"['Cc1ccc(Br)cc1NC(=O)C1CC2CCC1O2', 'O=C(NCCCNc1ncccn1)C1CC2CCC1O2', 'O=C(Nc1ncc(Cc2ccccc2F)s1)C1CC2CCC1O2', 'O=C(CCNC(=O)C1CC2CCC1O2)NC1CCCC1', 'O=C(Nc1ccc(OCC2CCOCC2)cc1)C1CC2CCC1O2', 'Cc1nccn1Cc1cccc(CNC(=O)C2CC3CCC2O3)c1', 'O=C(C1CC2CCC1O2)N1CCC(c2nc3ccccc3o2)CC1', 'Cc1cccc(N2CCN(C(=O)C3CC4CCC3O4)CC2)c1', 'COc1ccc(Cl)cc1-c1cc(NC(=O)C2CC3CCC2O3)[nH]n1', 'O=C(NC1CC2CCC1O2)c1cccc(OCC(F)F)n1']"
1023,0.116,0.35356694,0.4282468557357788,"['CNC(=O)c1c[nH]c2ncc(Br)cc12', 'O=C(Cc1ccc[nH]1)NCc1nc2ccccc2s1', 'O=C(CSc1cn[nH]n1)N1CCOC(c2ccc(F)cc2)C1', 'Cc1cc(-c2n[nH]c3cc(N)ccc23)c(O)cc1Cl', 'O=C1OC(c2c[nH]c3ccccc3c2=O)c2ccccc21', 'COC(=O)c1c[nH]c(CNC(=O)OCc2ccccc2)n1', 'Cn1c(=O)c2[nH]c(C3CCCCC3)nc2n(C)c1=O', 'COC(=O)c1n[nH]c2ccc(NC(=O)c3ccc(C)o3)cc12', 'O=C(NCc1cc[nH]n1)N(Cc1ccccc1F)C1CCC1', 'CCc1cc(=O)[nH]c(N2CCN(C(C)=O)CC2)n1']"
1024,0.0132,0.32488152,0.7345578670501709,"['C#CCN(C(=O)c1cnn(-c2ccncc2)c1C)C1CCCC1', 'CC(C)N(C(=O)CSc1nnnn1C1CCCC1)c1cccnc1', 'CCN(C(=O)CCc1c(C)nn(C)c1C)c1cccc2ccccc12', 'CCN(C(=O)c1ccnc(SC)c1)C(C)C(C)C', 'CCN(C(=O)Cn1c(NCCO)nc2ccccc21)C1CCCCC1', 'CC(C)CN(C(=O)c1c[nH]c2cccc(F)c12)C1CC1', 'N#CCCN(C(=O)Cn1nnc(-c2ccsc2)n1)c1ccccc1', 'CCOC(=O)CN(C(=O)c1ccc(-c2nc(C)no2)cc1)C1CC1', 'NC(=O)CN(C(=O)Cc1cccc(C(F)(F)F)c1)C1CCCC1', 'CC(C)N(C(=O)COCc1ccccc1Cl)C1CCOCC1']"
1025,1e-04,0.0,0.0,[]
1026,1e-04,0.0,0.0,[]
1027,1e-04,0.0,0.0,[]
1028,1e-04,1.0,0.0,['O=C(OCC1OC(n2ccc(=O)[nH]c2=O)CC1O)Oc1ccccc1']
1029,1e-04,0.0,0.0,[]
1030,1e-04,0.0,0.0,[]
1031,1e-04,0.0,0.0,[]
1032,1e-04,1.0,0.0,['CC(NC(=O)C(C)(C)C)C(=O)OC(C)C(=O)c1c[nH]c2ccccc12']
1033,1e-04,0.0,0.0,[]
1034,0.0002,0.5,0.0,"['COc1ccc(CC2C(=O)Nc3ccccc32)cc1Cl', 'CCOC(=O)C1=C(c2csc(NCC3CCCO3)n2)C(C)=NC1C']"
1035,1e-04,0.0,0.0,[]
1036,0.001,0.4144269,0.6896900534629822,"['O=C(COc1cccc2c1CCC2=O)C1=NC=CC1', 'O=C(CC1C=CCC1)NCCNc1nnnn1-c1ccccc1', 'O=C(CC1C=CCC1)NCCCc1nc2ccccc2[nH]1', 'CC(=O)Nc1ccc(CC(=O)OCC(=O)C2=NC=CC2)cc1', 'CCn1c(SCC(=O)C2=NC=CC2)nnc1-c1ccc(Cl)cc1', 'CCCOc1ccc2cc(C(=O)C3=NC=CC3)oc2c1', 'O=C(CC1C=CCC1)Nc1cccc(OCc2ccccn2)c1', 'CN(C)C(=O)c1cccc(OC(=O)CC2C=CCC2)c1', 'O=C(OCc1nnc(-c2ccc(Cl)cc2)o1)C1CC=CC1', 'O=C(CC1C=CCC1)Nc1ccc(N2CCCCC2)nc1']"
1037,0.0003,0.54439133,0.31764546036720276,"['COc1cc2c(c(OC)c1OC)CCNC2C1CC(=O)C1', 'Cc1ccc2c(c1)OCCN2CC1CCCN(S(C)(=O)=O)C1', 'CC(=O)N1C=Cc2ccccc2C1CC(=O)Nc1ccc(C(N)=O)cc1']"
1038,1e-04,1.0,0.0,['CCOC(=O)CNc1nnnn1C1OC(CO)C(O)C1O']
1039,0.0029,0.2880331,0.7224107384681702,"['Cc1cc(CC(C)n2cc(-c3ccc4ccccc4n3)nn2)[nH]n1', 'Cc1ccc(OCC(C)CN2CCOCC2)c(N)c1', 'CCC1CN(C(=O)C(C)Cc2cccc(F)c2)CC1N1CCOCC1', 'Cc1cccc(C(C)(C)CNC(=O)Nc2nncs2)c1', 'COc1ccc(C(C)(CO)Cc2cccs2)cc1OC', 'COc1ccc(CC(C)CNC(=O)Nc2cccnn2)cc1', 'Cc1ccc(OCCC(C)N2CCOCC2)c(N)c1', 'CCC1C(=O)NCCN1C(=O)C(C)CC1CCCC1', 'Cc1ccc(OCC(O)CN2CCOCC2)c(C(C)(C)C)c1', 'Cc1ccc(OCc2cccc(C(=O)N3CCOCC3C)c2)cn1']"
1040,1e-04,0.0,0.0,[]
1041,0.0017,0.36988488,0.7259474396705627,"['Clc1cccc(-n2ncc3c2ncn2cnnc32)c1', 'N#CCCn1ncc2c(N3CCCC(CO)C3)ncnc21', 'Cc1ccc(Cn2nnc3c(NC4CC4)nc(C)nc32)cc1', 'CC(=O)NCCn1ncc2c(NCCc3ccccc3)ncnc21', 'Cn1c(-c2cccc(N)c2)nc2cc(Cl)cnc21', 'Cc1cc(C)nc(-n2ncc3c2ncn2nc(C(C)C)nc32)n1', 'Cn1ncc2c(=O)n(Cc3ccccc3Br)cnc21', 'CCCCC(=O)NCCCn1ccc2cccnc21', 'c1cnn(CCCNc2nc3nonc3nc2N2CCCCC2)c1', 'CC(Sc1ncnc2ccsc12)c1nc(N)nc(N(C)C)n1']"
1042,1e-04,0.0,0.0,[]
1043,0.0012,0.50780135,0.5252159833908081,"['Oc1cc2c(cc1F)CCNC2c1ccncc1Cl', 'Cc1cc2c(cc1-c1ncnc(C)c1N)OCCO2', 'Nc1cc2c(cc1SCc1ccccc1)NC(=O)C2', 'Nc1cc2c(cc1OCC1CCCCO1)OCCO2', 'Cc1cc2c(nc1C)oc1c(=O)n(Cc3ccc(F)cc3)cnc12', 'Nc1cc2c(cc1Sc1ccccn1)OCCO2', 'Fc1cc2c(c(F)c1Cl)CCNC2c1cncnc1', 'Clc1cc2c(cc1Cc1nc(C3CCOC3)no1)OCCO2', 'Nc1nc2c(cc1C(=O)N1CCc3ccccc31)CCC2', 'Fc1ccc2c(c1F)C(CNCc1ccccc1)NCC2']"
1044,1e-04,0.0,0.0,[]
1045,1e-04,0.0,0.0,[]
1046,1e-04,0.0,0.0,[]
1047,1e-04,0.0,0.0,[]
1048,1e-04,0.0,0.0,[]
1049,0.007,0.3798206,0.5960505604743958,"['Clc1ccc(Cl)c(CNc2cnns2)c1', 'Clc1cc(Cl)cc(CNCCc2nccs2)c1', 'Fc1ccc(F)c(NCCCN2CCOCC2)c1', 'Cc1ccc(F)c(S(=O)(=O)N(CCC#N)CCC(F)(F)F)c1', 'Nc1ccc(Cl)c(C(=O)NCCc2cccs2)c1', 'Cc1ccc(F)c(C(=O)N(CC(N)=O)CC(C)C)c1', 'Nc1ccc(F)c(NC(=O)CN2CCOCC2)c1', 'Cc1ncc(Cl)c(C(=O)OCCOc2ccccc2)n1', 'CNc1ccc(Cl)c(C(=O)NCCCC(C)C)n1', 'Cc1ccc(Cl)c(OC(=O)c2ccnc(-n3cncn3)c2)c1']"
1050,0.261,0.116413474,1.0214579105377197,"['CCCOC(=O)c1cc(-c2c(O)cc(O)cc2O)nn1CCO', 'COC(=O)c1c(O)cc(O)cc1CCc1ccc(O)cc1', 'C#CCC(N)c1nc(-c2ccc(O)cc2O)cs1', 'Oc1cc(O)c2c(c1)C(C(O)c1ccccc1F)NCC2', 'COCC(C)c1nc(-c2ccc(O)cc2O)cs1', 'Cc1ccc(C(O)C2NCCc3c2ccc(F)c3O)cc1', 'Oc1ccc(CCC2NCCc3c2ccc(F)c3O)cc1', 'COc1cc2c(c(O)c1OC)c(=O)c1cccc(O)c1n2C', 'N#Cc1ccc(CNCC(O)c2ccc(O)cc2)cc1', 'Oc1ccc(C=CC2NCCc3cc(O)ccc32)cc1']"
1051,1e-04,1.0,0.0,['NC(=O)Nc1ccc(NC(=O)CSc2nc3ccccc3o2)cc1']
1052,1e-04,0.0,0.0,[]
1053,1e-04,0.0,0.0,[]
1054,1e-04,1.0,0.0,['COC1CCCOC12CCN(C(=O)c1cc3ncccn3n1)CC2']
1055,1e-04,0.0,0.0,[]
1056,1e-04,0.0,0.0,[]
1057,1e-04,0.0,0.0,[]
1058,1e-04,0.0,0.0,[]
1059,1e-04,0.0,0.0,[]
1060,0.0295,0.29445708,0.5089395046234131,"['CC1c2ccc3c(c2CN2CCc4cc5c(cc4C12)OCO5)OCO3', 'c1cncc(-c2nnc3sc(-c4c[nH]c5ccccc45)nn23)c1', 'c1nc2ccc(-c3noc(-c4cn(CC5CCCO5)nn4)n3)cc2[nH]1', 'Nc1ccc(NC(=O)C23CC4CC(CC(C4)C2)C3)nc1', 'c1ccc(C2(CNc3nn4c(nc5ccccc54)[nH]3)CC2)cc1', 'O=C1CN(C(=O)CNC(=O)CC23CC4CC(CC(C4)C2)C3)CCN1', 'N#Cc1cnn2cc(-c3cc(NC4CCCC4)nc4[nH]ccc34)cnc12', 'Cc1noc(CNC(=O)C23CC4CC(CC(C4)C2)C3)n1', 'c1ccc(-c2nn3c(Cn4nnc5ccccc54)nnc3s2)nc1', 'c1ccc2nc(N3CCC(c4nnc5n4CCC5)CC3)cnc2c1']"
1061,1e-04,0.0,0.0,[]
1062,0.3708,0.20205942,0.6936599612236023,"['Cn1cc(CS(=O)c2nc3cc(N)ccc3o2)cn1', 'CCc1ncc(C(=O)N2CC(n3nc(C)cc3C)C2)cn1', 'Cn1cc(C(O)CNC(=O)Nc2cc(-n3cccc3)ccc2F)cn1', 'COc1ncc(C(F)(F)F)cc1Br', 'Cc1nc(CSc2nnc(SCC(N)=O)s2)cs1', 'COc1ncccc1CNc1ccnc(C(N)=O)c1', 'Cn1cc(C2CCCCCN2C(=O)c2nn(C)cc2Cl)cn1', 'Cc1c(Cl)cccc1NC(=O)CCn1cccc1', 'O=C(NCC1CC1)C1CC2(CCCN(c3ncccn3)C2)CO1', 'CC(O)CN(C)C(=O)C12CC3CC(CC(C3)C1)C2']"
1063,0.0036,0.38547814,0.578866183757782,"['CCOC(=O)c1nc2ccccc2c(Cl)c1N', 'Oc1ccccc1SCc1cn2ccccc2n1', 'CCC1CCCCC1Oc1nc2sccn2c1CO', 'OCCC1CCCCN1c1nc2ccccc2s1', 'OCCOCCNc1cc(Cl)c2cc[nH]c2n1', 'COCCSc1nc2ccccc2n1C(F)F', 'COCCCNC(=O)c1nc2ccccc2c(=O)n1N', 'CCN(CC)c1nc2ccc(C)cc2cc1CCC#N', 'COCCNC(=O)c1nc2ccccc2c(=O)n1CCOC', 'CC(=O)c1[nH]c2c(C)cccc2c1Br']"
1064,1e-04,0.0,0.0,[]
1065,1e-04,0.0,0.0,[]
1066,1e-04,0.0,0.0,[]
1067,1e-04,0.0,0.0,[]
1068,0.4943,0.160203,0.7787386775016785,"['Cc1c(C)c(C)c(S(=O)(=O)N(C)CC(=O)NC2CC2)c(C)c1C', 'Cc1cc(C)c(OCCC(=O)NCCO)c(C)c1', 'Cc1cc(C)c(C)c(S(=O)(=O)N(CCC#N)CC2CC2)c1C', 'Cc1cc(C)c(C)c(S(=O)(=O)Nc2ccncc2)c1C', 'Cc1cc(C)c(C(=O)Nc2nnc(C)s2)c(C)c1', 'Cc1cc(C)c(S(=O)(=O)N2CCCC2CO)c(C)c1', 'Cc1cc(C)c(N2CC(c3nc(C)no3)CC2=O)c(C)c1', 'Cc1cc(C)c(C)c(OCC(=O)Nc2nncs2)c1', 'Cc1cc(C)c(CNC(=O)c2ccc(C)n2C)c(C)c1', 'Cc1nn(CCc2cc(C)n(C(C)C)c2C)c(C)c1N']"
1069,1e-04,0.0,0.0,[]
1070,1e-04,0.0,0.0,[]
1071,1e-04,1.0,0.0,['c1ccc(-c2nc3cccnc3nc2-c2ccccn2)nc1']
1072,0.7076,0.26101184,0.5758538246154785,"['Cc1cc(C)nc(-n2ncc3c2ncn2nc(C(C)C)nc32)n1', 'CCCc1nnc2sc(-c3c(C)nc4ncccn34)nn12', 'CC(c1nc2c3cnn(C)c3ncn2n1)n1cc(Br)cn1', 'CCCCc1c(C)nc2nc(SCc3nccc(N)n3)nn2c1C', 'CCNc1nc(OC)nc(-n2cnc(SC)n2)n1', 'Cc1cc(C)n2nc(Cc3nc(-c4ccncc4)no3)nc2n1', 'Cc1cc(-c2nnc3sc(-c4cn(C)nc4C)nn23)n(C)n1', 'CCCCc1nnc(SCc2nc(C)c3ccccc3n2)n1N', 'CCCc1nnnn1Cc1nc(C)c2ccccc2n1', 'CC(C)c1noc(C(C)Sc2ncnc3nc[nH]c23)n1']"
1073,0.0003,0.6384067,0.06260224431753159,"['CCCCOC(=O)C1=C(C)NC2(O)c3ccccc3C(=O)C12O', 'CC12CN(C(=O)C3CCCC3)CC1NC(=O)c1ccccc1C2=O', 'Cc1nc(CC(=O)N2CCC3(CC2)c2ccccc2CC3O)cs1']"
1074,0.005,0.3305756,0.7593742609024048,"['CC(C)(C)OC(=O)N1CCCC(N2CCOCC2)C1', 'CC(C)(C)OC(=O)N1CCC2(CCCNC2=O)CC1', 'CC(C)(C)OC(=O)N1CCCC(CSc2ncccn2)C1', 'CC(C)(C)OC(=O)N1CCC2Nc3sccc3C2C1', 'CC(C)(C)OC(=O)N1CCC(O)(c2ccccn2)CC1', 'CC(C)(C)OC(=O)N1CCC(C(=O)N2CCOCC2)CC1', 'CC(C)(C)OC(=O)N1CCc2ncc(C(F)(F)F)cc2C1', 'CC(C)(C)OC(=O)N1CCCC(C(=O)NCc2ccccc2)C1', 'CC(C)(C)OC(=O)N1CCCC1COC(F)(F)F', 'CCCC(C#N)C(=O)N1CCN(C2CCCC2)CC1']"
1075,0.0002,0.5,0.0,"['COC(=O)c1c(O)cc(O)cc1CCc1ccc(O)cc1', 'O=S1(=O)c2ccc(O)cc2CC1c1ccccc1']"
1076,1e-04,1.0,0.0,['N#CCCC(C#N)CN1CCN(c2nccs2)CC1']
1077,1e-04,0.0,0.0,[]
1078,1e-04,1.0,0.0,['c1ccc(C2(CNc3nn4c(nc5ccccc54)[nH]3)CC2)cc1']
1079,0.0029,0.2734239,0.9440047144889832,"['Cc1c(C)n(-c2ccccn2)c2ncnc(NCc3ccccn3)c12', 'CCOC(=O)c1c(C)n(C)c2cc(Br)c(O)cc12', 'COCCNc1c(C)c(C)nc2c(-c3ccccc3)c(C)nn12', 'CCOC(=O)c1c(C)oc2nc(C)nc(NCc3ccccc3)c12', 'CCc1c(C)nc2cc(-c3ccoc3C)nn2c1NCCOC', 'COC(=O)c1c(C)nc(C)c2c(=O)n(-c3cccnc3)ccc12', 'CCC(=O)Nc1c(C)nn(Cc2ccccc2)c1C', 'CCOC(=O)c1noc2ncnc(Nc3cccc(C)c3C)c12', 'CCn1c(CN)cc(=O)n2nc(-c3ccccc3)cc12', 'CCCNc1c(C#N)cnc2ccc(OCC)cc12']"
1080,0.0471,0.31685027,0.5481887459754944,"['CCC1CCCCC1Oc1nc2sccn2c1CO', 'CS(=O)(=O)N1CCCCC1c1cc2ccccc2[nH]1', 'COCc1cc(CN(C)C(=O)C2CCCCO2)n[nH]1', 'CN(Cc1ccc(O)cc1)C(=O)C1CCCCN1S(C)(=O)=O', 'CCCCCCNC(=O)C(N)c1cccc(O)c1', 'CS(=O)(=O)N1CCc2c(cccc2NCc2cccc(F)c2)C1', 'CCOc1ccccc1NC(=O)NC1CCCC(O)C1', 'COc1ccc2c(c1)OCC(Cc1cnc(-n3cnnc3)c(C)c1)C2', 'Nc1cc(Cl)ccc1NC(=O)C1Cc2ccccc2O1', 'Nc1cccc(CCC(=O)NCC2CCCCO2)c1']"
1081,1e-04,0.0,0.0,[]
1082,0.0014,0.22751287,1.3350598812103271,"['Cc1ccc(OCCCCO)c(Br)c1', 'Cn1c(SCCCC#N)nnc1-c1ccncc1', 'Cc1cc2c(SCCOC(C)C)ncnc2s1', 'Cc1cc(NCCOCCO)n2ncc(-c3ccc(F)cc3)c2n1', 'OCCCn1nc(CO)cc1-c1cccc(Cl)c1', 'Nc1c(NC2CCCC2)ncnc1-n1nnc2ccccc21', 'Cc1nnc(SCCCO)n1Cc1ccccc1', 'COc1cc(CNC(C)=O)ccc1OCc1cccnc1', 'CC(=O)Nc1sc(SCC#N)nc1-c1ccccc1', 'O=C(NCCn1cc(Br)cn1)c1ccccc1Cl']"
1083,1e-04,0.0,0.0,[]
1084,0.0002,0.5,0.0,"['Cc1cc(S(=O)OC(C)C)c2nc(C)ccc2c1', 'Nc1ccc(S(=O)Nc2cccc(Cl)c2)cc1']"
1085,1e-04,0.0,0.0,[]
1086,1e-04,0.0,0.0,[]
1087,1e-04,0.0,0.0,[]
1088,1e-04,0.0,0.0,[]
1089,0.0023,0.4401919,0.5467626452445984,"['CC(Sc1nnc(-c2ccco2)n1C)C(=O)N(C)C1CCCCC1', 'CC(Sc1ncc(-c2ccccc2)n1C)C(=O)NC1CCCC1', 'CC(Sc1nc2ccccc2c(=O)n1C1CC1)C(=O)N(C)C', 'CC(Sc1nnc(CO)n1C1CC1)C(=O)N(C)C1CCCCC1', 'CC(Sc1n[nH]c(N)n1)C(=O)Nc1cc(Cl)ccc1Cl', 'CC(Sc1nc2ccccc2o1)C(=O)N(C)CC(=O)NC1CC1', 'CC(Sc1nc2ccccc2n1C)C(=O)NCc1ccc(F)cc1', 'CC(Sc1nc(C(C)C)n[nH]1)C(=O)c1ccc(F)cc1', 'CC(Sc1nnc(C2CCCCC2)o1)C(=O)OC(C)(C)C', 'CC(Sc1nc(C(C)C)n[nH]1)C(=O)c1ccc(F)c(F)c1']"
1090,1e-04,1.0,0.0,['CCOC(=O)c1sc(S(C)=O)c2c1CCc1conc1-2']
1091,1e-04,0.0,0.0,[]
1092,1e-04,0.0,0.0,[]
1093,0.0033,0.263916,0.9336310625076294,"['COCCCOc1c(C(C)O)ccc2ccccc12', 'C#CCCOc1ccc(CNc2ncccn2)cc1', 'CCOC(=O)COc1ccc(CO)cc1Br', 'CC(C)COc1ccc(C(C)O)cc1OCC(C)C', 'COCC(C)NC(=O)COc1cc(N)ccc1C', 'COCCNC(=O)COc1ccc(C(C)C)c(C)c1', 'C#CCOc1ccccc1CN1CCN(C(=O)CC)CC1', 'COC(=O)COc1cc2c(Cl)c(C#N)cnc2cc1OC', 'CCOC(C)C(=O)Oc1ccc(C)cc1Br', 'C=CCOc1ccc(CN2CCOC(C#N)C2)cc1Cl']"
1094,0.5344,0.24667498,0.6507280468940735,"['O=C(c1ccccn1)N1CCCC2(CCN(c3cccnc3)CC2)C1', 'Cc1cccc(NC(=O)C2CCN(C(=O)c3ccccc3C)CC2)n1', 'Cc1ccc(N2CCC3(CC2)CCN(c2ncccn2)CC3)nn1', 'Cc1ccc(C(=O)c2ccccc2C(=O)NCc2ccccn2)cc1', 'O=C(c1csc(-c2cccs2)n1)N1CCCC(n2cccn2)C1', 'Cc1cccc(NC(=O)c2cnc(-c3cccnc3)nc2N)n1', 'O=C(c1ccc(-n2cccn2)cc1)N1CCCC1c1cccs1', 'O=C(NCc1ccccn1)C1CCN(c2ccccc2)CC1', 'O=C(OC(c1ccccc1)c1ccccn1)C1CCOCC1', 'O=C(c1cccnc1)N1CCCCC1c1nc2ccccc2s1']"
1095,0.0015,0.26172256,1.0260227918624878,"['CNC(=O)CSc1nnc2c3ccccc3ccn12', 'O=c1c2cc3ccccc3cc2ncn1CC(O)c1ccccc1F', 'Cn1cccc1C=c1sc2nc3ccccc3n2c1=O', 'O=c1[nH]ccc2ccc(-n3ncc4cccnc43)cc12', 'Fc1ccc(C2NCCc3cc4[nH]ccc4cc32)nc1', 'COc1cccc(OCc2nc3c4cn[nH]c4ncn3n2)c1', 'O=c1c2cnc3ccnn3c2ccn1CCC1=CCCCC1', 'Cc1nn(C(=O)c2ccccc2)c2nc3ccccc3nc12', 'O=c1c2nnc3c(-c4ccccc4)cnn3c2ncn1C1CC1', 'Nc1cccn2cc(-c3ccc4c(c3)OCO4)nc12']"
1096,1e-04,0.0,0.0,[]
1097,1e-04,0.0,0.0,[]
1098,0.0256,0.4037603,0.4778512716293335,"['N#Cc1ccc(C2NCCc3c(O)ccc(F)c32)cc1', 'N#CC1CCCC1NCc1ccc(O)c(Cl)c1', 'COc1cc(COC(C)=O)c(O)c2c1CCCC2', 'Cc1nnc(CN(C)Cc2cc(O)ccc2Br)n1C', 'CCCCC(=O)NCc1ccnc(OC2CCC2)c1', 'COCCN1Cc2cc(Cl)ccc2OCC1=O', 'Oc1cccc(CNc2ccccc2OC(F)F)c1', 'COCc1cc(N)c2c(Cl)c(OC)cc(OC)c2n1', 'CCOC(=O)c1ccc(Br)c(OC)c1', 'O=c1c(-c2ccccc2)c(O)n(O)c2ccccc12']"
1099,0.1637,0.4507246,0.3998710513114929,"['O=c1[nH]ccc2ccc(-n3ncc4cccnc43)cc12', 'Fc1ccc(Cn2c3ccccc3c3nn4cnnc4nc32)cc1', 'O=C(CC1COCC2CN(C(=O)c3ccoc3)CC12)NCC1CC1', 'Cc1cc(N)c2c(c1)C(=O)CC(c1ccncc1)O2', 'Cc1cccc2nc(CSc3cccc4cccnc34)cn12', 'COc1cccc2c(=O)n(CCN3CCOCC3)cnc12', 'CCCN(CCc1ccccc1)c1ncnc2oc(C)nc12', 'O=C(c1cc(-c2csc(NC3CCCC3)n2)c[nH]1)N1CCCC1', 'C=CCNC(=O)c1ccc(-c2cnc3ccccc3c2)o1', 'Nc1cccn2cc(-c3ccc4c(c3)OCO4)nc12']"
1100,0.0002,0.5,0.0,"['N#Cc1cccnc1NCCNC(=O)N1CC2CC3CC(C2)CC1C3', 'O=C1OC2CC3CC2C1C3C(=O)N1CCN(c2ccccc2F)CC1']"
1101,1e-04,0.0,0.0,[]
1102,1e-04,0.0,0.0,[]
1103,0.0015,0.2523321,0.9531910419464111,"['Cc1ccc(-c2noc(C3CC34CCCCC4)n2)nn1', 'CN(CCN1CCOCC1)C(=O)C1CC12CCCc1ccccc12', 'C=CCOCC12CCCOC1CCN(C(=O)c1ccco1)C2', 'COCC12CCCOC1CCN(C(=O)c1ccoc1C)C2', 'C=CCOCC1CCC2C1OCCN2C(=O)c1ccco1', 'Cn1ncc2c1C(COCC1CC1)N(Cc1nccs1)CC2', 'CCn1ncc2c1C(COCC1CC1)N(C(=O)c1ccco1)CC2', 'COCCN1C(=O)CCC12CCC(NC(=O)c1c(C)noc1C)CC2', 'COC1C2CCC1N(C(=O)c1sc3ccccc3c1C)CCO2', 'C=CCOC1C2CCC1N(S(=O)(=O)c1ccccc1)CCO2']"
1104,1e-04,0.0,0.0,[]
1105,1e-04,1.0,0.0,['CC(C)(C)OC(=O)C(N)Cc1ccc(CO)cc1']
1106,1e-04,0.0,0.0,[]
1107,1e-04,0.0,0.0,[]
1108,1e-04,1.0,0.0,['Cn1ccc(C(=O)N2CCC3(CCOCC3COCC3CC3)CC2)n1']
1109,1e-04,0.0,0.0,[]
1110,1e-04,0.0,0.0,[]
1111,1e-04,0.0,0.0,[]
1112,1e-04,0.0,0.0,[]
1113,1e-04,0.0,0.0,[]
1114,1e-04,0.0,0.0,[]
1115,1e-04,0.0,0.0,[]
1116,1e-04,0.0,0.0,[]
1117,1e-04,0.0,0.0,[]
1118,0.003,0.40823424,0.5038354396820068,"['O=C(NCCCOCc1ccccc1)C1COc2ccccc2C1', 'Cn1ccc(C(=O)N2CCC3(CCOCC3COCC3CC3)CC2)n1', 'O=C(CCCOCC1CCOCC1)c1ccccc1', 'O=C(C1CC1)N1CCC(CCOCc2cccc(F)c2)CC1', 'CC1CN(CCOc2ccccc2)CCN1CC(O)c1ccccc1', 'O=C(OC(c1ccccc1)c1ccccn1)C1CCOCC1', 'Fc1ccc2nc(COC3CN(Cc4ccccc4)CC3F)[nH]c2c1', 'c1ccc(Cn2cc3c(n2)C(CNCc2ccncc2)OCC3)nc1', 'O=C1c2cccnc2CN1CCOCc1ccc(Cl)cc1', 'O=C(C1CC1C1CC1)N1CCC(OCc2ccccc2F)CC1']"
1119,1e-04,0.0,0.0,[]
1120,1e-04,1.0,0.0,['CC1=CC(C)C2(CO)COC(c3ccco3)C1C2C']
1121,1e-04,0.0,0.0,[]
1122,1e-04,0.0,0.0,[]
1123,1e-04,0.0,0.0,[]
1124,1e-04,0.0,0.0,[]
1125,0.3144,0.20446634,0.681190550327301,"['COc1cc(OC)cc(C(C(C#N)C#N)C2NC(C)=NC2=O)c1', 'COc1cccc(C(O)c2cc(C)c3c(c2)C(C)C(=O)N3)c1', 'COC(=O)C(C)CN(C)C(=O)c1ccc(-c2cscn2)cc1', 'CC(C)NC(=O)N(C)c1ccc(OCc2ccc(C(N)=O)cc2)cc1', 'COC(=O)CCCN(C)C(=O)c1ccc(C)c(NC(C)=O)c1', 'CCCc1cc(=O)[nH]c2nnc(SC(C)C(=O)OCC)n12', 'CCCc1c(C)nc2ncnn2c1Sc1ccc(NC(C)=O)cc1', 'CC(Sc1nnc(CO)n1C1CC1)C(=O)N(C)C1CCCCC1', 'CC(NCc1ccncc1)C(O)c1ccc(F)c(F)c1', 'CC1=NC(CN(C)c2nncc(-c3cccc4ccccc34)n2)N=C1']"
1126,1e-04,0.0,0.0,[]
1127,0.0261,0.42865798,0.4615263044834137,"['CC(C)CN1C(=O)C2(OCCCO2)c2cc(Cl)ccc21', 'CC(C)CN(Cc1cccc(O)c1)CC(F)(F)F', 'Nc1ccc(-c2nnc3c(OCCCO)cccn23)cc1', 'O=C(CCc1ccccc1F)OCc1ccccn1', 'CCCc1nc2cc(OC)c(OC)cc2n1CCO', 'COC(=O)c1c(O)cc(O)cc1CCc1ccc(O)cc1', 'CCN(Cc1ccc2c(c1)OCO2)CC(F)(F)F', 'Nc1ncnc(Nc2cccc(Br)c2)c1N', 'CC(C)(C)c1cn2nc(Oc3cncc(C(N)=O)c3)sc2n1', 'O=c1ccnc(Cc2ccc(Br)cc2)[nH]1']"
1128,0.004,0.3522872,0.6447352766990662,"['O=C1Cn2ncnc2-c2cc(Br)ccc2N1', 'O=C1NCCCCC1NC(=O)N1CCCC1C1CCCCC1', 'Cc1cccc(CN2CCc3ncnc(-c4ccsc4)c3CC2)n1', 'O=C(c1c[nH]cn1)N1CCC2OCCN(Cc3ccncc3)C2CC1', 'O=C(C1CCOCC1)N1CCc2ncnc(-c3ccccc3)c2CC1', 'O=C(COCC1CC2OCCN(Cc3ccco3)C2C1)N1CCCC1', 'CC1CCN(C)c2ccccc2N1C(=O)CCSc1ccccn1', 'O=C(Cn1cc2ccccc2n1)NC1CC2C(=O)NCC(=O)N2C1', 'COc1ccccc1C(=O)NC1CC2C(=O)NC(C(C)O)C(=O)N2C1', 'O=C1CCN(c2nc3c(s2)C(O)CCC3)CCN1']"
1129,1e-04,0.0,0.0,[]
1130,0.0041,0.24242647,0.8520002365112305,"['CCCc1c(C)nc(N2CCN(Cc3ccccc3)CC2)[nH]c1=O', 'CCc1c(C)nc(SCC(=O)N2CCCCCC2)[nH]c1=O', 'Cc1cc(CC2COCC2NC(=O)Cc2c(C)nc(C)[nH]c2=O)on1', 'CCCCCC(C)NC(=O)Nc1cc(C(F)(F)F)c[nH]c1=O', 'Cc1c(C)n2c(SCC(=O)NCc3ccccc3)nnc2[nH]c1=O', 'CCCn1c(SCc2ncc(-c3cccs3)o2)n[nH]c1=O', 'CCc1ccc(C(C)NC(=O)Cc2c(C)nc(C)[nH]c2=O)cc1', 'Cc1nn2c(NC(=O)Nc3ccccc3)csc2nc1=O', 'Cc1ccc(F)c(NC(=O)CCc2c(C)nc(C)[nH]c2=O)c1', 'CC#Cc1cn(C2OC(CO)C(O)C2OC)c(=O)[nH]c1=O']"
1131,0.0835,0.526756,0.28107038140296936,"['CCCn1c(SCc2cc(=O)oc3c(C)c(C)ccc23)n[nH]c1=O', 'CCCCNC(=O)n1c(=O)[nH]c2cc(Cl)ccc21', 'Cc1nnc(SCc2cc(=O)n3c(n2)SCC3)s1', 'COC(=O)c1cc2c(=O)[nH]c(N3CCCCC3)nc2nc1C', 'CC(=O)OCCc1sc(=O)n(Cc2cnc(C)nc2N)c1C', 'CCCNc1nnc(SCC(=O)c2ccccc2F)s1', 'O=C(Nc1ccc2oc(=O)ccc2c1)c1ccc[nH]c1=O', 'COc1ccc(Nc2nc(=O)cn[nH]2)cc1Cl', 'CC(C)c1[nH]ncc1C(=O)OCCN1CCOC1=O', 'O=C(Nc1ccc2oc(=O)[nH]c2c1)c1cccc(Nc2cnccn2)c1']"
1132,0.0099,0.24622133,0.621444582939148,"['CC(C)C1C(=O)NCCN1C(=O)NCC1CN2CCCCC2CO1', 'CN(CCOCC1CC1)C(=O)NC1CCN(c2ccccc2)C1=O', 'O=C(CN1CCN(CC(=O)NC2CCCC2)CC1)NC1CCCC1', 'O=C(CN1CCN(CC(=O)NC2CC2)CC1)NC1CC1', 'CCC(C)C(C)NC(=O)N1CCC(CC(=O)N2CCCC2)CC1', 'CCCNC(=O)CCC(=O)N1CCC(N2CCCC2=O)CC1', 'CCOC(CC)C(=O)N1CCC(CC(=O)N2CCCC2)CC1', 'CC(C)(C#N)C(=O)NC1CCN(c2cccc(F)c2)CC1', 'CC(C)CNC(=O)C1CCN(C(=O)NC2CC2)CC1', 'Cc1ccc(C(=O)NC2CC2)cc1NC(=O)NC1(CCO)CCC1']"
1133,1e-04,1.0,0.0,['Cc1nc2cc(=O)[nH]n2c(C)c1CC(=O)OCC1CC=CCC1C']
1134,1e-04,0.0,0.0,[]
1135,0.4128,0.24130304,0.6591498255729675,"['COc1ccc(C)nc1NC(=O)c1ccc(-n2nc(C)cc2C)nc1', 'COc1cc(C#N)cc(Cl)c1OCC(=O)N1CC(C)CC(C)C1', 'C=C(C)COc1cc(CN2CCN(C(=O)CC)CC2)ccc1OC', 'CC(=O)c1cc(Cl)ccc1OCC(=O)Nc1cc(C)nn1C', 'COc1ccc(Cl)cc1NC(=O)Cn1nc(C(F)(F)F)cc1C', 'COc1ccc(NC(=O)c2cccc(C)c2O)cc1N1CCCC1=O', 'CCn1nc(C)cc1C(=O)Nc1nnc(-c2sc(C)nc2C)o1', 'CCCOc1c(Br)cc(C(=O)NC2CC2)cc1OC', 'COc1ccc(S(=O)(=O)n2nc(C)c(Cl)c2C)cc1OC', 'CCOc1cc(C#N)ccc1OCC(=O)Nc1cccc2cccnc12']"
1136,0.0132,0.40082815,0.5543382167816162,"['N#Cc1ccc(SC2CCc3ccccc32)nc1', 'CCSc1nnc(SCC(=O)c2ccccc2)s1', 'COc1ccc(CSc2cc(C)nn2C)cc1N', 'CCSc1nnc(SC(C)C(=O)N(C)CCC#N)s1', 'CC(C)(O)CSc1nnc(NCc2ccco2)s1', 'Cc1ccccc1CSc1nnc(C2CC2)n1CC(N)=O', 'Nc1ccccc1SCC(=O)Nc1ccc(Br)cc1', 'COc1ccnc(Sc2nnnn2C2CC2)n1', 'CCCNc1nnc(SCC(=O)c2ccccc2F)s1', 'CN1CCc2nc(SCC(N)=O)c(C#N)cc2C1']"
1137,1e-04,0.0,0.0,[]
1138,1e-04,0.0,0.0,[]
1139,1e-04,0.0,0.0,[]
1140,0.0003,0.4264804,0.7964602112770081,"['Cc1ccc(-n2ncc3c2ncn2nc(C4CCCO4)nc32)cc1', 'Cc1cc(C)nc(-n2ncc3c2ncn2nc(C(C)C)nc32)n1', 'Clc1cccc(-n2ncc3c2ncn2cnnc32)c1']"
1141,0.0103,0.34206465,0.6965959072113037,"['Cn1ccnc1C(O)(CCNC(=O)c1cccnc1)C(F)(F)F', 'COC(=O)C(O)(c1cc(C)c2cccnc2c1O)C(F)(F)F', 'COc1ncccc1CNC(=O)CC(c1ccccc1)C(F)(F)F', 'O=C1C(Sc2nc(-c3cccnc3)n[nH]2)CCN1CC(F)(F)F', 'C=CCOC(=O)c1cnn(-c2ccc(OC)nn2)c1C(F)(F)F', 'CCCNC(=O)c1cnn(-c2ccc(Cl)cc2)c1C(F)(F)F', 'COC(=O)CNC(=O)c1cnc2ccccc2c1C(F)(F)F', 'N#Cc1ccc(NC(=O)NC2CCC(O)CC2)cc1C(F)(F)F', 'O=C1Nc2cc(O)ccc2OC1Cc1ccccc1C(F)(F)F', 'Nc1cc(S(=O)(=O)N2CCCC2)ccc1OCC(F)(F)F']"
1142,1e-04,0.0,0.0,[]
1143,0.0008,0.4463894,0.4964706301689148,"['Cc1ccc(N2CCC3(CC2)CCN(c2ncccn2)CC3)nn1', 'Cc1nccc(CN2CC3CC(C2)c2cccc(=O)n2C3)n1', 'c1cncc(N2CCCC3(C2)CN(C2CCOCC2)CCO3)c1', 'Cc1ccc(C(=O)N2CCC3(CC2)CC(Oc2cccnc2)C3)cc1', 'c1cnc(OCC2CCC3C2OCCN3Cc2ccco2)nc1', 'Cc1ccc(N2CCC3(CC2)CC(c2ccccc2)C(=O)N3)nn1', 'CCc1cnc(N2CCC3C2CCC(=O)N3c2ccccc2)nc1', 'Cc1noc(CNC(=O)C23CC4CC(CC(C4)C2)C3)n1']"
1144,0.2806,0.2221912,0.6740438342094421,"['Cc1ccccc1C(C(=O)N(C)Cc1c(C)nn(C)c1C)N(C)C', 'CCCCc1nc(-c2cc(-c3c(C)n[nH]c3C)nc(N)c2C#N)c[nH]1', 'Fc1ccc2c(c1)C(c1ccc3[nH]nnc3c1)NCC2', 'CCNc1nnc(-c2cc3c(n(CC)c2=O)CCCC3)s1', 'Cn1c(=O)c2c(nc(C3CCCCC3)n2C)n(C)c1=O', 'Cc1cc(-c2nnc3sc(-c4cn(C)nc4C)nn23)n(C)n1', 'CSc1cccc(NC(=O)c2cc(-c3c(C)nn(C)c3C)n[nH]2)c1', 'O=c1cc(-c2ccncc2)nc(Nc2ccccc2)[nH]1', 'c1csc(C2CSc3nnc(C4CCCCC4)n3N2)c1', 'Cc1nnc(Sc2nc3c([nH]2)c(=O)n(C)c(=O)n3C)n1N']"
1145,1e-04,1.0,0.0,['COCC(=O)N1CC(c2ccccc2)OC(c2ccc(F)cc2)C1']
1146,0.0015,0.6092772,0.3890913724899292,"['COCc1nnc2n1N=C(c1ccc(Cl)cc1)CS2', 'COc1ccc(-c2nnc(SCc3cc(C)on3)n2N)cc1OC', 'CCCCc1nnc(SCc2nc(C)c3ccccc3n2)n1N', 'O=c1c2ccccc2nnn1CSc1nnnn1C1CCCC1', 'O=c1c2ccccc2nnn1CSc1nncs1', 'N#CCSc1nnc(COc2ccc(F)cc2)n1N', 'Cc1nc2sc(=Cc3cccc(Cl)c3Cl)c(=O)n2n1', 'Cc1nc2sc(=Cc3ccc(Br)cc3)c(=O)n2n1', 'Nn1c(SCc2nc3ccccc3[nH]2)nnc1-c1ccc(F)cc1', 'CCCCc1nnc(SCC(=O)Nc2ccc(Cl)cc2)n1N']"
1147,1e-04,0.0,0.0,[]
1148,1e-04,0.0,0.0,[]
1149,1e-04,0.0,0.0,[]
1150,1e-04,0.0,0.0,[]
1151,1e-04,0.0,0.0,[]
1152,1e-04,0.0,0.0,[]
1153,1e-04,0.0,0.0,[]
1154,1e-04,0.0,0.0,[]
1155,1e-04,0.0,0.0,[]
1156,0.0008,0.39247698,0.7760504484176636,"['OCCC1(Nc2ncnc3c2oc2ccccc23)CCC1', 'O=C(CCNC(=O)N1CCn2c1nc1ccccc12)NC1CC1', 'COc1ccc(C2CC(=O)Oc3c2c(=O)[nH]c2ccccc32)cc1', 'COc1ccc(C2CC(=O)Oc3c2c(=O)oc2ccccc32)cc1', 'Oc1ccc(CCC2NCCc3c2ccc(F)c3O)cc1', 'O=c1cc(CNc2ncnc3c2oc2ccccc23)c2ccccc2[nH]1', 'COc1ccc(CCC(=O)NC2CCCc3c2cnn3C)cc1', 'COCCC(=O)N1CCCCC1c1nnc2n1CCN(C)C2']"
1157,0.0019,0.1776884,1.2408753633499146,"['Cc1nonc1CC(=O)N1CCCC(CO)(CCc2ccccc2)C1', 'Nc1cc(N2CCC(CO)(CCOc3ccccc3)CC2)nc(N)n1', 'O=C(COc1ccc(F)cc1)N1CC2COCC2(COCC2CC2)C1', 'CCOc1cc(Cl)ccc1CNC(=O)N1CCCC(CO)C1', 'O=C(CCn1cccn1)N1CCCC(CCc2ccc(F)c(F)c2)C1', 'O=C(c1ccccc1Oc1ccccc1)N1CCCC(O)(CO)C1', 'CCNC(=O)N1CCOC(CN(CCOC)C(=O)c2ccco2)C1', 'O=C(c1ccco1)N1CC2CCCC2(COCc2cccnc2)C1', 'CC#CC(=O)N1CC(=O)N(C(C)C)CC(OCc2ccc(F)cc2)C1', 'O=C(c1ccc[nH]c1=O)N1CCCC(CCc2ccc(F)cc2)C1']"
1158,1e-04,0.0,0.0,[]
1159,1e-04,0.0,0.0,[]
1160,0.0003,0.64619076,0.04481231048703194,"['COc1c(C)cnc(CNC(=O)c2cnc3onc(C)c3c2)c1C', 'COc1c(C)cnc(CNS(=O)(=O)c2ccc(F)c(F)c2)c1C', 'COc1nc(C)nc(NC2CCCCC2C)c1N']"
1161,1e-04,0.0,0.0,[]
1162,0.0002,0.5,0.0,"['Cc1ccccc1CN1CC2CC(C(=O)N(C)C)C(C1)O2', 'COc1ccc(C(=O)C2C3C(=O)C4OCC(O4)C23)cc1']"
1163,0.0011,0.2921851,1.144343376159668,"['O=C(C1CC1)N1CCc2c(ncnc2NCc2cnc3ccccn23)C1', 'O=C1CCCN1CCC(=O)N1CCOC(CCCc2ccccc2)C1', 'O=C1NCCCCC1NC(=O)N1CCCC1C1CCCCC1', 'O=C1OCCN1c1cccc(NC(=O)N(Cc2ccco2)C2CC2)c1', 'O=C1CCCN1Cc1nnc2n1CCN(C(=O)c1ccnnc1)CC2', 'O=C(CNC(=O)NCCNC(=O)c1ccccc1Cl)NC1CC1', 'CSc1ccccc1NC(=O)c1cnc(N)nc1C(F)(F)F', 'O=C(NCCn1cccn1)C1COC(=O)N1Cc1cccnc1', 'Nc1nccnc1C(=O)OC(C(=O)N1CCCCC1)c1ccccc1', 'O=C1CCCN1c1cccc(NCc2ccccc2OC(F)F)c1']"
1164,1e-04,0.0,0.0,[]
1165,1e-04,0.0,0.0,[]
1166,0.0701,0.35826364,0.6424704790115356,"['CCCCC(C(=O)OC)n1cnc2c1c(=O)n(C)c(=O)n2C', 'Cc1c(C2CC2)n[nH]c1NC(=O)CCCc1ccc2[nH]c(=O)[nH]c2c1', 'CC(C)c1ccc(-c2nc(-c3cccnn3)no2)c(=O)[nH]1', 'CCc1cc(C(=O)N2CCC(C)(O)C(O)C2)cc(=O)[nH]1', 'Cc1c(Cl)cccc1NC(=O)CC1CSc2ncc(C)c(=O)n21', 'CC(CN1CCOCC1)NC(=O)c1ccc2c(=O)[nH]c(=O)n(C)c2n1', 'CCOC(=O)Cc1c(C(F)(F)F)nc2ccccn2c1=O', 'CCCC(C)c1nnc(NC(=O)c2nc3ccccc3[nH]c2=O)s1', 'Cc1ccc(C(=O)N(C)Cc2nc3ccccc3s2)c(=O)[nH]1', 'CCN(CC(F)(F)F)C(=O)c1cnc2ccccn2c1=O']"
1167,1e-04,0.0,0.0,[]
1168,1e-04,1.0,0.0,['CC(=O)NC1=NC(=O)C2=NCN(COCCO)C2=N1']
1169,0.0027,0.19330756,0.9612361788749695,"['CCNc1nc(OC)nc(-n2cnc(SC)n2)n1', 'CN(C)c1nc(Oc2ccc(OCC(N)=O)cc2)nc(N(C)C)n1', 'CN(C)c1nc(N)nc(CSc2cc(C#N)ccn2)n1', 'CCCc1nc(NCc2cccnc2)cc(OCC)n1', 'COc1cc(OC)nc(NC(=O)c2cccs2)n1', 'CCNc1nc(SCCn2cccn2)nc2ccccc12', 'Cn1ncc2c(NCCO)nc(N3CCCCC3)nc21', 'Cc1nnc(SCCNc2cc(C3CC3)ncn2)s1', 'CCCOC(=O)c1sc2nc(COC)nc(OC)c2c1C', 'CC(C)n1c(N)nnc1SCc1nnnn1C1CC1']"
1170,1e-04,0.0,0.0,[]
1171,0.015,0.3287,0.6174677610397339,"['COc1ccc(CNCCc2nc(C)cs2)cc1OC', 'COCCCn1c(SCc2nc(C)c(C)s2)n[nH]c1=O', 'CCC(C)N(Cc1nc(C)no1)Cc1nc(C)no1', 'CCOc1cc(F)ccc1NCc1nc(C)cs1', 'CCC(CC)C(=O)N1CCN(Cc2nc(C)cs2)CC1', 'COc1ccc(C(=O)N(Cc2nnc(C)o2)C(C)(C)C)cc1', 'C=CCc1ccc(OCC(=O)Nc2nnc(C)s2)c(OC)c1', 'COc1ccc(C(=O)N2CCCCC2c2nc(C)cs2)cc1OC', 'CCN(C)S(=O)(=O)c1c(C)nn(Cc2nc(C)cs2)c1C', 'COc1ccc(CN2CC(C(=O)Nc3nc(C)cs3)CC2=O)cc1']"
1172,0.0009,0.45479578,0.5833576321601868,"['Cc1ncc(NC(=O)C2CC2)n1-c1nc(-c2ccc(F)cc2)cs1', 'Cc1ccc(-c2ncco2)cc1NC(=O)c1cc(F)cc2[nH]cnc12', 'Cc1ccc(-c2ncco2)cc1NC(=O)NC1CCCC2OCCC12', 'CCc1onc(C)c1NC(=O)c1cc(-c2ccc(C)cc2)no1', 'O=c1cc(C2CCC2)ncn1Cc1noc(-c2ccc(Cl)cc2)n1', 'Cc1cc(C(=O)N2CCOCC2)ccc1NC(=O)NCc1ncc[nH]1', 'Cc1ccc(C(=O)NC2CC2)cc1NC(=O)NC1(CCO)CCC1', 'COC(=O)c1ccc(C(F)(F)F)cc1NCc1nc(C2CC2)no1', 'Cc1nn(-c2ccccc2)c(C)c1NC(=O)Nc1cccc2[nH]ccc12']"
1173,0.0002,0.5,0.0,"['CC(C)OC(=O)C1C(=O)CC(C)(O)CC1c1ccccc1', 'O=C1CC(=O)CC(c2ccccc2C(F)(F)F)C1']"
1174,1e-04,0.0,0.0,[]
1175,0.0004,0.49358317,0.57315593957901,"['COc1ccc2nc(C(F)(F)Cl)c(C#N)c(N)c2c1', 'Cc1oc2c(C(=O)OCCN3CCOCC3)cccc2c(=O)c1C', 'CCNC(=O)Cn1nc(C)n2nc(-c3ccc(OC)cc3)cc2c1=O', 'CC(Oc1ccccc1Cl)C(=O)N1CCN(CCC#N)CC1']"
1176,1e-04,0.0,0.0,[]
1177,0.0023,0.25994214,1.1371307373046875,"['CC(C)C1OCCC1CNC(=O)c1cn(C)nc1C(C)(C)C', 'CC1OCCC1NC(=O)NCc1ccc(Br)cc1F', 'CC1OCCC1C(=O)Nc1ccc(CN2CCOCC2)c(Cl)c1', 'CC1OCCC1C(=O)N1CCC(C(=O)Nc2cccc(F)c2)CC1', 'Cc1ccc(C2OCCCC2NC(=O)NCc2ncnn2C)cc1', 'Cn1cc(C(=O)N2CCC(Oc3ccccn3)C3OCCC32)cn1', 'COc1ccc2c(cnn2CCC(=O)NCc2nc3ccccc3[nH]2)c1', 'CC(OCC1CC1)C(=O)Nc1cc(-n2cnnn2)ccc1Cl', 'CCc1onc(C)c1NC(=O)N1CCC2OCCCC2C1', 'CC(OCC1CC1)C(=O)Nc1ccc(-c2nccs2)cc1']"
1178,1e-04,0.0,0.0,[]
1179,1e-04,0.0,0.0,[]
1180,0.0047,0.4629748,0.6881126761436462,"['Cc1ccc(S(=O)CCOc2ccccc2)cc1', 'CS(=O)c1ccc(CN2CCc3ccccc3CC2)cc1', 'CC(=O)Nc1ccc(S(=O)CCc2ccccc2Cl)cc1', 'CS(=O)c1ccccc1NC(=O)CC1OCCc2ccccc21', 'CCOc1ccccc1NS(=O)c1ccc(N)cc1', 'CS(=O)c1ccc(C(=O)OCCCc2ccncc2)cc1', 'CCCCN1C(=O)C(C)S(=O)c2ccc(N)cc21', 'N#CCCCCS(=O)c1nc2ccc(N)cc2o1', 'CS(=O)c1ccc(CNc2cccc3c2OCCO3)cc1', 'Cn1cc(CS(=O)c2nc3cc(N)ccc3o2)cn1']"
1181,1e-04,0.0,0.0,[]
1182,1e-04,0.0,0.0,[]
1183,1e-04,0.0,0.0,[]
1184,1e-04,0.0,0.0,[]
1185,1e-04,0.0,0.0,[]
1186,1e-04,1.0,0.0,['Cn1cc(C(=O)N2CCCCC2)c2nn(-c3ccccc3)c(=O)c-2c1']
1187,0.0084,0.34638187,0.5481394529342651,"['Cc1ncc(Cl)c(C(=O)OCCOc2ccccc2)n1', 'COc1ccc(CCn2ncc(Cl)c(Cl)c2=O)cc1', 'CC(C)NC(=O)CN(C)c1ccc(Cl)c(C#N)n1', 'CC(C)(NC(=O)c1cc(Cl)c[nH]1)c1cccc(F)c1', 'CCOC(=O)c1c(Cl)c(C)nc2sccc12', 'CC1CCC(CO)(Nc2ncc(Cl)cc2Cl)CC1', 'Cc1cc(CN2CCN(c3ccc(Cl)cn3)CC2)no1', 'CCOCCCNC(=O)c1nc(C(C)C)ncc1Cl', 'O=C(Nc1ccc(-c2csnn2)cc1)c1cc(Cl)c[nH]1', 'CNc1ccc(Cl)c(C(=O)NCCCC(C)C)n1']"
1188,1e-04,0.0,0.0,[]
1189,1e-04,0.0,0.0,[]
1190,1e-04,0.0,0.0,[]
1191,1e-04,0.0,0.0,[]
1192,1e-04,0.0,0.0,[]
1193,0.0004,0.39450037,0.877045750617981,"['COc1ccc2[nH]c3c(c2c1)CCN1C(=O)CNC(=O)C31C', 'O=C(COc1ccc2oc3c(c2c1)CCCC3)NCC1CCCO1', 'Cc1nn(-c2ccccc2)c(C)c1NC(=O)Nc1cccc2[nH]ccc12', 'CC(=O)N1CCCC(=O)c2ccc3c(c21)OC(C)C3']"
1194,1e-04,0.0,0.0,[]
1195,1e-04,1.0,0.0,['FC1(F)CCN(Cc2ccsc2)CC12CCN(c1cccnc1)C2']
1196,1e-04,0.0,0.0,[]
1197,1e-04,0.0,0.0,[]
1198,0.0103,0.42258877,0.5808911323547363,"['Cc1cc(OCc2cccc(C#N)c2)ccc1NC(=O)c1ccncc1', 'Cc1ccc(S(=O)(=O)N2CCCCC2)cc1NC(=O)c1ccoc1', 'Cc1ccc(N2CCCS2(=O)=O)cc1NC(=O)c1ccncc1', 'Cc1cc(C(=O)N2CCOCC2)ccc1NC(=O)NCc1ncc[nH]1', 'Cc1ccc(C(=O)NC2CC2)cc1NC(=O)N(C)Cc1ccncc1', 'Cc1ccc(C(=O)NC2CC2)cc1NC(=O)NC1(CCO)CCC1', 'Cc1ccc(C(=O)NC(C2CC2)C2CC2)cc1NS(C)(=O)=O', 'COc1ccc(S(=O)(=O)NC2CC2)cc1NC(=O)c1ccc[nH]1', 'Cc1cc(C(=O)NC2CCCC2)ccc1NC(=O)N(CCO)C1CC1', 'COc1ccc(-c2ccc(=O)[nH]n2)cc1S(=O)(=O)NC1CCCC1']"
1199,1e-04,0.0,0.0,[]
1200,1e-04,0.0,0.0,[]
1201,1e-04,0.0,0.0,[]
1202,0.0006,0.49265552,0.5826244950294495,"['O=C(Cn1cnnn1)Nc1cc(-c2cc(Cl)cc(Cl)c2)[nH]n1', 'Cn1cnnc1Cc1cccc(Br)c1', 'Cc1ccc(OCCCCO)c(Br)c1', 'O=C(Nc1ccccc1Br)NC1c2ccccc2CC1O', 'Brc1ccc(N2CCOc3ccccc3C2)nc1', 'Cn1cnnc1Cc1ccc(Br)cc1']"
1203,1e-04,0.0,0.0,[]
1204,0.1489,0.38060147,0.5230956077575684,"['CCNC(=O)c1oc2c(c1C)-c1nn(CC)cc1CC2', 'CC12CCC(C(=O)Nc3ccc4c(c3)OCO4)(CC1O)C2(C)C', 'O=C(c1coc(CN2CCOCC2)c1)N1CC2CC=CCC2C1', 'COc1ccccc1C(CNC(=O)c1cccnc1SC)OC', 'CCc1ncc2c(n1)CN(C(=O)Cn1nc(C)c(CC)c1C)C2', 'Cc1nc(NC(=O)c2ccnn2C)sc1C(=O)N(C)C', 'Nc1cc(Cc2nc(-c3cccnc3)cs2)ccc1OCCO', 'Cc1cccc(C)c1NC(=O)CNCc1cccc2c1OCO2', 'CCOc1ccc(NC(=O)c2cccc3c2C(=O)N(CC)C3)cc1', 'COC(=O)CN(C(=O)c1cc(SC)ccc1Cl)C(C)C']"
1205,1e-04,0.0,0.0,[]
1206,0.001,0.5330983,0.49341893196105957,"['O=c1c2sccc2ncn1Cc1cc(Br)ccc1F', 'O=c1c2ccccc2nnn1Cc1cccc(Br)c1', 'O=c1c2ccccc2nnn1CSc1nncs1', 'O=c1c2ccccc2ncn1Cc1cc(Cl)c2c(c1)OCCCO2', 'O=c1c2ccc(F)cc2ncn1Cc1cc(Cl)c2c(c1)OCCO2', 'O=c1c2ccccc2nnn1CSc1nnnn1C1CCCC1', 'O=c1c2ccccc2n(CCO)c(=O)n1C1CCCCC1', 'O=c1c2ccccc2c(-c2cccs2)nn1Cc1ccon1', 'O=c1c2cc3ccccc3cc2ncn1CC(O)c1ccccc1F', 'O=c1c2cnc3ccnn3c2ccn1CCC1=CCCCC1']"
1207,1e-04,0.0,0.0,[]
1208,1e-04,0.0,0.0,[]
1209,1e-04,0.0,0.0,[]
1210,1e-04,0.0,0.0,[]
1211,0.0039,0.26066718,0.887984037399292,"['O=c1nncc(N2CCN(C(c3ccccc3)c3ccccc3)CC2)[nH]1', 'Cc1noc(CNC(c2cccs2)c2cccs2)n1', 'Cc1noc(COCC(=O)NC(c2ccccc2)c2ccncc2)n1', 'Cc1nc(COC(=O)C(O)(c2ccccc2)c2ccccc2)cs1', 'CCc1nc(Cn2cnc3c(nnn3-c3ccccc3)c2=O)cs1', 'COc1ccc(C(=O)N(Cc2ccccc2)c2ccccc2)nn1', 'COCCN1CCN(C(=O)NC(c2ccccc2)C(C)(C)C)CC1=O', 'CCOC1CCCN(c2nc3c(cnn3C(C)(C)C)c(=O)[nH]2)C1', 'CCCOCC(=O)NC(c1cccs1)c1cccs1', 'O=C(NC(c1ccccc1)c1ccncc1)c1cc2cc(F)ccc2[nH]1']"
1212,1e-04,0.0,0.0,[]
1213,1e-04,0.0,0.0,[]
1214,0.003,0.3491559,0.7180619835853577,"['CN1CCCC2(CCN(c3nccc(CCC(F)(F)F)n3)C2)C1=O', 'COCCN1CCCC2(CCN(C(=O)CCc3ccco3)C2)C1=O', 'COCCN1CCCC2(CCN(c3ccnc(OC)c3C#N)C2)C1=O', 'CC(C)N1CCCC2(CCN(C(=O)Cn3cccnc3=O)C2)C1=O', 'COCCN1CCC2(CCN(C(=O)c3ccnnc3)CC2)C1=O', 'CCN1CCC2(CN(C(=O)c3cncc(C)c3)CC2C)C1=O', 'CCN1CCN(C)C2(CCN(Cc3ccc(C)s3)CC2)C1=O', 'CCN1CCC2(CN(S(=O)(=O)c3ccc(F)cc3)CC2C)C1=O', 'CCN1CCN(C2CCN(C(=O)c3ccc4c(c3)OCO4)CC2)C1=O', 'CC(C)CN1CCN(Cc2cc(-c3ccccn3)no2)C(C)C1=O']"
1215,1e-04,0.0,0.0,[]
1216,1e-04,0.0,0.0,[]
1217,1e-04,0.0,0.0,[]
1218,1e-04,0.0,0.0,[]
1219,0.2993,0.20311007,0.6482436656951904,"['CC(C#N)(NC(=O)c1cc(C(N)=O)cs1)C1CCCCC1', 'CC(=O)NC(C)C(=O)N=c1[nH]c2ccccc2n1C1CCCCC1', 'CCNC(=O)CNc1nc2sc3c(c2c(=O)n1C(C)C)CCCC3', 'CC(C(=O)N1CCCC1)N(c1cccc(Cl)c1)S(C)(=O)=O', 'CCOc1ccc(C2(CNS(N)(=O)=O)CCOCC2)cc1', 'CC(C)N(C(=O)Cn1ccc(=O)n(C)c1=O)C1CCOCC1', 'O=C(CSc1ncn[nH]1)c1ccc(OC(F)F)cc1', 'OCCSc1ccc2nnc(-c3ccccc3)n2n1', 'O=C(CSc1nnnn1C1CC1)OC1CCCCCC1', 'N#CCC(COc1cccc(F)c1)N1CCCCC1']"
1220,1e-04,0.0,0.0,[]
1221,1e-04,0.0,0.0,[]
1222,1e-04,0.0,0.0,[]
1223,0.0058,0.395884,0.816353976726532,"['CC1(C)CCC(CN(CCC#N)Cc2ccccn2)CC1', 'CC1CCCC(CNC(=O)C2CCCCN2S(C)(=O)=O)C1', 'CC1CCC(CO)(Nc2ncc(Cl)cc2Cl)CC1', 'CC1CCC(COC(=O)CN2CCOCC2)C(C)C1', 'CC1CCCC(NC(=O)N(C)Cc2ccccn2)C1C', 'CC1CCCC(NC(=O)CSc2nnc(-c3ccco3)n2N)C1C', 'CC1CCCC(CO)(Nc2ccnc(C(N)=O)c2)C1', 'CC1CCC(CNC(=O)c2scnc2C2CC2)CC1', 'CC1CCCC(NC(=O)Nc2cccc(C(N)=O)c2)C1', 'CC1(C)CCC(CNC(=O)CCn2cc(S(N)(=O)=O)cn2)CC1']"
1224,0.0024,0.59962124,0.5180003046989441,"['CCC(C)(C)NC(=O)c1sc(-c2ccccn2)nc1C', 'CCC(C)(C)NC(=O)c1ccc(-c2cscn2)cc1', 'CCC(C)(C)NC(=O)CNc1ccc(C(=O)N2CCCC2)cc1C', 'COC(C)(C)CC(C)(NCC(F)(F)F)C(N)=O', 'CCC(C)(C)NC(=O)c1ccc(NC(=O)NCC2CCCO2)cc1', 'CCC(C)(C)C(=O)Nc1ccc2c(c1)oc(=O)n2C', 'COC(C)(C)c1noc(-c2cccc(-n3ccnc3)c2)n1', 'CCC(C)(C)NC(=O)C(C)Oc1ccc(F)cc1', 'COC(C)(C)c1noc(CNS(=O)(=O)c2cccs2)n1', 'COC(C)(C)c1noc(Cn2c(C3CC3)nc3ccccc32)n1']"
1225,0.0006,0.3764731,0.8194156289100647,"['N#Cc1c2n(c(=O)n(CC(=O)c3ccc(Cl)cc3)c1=O)CCC2', 'CCn1nc2c(c(C(N)c3cccs3)c1=O)CCCC2', 'CCC(C)Nc1nnc(-c2c3c(nn(C)c2=O)CCC3)s1', 'CCNc1nnc(-c2cc3c(n(CC)c2=O)CCCC3)s1', 'CSc1c2c(oc(=O)c1C#N)CC(C)(C)CC2=O', 'CC(=O)c1c2n(n(-c3ccccc3)c1=O)C(=O)c1nccnc1-2']"
1226,1e-04,0.0,0.0,[]
1227,0.0032,0.36253923,0.6333305835723877,"['O=C(CSc1ncnc2nc[nH]c12)Nc1nccs1', 'N#Cc1ccc(Sc2ncnc3nc[nH]c23)cc1Cl', 'c1cnn(CCCNc2nc3nonc3nc2N2CCCCC2)c1', 'CC(C)c1noc(C(C)Sc2ncnc3nc[nH]c23)n1', 'c1ccc2oc(CCNc3ncnc4[nH]cnc34)nc2c1', 'c1ccc(-c2nc(CNc3ncnc4[nH]ncc34)co2)cc1', 'CC(Sc1ncnc2ccsc12)c1nc(N)nc(N(C)C)n1', 'CN(CC(=O)N(Cc1ccccn1)C1CC1)c1ncnc2[nH]cnc12', 'Nc1nc(N2CCCC(c3nc4ccccc4o3)C2)c2nc[nH]c2n1', 'O=c1n(CCSc2nc3ncc(Cl)cc3[nH]2)nc2ccccn12']"
1228,0.0208,0.35969403,0.5601813197135925,"['CC1CCCN(c2ccc(S(C)(=O)=O)cc2S(C)(=O)=O)CC1', 'CC(C)OC(=O)c1cc(-c2ccc(S(C)(=O)=O)cc2)nn1C', 'CN(Cc1cnn(C)c1)C(=O)CN(C)S(C)(=O)=O', 'CC(Cn1cccn1)NC(=O)NCc1ccc(S(C)(=O)=O)cc1', 'COc1ccccc1-c1nc(-c2ccc(S(C)(=O)=O)cc2)cs1', 'Cc1nc(CNC(C)c2ccc(S(C)(=O)=O)cc2)sc1C', 'CCCn1nnnc1COC(=O)c1ccc(S(C)(=O)=O)cc1', 'CC(O)c1cccc(OCCOc2ccc(S(C)(=O)=O)cc2)c1', 'Cc1ccoc1C(=O)NCCCNS(C)(=O)=O', 'Cn1cc(COC(=O)c2cccc(S(C)(=O)=O)c2)cn1']"
1229,0.0038,0.19795866,1.1858162879943848,"['O=c1cc(C2CCC2)ncn1CC#Cc1cccc(Cl)c1', 'O=c1cc(-c2ccc(F)cc2)ncn1CCNS(=O)(=O)C1CC1', 'O=c1ccc(C(F)(F)F)cn1Cc1nnnn1C1CC1', 'O=c1cc(N2CCCCC2)cnn1Cc1cc(F)c(F)cc1F', 'O=c1oc(-c2ccco2)nn1Cc1cnn(-c2ccccc2)n1', 'O=c1cc(C2CCC2)ncn1Cc1noc(-c2ccc(Cl)cc2)n1', 'Nc1cc(CCOc2ccc(F)cc2F)nn1CCO', 'O=c1c2cc3ccccc3cc2ncn1CC(O)c1ccccc1F', 'Nn1c(COc2ccc(F)cc2)nnc1SCCn1cccn1', 'O=c1c2ccccc2nnn1CSc1nnnn1C1CCCC1']"
1230,1e-04,0.0,0.0,[]
1231,1e-04,0.0,0.0,[]
1232,1e-04,0.0,0.0,[]
1233,1e-04,0.0,0.0,[]
1234,1e-04,0.0,0.0,[]
1235,1e-04,0.0,0.0,[]
1236,0.0264,0.6573313,0.25647932291030884,"['O=C(Nc1c[nH]cc(Br)c1=O)c1ccc(F)c(F)c1F', 'O=C(Nc1cccnc1-n1cccn1)c1cn[nH]n1', 'O=C(Nc1nnc2n1CCCS2)c1ccccc1Br', 'O=C(Nc1nnc2n1CCCS2)c1ccccc1F', 'O=C(Nc1ccon1)c1nn2ccccc2c1Cl', 'O=C(Nc1cnc2n1CCCC2)c1ccc2ncsc2c1', 'O=C(Nc1cccnc1N1CCCCC1)c1cn[nH]n1', 'O=C(Nc1cnc2n1CCCC2)c1cccc2cnccc12', 'O=C(Nc1ncccn1)c1nc(-c2cnccn2)no1', 'O=C(NC1CC1)C(NC1CCc2ncnn2C1)c1ccccc1']"
1237,0.0008,0.3854399,0.6502871513366699,"['O=c1c(-c2ccccc2)c(O)n(O)c2ccccc12', 'CCCOc1ccccc1-c1ccc(CO)c(=O)n1C', 'COc1cc2c(c(O)c1OC)c(=O)c1cccc(O)c1n2C', 'CCc1nc(Nc2ccc(OC)cc2)c2c(n1)c(C)nn2C', 'CC(=O)c1cn(C)c2ccc(Br)cc12', 'O=c1cc(COc2ccc(F)cc2)nc2sccn12', 'COCCOC(=O)c1cc2c(C)nn(C)c2s1', 'CCOC(=O)c1ncn(-c2ccc(OC)cc2)c1N']"
1238,0.0372,0.38048837,0.6601272821426392,"['CSc1ccccc1C(=O)NCc1nn(C)c2c1CCCC2', 'Cc1cc(Cl)ccc1C(=O)NCC(O)CN1CCOCC1', 'Cc1ncc(N)cc1C(=O)N(C)Cc1ccccc1', 'CCOc1ccccc1C(=O)N(Cc1ccco1)CC1CCCO1', 'CSc1ncccc1C(=O)N(CC1CC1)C(C)C', 'Nc1ncc(Br)cc1C(=O)NC1CCOCC1', 'CCn1cc(Br)cc1C(=O)NCCCC(C)C', 'CCc1nc(C)ncc1C(=O)N1CCc2sccc2C1', 'Cc1ncsc1C(=O)Nc1ccc(Cl)cc1C(=O)N1CCCC1', 'CCSc1ccccc1C(=O)N1CCN(CC(F)(F)F)CC1']"
1239,0.1502,0.37908253,0.5285654664039612,"['COc1ccnc(NC(=O)CCc2c(C)nc3cc(O)nn3c2C)c1', 'O=S(=O)(c1ccc(Cl)c(Cl)c1)N1CCC(O)C1', 'O=C1C(c2ccccc2)Nc2ccccc2N1CC(O)CO', 'CC#Cc1cn(C2OC(CO)C(O)C2OC)c(=O)[nH]c1=O', 'Cc1noc(-c2ccc3c(c2)C(C)(C)C(=O)N3C)c1N', 'O=C(Cc1ccc(F)c(F)c1)NC1CCc2c(O)cccc21', 'CC(Oc1ccc(F)cc1)C(=O)OCc1cc(=O)n(C)c(=O)n1C', 'Cc1nc(N)n(CC(=O)NC2CCCCC2)c(=O)c1C', 'COCC(=O)NC1CCC2(C)CCC3C(C)C(=O)OC3C2C1C', 'CCCCNC(=O)Cc1nc2ccc(CC)cc2c(=O)[nH]1']"
1240,1e-04,0.0,0.0,[]
1241,0.0002,0.5,0.0,"['O=C1OC2CC3CC2C1C3C(=O)N1CCN(c2ccccc2F)CC1', 'CN(CC12CC3CC(CC(C3)C1)C2)C(=O)c1ccc(C(N)=O)cn1']"
1242,1e-04,0.0,0.0,[]
1243,1e-04,0.0,0.0,[]
1244,1e-04,0.0,0.0,[]
1245,1e-04,0.0,0.0,[]
1246,1e-04,0.0,0.0,[]
1247,1e-04,0.0,0.0,[]
1248,1e-04,0.0,0.0,[]
1249,1e-04,0.0,0.0,[]
1250,0.0002,0.5,0.0,"['Cc1ccc(C(=O)CNS(=O)(=O)c2ccccc2)c(C)c1', 'CCC(C)C(NS(=O)(=O)c1cccc(Br)c1)C(N)=O']"
1251,1e-04,0.0,0.0,[]
1252,1e-04,0.0,0.0,[]
1253,0.0569,0.3494109,0.49949198961257935,"['O=S(=O)(NCCc1ccccc1F)c1c(F)cccc1F', 'O=C(Cc1ccccc1F)NCc1ccccc1F', 'CN(Cc1ccccc1F)C(=O)CS(=O)(=O)c1ccccc1F', 'O=C(NCC(O)Cc1ccc(F)cc1F)c1ccc(O)cc1F', 'Nc1ccc2[nH]nc(-c3ccc(F)c(F)c3F)c2c1', 'N#Cc1ccc2[nH]nc(-c3ccc(F)cc3F)c2c1', 'Cc1ccnn2c(C(=O)c3ccccc3F)nnc12', 'Oc1ccc(CNCCc2ccccc2F)c(F)c1', 'Cc1cc(C)n2nc(CC(=O)Nc3ccccc3F)nc2n1', 'COc1cccc(CN2CCN(c3ccccc3F)CC2)c1']"
1254,1e-04,0.0,0.0,[]
1255,0.0203,0.28224576,0.6735067367553711,"['COc1ccccc1C(C)NC(=O)c1ccn(-c2ccccc2F)n1', 'COc1ccc(CN(C)C(=O)c2ccn(-c3cccc(F)c3)n2)cc1', 'Cc1ccc(CN(C)C(=O)c2cc(C)n(-c3ccccc3)n2)cc1', 'COc1ccccc1CCNC(=O)c1csc(-c2cnccn2)n1', 'COc1ccc(F)c(NC(=O)Cc2coc(-c3cccs3)n2)c1', 'CCNC(=O)C1CCN(C(=O)Cc2coc(-c3ccccc3)n2)CC1', 'CC(c1ccccc1)N(C)C(=O)c1csc(-c2nc[nH]n2)n1', 'COc1c(F)cc(NC(=O)c2cnn(-c3ccc(F)cc3)n2)cc1F', 'CCN(Cc1cccc(C)c1)C(=O)c1csc(-c2ncccn2)n1', 'NC(=O)CCC1CCCN(C(=O)c2ccn(-c3ccccc3F)n2)C1']"
1256,1e-04,0.0,0.0,[]
1257,1e-04,1.0,0.0,['Nc1ccc(NC(=O)C23CC4CC(CC(C4)C2)C3)nc1']
1258,1e-04,0.0,0.0,[]
1259,1e-04,0.0,0.0,[]
1260,0.0158,0.59861904,0.3152928054332733,"['CN1CCOC2CN(c3ccc(Br)cc3C#N)CC21', 'CC(C)OC(=O)c1cc(CCc2ccccc2)n[nH]1', 'COCCCOc1c(C(C)O)ccc2ccccc12', 'CC(C)OCc1ccccc1CNc1ncccn1', 'CCOCCOc1cccc(-n2ccnc2-c2c[nH]cn2)c1', 'CC(C)OCCC(=O)N(C)Cc1ccccc1Br', 'C#CCCOC(=O)Cc1c(C)nc2c(c1C)c(=O)[nH]n2C', 'CCCC(O)c1cc(CC)c2c(c1)C(CC)C(=O)N2', 'O=C(COCC1CC1)NCC1(c2ccccc2Cl)CCOCC1', 'CC(C)Oc1ncccc1CNC(=O)c1ccco1']"
1261,1e-04,0.0,0.0,[]
1262,1e-04,0.0,0.0,[]
1263,1e-04,0.0,0.0,[]
1264,0.3146,0.18008454,0.712489664554596,"['COC(=O)C1=C(C)NC(=O)NC1c1ccsc1', 'COC(=O)C1=C(C)NC(=O)NC1c1cccc(C)c1', 'c1csc(C2CSc3nnc(C4CCCCC4)n3N2)c1', 'CCCC1=C(C(=O)OCC)C(c2ccccc2OC)NC(=O)N1', 'CCOC(=O)C1=C(CNC(C)c2cccc(F)c2)NC(=O)NC1', 'COc1cc(C2CC(=O)Nc3nc(N)[nH]c(=O)c32)ccc1O', 'Cn1c2c(c(=O)[nH]c1=O)C(c1ccccc1)C1=C(COC1=O)N2', 'CCOC(=O)C1=C(N)Oc2n[nH]c(C)c2C1c1ccccc1', 'CCOC(=O)C1=C(CNC(C)c2ccc(Cl)cc2)NC(=O)NC1', 'CCCCOC(=O)C1=C(C)Nc2ncnn2C1c1ccc(OC)cc1']"
1265,1e-04,0.0,0.0,[]
1266,1e-04,0.0,0.0,[]
1267,0.0028,0.35861054,0.7561321258544922,"['CC(C)Cc1ccc(C2(CCCO)OCCO2)cc1', 'COc1ccccc1C1(CCC#N)CCCCC1=O', 'CC1CN(C(=O)C2(C#N)CCCCCC2)CCCO1', 'CCOc1ccc(C2(CNS(N)(=O)=O)CCOCC2)cc1', 'Cc1ccc(CC(=O)NC2(C#N)CCC3(CC2)OCCO3)s1', 'Cc1csc(C2(NC(=O)COCC(F)(F)F)CCCC2)n1', 'COc1ccc(-c2noc(CC3(O)CCCC3)n2)cn1', 'Cc1ccnc(N(C)CC2(CO)CCOCC2)n1', 'Cc1cn(C2(F)OC(CO)C(O)C2(F)F)c(=O)[nH]c1=O', 'CC1CCCN(C2(O)C(=O)Nc3ccc(Cl)cc32)C1']"
1268,0.0085,0.25206968,0.7327184677124023,"['Cc1nn(C2CCCCO2)c(C)c1Br', 'Cc1cc(-c2coc3cccc(Br)c23)no1', 'COc1ncc(C(F)(F)F)cc1Br', 'COc1ccc2c(Br)cc(C)nc2c1', 'Cn1cc(SCc2cccc(Br)c2)cn1', 'COc1cc2nc(C)c(C)c(Cl)c2cc1OC', 'Cc1ccc(N2CCOCC2)c(Br)c1', 'Brc1ccc(Oc2cnccn2)cc1', 'C=CCc1cccc(Cl)c1OCCn1ccnc1', 'Cc1cccc2nc(-c3ccc(Br)cc3)c(C(C)O)n12']"
1269,0.0118,0.37627852,0.5459944009780884,"['COCCCOc1c(C(C)O)ccc2ccccc12', 'COc1cc(CNC(C)=O)ccc1OCc1cccnc1', 'CCCn1c(SCC(=O)NC)nnc1C(C)C', 'Nc1ccc(OCC2CCCO2)nc1OCC1CC1', 'COc1cc(NCC2CCCO2)nc(C2CCCO2)n1', 'COc1ncc(C(F)(F)F)cc1Br', 'O=C(Nc1nnc(C2CC2)s1)C1CCOCC1', 'CCCn1c(SCC(N)=O)nc2sc3c(c2c1=O)CCCC3', 'Cc1nc2cc(C(N)=O)ccc2n1-c1ccccc1', 'Cc1cc(CCC(N)=O)nc2cc(C(F)(F)F)ccc12']"
1270,1e-04,1.0,0.0,['Cc1cc(C(=O)NC2CC3CCC2(C)C3(C)C)ccc1-n1cnnn1']
1271,1e-04,0.0,0.0,[]
1272,1e-04,0.0,0.0,[]
1273,0.015,0.3352095,0.7768818736076355,"['NC(=O)c1csc(NC(=O)Nc2ccccc2C(F)(F)F)n1', 'NC(=O)Cc1csc(NC(=O)c2scnc2C2CCCC2)n1', 'NC(=O)c1csc(NC(=O)CCCc2cc(F)ccc2F)n1', 'COC(=O)Cc1csc(NCC2CCCO2)n1', 'CCOC(=O)Cc1csc(N2CCCC2=O)n1', 'CCNC(=O)Cc1csc(NC(=O)NC2CCCC2)n1', 'CC(C)NC(=O)Cc1csc(NC(=O)C2CCCC2)n1', 'Cc1csc(NC(=O)CN(CCC(N)=O)c2ccc(F)cc2)n1', 'CCOC(=O)c1csc(NC(=O)C2(O)CCCC2)n1', 'O=C(Cc1csc(NC(=O)c2ccsc2)n1)Nc1cccnc1']"
1274,1e-04,1.0,0.0,['Cc1nn(C(=O)c2ccccc2)c2c1C1C(C2)C1(C)C']
1275,0.1472,0.39303762,0.5365560054779053,"['O=C1OCCC1N1CCN(c2ccc(O)cc2)CC1', 'CN(Cc1cscn1)C(=O)c1c(O)cc(F)cc1F', 'CCOc1ccccc1CNc1cn[nH]c(=O)c1Cl', 'COc1cc2c(c(O)c1OC)c(=O)c1cccc(O)c1n2C', 'CCCCOC(=O)C1=C(C)NC2(O)c3ccccc3C(=O)C12O', 'CCCCCNC(=O)c1ccc2[nH]c(=O)c(=O)[nH]c2c1', 'CCOc1ccc(OCC(=O)NCC2(O)CCCC2)cc1', 'CCC(c1ccccc1)c1nn2c(=O)c(C)nnc2s1', 'C=CCOC1CCC2C1OCCN2C(=O)c1ccoc1', 'COc1ccccc1C(C)N(C)CC(O)c1c(F)cccc1F']"
1276,1e-04,0.0,0.0,[]
1277,1e-04,1.0,0.0,['O=c1ccccn1CCCCNS(=O)(=O)c1ccccc1']
1278,1e-04,0.0,0.0,[]
1279,1e-04,0.0,0.0,[]
1280,1e-04,0.0,0.0,[]
1281,0.0018,0.35275164,0.7697394490242004,"['CCn1c2ccccc2c2cc(NC(=O)c3cnn(C)c3)ccc21', 'Fc1ccc(Cn2c3ccccc3c3nn4cnnc4nc32)cc1', 'COCCN(Cc1cc2cc3c(cc2n2nnnc12)OCO3)C(C)=O', 'NC(=O)C1CN(Cc2c3ccccc3cc3ccccc23)CCO1', 'O=C(Cn1c2ccccc2c2cn[nH]c(=O)c21)NCc1ccccc1', 'c1ccc2c(CCNc3nn4nnnc4c4ccccc34)c[nH]c2c1', 'C=CCn1c(=O)n2nc(-c3cccnc3)nc2c2c3c(sc21)CCC3', 'CCCCn1c(=O)c2sccc2n2c(CCC(=O)NC)nnc12', 'CC(C)OCCCn1c(=O)c2ccccc2n2c(=O)n(CC#N)nc12', 'Cc1nc2ncnn2c2ccn(Cc3ccccn3)c(=O)c12']"
1282,0.0003,0.5417242,0.3261721432209015,"['CCc1ccc(S(=O)(=O)NCC2CC2)cc1N', 'COc1cc(NC(=O)C2CC2)c(C(O)C2CC2)cc1OC', 'NC(=O)c1cc(S(=O)(=O)NC2CC2)ccc1N']"
1283,1e-04,0.0,0.0,[]
1284,1e-04,0.0,0.0,[]
1285,0.0086,0.31023204,0.7889281511306763,"['Cc1cc(=O)[nH]c(NCCNC(=O)Nc2ccc(C(C)(C)C)cc2)n1', 'CC(NS(C)(=O)=O)C(=O)NC(c1ccc(C(C)C)cc1)C(C)C', 'Cc1ccnc2nc(C(=O)Oc3ccc(C(C)(C)C)cc3)nn12', 'Cn1cc(C(N)=O)cc1C(=O)NCCOc1ccc(C(C)(C)C)cc1', 'Cn1cccc1C(=O)OCC(=O)Nc1ccc(C(C)(C)C)cc1', 'Cc1cc(NC(=O)COC(=O)c2ccc(C(C)C)cc2)no1', 'Cc1ccnc2nc(C(=O)Nc3ccc(C(C)(C)C)cc3)nn12', 'C#CCN1CCN(CC(=O)Nc2ccc(C(C)(C)C)cc2)CC1', 'CSc1nn2c(=O)c(-c3ccc(OC(C)C)cc3)nnc2s1', 'COCC(NC(=O)C1(c2ccc(C(C)C)cc2)CCCC1)C(N)=O']"
1286,1e-04,0.0,0.0,[]
1287,0.3476,0.22282238,0.6254269480705261,"['Cc1ccc(-c2n[nH]cc2C2Nc3ccccc3C(=O)N2C2CC2)o1', 'Cc1c(Cl)cccc1S(=O)(=O)NCCN1CCOCC1', 'Cc1c(N)cc2c(c1C)OC(c1cccs1)CC2=O', 'O=c1[nH]c(CCn2nnc3ccccc32)nc2ccccc12', 'Cc1cc(C)n(CCNC(=O)CC2Oc3ccccc3NC2=O)n1', 'Cc1cc(C)n(CCNC(=O)NCc2ccc(Cl)cc2)n1', 'O=C(C1CC1)N1CCC2(C1)c1ccccc1S(=O)(=O)N2CC1CC1', 'Cc1cc(C)n(Cc2ccc(C(=O)N3CCOCC3C3CC3)cc2)n1', 'O=C(NC1CC1)c1ccc2c(c1)nc1n2CCCC1', 'Fc1ccc2c(c1)nc(-c1ccncc1)n2C1CC1']"
1288,0.012,0.37205464,0.5436980128288269,"['CCc1ccc(NC(=O)c2cnc(CCOC)nc2N)cc1', 'C=CCc1ccc2nc(C(F)(F)F)c(C#N)c(N)c2c1', 'NC(=O)c1cnc(NCc2ccc(-n3cccn3)nc2)c(Cl)c1', 'CC1CCCCC1NC(=O)CSc1nc(N)c(C#N)cc1C#N', 'COc1ccc2nc(C(F)(F)Cl)c(C#N)c(N)c2c1', 'Cc1noc(C)c1S(=O)(=O)NCc1cc(C2CC2)n(C)n1', 'CCCn1nc(-c2ccc(OCC)c(F)c2)cc(N)c1=O', 'CC(C)NC(=O)CSc1nc(-c2ccco2)cc(C(F)(F)F)n1', 'Nc1nccnc1C(=O)NCc1ccc(Oc2cccnc2)c(F)c1', 'CC1CCCN(c2ncc(C(=O)N3CCCCC3)c(N)n2)C1']"
1289,1e-04,1.0,0.0,['C=CCN(CC=C)C(=O)CNc1ccc(C)c(C)c1']
1290,0.0006,0.5600715,0.46945318579673767,"['Nc1nccnc1C(=O)Nc1nc2cc3c(cc2s1)OCCO3', 'N#Cc1cccc(Nc2nc3cc4c(cc3[nH]2)OCO4)c1', 'Cc1ccc(-c2nc3cc4c(cc3n2CCO)OCO4)cc1N', 'CC(=O)N(Cc1cccnc1)c1nc2cc3c(cc2s1)OCCO3', 'CCc1nc2cc3c(cc2n1Cc1cccc(C#N)c1)OCO3', 'CC(=O)Nc1nc2ccc(-c3nc4ccccc4o3)cc2s1']"
1291,1e-04,0.0,0.0,[]
1292,1e-04,0.0,0.0,[]
1293,1e-04,0.0,0.0,[]
1294,0.0018,0.54481244,0.7174391746520996,"['CCSc1ccc(-c2nc(C)nc(CN)n2)cc1', 'CCSc1ccc(C(=O)Nc2cccn(C)c2=O)cn1', 'CCSc1ccccc1C(=O)N1CCN(CC(F)(F)F)CC1', 'CCSc1ccc(NC(=O)Cn2ccccc2=O)cn1', 'CCSc1nnc(SCC(=O)c2ccccc2)s1', 'CCSc1nnc(NC(=O)c2cccc(N(C)C)c2)s1', 'CCSc1cncc(N2CCN(C(=O)c3ccsc3)CC2)n1', 'CCSc1nc(CC(=O)NCCc2nc(C)cc(C)n2)cs1', 'CCSc1nc(N)c(C#N)c(-c2ccc(C)cc2)c1C#N', 'CCSc1nnc(SC(C)C(=O)N(C)CCC#N)s1']"
1295,1e-04,0.0,0.0,[]
1296,1e-04,0.0,0.0,[]
1297,1e-04,0.0,0.0,[]
1298,0.0027,0.39907113,0.6601303815841675,"['COCCC(=O)N1CCC(n2c(-c3ccoc3)nc3cccnc32)C1', 'O=C(c1c[nH]c2cccc(F)c12)N1CCCC(n2cccn2)C1', 'CC(=O)N1CCC(C(=O)N2CCCC(n3cncn3)C2)CC1', 'N#Cc1ccc(C(=O)N2CCC(n3cnc4ccccc43)CC2)cc1', 'Cc1ccc(C(=O)N2CCC(n3c(=O)[nH]c4ccccc43)CC2)cc1', 'Cc1ccccc1CNC(=O)N1CCC(n2cncn2)CC1', 'c1cnn(CCN2CCOC(Cn3cncn3)C2)c1', 'CCc1ncc(C(=O)N2CC(n3nc(C)cc3C)C2)cn1', 'Fc1cc(CN2CC(n3cccn3)C2)c2ncccc2c1', 'CC1CC(N2CCc3nn(C)c(=O)cc3C2)C(=O)O1']"
1299,0.0042,0.28940126,0.6841054558753967,"['CN(CC(=O)Nc1ccc(F)cc1)S(=O)(=O)c1ccccc1', 'O=C(CN(c1ccc(F)cc1)S(=O)(=O)c1ccccc1)NC1CC1', 'CC(C)NC(=O)c1ccc2c(c1)CCN2S(=O)(=O)c1ccccc1', 'Cc1oc(C(=O)OCC2CCCC2)cc1S(=O)(=O)N(C)C', 'C=CCNC(=O)c1ccc2c(c1)CCN2S(=O)(=O)c1ccccc1', 'C=CCNc1oc(-c2ccco2)nc1S(=O)(=O)c1ccccc1', 'COc1ccc(-c2ccc(=O)[nH]n2)cc1S(=O)(=O)NC1CCCC1', 'COCCN(Cc1ccccn1)S(=O)(=O)c1cn[nH]c1', 'CC(=O)NCC(c1cccnc1)S(=O)(=O)c1ccc(F)cc1', 'CNC(=O)CN(Cc1ccccc1)S(=O)(=O)c1ccccc1']"
1300,0.0024,0.22692762,1.0130046606063843,"['CC1(CNC(=O)c2cccnc2OCC(F)F)CCC1', 'CCC1(CNC(=O)c2cccc(-c3ccoc3)c2)CC1', 'CC1(OC(=O)CCCNC(=O)C2CC2)CCCC1', 'CC1CCC(Nc2ccccc2Cn2cncn2)C1', 'CC1(NS(=O)(=O)c2cc(F)ccc2F)CCCC1', 'CCC1(CNC(=O)NC2C3CCOC3C2(C)C)CC1', 'OCCC1(Nc2ncnc3c2oc2ccccc23)CCC1', 'CC1(C(=O)NCCSc2cn[nH]n2)CCCCO1', 'CC1CCN(C(=O)CN2CCOCC2C2CC2)CC1', 'CC1CCN(C(=O)NCCc2nccn2C(F)F)CC1']"
1301,0.0186,0.25242054,0.7234717011451721,"['CC(C)N1CCOC(c2cccc(Br)c2)C1', 'CC(C)CN1CCOC(CNc2nc3ccccc3s2)C1', 'C#CCN1CCN(Cc2ccc(F)c(F)c2)CC1', 'CCOC(=O)CN1CC(C)OC(c2ccccc2)C1', 'C#CCN1CCN(Cc2cc(C#N)ccc2F)CC1', 'CC(CC#N)N1CCN(c2cccc(Cl)c2)CC1', 'COC(=O)CN1CC(C)Nc2cc(F)c(F)cc21', 'CCCN1CCOC(CCNC(=O)c2c(F)cccc2Cl)C1', 'Nc1ccccc1N1CCC(OCc2ccc(F)cc2)CC1', 'CN1CCN(CC(=O)c2ccc(F)cc2F)C1=O']"
1302,0.0294,0.3252072,0.5983560681343079,"['Cc1noc(C2CCN(C(=O)c3ccccc3-n3cccn3)CC2)n1', 'Cc1ccc(-c2nccn2Cc2ccccc2-n2cncn2)o1', 'O=C(OCc1nccn1Cc1ccccc1)c1scnc1C1CC1', 'CCNC(=O)CN(CC)C(=O)c1cccnc1Sc1ccccc1', 'CC(CNC(=O)c1ccccc1-n1cccn1)Nc1ccccc1', 'CCOC(=O)C1CCN(C(=O)c2cccnc2SC(F)F)CC1', 'O=C(NCc1ccccc1-n1cccn1)C1Cc2ccccc2O1', 'CC1CC(C)CN(C(=O)c2ccccc2NC(=O)N2CCOCC2)C1', 'CC(=O)NCCNC(=O)c1ccccc1OCc1ccc(Cl)cc1', 'Cc1ccn2c(=O)c(C(=O)Nc3cccnc3-n3cccn3)cnc2c1']"
1303,0.1105,0.3279087,0.47136688232421875,"['CCCCc1ccc(CC(=O)NCc2cn[nH]c2)cc1', 'Cc1nc(CCNS(=O)(=O)c2cn[nH]c2)cs1', 'Cc1ccc(CNC(=O)NCCCc2cn[nH]c2C)s1', 'COCCSc1nc(-c2ccccc2Br)n[nH]1', 'Cn1c(SCCCc2ccc(Cl)cc2)n[nH]c1=O', 'COc1ccc(NC(=O)c2cc(Br)c[nH]2)cn1', 'CC(=O)N1CCCC1C(=O)Nc1n[nH]c(N2CCCCC2)n1', 'O=c1ccnc(Cc2ccc(Br)cc2)[nH]1', 'COc1ccc(Cn2c(CCc3c(C)n[nH]c3C)n[nH]c2=O)cc1', 'O=C(c1cncc(Br)c1)N1CCc2[nH]ncc2C1']"
1304,0.0101,0.17865668,1.0348626375198364,"['Fc1cc(Br)cc2c1C(C1CNC1)NCC2', 'CCc1ccccc1OC(C(=O)N1CCNCC1)C(C)C', 'CN(C)c1cccc(OCCC(=O)N2CCNCC2)c1', 'O=C(CCS(=O)(=O)N1CCNCC1)N1CCCCCC1', 'Cc1cccc(C(=O)N(CCC(=O)N2CCNCC2)C2CCCC2)c1', 'CCC(CC)C(=O)NCCS(=O)(=O)N1CCNCC1', 'O=C(CCNS(=O)(=O)c1cccs1)N1CCNCC1', 'O=C(NCCS(=O)(=O)N1CCNCC1)c1c(F)cccc1Cl', 'O=C(C1CCCC1)N1CCNCC1c1nc(-c2ccccc2)no1', 'O=C1NCCNC1c1ncccc1Br']"
1305,0.025,0.35602596,0.6305879354476929,"['Cc1cccc(NC(=O)N2CCCCC2CO)c1Cl', 'Cc1ncc(NC(=O)Nc2ccccc2)c(C)c1Cl', 'Cc1nn(CC(=O)N2CCOCC2)c(C)c1Cl', 'O=C(Nc1ccon1)c1nn2ccccc2c1Cl', 'Cc1nn(C)c(-c2nn3c(C)nnc3s2)c1Cl', 'COc1ccc(Nc2nc(=O)cn[nH]2)cc1Cl', 'CN(Cc1ccco1)C(=O)c1nn2ccccc2c1Cl', 'Cc1nc2ncnn2c(Nc2ccc(F)cc2)c1Cl', 'CCOCCCNC(=O)c1nc(C(C)C)ncc1Cl', 'Cc1ccc(NC(=O)c2cnc(C)c(N)c2C)cc1Cl']"
1306,1e-04,1.0,0.0,['CC1=CC(C)=NC(=O)C1S(=O)(=O)c1ccc(CC(C)C)cc1']
1307,1e-04,0.0,0.0,[]
1308,0.0017,0.3087282,0.8643282055854797,"['COC(=O)c1cc(S(=O)(=O)Nc2ccc(NC(C)=O)cc2)c[nH]1', 'COc1ccccc1CNC(=O)c1cc(C(N)=O)cn1C', 'COC(=O)c1cc(CNc2ccc3c(c2)COC3)c[nH]1', 'C=C(C)CN(CC)C(=O)c1cc(S(=O)(=O)N(C)C)c[nH]1', 'CC(C)Cc1cc(C(=O)N2CCN(C(=O)c3c[nH]c(=O)[nH]3)CC2)[nH]n1', 'CN(Cc1ccccc1Cl)C(=O)c1cc(C(N)=O)cn1C', 'COC(=O)c1cc(CN2CCN(c3ccccc3O)CC2)c[nH]1', 'CC1CCN(C(=O)c2cc(S(=O)(=O)N3CCCC3)cn2C)CC1', 'Cc1cc(=O)c(OCC(=O)Nc2cccc3ncccc23)cn1C', 'CC(C)OC(=O)c1cc(-c2ccc3c(c2)CC(=O)N3)nn1C']"
1309,0.0004,0.47602865,0.7791006565093994,"['CCc1ccc2ncc(C#N)c(N3CCCC3)c2c1', 'OCc1cnn2cccc(CN3CCN(c4ccccc4)CC3)c12', 'CCOc1nc(N)c(C#N)c(-c2ccc(C(F)(F)F)cc2)c1C#N', 'Cc1cc2ncn(-c3ccc(S(N)(=O)=O)s3)c2cc1C']"
1310,1e-04,0.0,0.0,[]
1311,0.8987,0.27819762,0.5872682332992554,"['CCOCC1CCN(C(=O)C2C3CCCCC32)C1', 'O=S(=O)(NC(C1CC1)C1CC1)c1cccs1', 'CC(C)CCOCCS(=O)(=O)c1ccccc1F', 'CCCN(CC1CC1)S(=O)(=O)c1ccc(F)c(S(C)(=O)=O)c1', 'CCCCN(C(=O)c1ccc(OC)c(Br)c1)C1CC1', 'Cc1cc(-c2coc3cccc(Br)c23)no1', 'CC1CC1CNS(=O)(=O)c1c(F)cccc1F', 'CCN(Cc1ccco1)C(C)c1nc(C(C)C)no1', 'Cc1ccc(F)c(S(=O)(=O)NC(C2CC2)C2CC2)c1', 'CCn1ccnc1S(=O)(=O)Cc1ncnn1CC(C)C']"
1312,1e-04,0.0,0.0,[]
1313,1e-04,0.0,0.0,[]
1314,1e-04,0.0,0.0,[]
1315,0.0106,0.3340675,0.5647485852241516,"['O=C(NCCOCCO)C1CCCc2ccccc21', 'CCN(CC)C(=O)C(C)N1CCCc2ccccc21', 'CC(CNC(=O)c1cnns1)N1CCc2ccccc21', 'Nc1ccccc1NC(=O)C1CCc2ccccc2N1', 'Cc1ccc(C(N)=O)cc1NCCN1CCCc2ccccc21', 'CC(C)CC(=O)NCC1(O)CCOc2ccccc21', 'O=C(c1cccnc1OCC(F)F)N1CCCc2ccccc21', 'CC(Sc1ncccn1)C(=O)N1CCCc2ccccc21', 'O=C(c1c[nH]c(=O)c(Cl)c1)N1CCc2ccccc21', 'COCc1ccccc1NCC(=O)N1CCc2ccccc21']"
1316,1e-04,0.0,0.0,[]
1317,1e-04,0.0,0.0,[]
1318,1e-04,0.0,0.0,[]
1319,1e-04,0.0,0.0,[]
1320,1e-04,1.0,0.0,['CC1CC2(CCCCC2)N2C(=O)C(=O)c3cccc1c32']
1321,1e-04,0.0,0.0,[]
1322,0.0039,0.3969932,0.5272057056427002,"['Cn1ccc2ccn(CC(=O)Nc3cccc(Cl)c3)c(=O)c21', 'Cc1sc2ncn(CC(=O)c3ccc(F)c(F)c3)c(=O)c2c1C', 'CCOc1ccc2[nH]cc(C(=O)c3cccc(OC)c3)c(=O)c2c1', 'CC1(C)Cc2c(sc3nnn(Cc4ccccc4)c(=O)c23)CO1', 'CSc1nc2ncn(CC(=O)N3CCCC(C)C3)c(=O)c2s1', 'Cc1ncn(CCC(=O)Nc2cccc(Cl)c2)c(=O)c1C', 'COc1ccc2ccn(Cc3nnc(-c4ccc(C)cc4)o3)c(=O)c2c1', 'Cc1c2ncn(Cc3ccc(C#N)cc3)c(=O)c2nn1C', 'COc1cc(OC)c2[nH]cc(C(=O)N3CCN(C)CC3)c(=O)c2c1', 'Nc1ccc2oc(C(=O)N3CCc4ccccc43)cc(=O)c2c1']"
1323,0.0019,0.32736853,0.7808555960655212,"['C=CCn1c(SCc2nnnn2-c2ccccc2)nnc1C1CC1', 'C=CCn1c(SCc2nc(C3CC3)no2)nnc1-c1ccoc1C', 'C=CCn1c(SCC(N)=O)nnc1-c1cc2ccccc2o1', 'C=CCn1c(SC2CCCCC2O)n[nH]c1=O', 'C=CCn1c(=O)n2nc(-c3cccnc3)nc2c2c3c(sc21)CCC3', 'C=CCn1c(N)nnc1SCC(=O)N(C)CC1CCCCC1', 'C=CCn1c(C)nnc1SCC(=O)N(C)Cc1cnn(C)c1', 'C=CCn1c(=O)c2c(nc(-c3ccccc3)n2C)n(C)c1=O', 'C=CCn1nnnc1SCCOc1ccc(F)cc1', 'CCCCn1c(SCC(=O)OC)nc2cc(C)[nH]c2c1=O']"
1324,1e-04,0.0,0.0,[]
1325,1e-04,0.0,0.0,[]
1326,1e-04,0.0,0.0,[]
1327,0.003,0.26335627,0.8419660329818726,"['Cc1ccc(C(O)c2cc(C)cc3c2NC(=O)C3C)cc1', 'Cc1noc(-c2ccc3c(c2)C(C)(C)C(=O)N3C)c1N', 'Cc1nc(CC(=O)N2CCC3(CC2)c2ccccc2CC3O)cs1', 'Cc1nnc(N2CCC3(CC2)OCCCC3O)o1', 'CCn1cc2c(n1)CN(S(=O)(=O)c1cccnc1)CC2COC', 'CCOCCCNS(=O)(=O)c1ccc2c(c1)CCN2C(C)=O', 'COc1c(Cl)c(OC)c(OC)c2c1CCNC2C', 'CCOC(=O)c1ccc2c(c1)nc(-c1ccc(N)cc1)n2N', 'CCCCNS(=O)(=O)c1ccc2c(c1)CCN2C(=O)CC', 'Cc1cc(C(=O)N2CCOC3CCC2C3Oc2ncccc2F)no1']"
1328,0.0169,0.2906024,0.7310758233070374,"['Cc1ccc(CN(C)C(=O)c2ccc3cc[nH]c3c2)o1', 'O=C(Nc1cc(F)ccc1F)c1ccc2cc[nH]c2c1', 'O=C(c1ccc2cc[nH]c2c1)N1CCN(Cc2cccs2)CC1', 'CC(C)c1cc(CNC(=O)c2ccc3cc[nH]c3c2)on1', 'COc1ccccc1CNC(=O)c1cnc2cc[nH]c2c1', 'COC(=O)C1CCCCN1C(=O)c1ccc2cc[nH]c2c1', 'Cc1cccc(N)c1NCc1cccc2cc[nH]c12', 'O=C(Nc1ccc(Cn2cccn2)cc1)c1ccc2cc[nH]c2c1', 'O=C(c1cc2ncccn2n1)N(Cc1ccc2[nH]ccc2c1)C1CC1', 'Fc1cc(F)cc(CNc2ccc3cn[nH]c3c2)c1']"
1329,1e-04,0.0,0.0,[]
1330,0.001,0.36667544,0.7938538789749146,"['CS(=O)(=O)N1C2CCC1CN(C(=O)Cc1cccc(F)c1)C2', 'COc1cc(NC(=O)N2C3CCC2COC3)cc(OC)c1OC', 'O=C(c1ccoc1)N1CC2CC1CC2NS(=O)(=O)c1ccccc1', 'CCc1cnc(N2CCC3C2CCC(=O)N3c2ccccc2)nc1', 'COCCN1C(=O)C2CCC1CN(c1nc(C)nc3ncccc13)C2', 'CN(C)C(=O)N1CC2CCC1CN(C(=O)c1cnccn1)C2', 'CCS(=O)(=O)N1CCC2C1CC(=O)N2Cc1csc(C)n1', 'C=CCOC1C2CCC1N(S(=O)(=O)c1ccccc1)CCO2', 'Cc1cccc(-n2c3c(c(=O)[nH]c2=O)CN(C2CCCCC2)CN3)c1', 'CS(=O)(=O)NCC12COCC1CN(C(=O)c1cccnc1)C2']"
1331,0.0017,0.5658132,0.48078978061676025,"['N#CC1(NC(=O)c2ccc(-n3ccc(C(F)(F)F)n3)cc2)CCCC1', 'CC(=O)Nc1ccc(-c2nc(-c3cccc(-c4ccn[nH]4)c3)no2)cc1', 'CN(C)C(=O)C1CCN(C(=O)c2cccc(NC(=O)C3CC3)c2)CC1', 'CN1C(=O)C2(N=C(N)NC(N3CCc4ccccc43)=N2)c2ccccc21', 'COc1ccc(N(C(C)C2CC2)S(=O)(=O)c2cn(C)c(C)n2)cc1', 'Cc1nc2cccc(NC(=O)c3cc(=O)c4cc(C)c(C)cc4o3)c2[nH]1', 'CC(C)c1cc(C(=O)N2CCC(C(N)=O)CC2)c(O)c(C(C)C)c1', 'CC(=O)Nc1cccc(C(=O)OC(C)C(=O)c2ccc(F)c(F)c2)c1', 'CC(C)c1cccc(N(C)C(=O)c2ccc3[nH]c(=O)c(=O)[nH]c3c2)c1', 'CN(CC12CC3CC(CC(C3)C1)C2)C(=O)c1ccc(C(N)=O)cn1']"
1332,1e-04,0.0,0.0,[]
1333,0.0072,0.42099187,0.5887728929519653,"['Nc1nc(N)nc(-c2cccc(C(F)(F)F)c2)n1', 'Nc1nc(SCC(=O)Nc2cc(Cl)cc(Cl)c2)n[nH]1', 'Nc1nc(SCC(=O)Nc2ccc(F)cc2F)n[nH]1', 'Nc1nonc1-c1noc(C(Cl)(Cl)Cl)n1', 'Nc1ncnc(Nc2cccc(Br)c2)c1N', 'Nc1ncnc2[nH]c(SCCOc3ccccc3F)nc12', 'Nc1nc2n(n1)CCC(c1ccc3ccccc3n1)C2', 'Nc1ncc(Br)c(Cl)c1Br', 'Nc1onc(-c2ccccn2)c1Cc1ccccc1', 'Nc1onc(-c2ccccc2F)c1-c1ccccn1']"
1334,1e-04,0.0,0.0,[]
1335,1e-04,0.0,0.0,[]
1336,1e-04,0.0,0.0,[]
1337,0.0882,0.34791112,0.5795884728431702,"['CC12CCC(C(=O)NCCN3CCOCC3)(OC1=O)C2(C)C', 'CC1COCCN1CC(=O)N(Cc1cccc(F)c1)C(C)(C)C', 'COC1(C)CC(NC(=O)Nc2ccc(CC#N)cc2)C1(C)C', 'CCOC1CC(NC2=NS(=O)(=O)c3ccccc32)C12CCC2', 'CC1CN(S(=O)(=O)Cc2noc3ccccc23)C(C)(C)CO1', 'CC(Sc1nc2ccccc2c(=O)n1C1CC1)C(=O)N(C)C', 'COC(=O)c1cc(CNC(=O)c2ccc(C)o2)ccc1OC', 'Cc1cc(NC(=O)CCCc2ccccc2)ccc1C(=O)N(C)C', 'O=C(Nc1ccc2[nH]c(=O)oc2c1)c1ccc2c(c1)OCO2', 'COc1ccc(NC(C)=O)cc1NC(C)C(=O)NC(C)(C)C']"
1338,1e-04,0.0,0.0,[]
1339,0.0031,0.463151,0.603389322757721,"['CCCN(CC(=O)c1cccn1C)CC(F)(F)F', 'CCN(CC(=O)c1sccc1Br)CC(F)(F)F', 'COCCSc1nc2ccccc2n1C(F)F', 'CCCC(=O)NCc1ccccc1OC(F)(F)F', 'CCN(Cc1ccc2c(c1)OCO2)CC(F)(F)F', 'O=C(NC1CCCCNC1=O)OCC(F)(F)F', 'CC(C)CN(Cc1cccc(O)c1)CC(F)(F)F', 'COc1ccc(Br)cc1CC(O)CC(F)(F)F', 'NC(c1cccc(-c2ccncc2)c1)C(F)(F)F', 'CC(=O)Nc1ccc(Cl)cc1OCC(F)(F)F']"
1340,1e-04,0.0,0.0,[]
1341,0.0014,0.6506639,0.36866769194602966,"['Cc1cnnn1CC1CCC2C1OCCN2Cc1ccco1', 'C=CCOC1CCC2C1OCCN2C(=O)c1ccoc1', 'CCOC1CCC2C1OCCN2C(=O)c1cccs1', 'CCOC1CCC2C1OCCN2C(=O)c1ccoc1', 'C=CCOCC1CCC2C1OCCN2C(=O)c1ccco1', 'O=C(NCC1CCC2C1OCCN2c1ncccn1)c1ccco1', 'CCOC1CCC2C1OCCN2Cc1c(C)noc1C', 'CCS(=O)(=O)N1CCC2C1CC(=O)N2Cc1csc(C)n1', 'COc1cc(N2CCC3C2CCN3c2ncccn2)ncn1', 'c1cnc(OCC2CCC3C2OCCN3Cc2ccco2)nc1']"
1342,1e-04,0.0,0.0,[]
1343,1e-04,0.0,0.0,[]
1344,1e-04,1.0,0.0,['O=C1CC(c2ccccc2F)c2c(c3ccccc3oc2=O)O1']
1345,1e-04,0.0,0.0,[]
1346,1e-04,0.0,0.0,[]
1347,1e-04,0.0,0.0,[]
1348,0.0007,0.5346264,0.4711116552352905,"['COc1ccc2c(ccn2CC(=O)N2CCCC2C(N)=O)c1', 'N#Cc1ccc(Cl)c(NC(=O)C2CCCN2C(=O)C2CCCC2)c1', 'Cc1nn(-c2ccccc2)c(C)c1CNC(=O)C1CCCN1C(N)=O', 'CC(C)Oc1ncccc1CNC(=O)C1CCCN1S(C)(=O)=O', 'CCN(CC)C(=O)C1CC(NC(=O)Cc2ccc(O)cc2)CN1C', 'CSc1ccc(NC(=O)C2CCCCN2C(=O)c2ccco2)cc1', 'COc1ccc(NC(=O)C2CCCN2C(=O)c2ccco2)cc1']"
1349,1e-04,0.0,0.0,[]
1350,1e-04,0.0,0.0,[]
1351,1e-04,0.0,0.0,[]
1352,1e-04,0.0,0.0,[]
1353,0.0059,0.35155633,0.8195374011993408,"['Cc1ccnc(NC(=O)c2ccc(COc3ccc(F)cc3F)o2)n1', 'CCn1cnnc1CNC(=O)c1ccc(-c2ccccc2F)o1', 'CC(CO)NC(=O)c1ccc(COc2ccc3ccccc3c2)o1', 'Cc1ccc(OCc2ccc(C(=O)N3CCCS3(=O)=O)o2)c(C)c1', 'COCC(C)NC(=O)c1ccc(CSc2ccccc2)o1', 'Cc1nn(C)cc1CNC(=O)c1ccc(-c2ccccc2Cl)o1', 'Cc1nc(COC(=O)c2ccc(CSc3nccn3C)o2)oc1C', 'O=C(NCCCn1cccn1)c1ccc(Oc2ccccc2Cl)o1', 'Cc1nnc(CN(C)Cc2ccc(-c3ccc(Cl)cc3)o2)o1', 'CC(=O)N1CCCN(C(=O)CCc2ccc(-c3ccccc3)o2)CC1']"
1354,0.001,0.42685062,0.5547946691513062,"['OC(CC(O)C(Cl)(Cl)Cl)c1ccccc1', 'OC(Cc1cnccn1)(c1ccccc1)c1ccccc1', 'OC(CNc1ccc2ccc(F)cc2n1)CN1CCOCC1', 'NC(C(=O)NCc1cccnc1)c1ccc(F)cc1', 'OC(CNCc1ccc(F)c(F)c1)c1cccc(C(F)(F)F)c1', 'OC(CC(O)(C(F)(F)F)C(F)(F)F)c1cccs1', 'NC(c1cccc(-c2ccncc2)c1)C(F)(F)F', 'OC(c1ccccc1)(c1ccccn1)C(F)(F)F', 'OC(c1ccc(F)cc1)(c1cncnc1)c1ccccc1Cl', 'NC(c1cccs1)c1cc(-c2ccc(F)cc2)n[nH]c1=O']"
1355,0.0035,0.24721296,1.0513770580291748,"['CC1CC(C)CN(C(=O)C2(C)CC2(Cl)Cl)C1', 'COCCN1CCN(C(=O)C2(C)CC2(Cl)Cl)CC1=O', 'CCN(C(=O)C1C(C)(C)C1(C)C)c1ccccc1S(=O)(=O)CC', 'CNC(=O)CN1CCN(C(=O)C2(C)CC2(Cl)Cl)CC1', 'CCCS(=O)(=O)NC1CCN(C(=O)C2CC2(Cl)Cl)CC1', 'Cc1cccc(NC(=O)C2CC2(Cl)Cl)c1C(=O)N1CCCC1', 'CNC(=O)C(NC(=O)C1CC1(Cl)Cl)c1ccc(F)c(F)c1', 'O=C(NCCNC(=O)C1CC1(Cl)Cl)c1ccccc1Cl', 'Cn1cc(CCCNC(=O)N2CCCC2(C)C)cn1', 'CCc1ccc(CCN2C(=O)C(C)CS2(=O)=O)cc1']"
1356,1e-04,0.0,0.0,[]
1357,0.3044,0.15941438,0.8070220947265625,"['CNCC1NCCc2cc(Cl)c(OC)c(OC)c21', 'COc1c(Cl)c(OC)c(OC)c2c1CCNC2C', 'CCOc1c(Br)cc(CNc2nnnn2C)cc1OC', 'CCNC(=O)Cc1cc(OCC)c(OCC)cc1Br', 'CCC(C#N)(CC)Cc1cc(OC)c(OC)c(OC)c1', 'C=CCc1cc(CN2CCN(C(C)C(N)=O)CC2)cc(OC)c1O', 'C=CCCC1NCCc2c(OC(F)(F)F)cc(O)cc21', 'COc1cc(CC(=O)NC(C)(C)C)cc(OC)c1OC', 'COc1cc(OC)c(OC)cc1CC1NCCNC1=O', 'COc1cc(CN2CCNc3ccccc32)cc(OC)c1OC']"
1358,0.0003,0.3660369,1.1615077257156372,"['COc1ccc(S(=O)(=O)Oc2ccc(-n3ccnc3)cc2)cc1', 'CNc1ccc(NS(=O)(=O)c2ccc(C)cc2)c(C)c1', 'COc1ccc(C(=O)Oc2ccccc2OC)cc1']"
1359,1e-04,0.0,0.0,[]
1360,1e-04,1.0,0.0,['O=c1cc(-c2ccc3c(c2)OCCO3)oc2cc(O)ccc12']
1361,0.0057,0.7555091,0.22873550653457642,"['OC1CCN(Cc2ccco2)C1Cc1ccccc1', 'OCCCc1nc2ccccc2n1-c1ccncc1', 'Oc1ccccc1SCc1cn2ccccc2n1', 'OCCOc1cccc2sc(-c3cccs3)nc12', 'Oc1cccc(CNc2ccccc2OC(F)F)c1', 'OCc1cccc(-n2cc(-c3ccccc3)cn2)n1', 'Oc1ccc(CCCNc2ccc3cn[nH]c3c2)cc1', 'OCc1cc2cc(OCc3ccccc3)ccc2[nH]1', 'OCc1cn(Cc2noc(-c3ccsc3)n2)nn1', 'OCCOCCNc1cc(Cl)c2cc[nH]c2n1']"
1362,0.0004,0.48770335,0.7358938455581665,"['NC(=O)c1cccc2c1CCCN2Cc1nnnn1-c1ccccc1', 'O=C(COc1cccc2c1CCC2=O)C1=NC=CC1', 'CCc1cc(Br)cc2c1OC(C)C(=O)N2', 'COC(=O)c1cccc2c1CCCN2C(=O)c1ccc(C#N)cc1']"
1363,0.0003,0.4664667,0.6069576144218445,"['OC(c1ccc(F)cc1)(c1cncnc1)c1ccccc1Cl', 'C=CCc1cccc(Cl)c1OCCn1ccnc1', 'OC(Cc1cnccn1)(c1ccccc1)c1ccccc1']"
1364,1e-04,0.0,0.0,[]
1365,1e-04,0.0,0.0,[]
1366,1e-04,1.0,0.0,['Cn1cc(C(=O)N2CCC(Oc3ccccn3)C3OCCC32)cn1']
1367,1e-04,0.0,0.0,[]
1368,1e-04,0.0,0.0,[]
1369,0.0008,0.25027895,1.1847726106643677,"['CNc1nc(-c2ccccc2)c(C(C)=CC(=O)OC)s1', 'COc1ccc(C(C)(CO)Cc2cccs2)cc1OC', 'CSc1nc2ncc3c(=O)n(Cc4cccnc4)ccc3n2n1', 'CCCc1cnc(C)nc1NC1CCN(c2cc(=O)[nH]c(N)n2)CC1', 'CC1=CC(C)=NC(=O)C1S(=O)(=O)c1ccc(CC(C)C)cc1', 'COc1cc(C(C)=O)ccc1OC(=O)Cc1cccs1', 'COc1cc(C(C)=O)ccc1OC(=O)COc1ccc(F)cc1', 'COc1ccc(C(C)=O)c(OC(=O)c2ccncc2F)c1']"
1370,1e-04,0.0,0.0,[]
1371,1e-04,0.0,0.0,[]
1372,1e-04,0.0,0.0,[]
1373,1e-04,0.0,0.0,[]
1374,0.0003,0.44070566,0.7251033782958984,"['CC1=C(C(=O)OC(C)(C)C)C(c2ccc(F)cc2)NC(=O)N1', 'CCCC1=C(C(=O)OCC)C(c2ccccc2OC)NC(=O)N1', 'CCOC(=O)C1=C(C)C(S(=O)(=O)NC2CCCCCC2)C(C)=N1']"
1375,1e-04,0.0,0.0,[]
1376,1e-04,0.0,0.0,[]
1377,1e-04,0.0,0.0,[]
1378,0.0048,0.33426037,0.6112630367279053,"['O=C(COc1ccc(Cl)cc1)Nc1ccccc1N1CCOCC1', 'O=C(CN1CCc2sccc2C1)Nc1cccnc1N1CCCC1', 'O=C(CN1CCc2ccccc21)Nc1cccnc1N1CCOCC1', 'O=C(NC1CC1)c1ccc2c(c1)nc1n2CCCC1', 'O=C(CCc1ccccc1F)Nc1ccccc1N1CCCC1=O', 'O=C(Cc1cccc2ccccc12)N1CCOCC1C1CC1', 'O=C(NC1CCC2CCCC21)c1ccccc1N1CCOCC1', 'O=C(Cn1c(-c2ccccc2)cc2ccccc21)NCC1CCCO1', 'O=C(NC1CCCCCC1)c1ccc2c(c1)nc1n2CCOC1', 'CC(NC1=NS(=O)(=O)c2ccccc21)C(=O)N1CCOCC1']"
1379,1e-04,0.0,0.0,[]
1380,1e-04,0.0,0.0,[]
1381,1e-04,0.0,0.0,[]
1382,0.0002,0.5,0.0,"['CCCCC(CC)C(=O)C(C#N)c1nc(C)cs1', 'CCC(C#N)(CC)Cc1cc(OC)c(OC)c(OC)c1']"
1383,1e-04,0.0,0.0,[]
1384,0.0002,0.5,0.0,"['Cc1cc(C)nc(-n2ncc3c2ncn2nc(C(C)C)nc32)n1', 'Cc1cc(-c2ccc3ccccc3n2)cn2nc(N)nc12']"
1385,1e-04,0.0,0.0,[]
1386,1e-04,0.0,0.0,[]
1387,1e-04,0.0,0.0,[]
1388,1e-04,0.0,0.0,[]
1389,1e-04,0.0,0.0,[]
1390,1e-04,0.0,0.0,[]
1391,0.0063,0.3217052,0.7248626947402954,"['O=C(CCC(=O)c1cccs1)Nc1ccc2c(c1)NC(=O)CS2', 'CC(C)CCC(=O)NCC(=O)Nc1ccc2c(c1)C(=O)CCC2', 'Cc1ccccc1NC(=O)C(C)Nc1ccc2c(c1)CC(=O)N2', 'CCC(C)(C)NS(=O)(=O)c1cc2c3c(c1)CCN3C(=O)CC2', 'CCCCS(=O)(=O)NCC(=O)Nc1ccc2c(c1)oc(=O)n2C', 'Cc1noc(C)c1CN(C)C(=O)c1oc2c(c1C)C(=O)CCC2', 'O=c1c2ccccc2ncn1Cc1cc(Cl)c2c(c1)OCCCO2', 'Cc1n[nH]c(C)c1CCC(=O)Nc1ccc2c(c1)CCC(=O)N2', 'CN(CCc1ccccc1)C(C#N)c1ccc2c(c1)OCCO2', 'CN(CCC#N)S(=O)(=O)c1cc2c3c(c1)CCN3C(=O)CC2']"
1392,1e-04,0.0,0.0,[]
1393,1e-04,0.0,0.0,[]
1394,0.3357,0.18497206,0.7370296716690063,"['OCC1(c2nc(C3CCOCC3)nn2-c2cccc3c2CCC3)CC1', 'Nc1cccc2c(-c3cccc(CN4CCOCC4)c3)n[nH]c12', 'Nc1csc2nc(CCc3ccc(Cl)cc3)nn12', 'CCc1c(C)nc2cc(-c3ccoc3C)nn2c1NCCOC', 'Nc1cc(Br)cn2c(-c3cccc(F)c3)nnc12', 'Cc1ccnc2nc(C(=O)Oc3ccc(C(C)(C)C)cc3)nn12', 'Cc1ccnc2nc(C(=O)Nc3ccc(C(C)(C)C)cc3)nn12', 'Fc1ccc(-c2ccnc3nc(C4CCCO4)nn23)cc1', 'COc1ccc2c(C)nc(N(C)Cc3c(C)noc3C)nc2c1', 'CCOC(=O)Cc1c(C)[nH]c2cc(-c3ccc(Cl)cc3)nn2c1=O']"
1395,0.0038,0.47764608,0.5556524395942688,"['Cc1ccc(N2CC(C(=O)Nc3c(C)cccc3C)CC2=O)cc1F', 'COc1cccc(N2CC(C(=O)Nc3ccc(C)cc3C)CC2=O)c1', 'COc1ccc(N2CC(C(=O)Nc3ccccc3OC)CC2=O)cc1', 'CCc1ccc(N2CC(C(=O)N(C)c3ccccn3)CC2=O)cc1', 'Cc1cccc(N2CC(C(=O)Nc3ccc(CC#N)cc3)CC2=O)c1', 'COc1ccc(N2CC(C(=O)N(C)C3CCN(C)C3=O)CC2=O)cc1', 'Cc1cccc(N2CC(C(=O)Nc3cccc(Cl)c3)CC2=O)c1', 'Cc1ccc(CN2CC(C(=O)N3CC(CO)C3)CC2=O)cc1', 'Cc1ccc(N2CCC(NC(=O)Nc3cnccc3C)C2=O)cc1', 'Cc1cc(C)cc(N2CC(C(=O)N(C)c3ccccc3)CC2=O)c1']"
1396,0.0039,0.33665514,0.6286298036575317,"['CCCn1c(C)nnc1SCC1CCCCO1', 'CC(C)Cc1ncc(CN2CCOCC2C2CC2)s1', 'CCCCn1nnnc1CN1CCCC(C(F)(F)F)C1', 'COc1ccc(CN2CCOC3CCCC32)cc1Br', 'CCCCCNC(=O)N1CCCCC1CN1CCOCC1', 'CCCn1cc(C(O)Cc2ccccc2Br)cn1', 'CCCCn1nnnc1CN1CCCCC1Cn1nc(C)cc1C', 'CCCn1nccc1CNc1cc(OC)ccc1OC', 'CC(C)CN1CCOC(CNc2nc3ccccc3s2)C1', 'CCc1ccc(CN2CCOC(c3nc(C)cs3)C2)o1']"
1397,0.0177,0.4404203,0.5047045946121216,"['CCC(CC)NC(=O)c1ccc(-n2cccn2)cc1', 'CCC(C)NC(=O)NC(CC)c1cccc(Cl)c1', 'CCC(C)NC(=O)CCC(O)c1ccc(Br)cc1', 'CCC(CC)NC(=O)CS(=O)(=O)c1ccc(Cl)cc1', 'CCC(C)NC(=O)c1cc(-c2ccc(OC)cc2)n(C)n1', 'CCC(C)NC(=O)c1c(O)nc2ccccn2c1=O', 'CCC(C)NC(=O)COc1cccc2ccccc12', 'CCC(C)NC(=O)c1cc(-c2ccc(C)s2)[nH]n1', 'CCC(C)NC(=O)c1ccc(NC(=O)Cn2c(C)csc2=O)cc1', 'CC(C)(C)NC(=O)c1cc2c(ccc3ccccc32)oc1=O']"
1398,0.1648,0.37592748,0.4661230444908142,"['Cc1c(C(=O)NCC2CCCO2)sc2nc3n(c(=O)c12)CCC3', 'Cc1cccn2cc(CSc3nnc(C4CCCCC4)n3N)nc12', 'Nc1cccc2c(-c3cccc(CN4CCOCC4)c3)n[nH]c12', 'COc1cc(N)cn2cc(-c3ccc4c(c3)CCC4)nc12', 'OCc1cnn2cccc(CN3CCN(c4ccccc4)CC3)c12', 'CCC(C)NC(=O)C1c2ccccc2C(=O)N2CCCCC12', 'Cc1ccc(CN2CC3CC(C(=O)Nc4ccccc4)C(C2)O3)o1', 'CC(C(=O)Nc1ccc2[nH]c(=O)[nH]c2c1)N1CCOCC1', 'Oc1cc(O)c2c(c1)C(c1ccc3[nH]nnc3c1)NCC2', 'O=C(CSc1ncnc2sc3c(c12)CCCC3)N1CCCC1']"
1399,1e-04,0.0,0.0,[]
1400,0.0116,0.29238343,0.753555953502655,"['Cc1cc(C)c(C#N)c(SCC(=O)N2CCc3ccccc3C2)n1', 'COc1ccc(C(N)=O)c(OCC(=O)N(C)Cc2cccs2)c1', 'COc1ccc(C(C)=O)c(OC(=O)c2ccncc2F)c1', 'Cc1cc(C)c(C#N)c(SC(C)C(=O)NCc2ccccc2)n1', 'COC(=O)c1cc(Cl)cc(NC(=O)c2cc[nH]n2)c1', 'COc1ccc(C(C)=O)c(OCC(=O)N2CC(C)CC(C)C2)c1', 'COC(=O)c1ccc(Cl)c(S(=O)(=O)NCC2CC2C)c1', 'Cn1cc(C(N)=O)c(NCc2ncc(-c3ccccc3)o2)n1', 'Cc1cc(-c2ccccc2F)c(C#N)c(N2CCOCC2)n1', 'Cc1cc(C(F)(F)F)n(-c2nc(Cn3cccn3)cs2)n1']"
1401,1e-04,1.0,0.0,['O=c1c(-c2ccccc2)c(N2CCN(c3ccccc3)CC2)c1=O']
1402,0.0023,0.3641382,0.8514010906219482,"['CC1CC(N2CCN(C(=O)c3cccc(F)c3)CC2)C(=O)O1', 'CC1CC(N2CCN(c3cccc(C(F)(F)F)c3)CC2)C(=O)O1', 'CC1CC(N2CCc3nn(C)c(=O)cc3C2)C(=O)O1', 'CC1CC(OC(=O)c2ccccc2SCc2ccsc2)C(=O)O1', 'CN(Cc1ccsc1)C(=O)C1Cc2ccccc2C(=O)O1', 'CC1Cc2ccccc2N1C(=O)C1Cc2ccccc2C(=O)O1', 'CCc1nc2n(n1)CCCC2NC(=O)C1Cc2ccccc2C(=O)O1', 'CC(NC(=O)C1(C)Cc2ccccc2C(=O)O1)c1ccncc1', 'CC1(C(=O)N2CCC(C(N)=O)C2)Cc2ccccc2C(=O)O1', 'CC(C)CCNC(=O)N1CCN(Cc2ccc(C#N)cc2)C(=O)C1']"
1403,1e-04,0.0,0.0,[]
1404,0.0014,0.406173,0.6297873854637146,"['O=C(Cn1c(C=Cc2ccco2)nc2ccccc21)N1CCCC1', 'COC(=O)C(C)Sc1nc(C=Cc2cccs2)n[nH]1', 'Fc1cccc(-c2nnc3sc(C=Cc4cccnc4)nn23)c1', 'COc1ccc(-c2nnc3sc(C=Cc4cccnc4)nn23)cc1', 'CCOC(=O)c1sc(C=Cc2cncnc2)nc1C', 'COc1cc(C=Cc2ccc3c(c2)OCO3)oc(=O)c1', 'N#CCn1nnc(CO)c1C=Cc1ccc(F)cc1', 'COc1cc(C=CC2NCCc3cc(F)ccc32)ccc1O', 'CNC(=O)c1cnc(C=Cc2cccc(C#N)c2)s1', 'O=C(c1cccc(O)c1)N1CCN(CC=Cc2ccc(F)cc2)CC1']"
1405,0.0031,0.29124194,0.8148497343063354,"['Cc1ccc(C)c(NC(=O)C(C)N2CC(C)Oc3cc(N)ccc32)c1', 'CC(C)(C)OC(=O)N1CCC(CS(=O)c2cccc(N)c2)C1', 'Cc1ccc(-c2nnc(-c3ccc(C)c(N)c3)o2)cc1N', 'COc1cccc(OC)c1C(=O)N1CCCc2cccc(N)c21', 'CCOC(=O)c1ccc2c(c1)nc(-c1ccc(N)cc1)n2N', 'CC1(Cc2ccc3c(c2)OCO3)CCCN(C(=O)c2cc(N)[nH]n2)C1', 'CC(=O)N1CCN(C(C)C(=O)Nc2ccc(C)c(N)c2)CC1', 'Cc1nn(-c2ccccc2)c(C)c1CC(=O)OC(C)c1ccccn1', 'Cc1ccc(C)c(NC(=O)C2(C)Oc3ccc(C)cc3NC2=O)c1', 'CC1(C)Cc2c(sc3nc(=O)n(Cc4ccco4)c(N)c23)CO1']"
1406,0.0009,0.7997291,0.0913933515548706,"['C=C(C)CN(CC)C(=O)c1cccc(NCc2ccccn2)c1C', 'C=C(C)CN1C(=O)C(C)Nc2cc(F)c(F)cc21', 'C=C(C)CN(CC)C(=O)c1cc(S(=O)(=O)N(C)C)c[nH]1', 'C=C(C)CN(CC)C(=O)Cn1c(-c2ccccc2)noc1=O', 'C=C(C)n1c(=O)n(C2CCCCC2O)c2ccccc21', 'C=C(C)COc1cc(CN2CCN(C(=O)CC)CC2)ccc1OC', 'C=C(C)CN(CC)C(=O)C1=NC=C(S(=O)(=O)N(C)C)C1', 'C=C(C)Cn1c(CNC(=O)Cc2ccccc2)nc2ccccc21', 'COC(C)c1nc(C)c(C(=O)N2CCOc3ccc(F)cc32)s1']"
1407,0.2178,0.18048412,0.8066346645355225,"['N#Cc1cnn2cc(-c3cc(NC4CCCC4)nc4[nH]ccc34)cnc12', 'CCCCc1nc(-c2cc(-c3c(C)n[nH]c3C)nc(N)c2C#N)c[nH]1', 'CCc1nc2ncc(-c3cc(NCCO)nc4[nH]ccc34)cc2[nH]1', 'O=C(NCCC1=C2C=CC(F)C=C2N=C1)c1ccc2[nH]nnc2c1', 'CNC(=O)c1cnc(OC(C)(C)C)c(OC2CC2)c1', 'O=C(c1cccnc1)N1CCC2(CC(Nc3ncc(F)cn3)CO2)C1', 'Cc1cnc(C(=O)N2CCOC3C(Oc4ccccn4)CCC32)cn1', 'CC(C)c1cnc(S(N)(=O)=O)cc1OC1CC1', 'CC(C)(C)OC(=O)N1CCC2(CC1)OCc1ccncc12', 'CNC(=O)c1cc(OC2CC2)cc(OC(C)(C)C)c1']"
1408,1e-04,0.0,0.0,[]
1409,1e-04,0.0,0.0,[]
1410,0.0123,0.35770217,0.6576820611953735,"['Cc1ccc(OCCCCO)c(Br)c1', 'COC(=O)C1CC(Oc2ccc(OC)cc2Br)CN1', 'Cc1ccc(OCc2nc3ccccc3n2CCCO)cc1', 'Cc1cccc(OCCc2nnc(CCO)o2)c1C', 'Brc1ccc(Oc2cnccn2)cc1', 'O=C(OCC1CCCCO1)c1ccc(OCC(F)F)nc1', 'Nc1ccc(OCC2CCCO2)nc1OCC1CC1', 'Nc1cccc(OCCOc2ccccc2Cl)c1', 'CC(O)c1ccc(OCCOc2ccccc2)cc1', 'CCc1noc(COc2ccc(F)c(Cl)c2)n1']"
1411,1e-04,0.0,0.0,[]
1412,1e-04,0.0,0.0,[]
1413,1e-04,0.0,0.0,[]
1414,1e-04,0.0,0.0,[]
1415,1e-04,0.0,0.0,[]
1416,1e-04,0.0,0.0,[]
1417,0.0004,0.40604243,0.8143433928489685,"['O=C1C2CC(O)CCN2C(=O)CN1CCCN1CCOCC1', 'O=C1c2nccnc2C(O)N1c1ccc(Br)cn1', 'CN1C(=O)C2(OCCCO2)c2cccc(Cl)c21', 'CN1c2ccccc2C(=O)NC1c1ccc(Br)cc1']"
1418,1e-04,0.0,0.0,[]
1419,0.0002,0.5,0.0,"['CC(C)C1C(=O)NCCN1C(=O)NCC1CN2CCCCC2CO1', 'CC(C)C1(C)C(=O)N(CCCO)c2cc(N)ccc2N1C']"
1420,1e-04,0.0,0.0,[]
1421,0.0596,0.36994034,0.5921659469604492,"['OC(CC(O)(C(F)(F)F)C(F)(F)F)c1cccs1', 'CN(C)C1=NC(C(F)(F)F)(C(F)(F)F)N=C(c2cccnc2)O1', 'O=C(C1CCCC(C(F)(F)F)C1)N1CCC(O)(C(F)(F)F)CC1', 'COc1ncc(C(F)(F)F)cc1Br', 'Cn1ccnc1Sc1ncc(C(F)(F)F)cc1Cl', 'O=C1CCCN1CCNc1ccnc(C(F)(F)F)n1', 'O=C(Nc1ccccc1C(F)(F)F)N(CC(F)F)C1CC1', 'OCCNc1ccnc2c(C(F)(F)F)cccc12', 'Cc1c(CNc2nccc(C(F)(F)F)n2)cnn1C', 'CSc1ccc(NCCOCC(F)(F)F)cc1']"
1422,1e-04,0.0,0.0,[]
1423,0.0002,0.5,0.0,"['CC12CCC(C(=O)NCCN3CCOCC3)(OC1=O)C2(C)C', 'CC12CCC(C(=O)Nc3ccc4c(c3)OCO4)(CC1O)C2(C)C']"
1424,1e-04,0.0,0.0,[]
1425,1e-04,0.0,0.0,[]
1426,0.0006,0.4883974,0.7181938290596008,"['CN(C)c1nc2c(c(=O)[nH]1)CCN(C(=O)c1ccc(=O)[nH]c1)C2', 'O=C(CSc1nc2c(c(=O)[nH]1)CCCC2)NCCc1ccccc1', 'C=CCSc1nc2c(c(=O)[nH]1)C(c1ccccc1Cl)CC(=O)N2', 'Cc1nc2c(c(=O)[nH]1)CN(C(=O)c1ccc3nc(C)c(C)nc3c1)C2', 'Cc1cccc(-n2c3c(c(=O)[nH]c2=O)CN(C2CCCCC2)CN3)c1', 'C#CCCOC(=O)Cc1c(C)nc2c(c1C)c(=O)[nH]n2C']"
1427,1e-04,0.0,0.0,[]
1428,0.0003,0.57677335,0.22041307389736176,"['CCCCNC(=O)C1CC(c2ccco2)NS(=O)(=O)N1C', 'COc1ccc2c(c1)N(Cc1cccc(C(N)=O)c1)CC(C)O2', 'CN(C)C(=O)C1CCC2C(CCN2Cc2cnn(C)c2)O1']"
1429,1e-04,0.0,0.0,[]
1430,0.0051,0.3284924,0.7285795211791992,"['O=C(NC1CC1)C(Nc1ccc2c(c1)CCC2)c1ccccc1', 'O=C(NC1CCCC1)C(Sc1cn[nH]n1)c1ccccc1', 'CC(NCc1ccncc1)C(O)c1ccc(F)c(F)c1', 'CC(NC(=O)c1ccccc1Cl)C(O)Cc1ccccc1', 'O=C(NCCOc1ccccc1F)C(c1cccnc1)N1CCCC1', 'C=CCNC(=O)N(Cc1ccccc1)C(C)c1ccccn1', 'COCCN(Cc1cc(Cl)cc(Cl)c1)C(C)C(N)=O', 'O=C(NCC(F)(F)F)C(Cc1ccccc1)n1cnnn1', 'CN(C(=O)CCOc1ccccc1)C(C#N)c1cccs1', 'CCN(Cc1ccco1)C(C)c1nc(C(C)C)no1']"
1431,0.0105,0.36192656,0.6192548274993896,"['Cc1nnc(Sc2ccc3scnc3c2N)o1', 'CSc1nnc(CSc2nc3ccccc3s2)n1C', 'Cc1cc(CSc2ncnc3sc(C)cc23)no1', 'CC1CN(C(=O)c2cc3occc3n2C)CC(C)O1', 'Cc1ccc(Sc2ccc3nnnn3n2)cc1C', 'CCNc1nc(-c2nnc3scc(C)n23)cs1', 'Cc1ccc(OCc2nc3c(N)cccc3n2C)cc1', 'Fc1ccc(Oc2ncnc3ccsc23)cc1F', 'CCCC1CN(Cc2cccc3[nH]ccc23)CCO1', 'Cc1cc(-c2n[nH]c3cc(N)ccc23)c(O)cc1Cl']"
1432,0.0006,0.53451014,0.4361265301704407,"['COC1(C)CC(NC(=O)Nc2ccc(CC#N)cc2)C1(C)C', 'COC1(C)CC(NC(=O)CCNC(=O)C(C)(C)C)C1(C)C', 'CCC1(CC)Oc2ccc(C(C)=O)cc2N(CCCC#N)C1=O', 'CCC1(O)CCN(C(=O)c2cc(-c3ccccn3)n[nH]2)CC1O', 'CCC1(O)CCN(C(=O)C2CCCN2C(=O)c2cccs2)CC1', 'OCC1(O)CCN(c2noc(-c3ccccc3)n2)CC1']"
1433,1e-04,0.0,0.0,[]
1434,1e-04,0.0,0.0,[]
1435,1e-04,1.0,0.0,['Cc1cc(C(=O)Nc2ccc(-n3nnn(C)c3=O)cc2)c(C)o1']
1436,0.0002,0.5,0.0,"['O=C(NC1CCCC1)C(Sc1cn[nH]n1)c1ccccc1', 'CN1C(=O)CN(C(=O)c2cnc(C3CCCO3)s2)c2ccccc21']"
1437,1e-04,1.0,0.0,['Cc1cc2c(o1)CC(C)(C)CC2NC(=O)CCNc1ncccn1']
1438,0.0006,0.31555477,1.0648231506347656,"['Cc1nnc(Sc2nc3c([nH]2)c(=O)n(C)c(=O)n3C)n1N', 'C=CCn1c(C)nnc1Sc1nc2c([nH]1)c(=O)n(C)c(=O)n2C', 'COc1cccc(-c2nc3c([nH]2)CCN(C(=O)c2nc(C)c[nH]2)C3)c1', 'CCc1nc(Nc2ccc(OC)cc2)c2c(n1)c(C)nn2C', 'COC(=O)c1ccc2c(c1)[nH]c(=O)n2C(C)C(=O)OC', 'C#CCCOC(=O)Cc1c(C)nc2c(c1C)c(=O)[nH]n2C']"
1439,0.0004,0.38741088,0.8164675235748291,"['Cc1nc2ccc(NC(=O)c3cc4cnn(C(C)C)c4nc3C)cc2o1', 'Cc1cc2cc(C(=O)NCc3nnnn3-c3ccccc3)ccc2o1', 'COC(=O)c1cc(=O)c2cc(NC(=O)C(C)(C)C)ccc2o1', 'Cc1nc2cc(NC(C)C(=O)Nc3ccc(C#N)cc3)ccc2o1']"
1440,0.01,0.6345372,0.40235909819602966,"['CCC(C)CS(=O)(=O)c1nc2ccc(N)cc2o1', 'CCC(C)n1ncc(C(=O)NCC2CCCC(O)C2)c1C1CC1', 'CCC(C)c1ccc(C(O)CNC(=O)c2cccnc2)cc1', 'CCC(C)NC(=O)NC(CC)c1cccc(Cl)c1', 'CCC(C)NC(=O)COc1cccc2ccccc12', 'CCC(C)n1ncc(S(=O)(=O)NCC2CCCO2)c1N', 'CCC(C)Nc1nnc(-c2c3c(nn(C)c2=O)CCC3)s1', 'CCC(C)C(NS(=O)(=O)c1cccc(Br)c1)C(N)=O', 'CCC(C)NC(=O)c1ccccc1NC(=O)c1cc[nH]n1', 'CCC(C)NC(=O)CN1CCc2c(N)cccc2C1']"
1441,0.0096,0.42803374,0.5872015953063965,"['NC(=O)C(CCSc1ccccc1)c1ccccc1', 'COC(=O)c1occc1CSc1ccccc1O', 'NC(=O)CSc1ccccc1C(=O)Oc1ccc(Cl)cc1', 'O=C(CCSc1ccccn1)Nc1cccc(N2CCCC2=O)c1', 'Cc1csc(NC(=O)CSc2ccc(Br)cc2)n1', 'COc1c[nH]c(CSc2ccc(F)cc2)cc1=O', 'CN(C(=O)CSc1ccccc1)C1(C#N)CCCCC1', 'CC(NC(=O)CSc1ncccc1C#N)c1ccc(F)cc1', 'Cc1nn(C)c(C)c1NC(=O)CSc1ccccc1O', 'COC(=O)c1ccc(CSc2ccc(N)nc2)cc1']"
1442,1e-04,0.0,0.0,[]
1443,1e-04,0.0,0.0,[]
1444,0.0002,0.5,0.0,"['Cc1ccc(C(=O)CC2(O)C(=O)N(CC(N)=O)c3ccccc32)s1', 'Cc1ccc2c(c1)C(O)(CC(=O)c1cccs1)C(=O)N2']"
1445,1e-04,0.0,0.0,[]
1446,1e-04,0.0,0.0,[]
1447,1e-04,0.0,0.0,[]
1448,1e-04,0.0,0.0,[]
1449,1e-04,0.0,0.0,[]
1450,1e-04,1.0,0.0,['CC(=Cc1ccccc1)CN(C)Cc1nccs1']
1451,1e-04,1.0,0.0,['COCC(=O)NC1CCC2(C)CCC3C(C)C(=O)OC3C2C1C']
1452,1e-04,0.0,0.0,[]
1453,1e-04,0.0,0.0,[]
1454,1e-04,0.0,0.0,[]
1455,1e-04,0.0,0.0,[]
1456,1e-04,0.0,0.0,[]
1457,1e-04,1.0,0.0,['COc1cc(O)ccc1C1Nc2c(C)cccc2-c2cc(C)nn21']
1458,1e-04,0.0,0.0,[]
1459,1e-04,0.0,0.0,[]
1460,0.1035,0.49743387,0.4050581157207489,"['CCC(C)Nc1ncnc(N2CCOCC2)c1N', 'N#Cc1c[nH]c2ccc(OCc3ccccc3)cc2c1=O', 'CC(=O)NC1=NC(=O)C2=NCN(COCCO)C2=N1', 'Cc1c(CNC(C)c2cnc3ccsc3c2)cnn1C', 'CCCc1n[nH]c(C2CN(CC(O)Cn3cccn3)CCO2)n1', 'CC(=O)NCC1NCCc2ccc(Oc3ccccc3)cc21', 'CC(=O)Nc1nnc(SCC(=O)c2ccco2)s1', 'CC(=O)NCCNC(=O)Nc1ccccc1SC(C)CC#N', 'CC(=O)NC(C)C1NCCc2c1ccc(C)c2F', 'CCCc1n[nH]c(C2CN(C(=O)c3ccnc(N(C)C)c3)CCO2)n1']"
1461,0.0221,0.25369284,0.859777569770813,"['CCc1noc(C)c1C(=O)Nc1cccc(-c2csc(C)n2)c1', 'CCC1CCCCN1C(=O)c1cc(-c2csc(C)n2)c[nH]1', 'CCCNC(=O)COc1ccc(-c2csc(C)n2)cc1N', 'CCN(Cc1noc(C)n1)C(=O)CCc1scnc1C', 'Cc1cccc(C(=O)Nc2cc(-c3noc(C)n3)sc2C)c1', 'COc1cccc(NS(=O)(=O)c2ccc(-c3coc(C)n3)cc2)c1', 'CCC(CC)N(CCO)C(=O)Cc1csc(C)n1', 'COCCOc1cccc(C(=O)N2CCCC(c3noc(C)n3)C2)c1', 'COCCOC(=O)c1cccc(-c2csc(C)n2)c1', 'CCc1ccccc1OC1CN(C(=O)CCc2n[nH]c(C)n2)C1']"
1462,1e-04,0.0,0.0,[]
1463,1e-04,0.0,0.0,[]
1464,0.3706,0.20232858,0.8064850568771362,"['CCCC(=O)N1CCCC1C(=O)N1CCC(c2ccccc2C)C1', 'CCC(=O)N1c2ccc(C(=O)C3CCCCN3)cc2CC1C', 'O=C(C1Cc2ccccc2O1)N1CCCC(c2ccn[nH]2)C1', 'O=C(c1csc(-c2cccs2)n1)N1CCCC(n2cccn2)C1', 'O=C(c1cnc(-c2cccs2)s1)N1CCCC1Cn1cccn1', 'CC(=O)N1c2ccc(NC(=O)CN3CC(C)OC(C)C3)cc2CC1C', 'O=C(N1CCOCC1)N1CCC2(CCCN(c3ncccn3)C2)C1', 'O=C(c1ccncc1F)N1CCC(Oc2cccc(Cl)c2)C1', 'COc1ccc2c(C(=O)CN3CC(C)OC(C)C3)c[nH]c2c1', 'CCn1nc(C(=O)N2CCC(C)CC2C)ccc1=O']"
1465,1e-04,0.0,0.0,[]
1466,0.0028,0.19030038,0.9554058313369751,"['O=C(NCCOCCO)C1CCCc2ccccc21', 'O=C(NC(CO)CO)c1cc2cccc(Cl)c2o1', 'CC(COCC(F)(F)F)NC(=O)Nc1nccs1', 'O=C(NCCO)Nc1ccc(COCC(F)(F)F)cc1', 'CCCn1c(SCC(N)=O)nc2sc3c(c2c1=O)CCCC3', 'CCCN(CCO)c1ccc2cccc(Br)c2n1', 'CCCCN(CCO)C(=O)NC1CCCn2nc(CC)nc21', 'O=C(NC1CC1)c1cc(-n2cnnn2)ccc1Cl', 'CCC(Sc1nncn1CCOC)c1ccc(F)cc1', 'O=C(NCCCO)NCc1nc(-c2ccc(Cl)cc2)cs1']"
1467,1e-04,0.0,0.0,[]
1468,0.0266,0.32840946,0.5482531189918518,"['CC(C)(C)CC1NCCc2c(F)cc(F)c(F)c21', 'COCc1cc(N)c2c(Cl)c(OC)cc(OC)c2n1', 'Cc1cc(C(N)=O)c2c(Cl)cc(Cl)cc2n1', 'CC(C)(C)c1cc(N)c2cc(F)c(F)c(F)c2n1', 'CCCCNC(=O)n1c(=O)[nH]c2cc(Cl)ccc21', 'COCCOCC1NCCc2cc(F)c(O)cc21', 'Oc1cccc(C2NCCc3c(F)cc(O)cc32)c1', 'CCCCOCC(=O)N1CCc2cc(F)ccc2C1', 'OCCNc1ccnc2c(C(F)(F)F)cccc12', 'CCOC(=O)c1cnc2cc(Cl)c(OC)cc2c1NC']"
1469,0.056,0.70097744,0.19466598331928253,"['CCC1C(=O)NCCN1C(=O)C(C)CC1CCCC1', 'CCCOc1ccccc1OCC(=O)Nc1nncs1', 'CC(C)CC1COCCN1C(=O)c1cc(Br)cn1C', 'COCCOc1ncccc1NC(=O)NCc1nc(C)sc1C', 'Cc1n[nH]c(C)c1CCOC(=O)CC1CCCC1', 'CCOCCOc1ccccc1C(=O)Nc1nccs1', 'COC(=O)Cn1cc(NS(=O)(=O)c2cc[nH]c2)cn1', 'CC(Sc1ccccc1Cl)C(=O)OCC(N)=O', 'CC(C)CN(C)S(=O)(=O)c1c(N)nc2ccccn12', 'Cc1n[nH]cc1CNS(=O)(=O)N1CCCCCC1']"
1470,1e-04,0.0,0.0,[]
1471,1e-04,1.0,0.0,['CCN1CCN(C2=NC(=O)CC(C(=O)Nc3ccccc3)N2)CC1']
1472,1e-04,1.0,0.0,['c1cnn(CCCNc2nc3nonc3nc2N2CCCCC2)c1']
1473,1e-04,0.0,0.0,[]
1474,1e-04,0.0,0.0,[]
1475,1e-04,0.0,0.0,[]
1476,1e-04,0.0,0.0,[]
1477,1e-04,0.0,0.0,[]
1478,1e-04,0.0,0.0,[]
1479,0.0002,0.5,0.0,"['O=C1CCCc2[nH]c(=O)c(-c3nc(-c4ccncc4)no3)cc21', 'COC(=O)c1cc(F)c(C)c(OCc2nnc(-c3occc3C)o2)c1']"
1480,1e-04,0.0,0.0,[]
1481,1e-04,0.0,0.0,[]
1482,1e-04,0.0,0.0,[]
1483,0.0003,0.6415792,0.05529947206377983,"['Cc1nnc(NCc2ccccc2F)c(C#N)c1C', 'Cn1cc(CC(C#N)C(=O)NCCc2ccccc2)c2ccccc21', 'C=CCN(CC=C)C(=O)CNc1ccc(C)c(C)c1']"
1484,1e-04,0.0,0.0,[]
1485,0.0173,0.32851255,0.6874591708183289,"['c1ccc(-c2nn3c(Cn4nnc5ccccc54)nnc3s2)nc1', 'CCCCN(CC)C(=O)Cn1nnc2ccccc2c1=O', 'O=C(Nn1cnc2ccccc21)c1n[nH]c2ccccc12', 'O=S(=O)(c1ccccc1)n1nnc2ccccc21', 'Cc1n[nH]c(C)c1CCOC(=O)CCn1nnc2ccccc2c1=O', 'O=c1[nH]c(CCn2nnc3ccccc32)nc2ccccc12', 'O=C(Nc1ccon1)c1nn2ccccc2c1Cl', 'CCOC(=O)C(c1ccc(OC)cc1)n1nnc2ccccc21', 'Cc1csc(NC(=O)Cn2nnc3ccccc3c2=O)n1', 'CN(Cc1ccc2ccccc2c1)C(=O)Cn1nnc2ccccc21']"
1486,0.0037,0.35473216,0.731983482837677,"['CC1CN(c2ccc3c(c2)NC(=O)C3=O)C(C)CO1', 'CC1CCC(Oc2cc3c(cc2N)OCCO3)CC1', 'CC(C)(C)C(O)CN1CCN(C(=O)c2cccc3c2OCO3)CC1', 'CC1CCCN(C(=O)Nc2cc3c(cc2Cl)OCCCO3)C1', 'CC1CCN(C(=O)c2ccc3c(c2)NC(=O)C2CCCCN32)CC1', 'CC(CO)NC(=O)NCC1(c2ccc3c(c2)OCO3)CCCCC1', 'CC1CCCC(CNC(=O)c2ccc3c(c2)NC(=O)CS3)C1', 'CC1CCN(C(=O)c2ccc3c(c2)nnn3C)CC1', 'CC1(C)C(NC(=O)NCCc2ccc3c(c2)CCO3)C2CCOC21', 'CC(CO)CNC(=O)NCC1(c2ccc3c(c2)OCO3)CCCCC1']"
1487,1e-04,0.0,0.0,[]
1488,1e-04,0.0,0.0,[]
1489,1e-04,0.0,0.0,[]
1490,0.0034,0.35781074,0.6508693099021912,"['COCCC(=O)N1CCC(n2c(-c3ccoc3)nc3cccnc32)C1', 'CC(C)NC(=O)CSc1nc(-c2ccccc2)nc2cc(=O)[nH]n12', 'CCn1c(=O)c(C(=O)NCc2ccc(OC)cc2)cc2cccnc21', 'Cc1noc(C)c1CCNCc1cc(-c2ccccc2)cn2nnnc12', 'COc1ccc(-c2c(C(=O)N3CCCC3)nc3ccccn23)cc1', 'CC(=O)Nc1ccc(Nc2cc(C(F)(F)F)nc3ncnn23)cc1', 'Cn1c(=O)n(Cc2ccc(OC(F)(F)F)cc2)c2cncnc21', 'CCCn1c(=O)n2c(-c3ccccc3N)nnc2c2c1ncn2C', 'c1ccc(CCNc2c(-c3ccccn3)nc3cnccn23)cc1', 'C=CCN(CC=C)C(=O)c1nn(-c2ccc(F)cc2)c2ncccc12']"
1491,0.0078,0.22143684,0.8101524114608765,"['CCC(CC)C(=O)NCCS(=O)(=O)N1CCNCC1', 'COc1ccc(C(=O)NCCCC(=O)N2CCCC2)cc1', 'CNC(=O)CNC(=O)NCCc1ccccc1Cl', 'CCCCCNC(=O)N1CCCCC1CN1CCOCC1', 'Cc1cccc(C(=O)N(CCC(=O)N2CCNCC2)C2CCCC2)c1', 'CC1CC1C(=O)N(CCC#N)CCN1CCOCC1', 'Cc1ccc(C(=O)NCCC(=O)NCc2ccco2)cc1', 'CCOCCCNC(=O)NC1CCN(C(=O)c2ccco2)CC1', 'Cn1cnc(CNC(=O)NCCCCC(F)(F)F)n1', 'Cc1n[nH]cc1NC(=O)CCC(=O)N1CCOCC1']"
1492,1e-04,0.0,0.0,[]
1493,1e-04,0.0,0.0,[]
1494,0.0117,0.262145,1.0254994630813599,"['O=C(Nc1ccccn1)C12CC3CC(CC(Cl)(C3)C1)C2', 'CC(O)CN(C)C(=O)C12CC3CC(CC(C3)C1)C2', 'Cc1noc(CNC(=O)C23CC4CC(CC(C4)C2)C3)n1', 'O=C(Nc1ccncc1)NC12CC3CC(CC(C3)C1)C2', 'Nc1ccc(NC(=O)C23CC4CC(CC(C4)C2)C3)nc1', 'O=C(NCCO)C1CCCN1C(=O)C12CC3CC(CC(C3)C1)C2', 'COCC(C)NC(=O)NCCC12CC3CC(CC(C3)C1)C2', 'O=C1CN(C(=O)CNC(=O)CC23CC4CC(CC(C4)C2)C3)CCN1', 'Cc1cc(C(=O)OCC(=O)NC23CC4CC(CC(C4)C2)C3)on1', 'O=C(Cn1cnnn1)Nc1ccc(C23CC4CC(CC(C4)C2)C3)cc1']"
1495,0.0541,0.2595889,0.5854137539863586,"['CCNC(=O)c1cnc(CCOc2ccccc2)nc1N', 'Cc1c(F)c(F)c(C(=O)N2CCN(C)CC2)c(C)c1Cl', 'CCCNC(=O)c1cnc(CCOc2ccccc2)nc1N', 'CCNC(=O)c1c(-c2cc(C)ccc2F)cnnc1N', 'CC(C)(C#N)C(=O)NC1CCN(c2cccc(F)c2)CC1', 'CCOC(=O)c1cnc(CCOc2ccccc2F)nc1N', 'CNC(=O)c1snc(S(=O)(=O)c2ccccc2)c1N', 'CCNC(=O)c1cnc(N2CCOCC2)nc1N', 'c1nc(Nc2ccc3c(c2)OCCO3)c2ccsc2n1', 'CCCCNC(=O)c1c(-c2ccc(OC)cc2)cnnc1N']"
1496,0.0008,0.40383038,0.8035232424736023,"['Cc1ccc(NC(=O)c2cncc(OC(C)C)c2)cc1S(C)(=O)=O', 'Cc1ccc(NC(=O)NC2CCCCC2C)cc1C(N)=O', 'Cc1ccc(C(=O)OCc2cnn(C)c2)cc1S(C)(=O)=O', 'Cc1ccc(NC(=O)N(C)C2CCC2)cc1S(C)(=O)=O', 'CCOc1ccc(Br)cc1S(N)(=O)=O', 'Cc1ccc(NC(=O)C2CCNC(=O)C2)cc1S(C)(=O)=O', 'Cc1ccc(NC(=O)c2cccc(Cl)c2)cc1S(C)(=O)=O', 'Cc1ccc(NC(=O)CCCc2ccccc2)cc1S(C)(=O)=O']"
1497,1e-04,0.0,0.0,[]
1498,1e-04,0.0,0.0,[]
1499,0.0013,0.44607136,0.6297882795333862,"['O=C(COc1cccc2c1CCC2=O)C1=NC=CC1', 'Cn1cccc1C=c1sc2nc3ccccc3n2c1=O', 'CC(=O)NC1=NC(=O)C2=NCN(COCCO)C2=N1', 'CCOc1c(Nc2ccc(Cl)cc2C)c(=O)c1=O', 'COCCCNc1c(-c2cc(C)c(C)cc2C)c(=O)c1=O', 'O=C(NC1=CC2N=CC=C2C=C1)c1csc(NCC2CCCO2)n1', 'Cn1cc(CCC(=O)Nc2ccc3c(c2)S(=O)(=O)C=C3)cn1', 'CCOC(=O)C1=C(C)C(S(=O)(=O)NC2CCCCCC2)C(C)=N1', 'CCOC(=O)c1ccc(N2C(=O)CC(C(=O)OC)=C2C)cc1', 'COc1ccc(C2NC(=O)NC=C2c2nc3ccccc3s2)cc1']"
1500,1e-04,0.0,0.0,[]
1501,0.0004,0.5369514,0.6100841760635376,"['CCC(=O)Nc1nc2cc3nc(NC(=O)CC)sc3cc2s1', 'CC(C)C(=O)N(C)Cc1nc(N2CCCC2)ncc1-c1ccncc1', 'CN(C(=O)OC(C)(C)C)C1CCCN(CC(=O)c2ccc[nH]2)C1', 'Cc1ccc(OCC(=O)NCc2ccc(F)cc2)c2c1C(C)CC2=O']"
1502,1e-04,0.0,0.0,[]
1503,1e-04,0.0,0.0,[]
1504,1e-04,1.0,0.0,['CSc1nc(N2CCCC2)c2c(c1C#N)CC(C)(C)OC2']
1505,1e-04,0.0,0.0,[]
1506,0.0045,0.3755272,0.6304242610931396,"['C=CCn1c(N)nnc1SCC(=O)N(C)CC1CCCCC1', 'C=CCSc1nnc(NC(=O)c2csnn2)s1', 'CCCNC(=O)CSc1n[nH]c(=O)n1CCC', 'CC(C)n1nnnc1SCC(=O)Nc1nccs1', 'CCCCCNC(=O)CSc1nc(N)cc(N)n1', 'C=CCn1c(N)nnc1SCc1nc(CC(C)C)no1', 'NC(=O)CSc1nnc(NC2CCCCC2)s1', 'CC(C)C(Sc1nnnn1C)C(=O)NCc1cccnc1', 'CSc1nsc(NC(=O)CSc2ccccc2Cl)n1', 'CCCc1cc(=O)[nH]c2nnc(SC(C)C(=O)OCC)n12']"
1507,0.0002,0.5,0.0,"['COc1ccc2c(cnn2CCC(=O)NCc2nc3ccccc3[nH]2)c1', 'CC(C)NC(=O)N1CCCC2(CCC(=O)N(Cc3cccnc3)C2)C1']"
1508,0.0003,0.6212198,0.10346034169197083,"['Cc1cc(NC(=O)C2CCCCC2C(=O)NCc2ccsc2)[nH]n1', 'O=C(c1coc(CN2CCOCC2)c1)N1CC2CC=CCC2C1', 'CN(Cc1cccc(-n2cccn2)c1)C(=O)CN1CCCCCC1=O']"
1509,1e-04,0.0,0.0,[]
1510,1e-04,0.0,0.0,[]
1511,1e-04,0.0,0.0,[]
1512,0.0005,0.5158706,0.6393815875053406,"['Cc1c(C(=O)NCCc2nccs2)oc2ccccc12', 'Cn1c(=O)sc2cc(S(=O)(=O)N3CCCC3)ccc21', 'Cc1cc(C)c(C)c(S(=O)(=O)Nc2ccncc2)c1C', 'COCCOc1ccc(S(=O)(=O)Oc2ccccc2F)cc1', 'CCNC(=O)c1ccc(S(=O)(=O)N(CC)CC)cc1']"
1513,1e-04,0.0,0.0,[]
1514,1e-04,0.0,0.0,[]
1515,1e-04,0.0,0.0,[]
1516,1e-04,0.0,0.0,[]
1517,1e-04,0.0,0.0,[]
1518,0.1121,0.28363606,0.4471209943294525,"['OCCOCCNc1cc(Cl)c2cc[nH]c2n1', 'O=C(NCc1cccs1)c1cn[nH]c1-c1cccs1', 'O=C(c1cc(-c2ccco2)[nH]n1)N1CCCCCC1', 'CCOCc1ccccc1CNc1cn[nH]c(=O)c1Cl', 'O=C(c1cc(-c2ccco2)[nH]n1)N1CCc2cc(F)ccc2C1', 'Cc1ccc(CN(C(=O)c2n[nH]cc2N)C(C)C)o1', 'CCn1nc(C)nc1CCCc1c[nH]c2ccccc12', 'CC1CN(C(=O)c2cc3c([nH]c2=O)CCCC3)c2ccccc2S1', 'Fc1cc(Br)cc2c1C(C1CNC1)NCC2', 'CC(NC(=O)c1ccc(=O)[nH]c1)c1ccccc1Cl']"
1519,0.1258,0.25101888,0.5944183468818665,"['Nc1cccc2c(-c3cccc(CN4CCOCC4)c3)n[nH]c12', 'O=C(NCc1cccc(C(F)(F)F)c1)c1cc2cn[nH]c2cn1', 'Cn1nc(C2CCCC2)cc1NC(=O)c1cccc2cn[nH]c12', 'CS(=O)(=O)NC1CCCN(C(=O)c2cccc3cn[nH]c23)C1', 'CCC1(O)CCN(C(=O)c2cc(-c3ccccn3)n[nH]2)CC1O', 'O=C(Nc1ccc(Cn2cccn2)cc1)c1ccc2cc[nH]c2c1', 'O=C(Nc1ccc(-c2csnn2)cc1)c1cc(Cl)c[nH]1', 'O=C(CN1CCN(c2ccc(O)cc2)CC1)c1ccc[nH]1', 'O=C(NCc1ccccc1)c1cccc(NC(=O)c2cc[nH]n2)c1', 'O=C(Nc1cc(F)cc(F)c1)c1sccc1-n1cnnn1']"
1520,1e-04,0.0,0.0,[]
1521,0.0142,0.57763624,0.30981752276420593,"['C#CCOC(=O)CCCC(=O)Nc1ccccc1C', 'C=CCOC1CCC2C1OCCN2C(=O)c1ccoc1', 'C=CCOC1C2CCC1N(S(=O)(=O)c1ccccc1)CCO2', 'C=CCOC1C=CC=CC1C(c1c(O)n[nH]c1C)c1c(O)n[nH]c1C', 'C=CCOCC12CCCOC1CCN(C(=O)c1ccco1)C2', 'CCCCOCC(=O)N1CCc2cc(F)ccc2C1', 'C#CCOCC1CCCN(C(=O)c2ccc(C)cc2)C1', 'COCCOc1ccccc1C(=O)NCc1ccoc1', 'C=CCOCC1CCC2C1OCCN2C(=O)c1ccco1', 'C=CCOC1CN(S(=O)(=O)c2cccnc2)C2CCCOC12']"
1522,0.0012,0.33296314,0.8150855898857117,"['CCCn1ccnc1-c1nccn1Cc1ccccc1-n1cncn1', 'CCOC(=O)CNc1nnnn1C1OC(CO)C(O)C1O', 'O=C(OCC1OC(n2ccc(=O)[nH]c2=O)CC1O)Oc1ccccc1', 'CCCOC(=O)c1cc(-c2c(O)cc(O)cc2O)nn1CCO', 'CC(=O)c1c2n(n(-c3ccccc3)c1=O)C(=O)c1nccnc1-2', 'CCCCC(C(=O)OC)n1cnc2c1c(=O)n(C)c(=O)n2C', 'OCc1cc2c(cc1OCc1cccnc1)OCO2', 'Cc1cc2nnc(SCCS(=O)c3ccccc3)n2c(C)n1', 'CCCn1nnnc1COC(=O)c1ccc(S(C)(=O)=O)cc1', 'O=C(OCC(=O)N1CCc2ccccc21)c1cnc2ccccn2c1=O']"
1523,1e-04,0.0,0.0,[]
1524,1e-04,0.0,0.0,[]
1525,0.0009,0.32014668,0.8683233261108398,"['Brc1ccc(Oc2cnccn2)cc1', 'Brc1ccc(Br)c2nccnc12', 'Brc1ccc(NCCOCC2CCOCC2)cc1', 'Brc1cccc(NCc2ccccn2)c1', 'Brc1ccc2ncc(CN3CCOCC3)n2c1', 'Brc1ccc(N2CCOc3ccccc3C2)nc1', 'Brc1cccc(OCCNc2ccc3nnnn3n2)c1', 'Brc1ccccc1-n1cc(NCC2CCOCC2)cn1', 'Brc1ccc2c(c1)CCCN2Cc1noc(C2CC2)n1']"
1526,1e-04,0.0,0.0,[]
1527,1e-04,1.0,0.0,['Cc1ccc(C(=O)N2CCC3(CC2)CC(Oc2cccnc2)C3)cc1']
1528,1e-04,0.0,0.0,[]
1529,1e-04,0.0,0.0,[]
1530,1e-04,0.0,0.0,[]
1531,1e-04,1.0,0.0,['N#Cc1cccc(C(=O)NC2C(c3cccnc3)CC(O)C2O)c1']
1532,1e-04,0.0,0.0,[]
1533,1e-04,0.0,0.0,[]
1534,1e-04,1.0,0.0,['C=CCN1C(=O)C2(NC(=O)c3c(C)cccc3N2)c2ccccc21']
1535,1e-04,0.0,0.0,[]
1536,1e-04,0.0,0.0,[]
1537,0.0026,0.30755126,0.8588008284568787,"['CS(=O)(=O)c1ccc(OS(=O)(=O)c2cn[nH]c2)cc1', 'CSc1ccc(OS(=O)(=O)c2cnn(C)c2)cc1', 'Cc1ccc(C)c(OS(=O)(=O)c2cccnc2)c1C', 'N#Cc1ccccc1OS(=O)(=O)c1cccc(Cl)c1', 'CCNC(=O)c1ccc(OS(=O)(=O)c2cc(C)ccc2C)cc1', 'NC(=O)c1cccc(OS(=O)(=O)c2ccccc2F)c1', 'COc1ccc(C(N)=O)c(OS(=O)(=O)c2c(C)noc2C)c1', 'CS(=O)(=O)Oc1ccc2c(c1)oc(=O)c1ccccc12', 'O=S(=O)(Oc1cccc(F)c1)c1ccc(F)cc1', 'CC1CCCN(c2ccccc2OS(=O)(=O)c2c[nH]cn2)C1']"
1538,1e-04,0.0,0.0,[]
1539,1e-04,0.0,0.0,[]
1540,0.0086,0.35024717,0.6511124968528748,"['COc1ccc(S(=O)(=O)N(C)CC(=O)N(C)c2ccccc2)cc1', 'COc1ccc(S(=O)(=O)N(C)CC(=O)Nc2nccs2)cc1', 'CCOc1ccc(S(=O)(=O)N(C)Cc2cccc(OC)c2)cc1', 'CC(=O)c1ccc(S(=O)(=O)NCCc2c[nH]c3ncccc23)cc1', 'CCOc1ccc(S(=O)(=O)N(C)Cc2ccc(C)s2)cc1', 'COc1ccc(S(=O)(=O)NCCCn2ccnc2)cc1Cl', 'COc1ccc(S(=O)(=O)Oc2ccc(-n3ccnc3)cc2)cc1', 'COc1c(C)cc(S(=O)(=O)NCC(O)c2cccn2C)cc1C', 'COc1ccc(S(=O)(=O)Nc2ccc3cn[nH]c3c2)c(OC)c1', 'COC(=O)c1cc(S(=O)(=O)Nc2ccc(NC(C)=O)cc2)c[nH]1']"
1541,1e-04,1.0,0.0,['OCC1(c2nc(C3CCOCC3)nn2-c2cccc3c2CCC3)CC1']
1542,1e-04,0.0,0.0,[]
1543,1e-04,0.0,0.0,[]
1544,0.0013,0.39461523,0.689957857131958,"['CC(C(N)=O)N1CCN(Cc2ccnn2C)CC1', 'CC(C(N)=O)n1nnc(-c2ccc(Br)cc2)n1', 'CCC(C(N)=O)N1CCN(Cc2csc(-c3ccccc3)n2)CC1', 'CN(CC(N)=O)c1c(C#N)c(=O)n(C)c(=O)n1C', 'CC1(C(N)=O)CN(C(=O)Cn2ccc(C(F)(F)F)n2)CCO1', 'CN(CC(N)=O)S(=O)(=O)Cc1cccc2cccnc12', 'CC1(C(N)=O)CN(C(=O)Cn2cc(Cl)cn2)CCO1', 'CC(NC(N)=O)C(=O)N(Cc1cccc(F)c1)C1CC1', 'CN(CC(F)F)C(=O)NC1CCC(Oc2ccc(C#N)cn2)CC1', 'CCN(C(C)C)S(=O)(=O)c1ccc2c(c1)CCCN2']"
1545,1e-04,0.0,0.0,[]
1546,1e-04,0.0,0.0,[]
1547,1e-04,0.0,0.0,[]
1548,0.0251,0.40974402,0.6235944628715515,"['Cc1cccc(CNC(=O)C(N)c2ccc(N)cc2)c1', 'CC1(C)c2cc(N)ccc2CN(C2CCCCC2)S1(=O)=O', 'CC1CCCN(c2nnc(-c3ccc(N)cc3)o2)C1', 'CC1CC1C(=O)Nc1ccc(N)cc1C(F)(F)F', 'COc1ccccc1NCC(=O)c1cccc(N)c1', 'N#CCCCCS(=O)c1nc2ccc(N)cc2o1', 'COCCC(=O)N(C)Cc1cc(N)ccc1Cl', 'CCC(C)CS(=O)(=O)c1nc2ccc(N)cc2o1', 'Cc1ccc(OCCC(=O)Nc2ccc(N)cc2C)c(C)c1', 'Cc1ccccc1NC(=O)c1nccc2cc(N)ccc12']"
1549,1e-04,0.0,0.0,[]
1550,0.0033,0.36071277,0.7138199210166931,"['CCn1ncc2c(C(=O)NC(C)C3CC3)cc(-c3cccs3)nc21', 'CCn1ncc2c(C(=O)NC(C)C)cc(-c3ccccc3)nc21', 'Cn1ncc2c(NCCO)nc(N3CCCCC3)nc21', 'Cn1ncc2c(SCc3cccc4c3OCCO4)ncnc21', 'Cn1ncc2c(N3CCC4(CC3)OCCO4)ncnc21', 'CC(=O)NCCn1ncc2c(NCCc3ccccc3)ncnc21', 'Cc1ccc(Cn2nnc3c(NC4CC4)nc(C)nc32)cc1', 'N#CCCn1ncc2c(N3CCCC(CO)C3)ncnc21', 'Cn1ncc2c(=O)n(Cc3ccc(F)c4cccnc34)cnc21', 'Cn1ncc2c(=O)n(Cc3ccccc3Br)cnc21']"
1551,0.0032,0.41974887,0.7223494052886963,"['Cc1cc2ncn(-c3ccc(S(N)(=O)=O)s3)c2cc1C', 'Cc1cc2ncn(CC(=O)c3ccco3)c2cc1C', 'COc1cc2ncn(-c3cccc(N)c3)c2cc1OC', 'COc1cc2ncn(-c3ccc(F)cc3)c2cc1OC', 'Cc1cc2ncn(CC(=O)NC3CCCCC3)c2cc1C', 'Cc1cc2occ(CC(=O)NCC3CCCO3)c2cc1C(C)C', 'COc1cc2nc(-c3ccccn3)n(CCO)c2cc1OC', 'Cc1cc2nnc(SCCS(=O)c3ccccc3)n2c(C)n1', 'COc1cc2cc(CC#N)c(N(C)C)nc2cc1Cl', 'COc1c2ccc(C(=O)NCc3ccc4c(c3)OCO4)cc2nn1C']"
1552,1e-04,1.0,0.0,['C=CCOC1C=CC=CC1C(c1c(O)n[nH]c1C)c1c(O)n[nH]c1C']
1553,0.0031,0.30549634,0.9193282723426819,"['Fc1ccc2nc(COC3CN(Cc4ccccc4)CC3F)[nH]c2c1', 'COc1ccc2nc(SCC(=O)Nc3nonc3C)[nH]c2c1', 'c1ccc2c(CN3CCCC(c4cnccn4)C3)c[nH]c2c1', 'COc1ccc2c(C(=O)CN3CC(C)OC(C)C3)c[nH]c2c1', 'Cc1ccc2c(CCNC(=O)CCNC(=O)C(C)(C)C)c[nH]c2c1', 'Cc1ccn2c(=NC(=O)CCCC(=O)NC(C)C)[nH]nc2c1', 'Fc1cc2c(-c3nnnn3-c3ccccc3)c[nH]c2cc1Cl', 'Cc1cccc2c(=O)c(C(=O)N3CCOC(C(F)(F)F)C3)c[nH]c12', 'Cc1cccc(-c2nn3c(=O)cc(-c4cnc(C)nc4C)[nH]c3c2C)c1', 'COc1cccc2cc(C(=O)Nc3ccc4c(C)cc(=O)[nH]c4c3)oc12']"
1554,0.0433,0.21601166,0.5983205437660217,"['O=C(Nc1ccccc1)c1c(F)c(F)c(F)c(F)c1F', 'CN(C)C(C(=O)NCc1cc(F)c(F)c(F)c1)c1ccccc1F', 'COc1cc(C#N)ccc1OC(=O)c1cc(F)c(F)c(F)c1F', 'CC(O)(CNC(=O)Nc1cc(F)c(F)c(F)c1)c1ccc(F)cc1', 'CCCOC(=O)CCC(=O)c1cc(F)c(F)c(F)c1', 'CCc1onc(C)c1NC(=O)c1c(F)cc(F)cc1F', 'O=C(NC(CO)c1ccccc1)c1ccc(F)c(F)c1F', 'COC(=O)Cc1cc(C)nc2c(F)c(F)c(F)cc12', 'CCCN(Cc1ccc(C#N)cc1)C(=O)c1cc(F)c(F)c(F)c1', 'CC(C)N(C)C(=O)CNc1ccc(F)c(F)c1F']"
1555,0.0002,0.5,0.0,"['O=C1OC2CC3CC2C1C3C(=O)N1CCN(c2ccccc2F)CC1', 'CC(C)(C)OC(=O)N1CCC2Nc3sccc3C2C1']"
1556,1e-04,0.0,0.0,[]
1557,0.0132,0.34215468,0.6969946622848511,"['COc1ccc(Cl)cc1-c1nc(CCO)cs1', 'COc1ccccc1-c1csc(C(C)CCO)n1', 'COc1ccccc1-n1nnc(CO)c1-c1ccc(F)cc1', 'OCCCn1nc(CO)cc1-c1cccc(Cl)c1', 'CSc1ccc(C)cc1-c1csc(CC#N)n1', 'COc1cc(Cl)c(C)cc1-n1nncc1CO', 'CCCc1nn(C)c(N)c1-c1ccc2c(c1)OCO2', 'CCCNC(=O)Cn1nnc(CO)c1-c1ccc(C)cc1', 'COc1c(C)cc(C)cc1-c1cnnc(N)c1C(N)=O', 'COc1c(Cl)cc(C)cc1-c1csc(CC#N)n1']"
1558,1e-04,0.0,0.0,[]
1559,0.0349,0.41479397,0.6663784384727478,"['Cc1nc(CN(C)C(=O)c2c(O)cc(F)cc2F)cs1', 'CC(C)Cc1nc(C(=O)N(C)CC(=O)NC2CC2)cs1', 'Cc1nc(CN(C)C(=O)c2ccc(Br)cc2O)cs1', 'Cc1nc(C(=O)N(C)CC(=O)NC2CC2)cs1', 'Cc1nc(CN(C)C(=O)c2cc(Br)ccc2O)cs1', 'Cc1nc(COC(=O)C(O)(c2ccccc2)c2ccccc2)cs1', 'CC(C)Cc1nc(C(=O)NCc2cccc(O)c2)cs1', 'CC(C)c1nc(C(C)NC(=O)c2ccccc2F)cs1', 'Cc1nc(CNC(=O)NCc2ccccn2)cs1', 'CC(C)c1nc(C(C)NC(=O)Cc2ccccc2F)cs1']"
1560,0.0012,0.28801498,0.8729708790779114,"['Cc1ccc(CCC(=O)OC2C(=O)OCC2(C)C)c(C)c1', 'COC(=O)C1OC(c2ccccc2)OC1C(=O)OC', 'CC1(C)C(=O)OCCN1C(=O)c1ccccc1Cl', 'O=C(CN1C(=O)OCC1c1ccccc1)N1CCCCC1', 'CC1Cc2ccccc2N1C(=O)C1Cc2ccccc2C(=O)O1', 'CCOC(=O)c1[nH]c(C)c(C(=O)OC2CC(C)OC2=O)c1C', 'O=c1cc(-c2ccc3c(c2)OCCO3)oc2cc(O)ccc12', 'Cc1cc(=O)[nH]c2ccc(-c3ccc4c(c3)OCO4)cc12', 'CC(C)OC(=O)C1C(=O)CC(C)(O)CC1c1ccccc1', 'Cc1cc(C)cc(OCC(=O)OC2CCOC2=O)c1']"
1561,0.0002,0.5,0.0,"['CC(=O)N1CCN(CC(=O)Nc2ccc(F)c(F)c2F)CC1', 'CCOC(=O)N1CCN(CC(=O)Nc2ccc(F)c(F)c2F)CC1']"
1562,0.0222,0.28595918,0.6606274247169495,"['Cc1ccc(-n2cc(-c3noc(-c4ccccn4)n3)nn2)cc1', 'c1cncc(-c2nc3nccc(-c4ccsc4)n3n2)c1', 'Cc1nnc2ccc(-c3noc(-c4cccs4)n3)cn12', 'c1ccc(-c2nnc3sc(-c4cccs4)nn23)nc1', 'Cc1ccc(Cn2cc(-c3noc(-c4ccco4)n3)nn2)cc1', 'N#Cc1ccc(-c2noc(-c3cccc4ccccc34)n2)nc1', 'Clc1ccc(-c2noc(-c3ccncc3)n2)cc1', 'N#Cc1ccc(-c2noc(-c3cc4cc(Cl)ccc4o3)n2)nc1', 'Cn1cc(-c2noc(-c3cc(F)ccc3F)n2)ccc1=O', 'Cn1cc(-c2noc(-c3ccc(Cl)cc3)n2)ccc1=O']"
1563,0.0202,0.41358635,0.5653143525123596,"['CC(c1nncn1C)n1ccnc1-c1ccccc1-c1ccccc1', 'CC(C)NC(=O)CCNC(=O)Nc1cccc(Cl)c1-n1cccn1', 'CCCn1ccnc1-c1nccn1Cc1ccccc1-n1cncn1', 'O=c1c2cc3ccc(O)cc3oc-2nn1-c1ccc(F)cc1F', 'O=C(NCCc1ccccc1)c1ccc(F)cc1-n1cnnn1', 'C=CC(CC(=O)Nc1cc(C)nn1-c1ccc(C)nn1)c1ccccc1', 'O=C(NCCc1cc(F)cc(F)c1)c1sccc1-n1cnnn1', 'O=C(NCCCO)c1cn(-c2ccccc2)nc1-c1cccnc1', 'Cc1c(C(=O)NCCOc2ccccc2)cnn1-c1ccncc1', 'O=C(NCC(O)Cc1ccccc1)c1c[nH]nc1-c1ccccc1']"
1564,1e-04,0.0,0.0,[]
1565,1e-04,0.0,0.0,[]
1566,0.0026,0.34456018,0.8818661570549011,"['COc1ccc(C2(C(=O)NC(C)C(=O)N3CCCC3)CCCC2)cc1', 'COc1ccc(C2(C(=O)Nc3ccc(Cn4cncn4)cc3)CC2)cc1', 'Cc1cccc(C2(NC(=O)C(C)NC(N)=O)CCCC2)c1', 'COc1ccc(C2(CNC(=O)C3CCOCC3)CCOCC2)cc1', 'COc1cccc(-c2cc(C3(C(=O)Nc4ccccn4)CC3)no2)c1', 'Cc1csc(C2(NC(=O)COCC(F)(F)F)CCCC2)n1', 'Cc1nc(C2(NC(=O)NCc3cc(C#N)ccc3F)CCCC2)no1', 'CCOc1ccc(C2(CNS(N)(=O)=O)CCOCC2)cc1', 'c1ccc(C2(CNc3nn4c(nc5ccccc54)[nH]3)CC2)cc1', 'Cc1ccc(C2C(C(=O)N3CCC(C)CC3)CCC(=O)N2C)cc1']"
1567,0.0172,0.29686418,0.5717931985855103,"['Oc1ccc(CNCCc2ccccc2F)c(F)c1', 'COc1cccc(NCc2ccc(OC)cc2OC)c1', 'Oc1cccc(CNc2ccccc2OC(F)F)c1', 'CC(=O)Nc1cccc(NCc2ccc(F)c(F)c2)c1', 'O=C(Cc1ccccc1F)NCc1ccccc1F', 'COc1cccc(C(O)c2ccccc2F)c1F', 'Nc1cccc(OCCOc2ccccc2Cl)c1', 'O=C(Cc1ccc(F)cc1)NCc1cccc(F)c1', 'O=C(Cc1ccc(F)cc1)NCc1ccc(F)cc1', 'O=C(NCc1cccc(O)c1)c1ccccc1Br']"
1568,1e-04,0.0,0.0,[]
1569,1e-04,0.0,0.0,[]
1570,0.0091,0.40267757,0.5650929808616638,"['CC(C)NC(=O)NCC(O)c1ccc2c(c1)CCO2', 'CCCC(C#N)CCC(=O)Nc1ccc2c(c1)OCCO2', 'NC(=O)CCCNC(=O)CSc1ccc2c(c1)CCC2', 'CCCN(C)C(=O)NCCc1ccc2c(c1)CCO2', 'CC1CCCCN1C(=O)c1cc(Cl)c2c(c1)OCO2', 'N#Cc1ccccc1NCC(O)c1ccc2c(c1)CCC2', 'CCN(CC)C(=O)NCc1ccc2c(c1)OCO2', 'Cc1ncsc1CCNc1ccc2c(c1)CCC2', 'CC(=O)NC(C)C(=O)Nc1ccc2c(c1)OCCCO2', 'CC(C#N)CN(C)Cc1cc2c(cc1Br)OCCO2']"
1571,1e-04,0.0,0.0,[]
1572,1e-04,0.0,0.0,[]
1573,0.0003,0.6534856,0.028525305911898613,"['CC(C)CN1CC(=O)N2CCc3c([nH]c4ccccc34)C2(C)C1=O', 'CC(C)CN1CC(=O)N2CCc3c([nH]c4ccc(F)cc34)C2(C)C1=O', 'CC1(C)CN(Cc2nc3c(oc4ccccc43)c(=O)[nH]2)CCO1']"
1574,0.0004,0.5800284,0.478381872177124,"['O=C(NCCCn1nc2n(c1=O)CCCC2)NC1CCCC1', 'O=C(NCCc1nnc2ccccn12)NCC(F)(F)F', 'O=C(NCCCn1cccn1)c1nc2ncccn2n1', 'O=C(NCc1nncn1C1CC1)Nc1ccn(Cc2ccccc2)n1']"
1575,1e-04,0.0,0.0,[]
1576,1e-04,0.0,0.0,[]
1577,1e-04,0.0,0.0,[]
1578,0.0002,0.5,0.0,"['c1ccc(-n2c(Sc3ccc4nnnn4n3)nc3c2CCCC3)cc1', 'Cc1c(Cl)c(NC(=O)c2cc(C3CC3)nc3c2cnn3C)nn1C']"
1579,1e-04,1.0,0.0,['CC(C)OC(=O)C1C(=O)CC(C)(O)CC1c1ccccc1']
1580,1e-04,0.0,0.0,[]
1581,1e-04,1.0,0.0,['CCCNC(=O)COc1ccc(-c2csc(C)n2)cc1N']
1582,0.001,0.42182168,0.8345980048179626,"['C=CCOCC12CCCOC1CCN(C(=O)c1ccco1)C2', 'COCC12CCCOC1CCN(C(=O)c1ccoc1C)C2', 'CCOC(=O)C12CCC(=O)N1c1ccccc1C(=O)N2C', 'CCOCC12COCC1CN(C(=O)c1sccc1C)C2', 'CS(=O)(=O)NCC12COCC1CN(C(=O)c1cccnc1)C2', 'C=CCOC1C2CCC1N(S(=O)(=O)c1ccccc1)CCO2', 'CN(CCN1CCOCC1)C(=O)C1CC12CCCc1ccccc12', 'Cc1ccc(NC(=O)C23CCC(C2)C(C)(C)C3=O)cc1', 'CC12CN(C(=O)C3CCCC3)CC1NC(=O)c1ccccc1C2=O', 'CN(CC12CC3CC(CC(C3)C1)C2)C(=O)c1ccc(C(N)=O)cn1']"
1583,1e-04,0.0,0.0,[]
1584,0.0012,0.30183485,0.9225319027900696,"['CN(CCC#N)C(=O)c1ccc2c(c1)S(=O)(=O)N(C1CC1)C2=O', 'Cc1ccc2c(c1)NC(=O)C(C)(C(=O)Nc1cc(C)nn1C(C)C)O2', 'Cc1ccc(N2C(=O)Cn3c2nc2c3c(=O)n(C)c(=O)n2C)cc1F', 'CCOC(=O)C(CC)N1C(=O)C(C(C)C)Oc2ccc(C(C)=O)cc21', 'NC(=O)C1CN(C(=O)C2(c3cccc(C(F)(F)F)c3)CC2)CCO1', 'Cc1c(C(=O)N(Cc2ccco2)C2CC2)[nH]c2c1C(=O)CC(C)(C)C2', 'Cc1nc2c(c(=O)[nH]1)CN(C(=O)c1ccc3nc(C)c(C)nc3c1)C2', 'CC(Cn1ccnc1)NC(=O)c1ccc2c(=O)n(C)c(=O)n(C)c2n1', 'Cc1c(C)c(C)c(S(=O)(=O)N(C)CC(=O)NC2CC2)c(C)c1C', 'CN(CC12CC3CC(CC(C3)C1)C2)C(=O)c1ccc(C(N)=O)cn1']"
1585,0.088,0.493875,0.4318411350250244,"['COc1ncccc1C(=O)N1CCC2OC(c3nc(C)no3)CC2C1', 'CC(OCC1CC1)C(=O)Nc1ccc(-c2nccs2)cc1', 'Cc1nc[nH]c1-c1nccn1-c1ccc(-n2cncn2)cc1', 'Cc1cc(C)c(CNC(=O)C2CCCN(c3ncccn3)C2)c(=O)[nH]1', 'CC(C(=O)NCC1CCCO1)N1CCN(c2nccs2)CC1', 'COc1ccccc1C(=O)Nc1cccc(-c2cn[nH]c2)c1', 'CCc1nc(C)sc1CNC(=O)Nc1ccc2c(cnn2C)c1', 'O=C(c1cccnc1)N1CCC2(CC(Nc3ncc(F)cn3)CO2)C1', 'O=C(c1c(F)cccc1Cl)N1CCC(Oc2ncccn2)CC1', 'O=C(Nc1ccc(Cl)cc1)C1CCCN(c2ncccn2)C1']"
1586,0.0002,0.5,0.0,"['CCOC(=O)C1CC2CN(C(=O)OCC)CC2N1', 'CS(=O)(=O)Oc1ccc2c(c1)oc(=O)c1ccccc12']"
1587,0.0015,0.5986233,0.2507161498069763,"['OC(CC(O)C(Cl)(Cl)Cl)c1ccccc1', 'CCCS(=O)(=O)NC1CCN(C(=O)C2CC2(Cl)Cl)CC1', 'CC1(C(=O)NCc2cccc(Cl)c2)CC1(Cl)Cl', 'CC1(C(=O)Nc2cccc(C(=O)NCC(N)=O)c2)CC1(Cl)Cl', 'O=C(Cc1cccc(F)c1)NCC(=O)OCC1CC1(Cl)Cl', 'CC1CC(C)CN(C(=O)C2(C)CC2(Cl)Cl)C1', 'CNC(=O)CN1CCN(C(=O)C2(C)CC2(Cl)Cl)CC1', 'O=C(NCCNC(=O)C1CC1(Cl)Cl)c1ccccc1Cl', 'COCCN1CCN(C(=O)C2(C)CC2(Cl)Cl)CC1=O', 'CC1(C(=O)NCc2cccs2)CC1(Cl)Cl']"
1588,1e-04,0.0,0.0,[]
1589,1e-04,0.0,0.0,[]
1590,0.0037,0.32671636,0.7575602531433105,"['CCOC(=O)N1CCN(c2c(-c3ccc(C)c(C)c3)c(=O)c2=O)CC1', 'CC(C)n1cc2c(n1)C(NS(=O)(=O)N1CCOCC1)CCC2', 'CCN(C(=O)c1ccnc(SC)c1)C(C)C(C)C', 'CC1CCc2sc(C(=O)NCc3cn4c(n3)SCC4)cc2C1', 'COCC1(O)CCN(c2ccnc(SC)n2)CC1(C)C', 'CC(=O)c1ccc(OC(=O)C2CC(=O)N(C)C2c2cccnc2)cc1', 'O=C(Nc1nnc2n1CCCS2)c1ccccc1Br', 'Cc1ccc(-n2nnnc2SCC(=O)NC(C)C(C)C)c(C)c1', 'Nc1ccc2c(c1)N(CCN1CCOCC1)C(=O)CS2', 'O=C(Nc1nnc2n1CCCS2)c1ccccc1F']"
1591,0.0002,0.5,0.0,"['Cc1ccccc1CNC(=O)c1cc2cccc3c2n1CCO3', 'Cc1c(C)c2cc(Cl)c3c(c2oc1=O)CN(C1CC1)CO3']"
1592,0.003,0.25839123,0.9361898899078369,"['O=C(CCC1NC(=O)c2ccccc2N=C1O)Nc1ccccn1', 'O=C(CC1Sc2ccccc2NC1=O)Nc1ccc(F)c(F)c1', 'O=C(CC1Sc2ccccc2NC1=O)Nc1cccc(F)c1', 'O=C(CN1C(=O)COc2ccc(Cl)cc21)Nc1cccnc1', 'O=C(CC1Sc2ccccc2NC1=O)NCC(O)c1ccco1', 'O=C(CC1Oc2ccccc2NC1=O)NCCc1ccccc1Cl', 'O=C(CN1C(=O)Cc2cc(Br)ccc21)c1ccc(F)cc1', 'O=C(CCN1C(=O)CSc2ccccc21)NCc1ccc(O)cc1', 'O=C(C1CCN(c2ccc(Cl)cc2)C1=O)N1CCCCCC1', 'O=C(C1CCN(c2ccc(F)cc2)C1=O)N1CC(O)C1']"
1593,0.0769,0.38284373,0.48496127128601074,"['O=C(NCCc1cccs1)c1cc(-c2ccccc2)[nH]n1', 'O=C(NCc1ccc(OC2CCCCC2)cc1)c1cc[nH]n1', 'CCC(C)NC(=O)c1ccccc1NC(=O)c1cc[nH]n1', 'Cc1cc(C(=O)N2CCCC(c3cc(C(N)=O)[nH]n3)C2)no1', 'C=CCN(Cc1ccccc1F)C(=O)Cc1c(C)n[nH]c1C', 'O=C1NC(c2ccco2)c2c(-c3ccccc3)n[nH]c21', 'CC(C)C1C(=O)NCCN1C(=O)c1ccc2cc[nH]c2c1', 'N#CCSc1cccc(C(=O)Nc2cccc(-c3cn[nH]c3)c2)c1', 'O=c1cc(-c2ccncc2)nc(Nc2ccccc2)[nH]1', 'CCN(C)c1ccc(C(=O)NCc2cccc(-c3n[nH]c(C)n3)c2)cc1']"
1594,0.0158,0.3010178,0.666438102722168,"['CC(=O)Nc1ccc(NCC(O)c2ccc(C)c(C)c2)cc1', 'COc1cccc(NC(=O)CCC(O)c2ccc(C)c(C)c2)c1', 'CCOC(=O)C1CCN(C(=O)CNC(=O)c2ccc(C)c(C)c2)CC1', 'CC(=O)Nc1ccc2nc(NC(=O)c3cc(C)cc(C)c3)sc2c1', 'CC(=O)Nc1ccc(C)c(S(=O)(=O)Oc2cccc(C)c2C)c1', 'CC(=O)NC(CC(=O)Nc1ccc(C)cc1C)c1ccccc1', 'COc1ccc(S(=O)(=O)c2nnn(-c3cccc(C)c3)c2C)cc1', 'CC(=O)Nc1ccc(OC(=O)CCOc2ccc(C)cc2C)cc1', 'CCOc1ncccc1C(=O)OCC(=O)c1ccc(C)c(C)c1', 'COc1ccc(NC(C)=O)cc1NC(=O)c1ccc(C)c(C)c1']"
1595,1e-04,1.0,0.0,['O=C(OC(C(=O)c1ccccc1)c1ccccc1)c1cccnc1']
1596,1e-04,0.0,0.0,[]
1597,1e-04,0.0,0.0,[]
1598,0.0002,0.5,0.0,"['CCOC1CCC2C1OCCN2C(=O)c1ccoc1', 'Fc1cccc2c1CCNC2CCc1ccccc1']"
1599,1e-04,0.0,0.0,[]
1600,1e-04,0.0,0.0,[]
1601,0.0055,0.41764686,0.6930814385414124,"['CC(C)N(Cc1cccs1)C(=O)c1ccnc(N)c1', 'CCC(C)N(Cc1nc(C)no1)Cc1nc(C)no1', 'CC(C)N(Cc1cnn(C)c1)C(=O)CCc1cc(F)ccc1F', 'CC(C)N(CC1CC1)S(=O)(=O)c1ccc(Br)cc1N', 'CC(C)N(Cc1ccc(C#N)cc1)C(=O)C1CCOCC1', 'CC(C)N(Cc1cccnc1)C(=O)C1Cc2cc(F)ccc2O1', 'CC(C)N(Cc1cc2ccccc2[nH]c1=O)C(=O)c1cccs1', 'CCC(C)N(Cc1ccccc1)C(=O)C1CCOCC1', 'CC(C)N(Cc1nc2c(cnn2C)c(=O)[nH]1)c1ccccc1', 'CC(C)N(CC(=O)Nc1ccc(S(C)(=O)=O)cc1)c1ccccc1']"
1602,1e-04,0.0,0.0,[]
1603,1e-04,0.0,0.0,[]
1604,1e-04,0.0,0.0,[]
1605,1e-04,1.0,0.0,['OC(CC(O)C(Cl)(Cl)Cl)c1ccccc1']
1606,1e-04,0.0,0.0,[]
1607,1e-04,1.0,0.0,['Brc1ccc(Br)c2nccnc12']
1608,0.0002,0.5,0.0,"['N#Cc1c(NC(=O)CCc2cccs2)nc2n1CCS2', 'O=c1cc(CSc2ncccn2)nc2n1CCS2']"
1609,0.0017,0.11024359,2.0608205795288086,"['CN(C)S(=O)(=O)NCc1cccc(C#CCO)c1', 'CC(C)c1nn(C)cc1CNCc1ccc(-n2cccn2)nc1', 'COC1(C)CC(NC(=O)Nc2ccc(CC#N)cc2)C1(C)C', 'O=C(NCc1nncn1C1CC1)Nc1ccn(Cc2ccccc2)n1', 'O=C(NCCCO)c1nc(-c2ccc(Cn3ccnc3)cc2)no1', 'CCn1nc(C(C)C)cc1-c1nn2c(CC(C)C)nnc2s1', 'COCCOc1ncccc1NC(=O)c1cc(C(C)=O)c[nH]1', 'Cn1nncc1CNc1ncc(Cc2ccc(C#N)cc2)s1', 'CSc1ccc(-c2nc(-c3ccc(C#N)cn3)no2)cc1', 'CN1CCN(C(=O)COc2cccc(C#N)c2)CC1']"
1610,1e-04,0.0,0.0,[]
1611,0.0153,0.71851695,0.17805832624435425,"['NC(=O)CSc1ccccc1NCC1CCCCC1', 'NC(=O)c1cccnc1Sc1ccc(Br)cc1', 'NC(=O)CCCNC(=O)c1cccc2ncccc12', 'NC(=O)c1ccc2cc(Br)ccc2n1', 'NC(=O)C(Cc1ccccc1)Nc1ncc(Br)cn1', 'NC(=O)c1ccc(CNCCc2cccs2)cc1', 'NC(=O)Nc1ccccc1OCC1CCCCO1', 'NC(=O)Nc1cc(F)ccc1SCC(F)F', 'NC(=O)COc1ccccc1OCc1cccc(F)c1', 'NC(=O)c1ccc(C(=O)NCC2CC=CCC2)cn1']"
1612,0.0002,0.5,0.0,"['Cc1nc(C(C)C)sc1C(=O)N1CC(C)(C)C(C)(O)C1', 'CN(CC(=O)NC1CCC(C)(C)c2ccccc21)C(=O)OC(C)(C)C']"
1613,0.1181,0.36096552,0.5099306702613831,"['COc1ccc(C(=O)NCC(=O)NCCc2ccc(F)cc2C)cc1', 'CC(C)(C)C(=O)NCC(=O)NCCc1ccccc1F', 'CNC(=O)NCC(=O)NCc1ccnc(OC(C)(C)C)c1', 'CCOCCN(C)C(=O)NCc1ccc(Cl)c(C)c1', 'Cc1cc(C)c(C(=O)NCc2cnc(OCC(C)C)c(Cl)c2)o1', 'Cc1ccc(NCC(=O)NCc2ccco2)c(Cl)c1', 'CC(=O)NCCNC(=O)NCCc1cc(C)cc(C)c1', 'CCc1onc(C)c1NC(=O)NCc1cccc(C(=O)NC)c1', 'CCCc1nc(C)c(C(=O)NCc2c(C)cc(C)[nH]c2=O)s1', 'O=C(CNC(=O)NCc1ccccc1F)NCCc1ccccc1']"
1614,0.0053,0.46557042,0.6975387334823608,"['O=C(COC1CCCCC1)NC1CCC2(CC1)OCCO2', 'CC(C)(C)OC(=O)N1CCC2(CC1)Nc1cc(F)ccc1NC2=O', 'CC(CO)C(C)NC(=O)NC1CCC2(CC1)OCCO2', 'CCS(=O)(=O)N1CCC2(CC1)CN(c1cccc(F)c1)C2=O', 'Cc1nnc(N2CCC3(CC2)OCCCC3O)o1', 'CCC(=O)N(C)C1CCC2(CC1)CN(C(C)=O)Cc1ccccc1O2', 'CS(=O)(=O)N1CCC2(CC1)CN(CCn1cccn1)C(=O)CO2', 'CC(C)(C)OC(=O)N1CCC2(CC1)C(=O)NC2c1ccccc1', 'O=C(C1CC1)N1CCC2(C1)c1ccccc1S(=O)(=O)N2CC1CC1', 'CC(C)(C)OC(=O)N1CCC2(CC1)OCc1ccncc12']"
1615,1e-04,0.0,0.0,[]
1616,1e-04,0.0,0.0,[]
1617,0.0011,0.48349264,0.615617036819458,"['Cc1nn(C2CCCCO2)c(C)c1Br', 'COCCNC(=O)c1cc(Br)ccc1Cl', 'COc1ccc(Br)c2ccc(C)nc12', 'CCc1nc(CNCCc2cscn2)cs1', 'COCCCNC(=O)COc1ccccc1Cl', 'Cc1ccc(N2CCOCC2)c(Br)c1', 'Cc1cc(Br)ccc1C(=O)NCCCO', 'CC1COCCN1C(=O)c1sccc1Br', 'COc1ccc2c(Br)cc(C)nc2c1', 'COCC(=O)Nc1cc(Br)ccc1OC']"
1618,1e-04,0.0,0.0,[]
1619,0.005,0.36075494,0.7365409135818481,"['CC(c1ccc(Cl)cc1Cl)N(C)C(=O)C1CCC(=O)N1', 'Cn1cc(CNc2ccc3c(c2)CCC(=O)N3)nn1', 'C=CCNc1nc(-c2ccc3c(c2)CCCC(=O)N3)cs1', 'CCOCCNC(=O)Nc1ccc2c(c1)CCC(=O)N2', 'Cc1ccc(F)cc1NC(=O)CCNC(=O)C1CCC(=O)N1', 'Cc1ccc(OC2CCN(C(=O)C3CCC(=O)N3)CC2)cn1', 'CC(C)OC(=O)c1cc(-c2ccc3c(c2)CC(=O)N3)nn1C', 'Cc1n[nH]c(C)c1CCC(=O)Nc1ccc2c(c1)CCC(=O)N2', 'Cc1ccc(C(=O)NC(C)c2ccc3c(c2)CCC(=O)N3)o1', 'O=C(CCCn1cncn1)Nc1ccc2c(c1)CCC(=O)N2']"
1620,1e-04,0.0,0.0,[]
1621,1e-04,0.0,0.0,[]
1622,1e-04,0.0,0.0,[]
1623,1e-04,0.0,0.0,[]
1624,0.0007,0.32565188,0.8337266445159912,"['O=C(Cc1coc2ccc3ccccc3c12)NC1CCCNC1=O', 'CCCCc1nnc2sc(NC(=O)COc3ccc(C)cc3)nn12', 'O=C(CC1COCC2CN(C(=O)c3ccoc3)CC12)NCC1CC1', 'O=C(Oc1ccc2c(-c3ccccc3)noc2c1)N1CCOCC1', 'CCCc1nnc2sc(NC(=O)COc3cccc(C)c3)nn12', 'O=C(Cn1cnc2cc(F)c(F)cc21)N1CCN(C(=O)C2CC2)CC1', 'O=C(Nc1ccc2[nH]c(=O)[nH]c2c1)c1cccc(NC(=O)C2CC2)c1']"
1625,0.0054,0.40096134,0.6242931485176086,"['CC(c1ccco1)N(C(=O)c1cccc(OCC(F)F)n1)C1CC1', 'CC(c1ccccc1)N(CC1CCC1)C(=O)Cn1ccc(=O)[nH]c1=O', 'O=S(=O)(N1CCc2ccccc2C1)N(Cc1ccccn1)C1CC1', 'O=C(NCc1cc[nH]n1)N(Cc1ccccc1F)C1CCC1', 'O=C(c1ccc2[nH]ncc2c1)N(Cc1cccnc1)Cc1ccco1', 'O=C(Cn1c(=O)oc2ccccc21)N(CC1CCCCC1)C1CC1', 'Cc1ccccc1CN(Cc1cccnc1)C(=O)c1cccnc1', 'O=C(c1ccc(-n2cncn2)c(F)c1)N(CC1CC1)CC(F)(F)F', 'CC(c1ccccn1)N(Cc1ccccc1)C(=O)C1CCOCC1', 'O=S(=O)(c1cccnc1)N(Cc1nc(-c2ccoc2)no1)C1CC1']"
1626,1e-04,0.0,0.0,[]
1627,0.0003,0.5042157,0.4556390047073364,"['O=C(c1n[nH]c2ccccc12)N(CC1CC=CO1)C1CC1', 'COC(=O)c1cc(C)ccc1NCC1CCC=CO1', 'CN1C(=O)C2(OCCCO2)c2cccc(Cl)c21']"
1628,0.01,0.40444618,0.5893380641937256,"['CCCn1nc(C(=O)N2CCCC(C(N)=O)C2)ccc1=O', 'COc1ccc2c(CC(=O)N3CCC(C(N)=O)C3)coc2c1', 'CC(Oc1ccc(Cl)cc1Cl)C(=O)N1CCCC(C(N)=O)C1', 'CC(C(=O)N1CCC(CS(N)(=O)=O)CC1)c1cccc(Cl)c1', 'Cc1cc(C)n2nc(C(=O)N3CCCC(C(N)=O)C3)nc2n1', 'Cc1ccc(-c2noc(CCCN3CCOC(C(N)=O)C3)n2)cc1F', 'O=C(Cc1cnc[nH]c1=O)N1CCC2(CCCN(CCO)C2=O)C1', 'Cc1ccc(-c2nc(CC(=O)N3CCC(C(N)=O)C3)cs2)o1', 'Cc1ccc(CC(=O)N2CCC(C(N)=O)C2)s1', 'Cc1cc(C)c(CNC(=O)CC2CCCC(C(F)(F)F)C2)c(=O)[nH]1']"
1629,1e-04,0.0,0.0,[]
1630,1e-04,0.0,0.0,[]
1631,1e-04,0.0,0.0,[]
1632,1e-04,0.0,0.0,[]
1633,0.007,0.24556206,0.6399934887886047,"['Cc1cc(C(=O)N2CCN(CC(C)(C)CCC#N)CC2)c(C)o1', 'Cc1cnn(C(C)C(C)NCc2ccccc2C#N)c1', 'Cc1nn(CCC(=O)NC(C)Cc2ccccn2)c(C)c1Cl', 'Cc1cc(C)n(CC(C)CNC(=O)N2CCCC(C)C2)n1', 'Cc1ccc(CN2CC(c3ncc(-c4cccnc4)[nH]3)CC2=O)cc1', 'Cc1cc(C)n(CC(C)CNC(=O)Cn2ccc(=O)[nH]c2=O)n1', 'Cc1ccccc1S(=O)(=O)CCC(C)(C)C#N', 'COc1ccc(CNCC(C)c2nc(-c3ccccc3)no2)cc1O', 'CCN(CC(C)C#N)C(=O)CSc1nccc(C(F)(F)F)n1', 'Cc1cc(C(=O)Cn2cncn2)c(C)n1CCC(C)C']"
1634,1e-04,0.0,0.0,[]
1635,0.0004,0.52197814,0.6211272478103638,"['CCOc1cc2c(cc1NCC(=O)NCc1cccs1)OC(C)C2', 'CCOc1cc2c(cc1NC(=O)CCCC(=O)N(C)C)OC(C)C2', 'CCCc1cc2c(cc1NC(=O)Cn1cc(C(C)C)nn1)OCO2', 'COc1ccc2c(c1)N(Cc1cccc(C(N)=O)c1)CC(C)O2']"
1636,1e-04,0.0,0.0,[]
1637,1e-04,0.0,0.0,[]
1638,1e-04,0.0,0.0,[]
1639,0.0158,0.37272495,0.6784664392471313,"['CCOc1cccc(C(C)NC(=O)C(C)NC(=O)c2ccco2)c1', 'Cc1ccc(C(C)NC(=O)NCCc2ccccn2)s1', 'Cc1cnn(C(C)C(C)NCc2ccccc2C#N)c1', 'Cc1ccc(C(C)NC(=O)CSc2nncn2C)cc1F', 'Cc1ccc(C(C)N(C)C(=O)c2ccccc2F)s1', 'COc1ccc(C(C)NC(=O)NCc2ccccc2)cc1F', 'Cc1nc(C)c(C(C)Nc2ncc(Br)cc2N)s1', 'CCc1nc(C(C)NC(=O)c2ccc(OC)c(OC)c2)cs1', 'CCOc1ccc(CC(C)NCc2ccncc2)cc1N', 'CCc1ccc(C(C)NC(=O)Cc2c(C)nc(C)[nH]c2=O)cc1']"
1640,1e-04,0.0,0.0,[]
1641,0.0012,0.40212658,0.6584252715110779,"['C#CCNC(=O)c1ccc2c(c1)S(=O)(=O)N=C1CCCCCN12', 'COCCN1CCN(C(=O)NCCC2CC3CCC2C3)CC1=O', 'COCCCNC1=NS(=O)(=O)c2ccccc21', 'O=C(Nc1cccnc1)C1CC2CN(c3ncc(F)cn3)CC1O2', 'C=CCNC(=O)C1CCCN1C1=NS(=O)(=O)c2ccccc21', 'O=C(Nc1cn[nH]c1)C1CC1c1ccc(Cl)cc1', 'Cc1cc(C)c(NC(=O)C(C)Sc2nnc(C)c(=O)n2N)c(C)c1', 'Cc1ocnc1CNC(=O)Nc1cnn(CC(C)C)c1', 'C=CCNC(=O)Nc1ccc(NC(=O)Nc2cnn(CC)c2)cc1', 'Cc1ccoc1C(=O)Nc1ccc(S(=O)(=O)NC2CC2)cc1']"
1642,0.0034,0.45829895,0.6246932744979858,"['CC(CNC(=O)c1cnc2n(c1=O)CCS2)N(C)c1ccccc1', 'O=C(OCCc1cccs1)c1cnc2n(c1=O)CCS2', 'CC(C)(CNC(=O)Cn1nc2n(c1=O)CCCCC2)c1cccs1', 'CC1CN(C(=O)c2cc3c([nH]c2=O)CCCC3)c2ccccc2S1', 'O=C(NCCCn1nc2n(c1=O)CCCC2)NC1CCCC1', 'Cc1cnc2n(c1=O)C(CC(=O)Nc1ccccc1C(N)=O)CS2', 'Cc1cnc2n(c1=O)CC(C(=O)Nc1nccs1)CS2', 'CCNc1nnc(-c2cc3c(n(CC)c2=O)CCCC3)s1', 'O=C(NCCCCN1CCOCC1)c1cnc2n(c1=O)CCS2', 'CC(C)Oc1ccccc1NC(=O)c1cc2c([nH]c1=O)CCCC2=O']"
1643,1e-04,0.0,0.0,[]
1644,1e-04,0.0,0.0,[]
1645,1e-04,0.0,0.0,[]
1646,1e-04,0.0,0.0,[]
1647,1e-04,0.0,0.0,[]
1648,0.0013,0.20112793,1.1927493810653687,"['CC(=O)Nc1cc2c(s1)C1(CCCCC1)CC(=O)N2', 'c1cc2c(cc1OCCCN1CCOCC1C1CC1)OCO2', 'Cc1ccc2c(c1)C1OCCC1C(c1ccco1)N2', 'FC(F)(F)c1cccc2c1C(CC1CC1)NCC2', 'COc1ccccc1CNC(=O)c1ccc2c(c1)nc1n2CCC(C)C1', 'O=C(NC1CCCCCC1)c1ccc2c(c1)nc1n2CCOC1', 'O=C(NC1CC1)c1ccc2c(c1)nc1n2CCCC1', 'O=C(COc1ccccc1)Nc1ccc2c(c1)nc1n2CCOC1', 'COc1nc2c(cc1CNC(=O)C1CC1)C(=O)N(C1CCCC1)C2', 'O=C1CCCc2c1c(C1CC1)nn2-c1c(F)cccc1F']"
1649,1e-04,1.0,0.0,['CN(CC12CC3CC(CC(C3)C1)C2)C(=O)c1ccc(C(N)=O)cn1']
1650,1e-04,0.0,0.0,[]
1651,1e-04,0.0,0.0,[]
1652,1e-04,0.0,0.0,[]
1653,0.0003,0.46402118,0.6176097393035889,"['Cc1noc(COCC(=O)Oc2ccc(Br)cc2F)n1', 'Cc1noc(CNC(=O)c2cc(Br)ccc2Cl)n1', 'CCc1nnc(NC(=O)COc2cccc(Br)c2)s1']"
1654,1e-04,0.0,0.0,[]
1655,0.3189,0.22527105,0.6241400837898254,"['CCc1onc(C)c1NC(=O)NC(CC)c1c(C)nn(C)c1C', 'CCc1noc(C)c1C(=O)Nc1cccc(Cl)c1C', 'CCc1nn(C)c(CC)c1CN1CCNC(=O)CC1c1ccccc1', 'Cc1noc(C)c1CN(C)C(C)c1cc(F)ccc1F', 'COC(=O)c1c(C)nc2c(c(SC)nn2-c2ccccc2)c1N', 'CCc1noc(CC)c1CC(=O)N(C)c1ccccc1F', 'Cc1n[nH]c(C)c1CCOC(=O)CCn1nnc2ccccc2c1=O', 'CCc1noc(CC)c1CNC(=O)Cn1nnnc1C(C)C', 'CCOC(=O)c1sc(=NC(=O)CSc2n[nH]c(N)n2)[nH]c1C', 'COc1ccc2c3c(ccc2c1)CCNC3c1cnoc1C']"
1656,1e-04,1.0,0.0,['O=c1[nH]c(F)c(Cl)c2c1Oc1ccccc1O2']
1657,0.0006,0.37465608,0.7716677784919739,"['CCOC(=O)C=C(C)NC(=O)c1ccccc1Cl', 'CCOC(=O)C1=C(C)N(C)C(=O)NC1c1cccc(OC)c1OC', 'COC(=O)C1=C(C)NC(=O)NC1c1cccc(C)c1', 'CCOC(=O)C1=C(CC)N(CC)C(=O)NC1c1ccccn1', 'CCOC(=O)C1=C(CNC(C)c2cccc(F)c2)NC(=O)NC1', 'CCOC(=O)C1=C(CNC(C)c2ccc(Cl)cc2)NC(=O)NC1']"
1658,1e-04,0.0,0.0,[]
1659,1e-04,0.0,0.0,[]
1660,1e-04,0.0,0.0,[]
1661,1e-04,0.0,0.0,[]
1662,1e-04,0.0,0.0,[]
1663,0.0372,0.63957787,0.29819291830062866,"['CCc1cccc(CC)c1NC(=O)c1ccccc1NS(C)(=O)=O', 'CCc1ccccc1C(=O)Nc1c(C)noc1CC', 'CCc1ccc(CCN2C(=O)C(C)CS2(=O)=O)cc1', 'CCc1cccc(C)c1NC(=O)Nc1c(C)n[nH]c1C', 'CCc1nnc2c(NCc3ccco3)nc3ccccc3n12', 'CCc1cccc(CC)c1NC(=O)CSc1nnc(C2CC2)n1N', 'CCc1nc(CNCCc2cscn2)cs1', 'CCc1cccc2c1N(CC(=O)Nc1nncs1)CC2', 'CCc1ccccc1C(=O)NCc1nc(C)sc1C', 'CCc1c(C(=O)NCc2cscn2)cnn1-c1ccccc1']"
1664,0.0059,0.5793614,0.402290016412735,"['COc1cc(OC)c(OC)cc1CC1NCCNC1=O', 'C=CCC1(CO)CCCN(C(=O)CCc2n[nH]c3c2CCCC3)C1', 'COc1cc(OC)c2nc(C)n(-c3ccccc3)c2c1', 'CC1CCC(CO)(Nc2ncc(Cl)cc2Cl)CC1', 'COc1cc(OC)c(-c2cc(N)c(=O)[nH]n2)c(OC)c1', 'COc1cc(OC)c2c(c1)C(C(=O)c1ccccc1)NCC2', 'O=C(NC(CO)CO)c1cc2cccc(Cl)c2o1', 'O=C(NC(CO)CO)c1cc(CN2CCOCC2)on1', 'COc1cc(CO)cc2c1OC(C(C)C)C(=O)N2CC(C)C', 'COc1cc(OC)cc(OCCSc2ccc(N)cc2)c1']"
1665,1e-04,0.0,0.0,[]
1666,1e-04,0.0,0.0,[]
1667,0.3741,0.18572581,0.8309471607208252,"['Cc1cc(CC(C)n2cc(-c3ccc4ccccc4n3)nn2)[nH]n1', 'Cc1ccc(-n2cc(-c3noc(-c4ccccn4)n3)nn2)cc1', 'Cc1cccc(NC(=O)c2cc(C(C)C)nc(N(C)C)n2)n1', 'CCOC(C)c1noc(CS(=O)(=O)c2ccc3ccccc3n2)n1', 'Cc1cc(C)nc(N2CCCC(C(=O)Nc3cc(C)n(C)n3)C2)n1', 'Cc1cc(NCc2noc(-c3ccccc3)n2)n2nccc2n1', 'Cc1cc(C)n(CC2CCCN2c2cnc3ccccc3n2)n1', 'Cc1cc(C)n(-c2ccc(C(=O)NCc3sc(C)nc3C)nn2)n1', 'CCc1csc(CNc2nccc(-c3cn(C)nc3C)n2)n1', 'Cc1cc(N)nc(SCc2cn3cccc(C)c3n2)n1']"
1668,1e-04,1.0,0.0,['CCCC(=O)NCc1ccccc1OC(F)(F)F']
1669,1e-04,0.0,0.0,[]
1670,1e-04,0.0,0.0,[]
1671,1e-04,0.0,0.0,[]
1672,1e-04,0.0,0.0,[]
1673,1e-04,0.0,0.0,[]
1674,1e-04,0.0,0.0,[]
1675,0.0021,0.269433,0.739037275314331,"['Fc1ccc(-n2cc(-c3ccnc(N4CC=CC4)n3)cn2)cc1', 'N#Cc1cnn2cc(-c3cc(NC4CCCC4)nc4[nH]ccc34)cnc12', 'COc1ccc(Cn2cc(-c3ccc(-c4ncccn4)cn3)cn2)cc1', 'COc1ccc(-c2cnc(Oc3ccc(NC(C)=O)cc3)nc2)cc1', 'COc1ccc(-n2cnc3cc(NCc4ccncc4)ccc32)cc1', 'COc1ccc(-c2cc(N3CCN(C(=O)C(C)C)CC3)ncn2)cc1', 'Nc1cccc2c(-c3cccc(CN4CCOCC4)c3)n[nH]c12', 'N#Cc1ccnc(N2CCN(C(=O)c3ccc(NC4CC4)nc3)CC2)c1', 'COc1ccc(NC(=O)c2cnc(N3CCCCCC3)nc2N)cc1', 'N#Cc1cc(F)cc(C2NCCc3cc4c(cc32)OCC4)c1']"
1676,1e-04,0.0,0.0,[]
1677,0.0777,0.15790936,1.1763442754745483,"['O=C(NC1=CC2N=CC=C2C=C1)c1cc(-n2cccc2)ccc1Cl', 'O=C(CCn1ccc2ccc(F)cc21)NC1=CC2N=CC=C2C=C1', 'O=C(NC1=CC2N=CC=C2C=C1)c1csc(NCC2CCCO2)n1', 'O=C(NCCC1=C2C=CC(F)C=C2N=C1)c1ccc2[nH]nnc2c1', 'C=CCOC1C=CC=CC1C(c1c(O)n[nH]c1C)c1c(O)n[nH]c1C', 'O=C(C=c1[nH]c(=O)c(=Cc2cccnc2)s1)c1ccco1', 'CCn1c(O)c(C=C2C=Nc3ccccc32)sc1=O', 'C=C(C)CN(CC)C(=O)C1=NC=C(S(=O)(=O)N(C)C)C1', 'O=c1c(=CC=Cc2ccccc2)sc2nc(-c3ccncc3)nn12', 'O=C(COc1cccc2c1CCC2=O)C1=NC=CC1']"
1678,0.0109,0.2529374,0.849606990814209,"['CCOC(=O)c1noc2ncnc(Nc3cccc(C)c3C)c12', 'COC(=O)c1ccc(Oc2ncnc(Nc3ccccn3)c2N)cc1', 'CCOc1ccc(Nc2ncnc(Nc3cccnc3)c2N)cc1', 'Cc1c(C)n(-c2ccccn2)c2ncnc(NCc3ccccn3)c12', 'CCn1nc(C)c2nc(C)nc(Nc3cccc(C(N)=O)c3)c21', 'COc1ccc2ncnc(N(C)CCc3ccncc3)c2c1', 'COc1ccc2ncnc(NCc3ccccn3)c2c1', 'Cc1cc(N)c2ccnc(C(=O)NC(C)c3ccccc3)c2c1', 'CCOC(=O)c1c(C)oc2nc(C)nc(NCc3ccccc3)c12', 'COc1ccccc1Nc1ncnc(Nc2ccc(C)cn2)c1N']"
1679,1e-04,0.0,0.0,[]
1680,0.0179,0.37668955,0.6763210296630859,"['O=C(CC1CCCCC1)NCc1nc2ccccc2[nH]1', 'O=C(CCC1CCCC1)Nc1nc(-c2ccccn2)cs1', 'CC(OC1CCCCCC1)c1nc(-c2ccncc2)no1', 'O=C(CC1CCCCC1)NCc1nnc(-c2ccccn2)o1', 'O=C(CC1C=CCC1)Nc1cccc(OCc2ccccn2)c1', 'CC(CC1CCCCC1)C(=O)N(C)Cc1nc2ccsc2c(=O)[nH]1', 'O=C(CCC1CCOCC1)Nc1cccc(-c2cn[nH]c2)c1', 'CCC(OC1CCCCC1)C(=O)Nc1cnn(-c2ccccn2)c1', 'O=C(OC1CCCCC1)C1CCN(c2ccc3nnnn3n2)CC1', 'O=C(NC1CCCCC1)c1cc(S(=O)(=O)N2CCCC2)c[nH]1']"
1681,0.0034,0.2227981,0.7967165112495422,"['COCC(NC(=O)c1cc(-c2ccc(F)cc2)[nH]n1)C(N)=O', 'COC(=O)C(C)CN(C)C(=O)c1ccc(-c2cscn2)cc1', 'N#CC(C(=O)c1ccc(-n2cccn2)cc1)c1ccccn1', 'COCC(NC(=O)c1cccc(-c2ccoc2)c1)C(N)=O', 'CCOC(=O)CN(C(=O)c1cccc(-c2ccoc2)c1)C1CC1', 'CCC(C(=O)NCc1cc(-c2ccccc2F)no1)n1cccn1', 'O=C(CCC(=O)c1ccc(-c2ccccc2)cc1)NCc1ccccn1', 'CC(C)C(NC(N)=O)C(=O)NCCc1cnn(-c2ccccc2)c1', 'COc1ccccc1C(C)NC(=O)c1cnc2c(cnn2C(C)C)c1', 'COCC(O)CN(C)S(=O)(=O)c1ccc(-n2cccn2)c(F)c1']"
1682,1e-04,0.0,0.0,[]
1683,1e-04,0.0,0.0,[]
1684,0.0167,0.40895876,0.6169945001602173,"['C=CCCC(=O)Nc1ccc(Cc2ccncc2)cc1', 'CCCCCC(=O)Nc1nc(CN2CC(C)OC(C)C2)cs1', 'CCCCC(CC)C(=O)C(C#N)c1nc(C)cs1', 'CC(C)(C)CC(=O)NCCC(=O)NCc1cccnc1', 'CCCC(=O)N(CC)Cc1ccc(OC)c(F)c1', 'CC(C)CCC(=O)NCC(=O)Nc1ccc2c(c1)C(=O)CCC2', 'CC(C)CC(=O)Nc1ccc(N2CCC(C)CC2)cc1N', 'CC(C)CC(=O)NCC1(O)CCOc2ccccc21', 'COC(=O)CCC(=O)N(C)Cc1ccc(F)c(F)c1', 'COCCC(=O)N(C)Cc1cc(N)ccc1Cl']"
1685,0.0115,0.38415653,0.4605388641357422,"['CC(C)CCSc1cc(N2CCOCC2)ncn1', 'CC(C)CCOc1ccc(C(=O)Nc2nncs2)cc1', 'CC(C)CNc1nnc(SCC2(CO)COC2)s1', 'CC(C)CCC(NC(=O)N1CCNC(=O)C1)c1ccc(Cl)cc1', 'CC(C)CCOCCS(=O)(=O)c1ccccc1F', 'CC(C)Cc1noc(CN2C(C)COCC2C)n1', 'CC(C)Cc1ncc(CN2CCOCC2C2CC2)s1', 'CC(C)CNc1nnc(SC2CC(C)OC2=O)s1', 'CC(C)Cn1nccc1NC(=O)CCC(C)(C)C', 'CC(C)COc1ccc(C(C)O)cc1OCC(C)C']"
1686,1e-04,0.0,0.0,[]
1687,1e-04,0.0,0.0,[]
1688,1e-04,0.0,0.0,[]
1689,1e-04,0.0,0.0,[]
1690,1e-04,0.0,0.0,[]
1691,0.0027,0.2693393,0.9892988204956055,"['O=S(=O)(NCCNc1ccccn1)c1cccc2nonc12', 'CC1CCCC(C)N1S(=O)(=O)c1cccc2nonc12', 'Nc1ccc(OCCc2cccs2)c2nonc12', 'CCOC(=O)c1csc(-c2ccc3nonc3c2)n1', 'Cc1cc(CN(C)C(=O)Nc2ccc3[nH]nnc3c2)no1', 'O=C(CCCNC(=O)c1ccc2sncc2c1)Nc1ccccc1', 'Fc1ccc(Cn2c3ccccc3c3nn4cnnc4nc32)cc1', 'CCN(Cc1ccc2c(c1)OCO2)C(=O)c1ccc2[nH]nnc2c1', 'CCNC(=O)C1(NC(=O)c2cnc3snc(C)c3c2)CCCCC1', 'Cc1ccc(C)c2c1CCNC2c1ccc2[nH]nnc2c1']"
1692,1e-04,1.0,0.0,['CNc1ncc2c(n1)CN(CCc1ccc3c(c1)OCO3)C2=O']
1693,1e-04,0.0,0.0,[]
1694,1e-04,0.0,0.0,[]
1695,0.0009,0.46635404,0.4540756046772003,"['CCCC1=C(C(=O)OCC)C(c2ccccc2OC)NC(=O)N1', 'O=C(N=c1[nH]c2ccccc2[nH]1)c1noc2c1CCCCC2', 'O=C(N=c1sccn1CC(=O)N1CCCC1)c1ccccc1Cl', 'O=C(N=c1[nH]cc[nH]1)c1cc(-c2ccc3c(c2)CCO3)n[nH]1', 'O=C(N=c1[nH]c2ccccc2n1C1CCCC1)c1cccnc1', 'O=C(C=c1[nH]c(=O)c(=Cc2cccnc2)s1)c1ccco1', 'O=C(N=c1[nH]ncn1-c1ccccc1)c1cccc(-c2ncn[nH]2)c1', 'C=CCN1CC2=C(C1=O)C(c1ccc(O)cc1)NC(=O)N2C', 'N#CC1(C(=O)Oc2ccc(Oc3ccccn3)cc2)CCCC1']"
1696,1e-04,0.0,0.0,[]
1697,1e-04,0.0,0.0,[]
1698,1e-04,0.0,0.0,[]
1699,0.0106,0.44288346,0.49748268723487854,"['CC(C)(C)c1nnc(NCCN2CCNC2=O)o1', 'CC(C)c1nc(C(C)NC(=O)c2ccccc2F)cs1', 'CC(C)(C)c1nnc(SCc2cn3ccccc3n2)o1', 'CC(C)(C)c1nc(CN2Cc3ccccc3CC2C(N)=O)no1', 'CC(C)c1nc(C(C)NC(=O)Cc2ccccc2F)cs1', 'CC(C)(C)c1cc(C(=O)NCc2ccncc2)[nH]n1', 'CC(C)(C)c1nc(CN2CCN(C(=O)c3cc[nH]n3)CC2)cs1', 'CC(C)c1nnc(CNC(=O)c2cc(Cl)ccn2)n1C', 'CC(C)c1ccnc(NCC(O)c2ccccc2Cl)n1', 'CC(C)(C)c1nc(CNC(=O)Cc2ccc(F)cc2F)cs1']"
1700,1e-04,0.0,0.0,[]
1701,1e-04,0.0,0.0,[]
1702,0.005,0.34102628,0.6073495149612427,"['CCCC1CCC(=O)C(CN2CCOCC2CC)C1', 'CC1CCN(C(=O)CN2CCOCC2C2CC2)CC1', 'CC1CCN(C(=O)C2CCCO2)C2CCCCC12', 'COCCCC1(CO)CCCN(C(=O)CC2CCCC2)C1', 'C#CCN1CCN(C(=O)NCC2(CCC)CC2)CC1', 'CC(=O)N1CCCC(C(=O)N2CCC(OCC(C)C)CC2)C1', 'CC1CCC(COC(=O)CN2CCOCC2)C(C)C1', 'CC1CN(C(=O)C2(C#N)CCCCCC2)CCCO1', 'CCC1CCC(NS(=O)(=O)N2CCCCCC2)CC1', 'CCN1CCN(C(=O)C2CCC(C(C)(C)C)CC2)CC1']"
1703,1e-04,0.0,0.0,[]
1704,1e-04,0.0,0.0,[]
1705,1e-04,0.0,0.0,[]
1706,0.0002,0.5,0.0,"['O=C(CC1(CC(=O)N2CCC2)CCCCC1)N1CCC1', 'Cc1ccc(CN2CC(C(=O)N3CC(CO)C3)CC2=O)cc1']"
1707,1e-04,0.0,0.0,[]
1708,1e-04,0.0,0.0,[]
1709,0.0022,0.31595504,0.944433331489563,"['O=C(NCCS(=O)(=O)N1CCNCC1)c1c(F)cccc1Cl', 'O=C(CCCS(=O)(=O)N1CCCC1)Nc1ccc2c(c1)COC2', 'O=C(CCS(=O)(=O)N1CCNCC1)N1CCCCCC1', 'O=C(NCCS(=O)(=O)N1CCCC1)c1cccc(-c2ncc[nH]2)c1', 'O=C(CN1CCCS1(=O)=O)Nc1ccc(OC2CCCC2)cc1', 'O=C(NCCC(=O)N1CCCC1)NCCc1c(F)cccc1F', 'O=C(CS(=O)(=O)c1ccccn1)Nc1ccc(F)cc1Cl', 'CC(CS(=O)(=O)N1CCOCC1C1CC1)c1ccccc1', 'O=C(CS(=O)(=O)c1ccccc1)Nn1cn[nH]c1=O', 'O=C(NCCC(=O)N1CCCC1)c1cc(F)c(Cl)cc1Cl']"
1710,0.0051,0.4815018,0.5374740362167358,"['CCc1nc2n(n1)CCCC2NS(=O)(=O)CCCOC', 'Cn1ncc2c1CCCC2NC(=O)c1cnc2ccccc2n1', 'CCc1nc2n(n1)CCCC2NC(=O)N(CC)CC(C)CC', 'COc1ccc2c(c1)CCCC2CNC(=O)c1cnn(C)c1', 'Brc1ccc2c(c1)CCCN2Cc1noc(C2CC2)n1', 'CCc1nc2n(n1)CCCC2NC(=O)CCOCC(C)C', 'Nc1cccc2c1OCCN2C(=O)c1ccc2[nH]cnc2c1', 'Clc1cccc2c1CCNC2c1ccc2nc[nH]c2c1', 'CCc1nc2n(n1)CCCC2Nc1nc(-c2cccc(OC)c2)no1', 'CCc1nc2n(n1)CCCC2NC(=O)CCCNC(=O)c1ccco1']"
1711,0.041,0.32459405,0.5588565468788147,"['COc1ccc(Cl)cc1-c1cc(NC(=O)C2CC3CCC2O3)[nH]n1', 'Cc1nc(C(NC(=O)Nc2cccc(F)c2)c2ccccc2)n[nH]1', 'O=c1cc(CNc2ncnc3c2oc2ccccc23)c2ccccc2[nH]1', 'CC(C)NC(=O)CSc1nc(-c2ccccc2)nc2cc(=O)[nH]n12', 'CC(C)c1cc(C(=O)NCC(c2cccs2)N2CCOCC2)n[nH]1', 'O=C(N=c1[nH]cc[nH]1)c1cc(-c2ccc3c(c2)CCO3)n[nH]1', 'CCCc1cc(C(=O)N(C)Cc2ccc(OC)c3ncccc23)[nH]n1', 'CC(C)c1noc(C(C)NC(=O)c2nc3ccccc3c(=O)[nH]2)n1', 'CCc1nc2n(n1)CCCC2NC(=O)c1cc2cc(Cl)ccc2[nH]1', 'O=C(NCCc1nc2ccccc2[nH]1)c1cc2ccccc2c(=O)[nH]1']"
1712,0.2075,0.19686635,0.6960068941116333,"['CCOC(=O)CNc1nnnn1C1OC(CO)C(O)C1O', 'CC(=O)NC1=NC(=O)C2=NCN(COCCO)C2=N1', 'COc1cc(C#N)ccc1OCCOc1ccc(C#N)cc1', 'COc1cc(C(C)O)ccc1OCC1CCOCC1', 'c1ccc2c(CCNc3nn4nnnc4c4ccccc34)c[nH]c2c1', 'CCNC(=O)C(C)NC(=O)NCC(=O)N(CC)CC', 'COC(=O)C(C)(C)NC(=O)C1CC(=O)N(C(C)C)C1', 'c1ccc(-c2nc3cccnc3nc2-c2ccccn2)nc1', 'N#CCCC(C#N)Cn1c(=O)c(C#N)c2n(c1=O)CCCCC2', 'Cc1ccc(S(=O)(=O)N(C)Cc2csc(C)n2)s1']"
1713,0.0498,0.22527073,0.5557978749275208,"['Cc1cnn(C2CN(CC=CCN3CC(n4cc(C)cn4)C3)C2)c1', 'CCCN1C(=O)C(O)(CC(=O)c2cccs2)c2cc(Cl)ccc21', 'COc1ccccc1OC(=O)C1Cc2ccccc2S1', 'Cc1n[nH]c(C2CN(C(=O)CC3OCCc4sccc43)CCO2)n1', 'CN1C(=O)C(O)(CC(=O)c2cccs2)c2ccccc21', 'CCCN(CC(=O)c1cccn1C)CC(F)(F)F', 'Cc1ccccc1NC(=O)c1nccc2cc(N)ccc12', 'Cn1c2c(c(=O)[nH]c1=O)C(c1ccccc1)C1=C(COC1=O)N2', 'CCn1ncc2c1C(COCC1CC1)N(C(=O)c1ccco1)CC2', 'O=S1(=O)c2ccccc2C(O)C(Cc2cccnc2)N1CCO']"
1714,0.0007,0.3605093,0.8974961042404175,"['Fc1ccc(OCC=CCN2CCOCC2)cc1', 'CC=CCC(=O)N1CC(F)CC1CNC(=O)CC1CCCC1', 'C=CCOCC1CCC2C1OCCN2C(=O)c1ccco1', 'COC(=O)c1cc(C)ccc1NCC1CCC=CO1', 'CC(=Cc1ccccc1)CN(C)Cc1nccs1', 'Cc1ccc(SCC(=O)c2ccc3c(c2)OCCO3)cc1', 'CCOC(C)C(=O)Oc1ccc(C)cc1Br']"
1715,1e-04,0.0,0.0,[]
1716,1e-04,0.0,0.0,[]
1717,0.0009,0.49023956,0.5242230892181396,"['c1nc2ccc(-c3noc(-c4cn(CC5CCCO5)nn4)n3)cc2[nH]1', 'O=c1[nH]c2ccc(-c3csc(NCc4ccc(F)cc4)n3)cc2[nH]1', 'Cn1nnc2cc(-c3noc(CNC(=O)Cc4ccccc4)n3)ccc21', 'Cc1nnc2ccc(-c3nc(-c4ccc(C#N)cn4)no3)cn12', 'N#Cc1cnn2cc(-c3cc(NC4CCCC4)nc4[nH]ccc34)cnc12', 'Cc1sc2ncnc(Sc3nc(C(C)C)n[nH]3)c2c1C', 'Cc1cc2ncn(-c3ccc(S(N)(=O)=O)s3)c2cc1C', 'CCc1nc2ncc(-c3cc(NCCO)nc4[nH]ccc34)cc2[nH]1', 'CCCOc1ccc(-c2csc(C(C)=O)n2)cc1']"
1718,0.0045,0.22707564,0.9389100670814514,"['CCCn1ccnc1-c1nccn1Cc1ccccc1-n1cncn1', 'Cc1c(Br)cccc1Cn1nnnc1C', 'Nc1cccnc1Sc1nnnn1C1CCCC1', 'C=CCc1cccc(Cl)c1OCCn1ccnc1', 'O=C(OCCNc1ncccn1)c1sccc1-n1cnnn1', 'CC(C)n1c(N)nnc1SCc1nnnn1C1CC1', 'O=C(Nc1cccnc1-n1cccn1)c1cn[nH]n1', 'CC(C)OCc1ccccc1CNc1ncccn1', 'O=c1c2ccccc2nnn1CSc1nncs1', 'OC(c1ccc(F)cc1)(c1cncnc1)c1ccccc1Cl']"
1719,1e-04,0.0,0.0,[]
1720,0.0093,0.3914264,0.5509832501411438,"['CCc1nc(CC(=O)OCC2CCCC2)cs1', 'COc1c(C(=O)OCC2CCCC2)c(C)nn1C', 'CCOc1ccc(C(=O)OCC2CCCCO2)cc1', 'CCc1ccccc1C(=O)OCC1(C#N)CCOCC1', 'Cc1ccc(F)cc1C(=O)OCCCc1ccncc1', 'COC(=O)NCC(=O)OC1CCC(C(C)(C)C)CC1', 'COc1ccc(C(=O)OCCCc2cccc(C)n2)nn1', 'NCC(=O)OCCc1ccc2c(c1)CCCS2(=O)=O', 'CC(NC(=O)C(C)(C)C)C(=O)OC(C)c1ccccn1', 'Cn1cc(C(N)=O)cc1C(=O)OCC(F)(F)F']"
1721,0.1923,0.1119826,0.7338829636573792,"['O=c1c(-c2ccccc2)c(N2CCN(c3ccccc3)CC2)c1=O', 'CCOC(=O)N1CCN(c2c(-c3ccc(C)c(C)c3)c(=O)c2=O)CC1', 'CCOc1c(Nc2ccc(Cl)cc2C)c(=O)c1=O', 'Cc1[nH]c2c(-c3cccnc3)cnn2c(=O)c1C1CCCC1', 'COCCCNc1c(-c2cc(C)c(C)cc2C)c(=O)c1=O', 'Nc1oc(-c2ccncc2)cc1C(=O)c1ccncc1', 'CCCc1[nH]nc(C(=O)N(CCCO)C(C)C)c1N', 'CC(=O)c1cnc2c(-c3ccccc3)c(C)nn2c1C', 'CCCCC(=O)Nc1[nH]nc(-c2ccncc2)c1CC', 'Cc1nc2ncnn2c(Nc2ccc(F)cc2)c1Cl']"
1722,0.0057,0.303415,0.8403761982917786,"['COC1C2CCC1N(C(=O)c1sc3ccccc3c1C)CCO2', 'CCn1ncnc1C(NC(=O)c1oc2ccc(C)cc2c1C)C1CC1', 'CC(=O)N1CCCN(C(=O)c2sc3sccc3c2Cl)CC1', 'C#CCNC(=O)c1sc2nc(C(F)(F)F)ccc2c1C', 'NC(=O)c1oc2ccccc2c1NC(=O)Cc1c(F)cccc1Cl', 'CCn1cc(CN(C)C(=O)c2oc3c(C)c(C)ccc3c2C)cn1', 'C=CCNC(=O)c1sc2nc(C(F)(F)F)cc(C)c2c1N', 'CCOC(=O)CN(C)C(=O)c1oc2ccccc2c1C', 'COC(=O)c1ccccc1NC(=O)c1oc2ccc(F)cc2c1C', 'CC(C(=O)NCc1cccc(F)c1)n1sc2ccccc2c1=O']"
1723,0.0028,0.3304306,0.8203602433204651,"['Cc1ccc(-c2nccn3cc(C(=O)N4CCN(C)CC4)nc23)cc1', 'c1ccc(-c2ccnc3nc(C4CCC4)nn23)cc1', 'Fc1ccc(-c2ccnc3nc(C4CCCO4)nn23)cc1', 'c1ccc(-c2nnc3ccc(NCc4ccoc4)nn23)cc1', 'COc1ccc(-c2csc3nc(C)n(-n4cccc4)c(=O)c23)cc1', 'COc1ccc(-n2cnc3cc(NCc4ccncc4)ccc32)cc1', 'Cc1cccc(COn2nnc3ccc(S(=O)(=O)N(C)C)cc32)c1', 'Cc1ccc(-c2cnn3cc(C(N)=O)cnc23)cc1', 'Cc1cc(-c2nnc3sc(-c4cn(C)nc4C)nn23)n(C)n1', 'Cc1ccc(OCc2nnc3c(N)ccc(C)n23)cc1']"
1724,0.0485,0.27678502,0.6363450884819031,"['CCc1ccc(CCC(=O)N2CCC(O)CC2)cc1', 'COc1ccc(CCn2ncc(Cl)c(Cl)c2=O)cc1', 'COc1ccc(CCCC(=O)Nc2nccs2)cc1', 'COc1ccc(CCNC(=O)c2ccncc2)cc1', 'COc1ccc(CCC2NCCc3c(F)cccc32)cc1', 'COc1ccc(OCC(=O)NCC2(O)CCCC2)cc1', 'COc1ccc(OCCC(=O)NCc2ccc(C)s2)cc1', 'CCc1ccc(CN(C)C(=O)c2cncc(Br)c2)cc1', 'COc1ccc(CC(C)CNC(=O)Nc2cccnn2)cc1', 'COc1ccc(CC(=O)NC2CC(O)C(CO)C2)cc1']"
1725,1e-04,0.0,0.0,[]
1726,1e-04,0.0,0.0,[]
1727,1e-04,0.0,0.0,[]
1728,0.0349,0.3620627,0.5700822472572327,"['CCN(CC)C(=O)CN(C)S(=O)(=O)c1ccc(Cl)cc1', 'CCN(CC)C(=O)C(C)S(=O)(=O)c1ncccc1Cl', 'CCN(CC)C(=O)C1CCN(C(=O)c2ccco2)CC1', 'CCN(CC)C(=O)c1cc(NCc2c[nH]nc2C)ccn1', 'CCCCN(C)C(=O)c1cccc2ccc(C)nc12', 'CN(C)C(=O)CN(C)C(=O)c1cc(Cl)c2c(c1)OCCO2', 'CCN(CC)C(=O)C(C)N1CCCc2ccccc21', 'CCCN(C)C(=O)c1cc(-c2ccccc2Cl)[nH]n1', 'CCN(CC)C(=O)CNC(=O)c1csc(CC(C)C)n1', 'CN(C)C(=O)CCCC(=O)NC1(C)Cc2ccccc2C1']"
1729,1e-04,0.0,0.0,[]
1730,1e-04,0.0,0.0,[]
1731,1e-04,0.0,0.0,[]
1732,1e-04,0.0,0.0,[]
1733,0.1427,0.49646017,0.33683717250823975,"['O=C1c2nccnc2C(O)N1c1ccc(Br)cn1', 'CN(Cc1cc(=O)c(O)co1)Cc1cc(Br)cs1', 'CSc1nc2ncc3c(=O)n(Cc4cccnc4)ccc3n2n1', 'O=C(CCN1CCOC1=O)NC1CCCNC1=O', 'CCCN1CNc2c(c(=O)[nH]c(=O)n2Cc2ccccc2)C1', 'N#CCCc1ccc2cc(Br)ccc2n1', 'Cc1cc(NCc2ccc(O)cc2)n2nc(C)c(C)c2n1', 'O=S1(=O)c2ccc(O)cc2CC1c1ccccc1', 'O=C(NCCc1cccc(O)c1)Nc1nc2ccccn2n1', 'CC(=O)c1nc2cc(O)ccc2n1-c1ccccc1F']"
1734,1e-04,0.0,0.0,[]
1735,0.0025,0.4525731,0.5152669548988342,"['Cc1[nH]c(C(=O)N2CCOC(C)(C)C2)c(C)c1C(=O)OC(C)C', 'CCc1[nH]c(C(=O)Nc2ccc3c(c2)COC3)c(C)c1C(=O)OC', 'Cc1nn(CCC(=O)NC(C)Cc2ccccn2)c(C)c1Cl', 'CCc1[nH]c(C(=O)Nc2ccc(OC)nc2)c(C)c1C(=O)OC', 'CCc1[nH]c(C(=O)N2CCCC2(C)C)c(C)c1C(=O)OC', 'Cc1nn(C(=O)CCC(=O)Nc2ccccc2)c(C)c1CC(C)C', 'Cc1nn(CCc2cc(C)n(C(C)C)c2C)c(C)c1N', 'Cc1nn(CC(=O)N2CCOCC2CC(C)C)c(C)c1Cl', 'Cc1oc(NC(=O)Cc2nc3ccc(N)cc3o2)c(C#N)c1C', 'Cc1[nH]c(NC(=O)CSc2nc(N)cc(=O)[nH]2)c(C#N)c1C']"
1736,0.0012,0.42883983,0.5421540141105652,"['COc1ccc(CCN2C(=O)CCS2(=O)=O)c(OC)c1', 'CCc1cc(CCN2C(=O)CCS2(=O)=O)ccc1OC', 'CCOC(=O)c1ccc(N2C(=O)CC(C(=O)OC)=C2C)cc1', 'COc1ccc(F)cc1CCN1C(=O)C(C)CS1(=O)=O', 'COc1ccc(CCN2C(=O)C(C)CS2(=O)=O)cc1C', 'O=C(CN1C(=O)OCC1c1ccccc1)N1CCCCC1', 'Cc1ccc(C)c(CCN2C(=O)C(C)(C)CS2(=O)=O)c1', 'O=C(Nc1ccc2c3c(cccc13)CC2)N1CCC(CO)CC1', 'CCc1ccc(CCN2C(=O)C(C)CS2(=O)=O)cc1', 'O=C(CCC(=O)c1cccs1)Nc1ccc2c(c1)NC(=O)CS2']"
1737,1e-04,0.0,0.0,[]
1738,1e-04,0.0,0.0,[]
1739,0.0431,0.50843155,0.3697841763496399,"['NC(=O)c1cnn2c(C(F)(F)F)cc(-c3ccc(F)cc3)nc12', 'Cc1nn(-c2ccccc2)c2ncc(C(=O)N(C)CC(N)=O)cc12', 'Cc1noc2nc(-c3ccccc3)cc(C(=O)N3CCCC3(C)C)c12', 'CC(O)CNC(=O)c1cc(C2CC2)nc2onc(CC(C)(C)C)c12', 'O=C(CCN1CCCC1=O)Oc1ccc(-c2noc(C3CC3)n2)cc1', 'CCc1cc(=O)[nH]c2cc(NC(=O)CNC(=O)c3ccccc3)ccc12', 'Cc1cccc2nc(C(=O)N3CC=C(c4ccc(O)cc4)CC3)cn12', 'CN(C)C1=NC(C(F)(F)F)(C(F)(F)F)N=C(c2cccnc2)O1', 'C=CCN(CC=C)C(=O)c1nn(-c2ccc(F)cc2)c2ncccc12', 'CCOC(=O)c1csc(=NC(=O)C2CC(=O)N(C(C)(C)C)C2)[nH]1']"
1740,1e-04,0.0,0.0,[]
1741,1e-04,0.0,0.0,[]
1742,0.4053,0.15461107,0.7548452615737915,"['O=C1CCC(C(=O)N2CCCC2c2cccs2)N1', 'O=C1CCC(C(=O)NCCCOCC2CCOC2)N1', 'O=c1c(=CC=Cc2ccccc2)sc2nc(-c3ccncc3)nn12', 'Cc1nc2sc(=Cc3ccc(Br)cc3)c(=O)n2n1', 'O=C1CCC(COC(=O)CCNC(=O)c2ccc(F)cc2F)N1', 'Cn1cccc1C=c1sc2nc3ccccc3n2c1=O', 'CCCn1c(=O)c2c(nc3n(C)c(C)c(C)n23)n(C)c1=O', 'CC1CN(CC(=O)N(C)CC(=O)N2CCOCC2)c2ccccc21', 'O=C1CCC(C(=O)Nc2cccc(N3CCCCCC3)c2)N1', 'Cc1nc2sc(=Cc3cccc(Cl)c3Cl)c(=O)n2n1']"
1743,1e-04,0.0,0.0,[]
1744,0.0221,0.44848046,0.7007485032081604,"['CCSc1nnc(SC(C)C(=O)N(C)CCC#N)s1', 'COCc1nnc(NC(=O)C(C)Oc2ccccc2)s1', 'CCc1nnc(NC(=O)NCCC2CCCCC2)s1', 'CSc1nnc(SCC(=O)NC(C)(C)C)s1', 'CCCC(C)c1nnc(NC(=O)c2ccc(F)cc2)s1', 'CC(C)c1nnc(NC(=O)Cn2nnc(-c3ccccc3)n2)s1', 'COCCc1nnc(NC(=O)c2ccc(F)cc2)s1', 'CCCNc1nnc(SCC(=O)c2ccccc2F)s1', 'CCSc1nnc(SCC(=O)c2ccccc2)s1', 'CSc1nnc(SC(C)C(=O)NC2CCCCC2)s1']"
1745,0.0011,0.49164113,0.4678318202495575,"['CCCCN1C(=O)C(C)S(=O)c2ccc(N)cc21', 'Cc1ccc2oc(SCCS(N)(=O)=O)nc2c1', 'COCCCNC1=NS(=O)(=O)c2ccccc21', 'CCc1cc(CCN2C(=O)CCS2(=O)=O)ccc1OC', 'C=CCN1CC2(CCN(S(C)(=O)=O)CC2)OCC1=O', 'COc1ccc(CNS(=O)(=O)CCCO)cc1C', 'CC(C)CCNC(=O)CCS(=O)(=O)c1ccccc1', 'Cc1ccc(C(=O)N2CCCS2(=O)=O)cc1F', 'Cn1cc(Nc2ccc(S(C)(=O)=O)cc2)cn1', 'COc1cccc(S(=O)(=O)CCOC(C)C)c1']"
1746,0.0682,0.3310146,0.4718697667121887,"['COc1ccc(C(C)=O)cc1CN1Cc2ccccc2CC1C(N)=O', 'Cc1ccc(S(C)(=O)=O)cc1C(=O)N1CCC(C(N)=O)CC1', 'CC1CCCN(c2ccc(S(C)(=O)=O)cc2S(C)(=O)=O)CC1', 'Cc1n[nH]cc1CNC(=O)C(NC(N)=O)C(C)C', 'Cc1cc(OCCc2ncc(C(N)=O)c(N)n2)ccc1Cl', 'CCc1ccc(CNc2cc(C(N)=O)cc(F)c2C)o1', 'CCOc1ccc(Br)cc1S(N)(=O)=O', 'COc1ncccc1CNc1ccnc(C(N)=O)c1', 'CCC1COCCN1Cc1cc(C(N)=O)cs1', 'Cc1ccnc2c(OCCCC(N)=O)ccc(Br)c12']"
1747,1e-04,0.0,0.0,[]
1748,1e-04,0.0,0.0,[]
1749,1e-04,0.0,0.0,[]
1750,0.0229,0.3417446,0.7568017840385437,"['O=C(Nc1nncs1)c1c(F)cccc1Cl', 'Cc1ccc(-c2nnco2)cc1NCc1ccsc1', 'O=C(Nc1nncs1)c1cc(F)c(Cl)cc1Cl', 'O=C(CC1CC1)N1CCC2(CCCN(c3nncs3)C2)C1', 'CC(C)Oc1ccc(Cl)cc1C(=O)Nc1nncs1', 'Fc1c(Cl)ccc2c1C(c1nccs1)NCC2', 'CC(Sc1nncs1)C(=O)N1CCCCCC1', 'CCc1cccc2c1N(CC(=O)Nc1nncs1)CC2', 'O=C(Nc1ccccc1)C1CCN(C(=O)Nc2nncs2)CC1', 'COc1ccc(OC)c(CC(=O)Nc2nncs2)c1']"
1751,1e-04,0.0,0.0,[]
1752,1e-04,0.0,0.0,[]
1753,1e-04,0.0,0.0,[]
1754,1e-04,0.0,0.0,[]
1755,1e-04,0.0,0.0,[]
1756,0.0254,0.46333408,0.5199633836746216,"['COc1cccc2cc(C(=O)Nc3ccc4c(C)cc(=O)[nH]c4c3)oc12', 'CC(=O)Nc1ccc2c(c1)nc1n2CCN(c2ccc3[nH]ccc3c2)C1', 'COc1cccc2cc(C(=O)Nc3cccc(-c4n[nH]c(C)n4)c3)oc12', 'Cc1cccc2c(=O)c(C(=O)N3CCOC(C(F)(F)F)C3)c[nH]c12', 'O=C(c1ccc2cc[nH]c2c1)N1CCC2(CC(c3ccccc3)CO2)C1', 'O=C(c1cn[nH]n1)N1CCCC(c2nc(-c3cccc(F)c3)no2)C1', 'CN(C)S(=O)(=O)N1CCN(C(=O)c2cc(C3CC3)[nH]n2)CC1', 'O=C(c1ccc(=O)[nH]c1)N1CC(c2nc(-c3cnccn3)no2)C1', 'Cc1cccc2nc(CNC(=O)c3ccc(-n4ccnn4)cc3)n(C)c12', 'O=C(NCc1ncc(-c2ccccc2)o1)c1ccc(-n2cncn2)nc1']"
1757,1e-04,0.0,0.0,[]
1758,1e-04,0.0,0.0,[]
1759,0.0009,0.3113322,0.9035100936889648,"['CCN(CC)C(=O)NC1C(NC(=O)N(CC)CC)N(C)C(=O)N1C', 'c1csc(CCN2CN=C(Nc3nc4ccccc4o3)NC2)c1', 'CCN1CCN(C2=NC(=O)CC(C(=O)Nc3ccccc3)N2)CC1', 'CCOC(=O)C1=C(CNC(C)c2cccc(F)c2)NC(=O)NC1', 'O=C1CC(C(=O)Nc2ccccc2)NC(N2CCCCC2)=N1', 'O=C(CCC1NC(=O)c2ccccc2N=C1O)Nc1ccccn1', 'CCOC(=O)C1=C(CNC(C)c2ccc(Cl)cc2)NC(=O)NC1', 'O=C(Nc1cccs1)N1CCC(S(=O)(=O)c2ccccc2)C1', 'O=C1CCC(NCc2cccs2)C(c2cc(F)cc(F)c2)N1']"
1760,0.0218,0.34535614,0.6744954586029053,"['COc1ccc(F)cc1NC(=O)c1cnn(Cc2ccccc2)c1C', 'CN(Cc1cnn(-c2ccc(F)cc2)c1)C(=O)c1cnn2ccccc12', 'CCCn1nccc1NC(=O)c1cnn(-c2ccc(F)cc2)n1', 'CCc1onc(C)c1NC(=O)c1cnn(-c2ccccc2)c1CC', 'C#Cc1cccc(N(C(=O)c2cnn(-c3ccccn3)c2C)C(C)C)c1', 'O=C(NCc1ccccc1)c1cnn(-c2ccc(F)cc2)c1', 'CN(CCC#N)C(=O)Nc1cnn(-c2ccccc2F)c1', 'COc1ccc(C(=O)N(C)Cc2cnn(-c3ccccc3)c2)cc1F', 'COc1c(F)cc(NC(=O)c2cnn(-c3ccc(F)cc3)n2)cc1F', 'C=CCNS(=O)(=O)c1cnn(-c2ccccn2)c1']"
1761,0.0042,0.3602634,0.8036279082298279,"['O=C(CCc1cccnc1)NC1COC2(CCCC2)C1', 'CC(=O)c1cc(CC(=O)N2CCCC3(CCOC3)C2)cs1', 'COc1ccc(F)cc1NC(=O)N1CCC2(CCC2)C1', 'CCOC(=O)CC(C)CNC(=O)N1CCOC2(CCCC2)C1', 'Cc1ccncc1NC(=O)N1CCC2(CCCCC2)C1', 'O=C(c1c[nH]c2cccc(F)c12)N1CCC2(CCCC2)C1', 'O=C(Cc1cccnc1)NCC1COC2(CCCCC2)O1', 'Cc1c(C(=O)N2CCC3(CCCC3)C2)cnn1-c1ccncc1', 'O=C(c1scnc1C1CC1)N1CCC2(CCOC2)C1', 'O=C(CC1CCc2ccccc21)N1CCC2(CCCO2)CC1']"
1762,1e-04,0.0,0.0,[]
1763,1e-04,0.0,0.0,[]
1764,0.0002,0.5,0.0,"['CN1CCN(C(=O)CC(C)(C)C)c2nc3ccccc3nc21', 'Cc1nn(C(=O)c2ccccc2)c2nc3ccccc3nc12']"
1765,0.0058,0.30966932,0.8288023471832275,"['Cc1ccc(C(O)C2NCCc3c2ccc(F)c3O)cc1', 'Oc1ccc(CCC2NCCc3c2ccc(F)c3O)cc1', 'CC(=O)NC(C)C1NCCc2c1ccc(C)c2F', 'COc1ccc(CCC2NCCc3c(F)cccc32)cc1', 'COc1ccc(OC)c(C2NCCc3c(OC)cccc32)c1', 'COc1cc(C2NCCc3ccc(F)cc32)ccn1', 'Nc1ncccc1C1NCCc2ccc(Cl)cc21', 'CC(=O)NCC1NCCc2ccc(Oc3ccccc3)cc21', 'N#Cc1ccc(C2NCCc3c(O)ccc(F)c32)cc1', 'COCCOCC1NCCc2cc(F)c(O)cc21']"
1766,1e-04,0.0,0.0,[]
1767,1e-04,0.0,0.0,[]
1768,0.0198,0.4249316,0.5143948793411255,"['COc1ncnc(OC)c1CNc1ccccc1C', 'CCOC(=O)COc1ccc(CO)cc1Br', 'CC(c1ccc(O)cc1)N(C)C(=O)Nc1ccccc1', 'CC(C)N1CCOC(c2cccc(Br)c2)C1', 'CC(C)CC1COCCN1C(=O)c1cc(Br)cn1C', 'COCC12CCCOC1CCN(C(=O)c1ccoc1C)C2', 'O=C1C2CC(O)CCN2C(=O)CN1CCCN1CCOCC1', 'Cc1ccc(C(O)CNC(=O)c2ccccc2Cl)cc1C', 'Cc1oc2cc(O)ccc2c(=O)c1Oc1ccccc1', 'CCOc1ccc(OCc2nc3cccnc3o2)cc1']"
1769,0.001,0.6124646,0.3512037396430969,"['O=C(c1ccco1)N1CC2CCCC2(COCc2cccnc2)C1', 'COc1cc(N2CC3CCCC3(COCC(=O)N(C)C)C2)ncn1', 'Cc1ccc(N2CC3COCC3(CNC(=O)C3CC3)C2)nn1', 'O=C(c1c[nH]nc1-c1ccccc1)N1CC2CCCC2(CO)C1', 'CN(C)S(=O)(=O)N1CCC2OCCC2(COc2cccnc2)C1', 'O=C(COc1ccc(F)cc1)N1CC2COCC2(COCC2CC2)C1', 'Cc1nnc(C2CC3OCCC3N(C(=O)c3ccoc3C)C2)o1', 'Cn1cc(CN2CC3OCCC3C(C(=O)NCc3ccco3)C2)cn1', 'Cc1cc(C(=O)N2CC3COCC3(c3nc(C)no3)C2)on1', 'CC(C)NC(=O)N1CCC2(CC2C(=O)Nc2cccc(F)c2)C1']"
1770,0.0028,0.42019272,0.6666263937950134,"['CC(C)(CNC(=O)Nc1ccc2c(c1)OCC(=O)N2)c1ccncc1', 'CC(C)(CC(=O)C(C#N)c1nnc2n1CCCCC2)c1ccccc1', 'NC(=O)C(NCc1cc(Cl)c2c(c1)OCCCO2)c1ccccc1', 'N#CC(NC(=O)Cc1ccc2c(c1)OCCO2)c1ccc(F)cc1F', 'O=C(Nc1ccc2c(c1)N(C(=O)C1CCCC1)CC2)c1ccno1', 'CC(C)(CNC(=O)Cn1nc2n(c1=O)CCCCC2)c1cccs1', 'COCCCC(=O)N(Cc1ccc2c(c1)CCO2)C1CCCC1', 'O=C(Nc1ccc2c(c1)N(C(=O)C1CCCC1)CC2)c1ccccn1', 'CN(C)C(C(=O)NCCc1nc2c(s1)CCC2)c1ccc(F)cc1', 'O=C(NC1CC1)C(Nc1ccc2c(c1)CCC2)c1ccccc1']"
1771,1e-04,0.0,0.0,[]
1772,1e-04,0.0,0.0,[]
1773,1e-04,0.0,0.0,[]
1774,1e-04,0.0,0.0,[]
1775,0.0046,0.246197,0.7888255715370178,"['CC(C)Cn1nccc1NC(=O)CCC(C)(C)C', 'CCC1C(=O)NCCN1C(=O)C(C)CC1CCCC1', 'CCN(C(=O)C1C(C)(C)C1(C)C)c1ccccc1S(=O)(=O)CC', 'COC1(C)CC(NC(=O)CCNC(=O)C(C)(C)C)C1(C)C', 'CC(=O)Nc1cccc(NC(=O)CCC(C)(C)C)c1C', 'CCc1cc(NC(=O)NC(C)CCC(C)(C)C)n(C)n1', 'COC(=O)c1ccccc1OC(=O)CC(C)(C)C', 'COc1cc(C#N)ccc1OCCn1nnnc1C(C)(C)C', 'CC1CN(Cc2ccccc2)CCN1C(=O)C(C)(C)C', 'COc1cc(C)ccc1OC(=O)CNC(=O)CC(C)(C)C']"
1776,1e-04,1.0,0.0,['O=C(CCN1CCOC1=O)NC1CCCNC1=O']
1777,0.0027,0.50928617,0.5804690718650818,"['CC(C)OCCC(=O)N(C)Cc1ccccc1Br', 'CCCOCC(=O)NC(c1cccs1)c1cccs1', 'CCCCOCCN1CCN(C(=O)c2cc(C)oc2C)CC1', 'CCCCOCC(=O)N1CCc2cc(F)ccc2C1', 'CC(C)OCCS(=O)(=O)c1ccc(Cl)cc1', 'CC(C)OCCCNC(=O)N1CCN(C(=O)c2ccccc2)CC1', 'CC(C)OCCC(=O)N1CCC(Nc2ccccc2)C1', 'C#CCOCC1CCCN(C(=O)c2ccc(C)cc2)C1', 'CC(C)OCCCNC(=O)C1CN(c2ncnc3c2nnn3C)C1', 'CCCOCC(=O)NC1CCCn2nc(CC)nc21']"
1778,1e-04,0.0,0.0,[]
1779,1e-04,0.0,0.0,[]
1780,0.003,0.4465847,0.5733118057250977,"['O=C1CSc2ccc(C(=O)Nc3ccc(F)c(F)c3F)cc2N1', 'O=C1CSc2ccc(C(=O)OCc3nccn3C(F)F)cc2N1', 'O=C1COc2cc(C(=O)N(Cc3cccnc3)C3CC3)ccc2N1', 'O=C1CSc2ccc(C(=O)Nc3cccc(Cl)c3F)cc2N1', 'O=C1COc2ccc(C(=O)Nc3cc(F)ccc3Cl)cc2N1', 'O=C1COc2cc(C(=O)Nc3ccc4[nH]ncc4c3)ccc2N1', 'O=C1CCC(C(=O)N2CCC(c3nc4ccccc4o3)CC2)CN1', 'O=C1CN(C(=O)c2cccc(-c3ccoc3)c2)C2CCCCC2N1', 'O=C1CN(C(=O)CCCc2cc(F)ccc2F)c2ccccc2N1', 'O=C1CN(C(=O)CN(CCCO)c2ccccc2)c2ccccc2N1']"
1781,1e-04,0.0,0.0,[]
1782,1e-04,0.0,0.0,[]
1783,1e-04,0.0,0.0,[]
1784,1e-04,0.0,0.0,[]
1785,1e-04,1.0,0.0,['CCCCc1ccc(N2CC(C(=O)NCCC)CC2=O)cc1']
1786,1e-04,0.0,0.0,[]
1787,0.0003,0.5531688,0.2901650369167328,"['Nc1c(NCCN2CCOCC2)c2ccccc2oc1=O', 'Cc1c(C)c2ccc(NC(=O)c3c(F)cccc3F)cc2[nH]c1=O', 'Cc1c(C)c2cc(Cl)c3c(c2oc1=O)CN(C1CC1)CO3']"
1788,1e-04,0.0,0.0,[]
1789,0.0052,0.34257773,0.6483737230300903,"['CCCCc1nnc(NC(=O)c2c(C)nc(C(C)(C)C)[nH]c2=O)s1', 'Cc1nc(NC(=O)C(C)n2nc(-n3cccn3)ccc2=O)sc1C', 'CCCC(=O)Nc1nc(-c2ccc3c(c2)NC(=O)C(C)O3)cs1', 'Cc1ccc(C(=O)CC2(O)C(=O)N(CC(N)=O)c3ccccc32)s1', 'Cc1nc(CCNC(=O)c2cc(C(C)C)nc3onc(C)c23)cs1', 'CC(=O)Nc1nc(C(=O)N2CCOC(c3ccc(F)cc3)C2)cs1', 'CCC(=O)Nc1nc(-c2ccc(CCC(C)NC(C)=O)cc2)cs1', 'CC(C)c1nnc(NC(=O)c2cn(C)c3ccccc3c2=O)s1', 'CCc1nnc(NC(=O)Cn2c(C)ccc(C#N)c2=O)s1', 'CCCc1nnc(NC(=O)c2ccc(NC(=O)CC(C)C)cc2)s1']"
1790,1e-04,0.0,0.0,[]
1791,1e-04,0.0,0.0,[]
1792,0.0002,0.5,0.0,"['Cc1cnnn1CC1CCC2C1OCCN2Cc1ccco1', 'c1cnc(OCC2CCC3C2OCCN3Cc2ccco2)nc1']"
1793,1e-04,0.0,0.0,[]
1794,0.0006,0.55203116,0.555517315864563,"['CCOC(=O)C1=C(CNC(C)c2ccc(Cl)cc2)NC(=O)NC1', 'CCOC(=O)C1=C(CNC(C)c2cccc(F)c2)NC(=O)NC1', 'CCOC(=O)C1=C(Cn2nnc3ccccc3c2=O)NC(=O)NC1', 'CCOC(=O)C1=C(CN2CCc3sccc3C2)NC(=O)NC1', 'CCOC(=O)C1=C(c2csc(NCC3CCCO3)n2)C(C)=NC1C', 'CCOC(=O)C1=C(C)C(S(=O)(=O)NC2CCCCCC2)C(C)=N1']"
1795,1e-04,0.0,0.0,[]
1796,0.0059,0.33545777,0.6754165291786194,"['CNC(=O)C1CN(C(=O)C2Cc3ccccc3O2)c2ccccc2O1', 'O=C(NCC1COc2ccccc2O1)c1ccccc1OC(F)F', 'Cc1ccsc1C(=O)NCC1COc2ccccc2O1', 'O=C(NCC1COc2ccccc2O1)c1c(F)cccc1Cl', 'CNc1cc2c(nn1)CCN(C(=O)C1Cc3cc(Cl)ccc3O1)C2', 'COc1ccccc1OC(=O)C1Cc2ccccc2S1', 'CCc1ccc(CN(C)C(=O)C2COc3ccccc3O2)cc1', 'Nc1cc(Cl)ccc1NC(=O)C1Cc2ccccc2O1', 'O=C(NCCO)c1cccc(NC(=O)C2Cc3ccccc3O2)c1', 'O=C(CCCOC(=O)C1COc2ccccc2O1)c1ccc(F)cc1']"
1797,0.0002,0.5,0.0,"['CNCC1NCCc2cc(Cl)c(OC)c(OC)c21', 'C#CCN1CCN(CC(=O)Nc2ccccc2SCC=C)CC1']"
1798,0.0039,0.30127874,0.7724705934524536,"['Cc1cc(C)c2c(c1)C(N1CCOCC1)C(C)CN2', 'CCN1CCN(C(=O)C2CCC(C(C)(C)C)CC2)CC1', 'CCCOc1ccc(C)cc1C(O)CCN1CCOCC1', 'Cc1c(F)c(F)c(C(=O)N2CCN(C)CC2)c(C)c1Cl', 'CCCC(O)c1cc(CC)c2c(c1)C(CC)C(=O)N2', 'CC(C)NC(=O)C1Cc2cc(C(F)(F)F)ccc2N2CCCC12', 'CN1C(=O)OC(C)(CC(C)(C)c2ccccc2)C1(C)O', 'CC(C)C(=O)N1Cc2ccc(C(O)C(C)C)cc2C1', 'COc1c(Cl)c(OC)c(OC)c2c1CCNC2C', 'CC(C)CC(=O)N1Cc2ccc(C(O)CC(C)C)cc2C1']"
1799,1e-04,0.0,0.0,[]
1800,0.0016,0.6279398,0.3297897279262543,"['CC(=O)N1CCCc2cc(NS(=O)(=O)c3cccc(F)c3)ccc21', 'CC(=O)N1CCCc2cc(NC(=O)c3ccccc3F)ccc21', 'CCN1C(=O)Cc2cc(NS(=O)(=O)c3cc(C)ccc3C)ccc21', 'O=S1(=O)c2ccccc2-c2cc3cc(F)c(F)cc3cc21', 'CCN1C(=O)C(C)(C)c2cc(NC(=O)c3ccco3)ccc21', 'Cc1noc(CN2CCCc3c(NC(=O)OC(C)(C)C)cccc32)n1', 'O=C(c1ccc[nH]1)N1CCc2c(COCc3ccncc3)cncc2C1', 'CC(C)CN1Cc2cc(NC(=O)c3cccs3)ccc2OCC1=O', 'CCc1cc(=O)[nH]c2cc(NC(=O)CNC(=O)c3ccccc3)ccc12', 'COC(=O)C(C)Cc1ccc2cc(N3CCCC3)ccc2n1']"
1801,1e-04,0.0,0.0,[]
1802,1e-04,0.0,0.0,[]
1803,1e-04,0.0,0.0,[]
1804,1e-04,0.0,0.0,[]
1805,1e-04,1.0,0.0,['CN1C(=O)c2cccc3c(S(=O)(=O)N4CCOCC4)ccc1c23']
1806,1e-04,0.0,0.0,[]
1807,1e-04,0.0,0.0,[]
1808,1e-04,0.0,0.0,[]
1809,1e-04,0.0,0.0,[]
1810,1e-04,0.0,0.0,[]
1811,1e-04,0.0,0.0,[]
1812,1e-04,0.0,0.0,[]
1813,1e-04,0.0,0.0,[]
1814,1e-04,0.0,0.0,[]
1815,1e-04,0.0,0.0,[]
1816,1e-04,0.0,0.0,[]
1817,1e-04,0.0,0.0,[]
1818,1e-04,1.0,0.0,['O=c1[nH]c2ccc(S(=O)(=O)N3CCOCC3)cc2s1']
1819,1e-04,0.0,0.0,[]
1820,1e-04,0.0,0.0,[]
1821,0.0102,0.28061017,0.7158371806144714,"['Cc1cccc(N)c1NCc1cccc2cc[nH]c12', 'Cn1ccnc1NCc1ccc(Cl)c(Cl)c1', 'CCOc1cc(F)ccc1NCc1nc(C)cs1', 'COc1ccc(Cl)cc1NCc1cc(C)on1', 'Cc1cccc(C(C)C)c1NCc1nnc(-c2ccccc2)n1C', 'Fc1cccc(Oc2ccccc2)c1NCc1nnc(C2CCC2)o1', 'FC(F)(F)c1ccccc1NCc1noc(-c2ccsc2)n1', 'COC(=O)c1ccc(C(F)(F)F)cc1NCc1nc(C2CC2)no1', 'COCCOc1ncccc1NCc1ccccn1', 'Cc1ccc(-c2nnco2)cc1NCc1ccsc1']"
1822,1e-04,0.0,0.0,[]
1823,1e-04,0.0,0.0,[]
1824,0.2367,0.25449786,0.5691028833389282,"['O=c1ccc2c(n1CC1CC1)CCC(NS(=O)(=O)C1CC1)C2', 'O=c1c(-c2ccccc2)c(O)n(O)c2ccccc12', 'Fc1ccccc1-c1nc2cc(-n3cnnc3)ccc2o1', 'COCCC(NC(C)=O)C(=O)N1CCCC1Cn1nc(C)cc1C', 'O=c1cc(CN2CCOCC2)n(C2CCCCCC2)cc1O', 'COc1nc2c(cc1CNC(=O)C1CC1)C(=O)N(C1CCCC1)C2', 'O=C(NC(CO)CO)c1cc(CN2CCOCC2)on1', 'CC1c2ccc3c(c2CN2CCc4cc5c(cc4C12)OCO5)OCO3', 'Fc1ccc(C(Nn2cncn2)C2CCCCC2)cc1', 'COc1ccc(CN(C)Cc2nc(C)cs2)cc1Cn1cncn1']"
1825,1e-04,0.0,0.0,[]
1826,1e-04,0.0,0.0,[]
1827,1e-04,1.0,0.0,['C=CCNC(=O)CCc1ccc(Br)cc1']
1828,0.0004,0.4841056,0.8305342793464661,"['O=C(NC1CC1)C1c2ccccc2C(=O)N2CCc3ccccc3C12', 'CC(C)NC(=O)C1Cc2cc(C(F)(F)F)ccc2N2CCCC12', 'COCCN1C(=O)c2ccccc2NC1c1ccccc1OC(C)C', 'COc1cccc(NC(=O)C2Cc3ccccc3N2C(C)=O)c1']"
1829,0.0139,0.31667003,0.671600341796875,"['COC(C)(C)CC(C)(NCC(F)(F)F)C(N)=O', 'CSc1ccsc1C(=O)NCC(C)(C)c1ccncc1', 'COc1ccc(C(C)(CO)Cc2cccs2)cc1OC', 'COCCC(=O)NCC(C)(C)c1cccc(Cl)c1', 'CC(=O)N1CCC(NC(=O)NCC(C)(C)c2ccncc2)C1', 'COCCCNC(=O)NCC(C)(C)c1ccc(Cl)cc1', 'CCC(=O)N1CCC(NC(=O)NCC(C)(C)c2ccncc2)C1', 'COc1ccc(CC(C)(O)CNC(=O)c2ccc(F)cc2)cc1', 'CCc1ccccc1OC1CN(CC(C)(C)N2CCOCC2)C1', 'Cc1ccccc1CC(C)(C)NC(=O)c1ccc2nncn2c1']"
1830,0.0058,0.20759451,1.042525053024292,"['CC(C)(C)Oc1c(F)cc(NC(=O)CCn2cccn2)cc1F', 'CCCOc1c(Br)cc(C(=O)NC2CC2)cc1OC', 'CCOc1c(Br)cc(CNc2nnnn2C)cc1OC', 'COc1c(F)cc(NC(=O)NC2CCC(C)CC2)cc1F', 'COc1c(F)cc(NC(=O)c2cnn(-c3ccc(F)cc3)n2)cc1F', 'Nc1c(Cl)cc(NC(=O)c2cnn3cccnc23)cc1Cl', 'COc1c(F)cc(NC(=O)NCc2cc(C#N)ccc2F)cc1F', 'COc1c(F)cc(NC(=O)Cc2nc3nc(C)cc(C)n3n2)cc1F', 'COc1c(C)cc(S(=O)(=O)NCC(O)c2cccn2C)cc1C', 'Cc1c(F)c(F)c(C(=O)N2CCN(C)CC2)c(C)c1Cl']"
1831,1e-04,0.0,0.0,[]
1832,1e-04,0.0,0.0,[]
1833,1e-04,0.0,0.0,[]
1834,1e-04,0.0,0.0,[]
1835,1e-04,0.0,0.0,[]
1836,1e-04,0.0,0.0,[]
1837,0.0057,0.6419523,0.3365645110607147,"['N#CCCCOc1cccc(NC(=O)NC2CC2)c1', 'N#CCCSc1nc2ccccc2c(=O)n1C1CC1', 'N#CCCC(C#N)Cn1nc(-c2cccs2)oc1=O', 'N#CCCC(C#N)CN1CCN(c2nccs2)CC1', 'N#CCCc1ccc2cc(Br)ccc2n1', 'N#CCCC(C#N)Cn1c(=O)c(C#N)c2n(c1=O)CCCCC2', 'N#CCC(=O)NCc1ccc(Oc2ccccc2)cc1', 'N#CCCn1ncc2c(N3CCCC(CO)C3)ncnc21', 'N#CCCCOc1cccnc1NC(=O)c1nc2ccccc2s1', 'N#CCCN(Cc1ccco1)Cc1cccc2cccnc12']"
1838,0.0019,0.41955066,0.6024453043937683,"['COc1cccc(C(=O)N2CC(c3ccccc3C)OCC2C)c1F', 'COCCCN1C(=O)c2ccccc2NC1c1cccnc1', 'COC(=O)CN1CC(C)Nc2cc(F)c(F)cc21', 'Fc1ccc2c(c1F)C(CNCc1ccccc1)NCC2', 'CCOCCOC(=O)CN1CC(C)Nc2ccccc21', 'FC(F)(F)c1cccc2c1C(CC1CC1)NCC2', 'CC(=O)Nc1ccc2c(c1)C(Cc1cccs1)NCC2', 'C=C(C)CN1C(=O)C(C)Nc2cc(F)c(F)cc21', 'CC(C#N)CN1C(=O)C2(CCCC2)Nc2cc(F)ccc21', 'Cc1cccc2c1C(C(O)Cc1ccccc1)NCC2']"
1839,0.0372,0.55517757,0.419138103723526,"['CN(C)c1ccc(C(=O)Nc2ccccc2)cc1N', 'CN(C)c1ccc(C(=O)NCCc2cccs2)cc1F', 'CN(C)c1ccc(C(=O)NCCc2cccs2)cc1', 'CN(C)c1nc(N)nc(CSc2cc(C#N)ccn2)n1', 'CN(C)c1nc2nonc2nc1N(C)Cc1cnn(C)c1', 'CN(C)c1cccc(OCCc2nnc(CCO)o2)c1', 'CN(C)C(CNCc1cccc2c1OCO2)c1ccccc1', 'CN(C)C(CNC(=O)c1ccc(F)cc1F)c1cccs1', 'CN(C)c1cccc(OCCC(=O)N2CCNCC2)c1', 'CN(C)c1nc(-c2ccc3c(c2)CCC3)ccc1C#N']"
1840,0.0004,0.374148,0.8768389821052551,"['C=C1C2(C(=O)Nc3ccc(NC(C)=O)cc3)CCC(C2)C1(C)C', 'O=c1[nH]nc2c(Oc3cccc(Cl)c3)nccn12', 'O=C1N(Cc2cccnc2)CC2CN(Cc3ccccn3)CCN12', 'CC1=CC(C)C2(CO)COC(c3ccco3)C1C2C']"
1841,1e-04,0.0,0.0,[]
1842,0.0021,0.28099903,0.9681056141853333,"['O=C1CC(C(=O)Nc2ccccc2)NC(N2CCCCC2)=N1', 'CCOC(=O)C1=C(C)C(S(=O)(=O)NC2CCCCCC2)C(C)=N1', 'CCOC(=O)C1=C(c2csc(NCC3CCCO3)n2)C(C)=NC1C', 'CCOC(=O)c1ccc(N2C(=O)CC(C(=O)OC)=C2C)cc1', 'CN1C(=O)C2(N=C(N)NC(N3CCc4ccccc43)=N2)c2ccccc21', 'CC1=NC(CN(C)c2nncc(-c3cccc4ccccc34)n2)N=C1', 'CCc1ccc(C2(Cc3ccc(C)o3)NC(N)=NC2=O)cc1', 'CC1=CC(C)=NC(=O)C1S(=O)(=O)c1ccc(CC(C)C)cc1', 'O=C(c1n[nH]c2ccccc12)N(CC1CC=CO1)C1CC1', 'CC(C)=CCN1CC2(CCN(c3ncccn3)CC2)CC1=O']"
1843,1e-04,0.0,0.0,[]
1844,0.006,0.3536051,0.6580120921134949,"['Fc1cc(Br)cc2c1C(C1CNC1)NCC2', 'O=C(CCc1ccsc1)N(CC1CCOC1)C1CC1', 'COc1ccc(CNCC(C2CCOC2)N2CCOCC2)cc1O', 'O=C(NCCc1cccc(Cl)c1)C1CCOC1', 'CCOc1ccc(N)cc1COCC1CCOC1', 'COCCNC(c1nc(C(C)C)cs1)C1CCOC1', 'CN(C(=O)c1ccncc1)c1nnc(C2CCOC2)s1', 'Cc1nc2ccccc2n(CCC2CCOC2)c1=O', 'CNC(=O)c1cnc(OC(C)(C)C)c(OC2CC2)c1', 'COC1COC2(CCN(C(=O)COc3ccccc3C)C2)C1']"
1845,0.0243,0.43854606,0.6648486256599426,"['Cc1noc(C)c1C(=O)N1CCCC1c1cc(C(C)C)on1', 'Cc1noc(C)c1CN1CCOC2CN(c3cccc(F)c3)CC21', 'Cc1noc(C)c1CC(=O)Nc1cc(F)ccc1Cl', 'Cc1noc(C)c1C(=O)Nc1cc(Br)ccc1Cl', 'Cc1noc(C)c1CCCNC(=O)Nc1ccccc1OC(C)C', 'Cc1noc(C)c1Cc1nn2c(C3CC3)nnc2s1', 'Cc1noc(C)c1CCC(=O)Nc1ccc(F)c(F)c1', 'Cc1noc(C)c1C(C)NC(=O)NCc1ccccc1OCC(C)C', 'Cc1noc(C)c1CCCNC(=O)NC1CCC(=O)N(C)C1', 'Cc1noc(C)c1COC(=O)CNC(=O)c1ccc(Cl)cc1']"
1846,1e-04,0.0,0.0,[]
1847,1e-04,0.0,0.0,[]
1848,1e-04,0.0,0.0,[]
1849,1e-04,0.0,0.0,[]
1850,1e-04,0.0,0.0,[]
1851,0.0003,0.55610174,0.28117603063583374,"['O=C(Nc1ccc(OCC2CCOCC2)cc1)C1CC2CCC1O2', 'C=Cc1cccc(CN2CCN(c3ncc(F)cn3)CC2)c1', 'O=S(=O)(NCC1CC=CCC1)c1ccccc1']"
1852,1e-04,0.0,0.0,[]
1853,1e-04,0.0,0.0,[]
1854,1e-04,1.0,0.0,['C=CCN1CC2=C(C1=O)C(c1ccc(O)cc1)NC(=O)N2C']
1855,1e-04,0.0,0.0,[]
1856,1e-04,0.0,0.0,[]
1857,1e-04,0.0,0.0,[]
1858,1e-04,0.0,0.0,[]
1859,0.0007,0.5080944,0.7503723502159119,"['O=C1CC(c2ccccc2F)c2c(c3ccccc3oc2=O)O1', 'O=C1CC(c2ccsc2)c2cnn(Cc3ccccc3Cl)c2N1', 'O=C1CC(c2cccs2)c2cnn(C3CCCC3)c2N1', 'O=C1NC(c2ccco2)c2c(-c3ccccc3)n[nH]c21', 'O=C1OC(c2c[nH]c3ccccc3c2=O)c2ccccc21', 'O=C1CC(=O)CC(c2ccccc2C(F)(F)F)C1', 'O=C1CCC(NCc2cccs2)C(c2cc(F)cc(F)c2)N1']"
1860,1e-04,0.0,0.0,[]
1861,0.0099,0.292183,0.6673857569694519,"['Cc1cccc(N2CCN(CCNC(=O)c3cc(C)nn3C)CC2)c1', 'COc1cccc(N2CCN(C(=O)Cc3c(F)cccc3F)CC2)c1', 'COc1cccc(N2CCN(C(=O)C3CCN(C)C(=O)C3)CC2)c1', 'Cc1cccc(N2CCN(Cc3cc(=O)[nH]c(C(C)C)n3)CC2)c1', 'Cc1cccc(N2CCN(C(=O)C3CCC(=O)N3C(C)C)CC2C)c1', 'Oc1ccc(N2CCN(Cc3nc4c(F)cccc4[nH]3)CC2)cc1', 'Cc1csc(N2CCN(C(=O)C3(C#N)CCCCC3)CC2)n1', 'Cc1nccc(N2CCN(C(=O)Nc3cnn(CC(C)C)c3)CC2)n1', 'OCCc1cn(C2CCN(C3N=CN=C4N=CN=C43)CC2)nn1', 'Cc1cccc(N2CCN(C(=O)C3CC4CCC3O4)CC2)c1']"
1862,1e-04,0.0,0.0,[]
1863,0.0056,0.28034964,0.8259493112564087,"['COc1ccc(C(=O)NC(C(=O)N(C)CC2CCCO2)C(C)C)cc1', 'C#Cc1cccc(N(C(=O)c2cnn(-c3ccccn3)c2C)C(C)C)c1', 'CC(NS(C)(=O)=O)C(=O)NC(c1ccc(C(C)C)cc1)C(C)C', 'C#Cc1cccc(N(C(=O)CCNC(=O)c2cccs2)C(C)C)c1', 'CC(OCC1CCCO1)C(=O)N(Cc1cccc(Cl)c1)C(C)C', 'CC(=O)NC(C(=O)Nc1cccc(-c2csc(C)n2)c1)C(C)C', 'CCc1noc(CN(C(=O)c2cccc3cc(C)oc23)C(C)C)n1', 'CCC(C)NC(=O)C(Sc1nnnn1C1CCCC1)C(C)C', 'CC1CN(C(C(=O)N2CCc3cc(F)ccc3C2)C(C)C)CC(C)O1', 'Cc1cc(NC(=O)C(NC(=O)COc2ccccc2)C(C)C)n(C)n1']"
1864,1e-04,0.0,0.0,[]
1865,0.0002,0.5,0.0,"['CN1C(=O)OC(C)(CC(C)(C)c2ccccc2)C1(C)O', 'CC1(C)OC2C(O)CC(NC(=O)OCc3ccccc3)C2O1']"
1866,0.2478,0.19661452,0.6484984755516052,"['Fc1cccc2c1CCNC2CCc1ccccc1', 'Oc1ccc(CCC2NCCc3c2ccc(F)c3O)cc1', 'CC(=O)NC(C)C1NCCc2c1ccc(C)c2F', 'CCCc1c(C)nc2ncnn2c1Sc1ccc(NC(C)=O)cc1', 'Cc1cc(=O)oc2c1c(C)nn2-c1ccc(C(N)=O)cc1', 'C=CCOC(=O)N1CCC23C=CC(O)CC2Oc2c(O)ccc(c23)C1', 'COC(=O)c1c(O)cc(O)cc1CCc1ccc(O)cc1', 'Oc1cc2c(cc1F)CCNC2c1ccncc1Cl', 'Oc1ccc(C=CC2NCCc3cc(O)ccc32)cc1', 'Oc1cccc(C2NCCc3c(F)cc(O)cc32)c1']"
1867,1e-04,0.0,0.0,[]
1868,1e-04,0.0,0.0,[]
1869,0.0002,0.5,0.0,"['Cc1cccc2oc(CNC(=O)c3ccc(Cn4cnnn4)cc3)nc12', 'Cc1ccc2oc(C(=O)Nc3ccc(Cl)c(C(N)=O)c3)cc2n1']"
1870,1e-04,0.0,0.0,[]
1871,0.0003,0.35747075,1.223230242729187,"['CCc1cc(Br)cc2c1OC(C)C(=O)N2', 'CCc1ccc(C(=O)NCc2cccc(CO)c2)o1', 'CCc1nc(CNCCc2cscn2)cs1']"
1872,1e-04,0.0,0.0,[]
1873,1e-04,0.0,0.0,[]
1874,0.0002,0.5,0.0,"['CC1CCCN(C2(O)C(=O)Nc3ccc(Cl)cc32)C1', 'CCOC1CCN(C(=O)C2CC=CC2)C1Cc1ccccc1']"
1875,1e-04,1.0,0.0,['CCOC(=O)CNc1nnnn1C1OC(CO)C(O)C1O']
1876,1e-04,0.0,0.0,[]
1877,0.4281,0.23665771,0.6508809924125671,"['CCCCc1ccc2c(c1)S(=O)(=O)N=C(NCC(C)O)N2', 'CCc1cnc(CNC(=O)NCc2ccnc(OC3CCC3)c2)s1', 'CC(C)c1noc(CCNC(=O)NCCc2ccccc2F)n1', 'CCc1cnc(CNC(=O)NCc2cccc(N(C)C)c2)s1', 'CCNC(=O)c1cccc(CNC(=O)NCc2cccnc2OC)c1', 'COc1ccc(CNC(=O)NCCCn2cccn2)cc1F', 'Cc1nc(CNC(=O)NCC(C)Nc2ccccc2)sc1C', 'Cn1cnc(CNC(=O)NCC2C3Cc4ccccc4C23)n1', 'CC(O)CCNC(=O)NCc1ccnc(OC2CCC2)c1', 'Cc1cccc(C(=O)N=c2sc3ccccc3n2C)n1']"
1878,1e-04,0.0,0.0,[]
1879,0.0048,0.35832563,0.6035668253898621,"['CS(=O)(=O)N1CCC2(CC1)CN(CCn1cccn1)C(=O)CO2', 'c1cncc(N2CCCC3(C2)CN(C2CCOCC2)CCO3)c1', 'Cc1noc(C)c1CN1CCCC2(C1)CN(c1nncs1)CCO2', 'C=CCOC1C2CCC1N(S(=O)(=O)c1ccccc1)CCO2', 'COCC(O)c1ccc2c(c1)C(NC(=O)C(C)C)CCO2', 'COc1ccc2c(c1)N(Cc1cccc(C(N)=O)c1)CC(C)O2', 'Nc1cccc2c1N(C(=O)c1ccccc1)CCC2', 'CC(=O)Nc1ccc2c(c1)CC(C(=O)NC1CCCC1)CO2', 'Cc1nn(-c2ccccc2)c2c1C(NS(C)(=O)=O)CC(C)(C)C2', 'Nc1ccc2c(c1)N(CCN1CCOCC1)C(=O)CS2']"
1880,0.0176,0.362418,0.5304204821586609,"['COC(=O)c1cc(C)ccc1NCC1CCC=CO1', 'CCCN1C(=O)c2ccccc2NC1c1csc(C)n1', 'COC(=O)c1oc2ccccc2c1CSc1nnnn1C(C)(C)C', 'COCCN1C(=O)c2ccccc2NC1c1ccccc1OC(C)C', 'CCCN1C(=O)c2ccccc2NC1c1ccco1', 'CC(=O)N1C=Cc2ccccc2C1CC(=O)Nc1ccc(C(N)=O)cc1', 'C=CCNC(=O)c1ccccc1NC(=O)C1CCCCC1', 'CC(=O)N(C)c1ccccc1NCC=Cc1ccc(C#N)cc1', 'CNS(=O)(=O)c1ccccc1NCc1ccc(C)o1', 'CCS(=O)(=O)c1ccccc1Oc1cccc(N)c1']"
1881,0.0022,0.33441776,0.8925809264183044,"['COC1(C)CC(NC(=O)CCNC(=O)C(C)(C)C)C1(C)C', 'Cc1nnsc1C(=O)N1CCC(CNC(=O)CC(C)(C)C)CC1', 'CCc1nnsc1C(=O)NC1CCN(C(=O)C(C)(C)C)CC1', 'CCC(OC)C(=O)NC1CCN(C(=O)C(C)(C)C)CC1', 'CCN(CC)C(=O)NC1C(NC(=O)N(CC)CC)N(C)C(=O)N1C', 'Cc1ccsc1C(=O)N1CCC(N(C)C(=O)OC(C)(C)C)CC1', 'Cc1ccc(Cl)cc1N1CC(C(=O)OCC(N)=O)CC1=O', 'C#CCN1CCN(C(=O)NCC2(CCC)CC2)CC1', 'CC1CCc2c(sc(NC(=O)C(C)(C)C)c2C(N)=O)C1', 'C#CCN1CCN(C(=O)CNc2ccccc2OCC(C)C)CC1']"
1882,0.0068,0.2774921,0.8068514466285706,"['CCOc1ccccc1CNc1cn[nH]c(=O)c1Cl', 'O=C(c1c[nH]c(=O)c(Cl)c1)N1CCc2ccccc21', 'CCOCc1ccccc1CNc1cn[nH]c(=O)c1Cl', 'CC1(C)CCCN(C(=O)c2coc(=O)c(Br)c2)C1', 'Cc1[nH]ccc(=O)c1OCC(=O)NC1CCCC1', 'Nc1cc(F)cc2c1CCNC2c1[nH]c(=O)[nH]c(=O)c1F', 'CCn1nc(COc2cccc(F)c2)nc1-c1c[nH]c(=O)c(Cl)c1', 'CNC(=O)CN1CCN(C(=O)c2ccn(C)c(=O)c2)CC1', 'COc1cc(Cl)c(C)cc1-n1cc[nH]c(=O)c1=O', 'CC(C)C(=O)NCCC1CN(c2cnn(C)c(=O)c2)CCO1']"
1883,1e-04,0.0,0.0,[]
1884,1e-04,0.0,0.0,[]
1885,1e-04,0.0,0.0,[]
1886,1e-04,0.0,0.0,[]
1887,1e-04,0.0,0.0,[]
1888,0.0002,0.5,0.0,"['Cn1cc2c3c(cccc31)CN(C(=O)c1cccs1)CC2', 'O=C(Nc1ccc2c3c(cccc13)CC2)N1CCC(CO)CC1']"
1889,0.0412,0.4839419,0.3865390419960022,"['Cc1ccccc1OCCc1nnc(SCC#N)o1', 'Cc1ccccc1CCc1noc(N)c1-c1ccccn1', 'Cc1ccccc1CCNCc1cc(C#N)n(C)c1C', 'Cc1ccccc1CCC(=O)N1Cc2cncnc2C1', 'Clc1ccccc1OCc1nc2c(s1)CCCN2', 'Cc1ccccc1COc1ccccc1C(=O)NCC(N)=O', 'Cc1ccccc1CCNC(=O)c1nccnc1N', 'Cc1ccccc1C1CC(O)C(O)C1NC(=O)C(C)C', 'Cc1ccccc1OCC(O)CN1CC(C)OC(C)C1', 'Cc1ccccc1CNC(=O)CSc1nccn1C']"
1890,1e-04,0.0,0.0,[]
1891,1e-04,1.0,0.0,['CCOC(=O)CC(c1oc(CO)cc(=O)c1O)C(C)C']
1892,1e-04,0.0,0.0,[]
1893,1e-04,0.0,0.0,[]
1894,0.0011,0.63665026,0.49059534072875977,"['CN(CCC#N)C(=O)c1ccc(CSc2ccc(Cl)cc2)cc1', 'CN(CCC#N)C(=O)Nc1cnn(-c2ccccc2F)c1', 'CCCC(C#N)CCC(=O)Nc1ccc2c(c1)OCCO2', 'CCCC(C#N)C(=O)N1CCN(C2CCCC2)CC1', 'CN(CCC#N)CC(=O)Nc1nc2ccc(N)cc2s1', 'CN(CCC#N)S(=O)(=O)N1CCCC1C(=O)NC1CC1', 'CCC(CC#N)NS(=O)(=O)Cc1ccccc1', 'CN(CCC#N)S(=O)(=O)c1cc2c3c(c1)CCN3C(=O)CC2', 'CN(CCC#N)C(=O)c1ccc2c(c1)S(=O)(=O)N(C1CC1)C2=O', 'CN(CCC#N)C(=O)C1CCCN(C(=O)C2CC2)C1']"
1895,0.0021,0.26501536,0.8748553991317749,"['Nc1ncc(Br)c(Cl)c1Br', 'Cc1cc(Br)ccc1C(=O)NCCCO', 'COc1c(Br)cccc1CCNC(=O)Cc1cccnc1', 'Nc1cc(F)ccc1NC(=O)CCSc1ncn[nH]1', 'Nc1ccc(Cl)cc1NC(=O)CSc1cccs1', 'Cn1c(CO)nnc1SCC(=O)NCC(=O)c1ccccc1', 'COc1cc(C)ccc1OCCOc1ccccc1N', 'COc1ccc(N)cc1OCCN1CCNC1=O', 'CCn1cc(Br)cc1C(=O)NCCCC(C)C', 'N#Cc1c(F)cccc1NCCNC(=O)COc1ccccc1Cl']"
1896,0.0074,0.39797255,0.6207467913627625,"['Cc1ccn(CCSc2ccccc2)c(=O)c1C#N', 'Cc1nccc(-c2ccc(Br)cc2)c1C#N', 'COCc1nc(-c2cc(OC)ccc2OC)sc1C#N', 'CCSc1nc(N)c(C#N)c(-c2ccc(C)cc2)c1C#N', 'CCOc1nc(N)c(C#N)c(-c2ccccc2Cl)c1C#N', 'CSc1ncn(Cc2cccc(C)c2)c(=O)c1C#N', 'COCc1cc(C)nc(SCC(=O)N2CCCC2)c1C#N', 'Cc1cccc(NC(=O)NCCc2cscn2)c1C#N', 'CCc1c(C)sc(NC(=O)Cc2noc3ccccc23)c1C#N', 'CN(CCOc1ccccc1F)c1cccnc1C#N']"
1897,1e-04,0.0,0.0,[]
1898,0.0073,0.5364292,0.5619612336158752,"['Cc1ccc(C)c(SCC(=O)NCc2cnc(C)s2)c1', 'Cc1ccc(C)c(OCC(=O)Nc2nncs2)c1', 'Cc1ccc(C)c(NC(=O)CSc2cccc(N)c2)c1', 'Cc1ccc(C)c(Sc2ncccc2C(N)=O)c1', 'Cc1ccc(C)c(OCC(=O)Nc2nncs2)c1C', 'Cc1ccc(C)c(-n2nnnc2SC(C(=O)N(C)C)C(C)C)c1', 'Cc1ccc(C)c(OCC(=O)NCCc2nc(C)cs2)c1', 'Cc1ccc(C)c(OCCCN2CCOCC2C)c1', 'Cc1ccc(C)c(OCCC(=O)NCc2c(C)cc(C)[nH]c2=O)c1', 'Cc1ccc(C)c(Cn2nnc(C(=O)NCc3cccs3)c2N)c1']"
1899,0.001,0.50524044,0.559580385684967,"['CC(NCc1c(F)cccc1Cl)c1nnc2ccccn12', 'CC(NCc1ccncc1)C(O)c1ccc(F)c(F)c1', 'CC(NCc1ccc2c(c1)OCCO2)C(=O)NCc1ccco1', 'CC(NCc1ccccc1-n1ccnc1)c1ccc2c(c1)OCO2', 'CC(NC1CCc2cc(Cl)ccc21)C(=O)NCc1ccccc1', 'CCC(NCc1ccc(OC)cc1F)C(=O)OC', 'CC(NC1CCc2ccccc21)C(=O)Nc1ccccc1C#N', 'CCC(NCC1CCCO1)C(=O)c1ccc2c(c1)CCN2', 'O=C(NC1CC1)C(NC1CCc2ncnn2C1)c1ccccc1', 'OC(CNCc1ccc(F)c(F)c1)c1cccc(C(F)(F)F)c1']"
1900,0.0011,0.24994937,1.0064475536346436,"['CC1CN(c2ccc(C(=O)N(C)c3ccc(F)cc3)cn2)CC(C)O1', 'CC1CN(Cc2csc(NC(=O)C3CC=CC3)n2)CC(C)O1', 'CC1CN(C(=O)C2CC(=O)N(CCc3ccc(F)cc3)C2)CC(C)O1', 'CC1CN(C(=O)Cn2ncc(N3CCCC3)cc2=O)CCCO1', 'CC1CN(Cc2nc3ccccc3c(=O)n2CC#N)CC(C)(C)O1', 'CC1CN(C(=O)CN2C(=O)COc3ccc(Cl)cc32)C(C)CO1', 'CC1CN(Cc2nc3cc(Cl)ccc3c(=O)[nH]2)CC(C)O1', 'CC1CN(C(C)CNC(=O)c2cc(-c3ccco3)on2)CC(C)O1', 'CC1CN(Cc2nc3ccccc3c(=O)n2CC#N)CCO1', 'CC1CN(c2cc(N3CCCC3CO)ncn2)CCO1']"
1901,1e-04,0.0,0.0,[]
1902,0.0941,0.24985299,0.5757670402526855,"['Nc1oc(-c2ccncc2)cc1C(=O)c1ccncc1', 'c1coc(-c2nc(NCc3ccncc3)ncc2-c2ccncc2)c1', 'Cc1ccccc1CN(Cc1cccnc1)C(=O)c1cccnc1', 'O=C(Nc1ccncc1)c1ccnc(-n2ccnc2)c1', 'O=C(c1ccncc1)N1CCC(Nc2cccnc2)C1', 'COc1ccc(NC(=O)c2ccncc2)cc1OC(C)C', 'O=C(NCCOC(=O)c1ccsc1)c1ccncc1', 'COc1ccc(CN(c2ccncc2)S(C)(=O)=O)cc1', 'CC(NC(=O)c1ccc(Cl)cc1)C(=O)NCc1ccncc1', 'O=c1cc(-c2ccncc2)nc(Nc2ccccc2)[nH]1']"
1903,1e-04,0.0,0.0,[]
1904,0.2666,0.15262732,0.766829788684845,"['O=c1c(-c2ccccc2)c(N2CCN(c3ccccc3)CC2)c1=O', 'Nc1nonc1-c1noc(C(Cl)(Cl)Cl)n1', 'Cc1nnsc1-c1nn2c(C(C)C)nnc2s1', 'c1csc(CCN2CN=C(Nc3nc4ccccc4o3)NC2)c1', 'CN(C)C1=NC(C(F)(F)F)(C(F)(F)F)N=C(c2cccnc2)O1', 'CC(=O)NC1=NC(=O)C2=NCN(COCCO)C2=N1', 'FC(F)(F)c1nnc2sc(-c3cnccn3)nn12', 'c1ccc(-c2nnc3sc(-c4cccs4)nn23)nc1', 'Fc1ccc(-c2ccnc3nc(C4CCCO4)nn23)cc1', 'c1csc(C2CSc3nnc(C4CCCCC4)n3N2)c1']"
1905,1e-04,0.0,0.0,[]
1906,1e-04,0.0,0.0,[]
1907,0.053,0.31472743,0.5728766918182373,"['O=C(CCn1cccn1)NCc1ccc(-n2cncn2)nc1', 'O=C(CCSc1ccccc1)NCc1ccc(-n2cncn2)cc1', 'COc1ccccc1NC(=O)NCc1ccc(-n2cccn2)cc1', 'O=C(Nc1ccc(-n2cccn2)cc1)c1ccn(-c2ccccc2F)n1', 'O=C(Cc1ccc(-n2cccn2)cc1)NCc1ccco1', 'CCC(CC)NC(=O)c1ccc(-n2cccn2)cc1', 'O=C(c1ccc(-n2cccn2)cc1)N1CCCC1c1cccs1', 'CC(C)n1ccnc1CN1CCCN(C(=O)Cn2cccn2)CC1', 'CN(CCOc1ccc(F)cc1)C(=O)c1ccc(-n2cccn2)cc1', 'CC(CCCO)NC(=O)Nc1cccc(Cn2cccn2)c1']"
1908,1e-04,0.0,0.0,[]
1909,1e-04,0.0,0.0,[]
1910,0.0442,0.32417667,0.6451091170310974,"['COc1cc(CCC(=O)Nc2ccn(C)n2)on1', 'Cc1c(CCC(=O)N2CC(C)Oc3ncccc32)cnn1C', 'Cc1cc2occ(CC(=O)NCC3CCCO3)c2cc1C(C)C', 'CCc1ccc(CCC(=O)N2CCC(O)CC2)cc1', 'Cc1[nH]nc(CCC(=O)NC(C)Cc2cccs2)c1C', 'COc1ccc(CCC(=O)Nc2cn[nH]c2)cc1OC', 'CCOc1ccc(CCC(=O)Nc2cccc(F)c2)cc1N', 'COc1cc(CCC(=O)Nc2nonc2C)cc(OC)c1', 'COc1ccc(CCC(=O)Nc2ccc(F)cc2F)cc1OC', 'COc1ccc(CCCC(=O)Nc2nccs2)cc1']"
1911,1e-04,0.0,0.0,[]
1912,1e-04,0.0,0.0,[]
1913,1e-04,0.0,0.0,[]
1914,0.0068,0.22428855,0.654632568359375,"['COCC(C)OC(=O)c1ccc(N2CCCC2)nc1', 'Cc1noc(C(C)OC(=O)CCC(=O)c2ccc(F)cc2F)n1', 'COCCCNC(=O)C(C)Oc1cccc(Cl)c1', 'CC(C)OCc1ccccc1CNc1ncccn1', 'CCC(CC)N(CCO)C(=O)Oc1ccccc1', 'COC(=O)c1c(C)[nH]c(C(=O)C(C)Oc2cccc(C#N)c2)c1C', 'COC(=O)C(C)Oc1cccc(-c2csc(N)n2)c1', 'COc1ccc(Cl)cc1NC(=O)C(C)OC(=O)c1cccs1', 'Cc1ccc(NC(=O)C(C)Oc2ccc(N)cc2F)cc1', 'Cc1ccc(CC(C)N(C)Cc2c[nH]nc2C)cc1']"
1915,1e-04,0.0,0.0,[]
1916,1e-04,0.0,0.0,[]
1917,1e-04,0.0,0.0,[]
1918,1e-04,0.0,0.0,[]
1919,1e-04,0.0,0.0,[]
1920,1e-04,0.0,0.0,[]
1921,0.0002,0.5,0.0,"['N#Cc1c(=O)c2c(=O)oc3ccccc3c2n2nc3n(c12)CCCCC3', 'Cc1c(C)c2cc(Cl)c3c(c2oc1=O)CN(C1CC1)CO3']"
1922,1e-04,0.0,0.0,[]
1923,1e-04,0.0,0.0,[]
1924,1e-04,0.0,0.0,[]
1925,0.0022,0.32795003,0.7991052865982056,"['CC(C)C1(C)C(=O)N(CCCO)c2cc(N)ccc2N1C', 'O=C1C(=O)N(Cc2cccs2)c2cc(F)ccc21', 'COC(=O)C1=C(C)N(Cc2ccc(Cl)cc2)C(=O)CC1', 'CN1C(=O)C(C(=O)Nc2ccccc2Br)c2ccccc21', 'CCC1C(=O)Nc2c(F)cc(C(O)Cc3ccccc3)cc21', 'CC12CN(C(=O)C3CCCC3)CC1NC(=O)c1ccccc1C2=O', 'CC1(C(=O)Nc2cccc(Cl)c2)Oc2ccccc2NC1=O', 'CN1C(=O)C2(CCN(C(=O)C(C)(C)C)C2)c2ccccc21', 'CC(=O)NC1C(=O)N(CC2COc3ccccc3O2)c2ccccc21', 'O=C(C1CC1)N1CCC2(C1)c1ccccc1S(=O)(=O)N2CC1CC1']"
1926,1e-04,0.0,0.0,[]
1927,0.0053,0.37574884,0.5889794230461121,"['CCN(CC)C(=O)CC(C#N)C(=O)N1CCCC1', 'CCN(CC)C(=O)C(C)N1CCCc2ccccc21', 'CCCN(CCO)c1ccc2cccc(Br)c2n1', 'COCCCN(C)C(=O)Nc1snc(C)c1C(=O)OC', 'CCN(CC)C(=O)NCc1ccc2c(c1)OCO2', 'CCCN(CCC)C(=O)Cc1nc(-c2ccc(N)cc2)cs1', 'CCCCN(CC)C(=O)Cn1nnc2ccccc2c1=O', 'CCN(CC)C(=O)Nc1ccccc1OC(F)(F)F', 'CCN(CC)C(=O)N1CCC(Nc2ccccc2)C1', 'CCN(CC)C(=O)C1CCN(C(=O)c2ccco2)CC1']"
1928,1e-04,0.0,0.0,[]
1929,1e-04,0.0,0.0,[]
1930,0.0056,0.28070024,0.7392775416374207,"['CC(C)OC(=O)c1cc(-c2ccc3c(c2)CC(=O)N3C)on1', 'CC(C)OC(=O)c1cc(-c2ccc3c(c2)CC(=O)N3)nn1C', 'Cc1ccc2c(CC(=O)Oc3ccc4c(c3)CCC(=O)N4)coc2c1', 'Cc1ccc(C(=O)NC(C)c2ccc3c(c2)CCC(=O)N3)o1', 'CCCCCNS(=O)(=O)c1cc2c3c(c1)CC(=O)N3CCC2', 'Cc1ccc(F)c(NC(=O)c2ccc3c(c2)NC(=O)CO3)c1', 'COc1cc(NC(=O)Nc2ccc3c(c2)CC(=O)N3C)cc(OC)c1', 'Cc1ccc(OCC(=O)Oc2ccc3c(c2)CCC(=O)N3)cc1', 'CCOCCCNS(=O)(=O)c1ccc2c(c1)CCN2C(C)=O', 'Cn1cc(CCC(=O)Nc2ccc3c(c2)S(=O)(=O)C=C3)cn1']"
1931,0.016,0.63226855,0.26006707549095154,"['Cn1cnnc1Cc1cccc(Br)c1', 'Cn1cnnc1Sc1ccc(Br)cc1N', 'Cn1cnnc1Cc1ccc(Br)cc1', 'Cn1ccnc1NCc1ccc(Cl)c(Cl)c1', 'Cc1nccn1-c1ccc(Br)c(N)c1', 'Cc1[nH]ncc1CCCNC(=O)c1c[nH]nc1-c1ccccc1F', 'Cn1ccnc1C(O)CNC(=O)c1n[nH]c2ccccc12', 'Cn1cccc1Cc1nnc(SCc2ccc(F)cc2)n1C', 'Cc1[nH]ncc1CCCNC(=O)NCC1CCCO1', 'Cc1cnnn1CC1CCC2C1OCCN2Cc1ccco1']"
1932,0.0201,0.3428716,0.631202757358551,"['CC(C)(CNC(=O)CSc1nc2ccccc2o1)N1CCOCC1', 'CC(C)(CNC(=O)CNC(=O)NCc1ccccc1)N1CCOCC1', 'CC(CNC(=O)NC(CO)C(C)C)c1ccccc1', 'CC(CNC(=O)C1CC1c1ccco1)Cn1cccn1', 'CC(CNC(=O)c1cnc(-c2cnn(C)c2)s1)Oc1ccccc1', 'COC(CNC(=O)N1CCN(C(C)C(F)(F)F)CC1)C(C)C', 'CC1(CNC(=O)c2ccnc(OC3CCC3)c2)CCCCC1O', 'CC(CNC(=O)c1cccc(Cl)c1)CN1CCOCC1', 'CC(CNC(=O)c1ccnc(-n2ccnc2)c1)CN1CCCC1=O', 'COC(C)(CNC(=O)c1nc2ccccc2s1)c1ccccc1F']"
1933,0.002,0.39113253,0.7622812390327454,"['Cn1cc(CC(C#N)C(=O)NCCc2ccccc2)c2ccccc21', 'Cn1cc(C(=O)NC(C)(C)CN2CCOCC2)c2ccccc21', 'Cn1cc(C(=O)Nc2ccc(OCC#N)cc2)c2ccccc21', 'CCn1cc(CC(=O)NCCCc2cn[nH]c2C)c2ccccc21', 'CCn1cc(C(=O)CSc2nnc(C)s2)c2ccccc21', 'Cn1c(C(=O)NCC(=O)N2CCOCC2)cc2ccc(Cl)cc21', 'CCn1cc(C(=O)Nc2ccc(C)c(C)c2)c2cccnc21', 'CCn1cc(C(=O)NCc2ccc(OC)c(OC)c2)c2cccnc21', 'COCCn1cc(CCNC(=O)C(C)C)c2cccnc21', 'Cn1nc(C(=O)NCc2ccc(S(N)(=O)=O)cc2)c2ccccc21']"
1934,1e-04,0.0,0.0,[]
1935,0.1519,0.39346957,0.5689525604248047,"['O=c1[nH]c(F)c(Cl)c2c1Oc1ccccc1O2', 'N#CCOc1cccc(CC(=O)NCc2ccc(O)cc2)c1', 'Cc1cc2nc(SCC#N)n(C(C)C)c(=O)c2[nH]1', 'CN(Cc1cnn(-c2ccccc2)c1)CC(O)c1ccc(Cl)cc1', 'CCCCNC(=O)CC1CSc2ncc(C)c(=O)n21', 'CCC(C)n1ncc(C(=O)NCC2CCCC(O)C2)c1C1CC1', 'O=C1OCCN1CCS(=O)(=O)c1ccc(O)cc1', 'O=C(Cc1ccc(Cl)cc1)NCc1cccc(O)c1', 'CCc1ccc(CCN2C(=O)C(C)CS2(=O)=O)cc1', 'CC(C)Nc1ncccc1C(=O)NCC(C)(O)c1ccc(F)cc1']"
1936,1e-04,0.0,0.0,[]
1937,1e-04,0.0,0.0,[]
1938,1e-04,1.0,0.0,['Cc1cc(C)c(CNC(=O)c2cc(C3CC3)nn2C(C)(C)C)c(=O)[nH]1']
1939,1e-04,0.0,0.0,[]
1940,0.0002,0.5,0.0,"['C#CCNC(=O)c1ccc2c(c1)S(=O)(=O)N=C1CCCCCN12', 'CS(=O)(=O)Oc1ccc2c(c1)oc(=O)c1ccccc12']"
1941,0.0112,0.26919088,0.7255740761756897,"['Cc1ccc(OCCCCO)c(Br)c1', 'CCC1Oc2ccc(C)cc2N(CC(=O)NCCCOC)C1=O', 'Cc1ccc(-c2nc3cc4c(cc3n2CCO)OCO4)cc1N', 'Cc1cc(Br)ccc1C(=O)NCCCO', 'Cc1ccc(C)n1-c1c(C(=O)NCCCO)cnn1C', 'O=C(NCCOCCO)C1CCCc2ccccc21', 'O=C(NCCCO)C1CCCN1C(=O)Cc1cccs1', 'O=C(NCCCO)NCc1nc(-c2ccc(Cl)cc2)cs1', 'Cc1ccc(C)c(OCc2c(CO)nnn2CCCO)c1', 'N#Cc1c(NC(=O)CCc2cccs2)nc2n1CCS2']"
1942,1e-04,0.0,0.0,[]
1943,1e-04,0.0,0.0,[]
1944,1e-04,0.0,0.0,[]
1945,0.0021,0.36177254,0.7887226343154907,"['COC(=O)C1(NC(=O)c2ccc(N3CCOCC3)cc2)CCCCC1', 'CCOC(=O)C1(N(C)Cc2ccc(C(=O)N(C)C)[nH]2)CCCCC1', 'N#CC1(NC(=O)c2ccc(-n3ccc(C(F)(F)F)n3)cc2)CCCC1', 'CCNC(=O)C1(NC(=O)c2cnc3snc(C)c3c2)CCCCC1', 'COC(=O)C1(N(C)C(=O)c2ccc3cc[nH]c3c2)CCCCC1', 'COC(=O)C1(NC(=O)c2ccc(OC(C)C)nc2)CCCC1', 'CCOC(=O)C1(NC(=O)c2ccc3c(c2)nnn3CC)CCCC1', 'N#CC1(NC(=O)Cn2c(-c3ccccn3)noc2=O)CCCCCC1', 'CC(=O)NC1(C(=O)N(C)Cc2c(C)noc2C)CCCCC1', 'N#CC1(NC(=O)CN2CCOC(c3nccs3)C2)CCCCCC1']"
1946,1e-04,0.0,0.0,[]
1947,1e-04,0.0,0.0,[]
1948,0.0008,0.40774667,0.7502458691596985,"['Cn1c(=O)c2c(nc(C3CCCCC3)n2C)n(C)c1=O', 'Cc1nc2c(c(=O)c3ccccc3n2C)c(=O)n1Cc1ccco1', 'Cn1c(=O)c2c(nc(N3CCCC3)n2CC(O)CO)n(C)c1=O', 'C=CCn1c(=O)c2c(nc(-c3ccccc3)n2C)n(C)c1=O', 'COC(=O)c1c(C)nc2c(c(SC)nn2-c2ccccc2)c1N', 'CCCn1c(=O)c2c(nc3n(C)c(C)c(C)n23)n(C)c1=O', 'Cc1nc2c(c(C)nn2C)c(C)c1CCC(=O)N1CCOCC1', 'Cn1c(=O)c2c(nc(N)n2Cc2cccc3ccccc23)n(C)c1=O']"
1949,0.0004,0.45356065,0.8676468133926392,"['C=CCc1c(OCC(=O)NC2CC2)ccc2nc3n(c(=O)c12)CCC3', 'CCc1cc(=O)oc2c(C)c3c(cc12)CN(CC(C)O)CO3', 'COc1ccc2c3c(ccc2c1)CCNC3c1cnoc1C', 'Cn1c(=O)c(=O)n(C)c2cc3c(cc21)ncn3Cc1ccccc1']"
1950,1e-04,0.0,0.0,[]
1951,1e-04,1.0,0.0,['c1ccc(-c2nc3cccnc3nc2-c2ccccn2)nc1']
1952,0.008,0.3642308,0.7141727209091187,"['Cc1ccc(N2CCCC2=O)c(C(=O)NC(C)Cc2cccs2)c1', 'NC(=O)c1ccc(N2CCCC2)c(NC(=O)CCc2ccsc2)c1', 'Fc1ccc(NCc2nc(C3CC3)no2)c(OCC2CC2)c1', 'COC(=O)c1cc(OC(=O)c2ccncc2)cc(C(=O)OC)c1', 'Cc1ccc(-n2cc(C)cn2)c(NC(=O)c2ccncc2)c1', 'Cc1ccc(NC(=O)CCc2nc(C)no2)c(OCC2CCCO2)c1', 'Cc1ccc(C(=O)Nc2ccc3cc[nH]c3c2)c(-n2cnnn2)c1C', 'Cc1ccc(-n2cc(C)cn2)c(NC(=O)NCc2ncn(C)n2)c1', 'Cc1cc(C(=O)NC(C2CC2)C2CC2)cc(S(N)(=O)=O)c1C', 'Cc1ccc(CNC(=O)C(C)NC(N)=O)c(OCC2CC2)c1']"
1953,1e-04,0.0,0.0,[]
1954,1e-04,0.0,0.0,[]
1955,0.0274,0.7402413,0.18184995651245117,"['CSc1nnc(-c2cccnc2)n1Cc1ccco1', 'N#Cc1ccc(Sc2ncnc3nc[nH]c23)cc1Cl', 'Cc1cccc(NC(=O)N2CCCCC2CO)c1Cl', 'O=C(Nc1nncs1)c1cc(F)c(Cl)cc1Cl', 'CCCc1nnc(N2CC3CCC(C2)C3OC)o1', 'O=C(NCc1cccnc1)Nc1ccc(F)cc1Cl', 'CCOCCCNC(=O)c1nc(C(C)C)ncc1Cl', 'CCOc1ccc(C(=O)NCc2ccco2)cc1Cl', 'CCOC(=O)C(N)c1nc2ccc(Cl)cc2o1', 'C=CCN(CCO)C(=O)Nc1ccc(Br)cc1Cl']"
1956,1e-04,0.0,0.0,[]
1957,1e-04,0.0,0.0,[]
1958,1e-04,0.0,0.0,[]
1959,0.0034,0.26635432,0.7996580600738525,"['Cc1ccc(Cl)cc1N1CCN(C2CCOC2=O)CC1', 'N#Cc1c(F)cccc1N1CCC(c2nnc3ccccn23)CC1', 'O=S(=O)(c1cn[nH]c1)N1CCOC2CCCC21', 'Cc1nc2ccccc2nc1N1CCN(c2ccc(O)cc2)CC1', 'Cc1nc2ccccc2nc1N1CCN(c2nccs2)CC1', 'N#Cc1ccccc1CN1CCOc2ccc(F)cc21', 'Nc1ccccc1N1CCC(OCc2ccc(F)cc2)CC1', 'Cc1ccccc1-n1nnnc1C1(N2CCOCC2)CCCC1', 'COc1ccc2cnccc2c1N1CCN(C(=O)OC(C)(C)C)CC1', 'N#Cc1cc(F)ccc1CNC1(C(=O)NCC2CC2)CCCC1']"
1960,1e-04,0.0,0.0,[]
1961,1e-04,0.0,0.0,[]
1962,1e-04,0.0,0.0,[]
1963,0.1505,0.22840722,0.9545586705207825,"['Cc1[nH]c(NC(=O)CSc2nc(N)cc(=O)[nH]2)c(C#N)c1C', 'COc1c[nH]c(CSc2ccc(F)cc2)cc1=O', 'O=c1[nH]c(F)c(Cl)c2c1Oc1ccccc1O2', 'CCCc1c(C(=O)N(C)CCOC)[nH]c(C)c1C(C)=O', 'CCc1[nH]c(C(=O)N(CC)CC)c(C)c1C(=O)OC', 'CCOC(=O)c1[nH]c(C)c(C(=O)OC2CC(C)OC2=O)c1C', 'Cc1cc(=O)[nH]c(-c2cccc(NC(=O)c3cc(Cl)c[nH]3)c2)n1', 'CCOC(=O)c1c(C)[nH]c(NC(=O)NC2CCCCC2)c1C', 'O=c1[nH]c2ccc(-c3csc(NCc4ccc(F)cc4)n3)cc2[nH]1', 'CCOC(=O)c1c(C)[nH]c(C(=O)OCCO)c1C']"
1964,1e-04,0.0,0.0,[]
1965,0.0002,0.5,0.0,"['CCN(CC)C(=O)NC1C(NC(=O)N(CC)CC)N(C)C(=O)N1C', 'CCOC(=O)c1cnn(-c2ccccc2)c1-n1cccc1']"
1966,0.0019,0.5049461,0.6440691947937012,"['O=C1NC(O)c2cc(Br)cc(Br)c2O1', 'O=C1NCCNC1c1ncccc1Br', 'O=C1NCCCCC1NC(=O)N1CCCC1C1CCCCC1', 'O=C1NCC2(CCCN(c3nc4ccccc4s3)CC2)O1', 'O=C1NCC(c2cccs2)N1c1ccc(F)cc1', 'O=C1NCCN1CCNc1ccc(Cl)c(F)c1', 'O=C1NCCCCC1NS(=O)(=O)c1cccc2ccccc12', 'O=C1Nc2cc(O)ccc2OC1Cc1ccccc1C(F)(F)F', 'O=C1NC(c2ccco2)c2c(-c3ccccc3)n[nH]c21', 'O=C1NCCN(C(=O)c2ccc(Cl)c(F)c2)C1Cc1ccccc1']"
1967,0.0004,0.56060135,0.4479263126850128,"['CC(=O)c1ccc(OC(=O)C2CC(=O)N(C)C2c2cccnc2)cc1', 'CCOC(=O)C1=C(C)N(C)C(=O)NC1c1cccc(OC)c1OC', 'COc1ccc2cc(C(=O)N(C)CC(=O)N(C)C)c(C)nc2c1', 'CCOC(=O)C1=C(C)N(CCOC)C(=O)NC1c1cccc(F)c1']"
1968,0.0271,0.5235758,0.3864234685897827,"['CC(C)C1(O)CN(C(=O)Cc2cscn2)CC1C', 'CCOCC12COCC1CN(C(=O)c1sccc1C)C2', 'O=C(CC1COCC2CN(C(=O)c3ccoc3)CC12)NCC1CC1', 'Cc1cccc(OCCc2nnc(CCO)o2)c1C', 'Nc1cccc(OCCOc2ccccc2Cl)c1', 'COc1cc(CO)cc2c1OC(C(C)C)C(=O)N2CC(C)C', 'COc1ccc(OC)c(-c2csc3nc(N)cn23)c1', 'CCN(CC1COc2ccccc2O1)C(=O)Cc1ccc[nH]1', 'Brc1cccc(OCCNc2ccc3nnnn3n2)c1', 'COc1cc(CO)ccc1OCC(=O)OC(C)C']"
1969,0.0003,0.5915277,0.17964085936546326,"['O=C1CCCc2c1c(Cc1ccccc1)nn2CCO', 'O=C1CCCc2c1c(C1CC1)nn2-c1c(F)cccc1F', 'O=C(Cc1csc(-n2cccc2)n1)N1CCn2c1nc1ccccc12']"
1970,1e-04,0.0,0.0,[]
1971,1e-04,0.0,0.0,[]
1972,1e-04,0.0,0.0,[]
1973,0.2634,0.23178717,0.784089207649231,"['CCOC(=O)C1CC2CN(C(=O)OCC)CC2N1', 'CC(C)N(C)C(=O)NCCCOC1CCOCC1', 'CCCCN(CCO)C(=O)NC1CCCn2nc(CC)nc21', 'CC(C)(CNC(=O)NCCCC1CCCC1)N1CCOCC1', 'CC1CC(C)CN(C(=O)C2(C)CC2(Cl)Cl)C1', 'CCC1(CNC(=O)NC2C3CCOC3C2(C)C)CC1', 'CCN(CC)C(=O)NC1C(NC(=O)N(CC)CC)N(C)C(=O)N1C', 'CCCC1CCC(=O)C(CN2CCOCC2CC)C1', 'CC(CO)C(C)NC(=O)NC1CCC2(CC1)OCCO2', 'CCOCC1CCN(C(=O)C2C3CCCCC32)C1']"
1974,1e-04,0.0,0.0,[]
1975,0.0544,0.35118744,0.4916556477546692,"['Fc1cnc(-c2cnn(CC3OCCO3)c2)nc1', 'c1nc(Nc2ccc3c(c2)OCCO3)c2ccsc2n1', 'Cc1nc(Nc2ccc3c(c2)OCO3)c2c(C)noc2n1', 'COc1cc(NCc2cccc3c2OCO3)ccc1N1CCCC1=O', 'OCCOc1cccc2sc(-c3cccs3)nc12', 'CC(C)CN1C(=O)C2(OCCCO2)c2cc(Cl)ccc21', 'c1n[nH]c(SCc2nnc3n2CCCCC3)n1', 'Cc1nc(CSc2nnc(N3CCOCC3)n2C2CC2)cs1', 'Cc1cccc(CNc2nccn(C3CC3)c2=O)c1', 'CC(C)CC(NC(=O)C1COCCO1)c1cccs1']"
1976,0.1209,0.3275877,0.4344905614852905,"['C=CCn1c(SC2CCCCC2O)n[nH]c1=O', 'O=C(NC1CCCC1)C(Sc1cn[nH]n1)c1ccccc1', 'Cc1ccc(CC(C)N(C)Cc2c[nH]nc2C)cc1', 'COc1ccc(-c2c(C3CC3)n[nH]c2N)cc1Cl', 'Cc1cc(C)c(C(=O)CSc2n[nH]c(N)n2)cc1C', 'COc1ccc(CCC(=O)Nc2cn[nH]c2)cc1OC', 'Cc1cc(NC(=O)Nc2c(C)n[nH]c2C)ccc1F', 'O=C(CCc1nc(-c2ccc3cc[nH]c3c2)no1)NC1CC1', 'Cc1ccccc1CNC(=O)c1cn[nH]c1-c1ccccc1', 'O=C(Nc1cccc(Cl)c1)c1c[nH]c2cccnc12']"
1977,0.0149,0.33066896,0.6925559043884277,"['CNS(=O)(=O)Cc1ccccc1CNC(=O)c1cc(C(C)=O)c[nH]1', 'CC(c1ccc(-n2cncn2)cc1)N(C)C(=O)c1ccc(=O)[nH]c1', 'Cc1nc(C)c(CC(=O)N2CCOC(c3ccccc3)C2)c(=O)[nH]1', 'Cc1c(C(=O)N(Cc2ccc3[nH]ccc3c2)C2CC2)cnc2ccnn12', 'O=C(NCC1(O)CCCc2ccccc21)c1cc2ccccc2c(=O)[nH]1', 'Cc1cccc2c(=O)c(C(=O)N3CCOC(C(F)(F)F)C3)c[nH]c12', 'COCc1cc(CN(C)C(=O)C2CCN(C(=O)N(C)C)CC2)n[nH]1', 'N#CC(C(=O)Cn1c(=O)[nH]c2ccccc21)c1nc2ccccc2[nH]1', 'Cc1ccc(C(=O)N2CCN(Cc3ccc(Cl)cc3)CC2)c(=O)[nH]1', 'CCN(CC(F)(F)F)C(=O)Cc1c(C)nc2c(c1C)c(=O)[nH]n2C']"
1978,1e-04,0.0,0.0,[]
1979,1e-04,0.0,0.0,[]
1980,1e-04,0.0,0.0,[]
1981,1e-04,0.0,0.0,[]
1982,1e-04,1.0,0.0,['CCc1nnc(NC(=O)NCCC2CCCCC2)s1']
1983,0.4111,0.20751597,0.7037730813026428,"['O=C(Nc1ccc(-c2csnn2)cc1)c1cc(Cl)c[nH]1', 'Fc1cnc(-c2cnn(CC3OCCO3)c2)nc1', 'c1ccc(SCCOc2cccc(-n3cncn3)c2)cc1', 'O=C(N1CCC(c2ccsc2)CC1)C1(c2ccc(F)cc2)CC1', 'c1cnc(CNc2ccc(-n3nccn3)cc2)cn1', 'O=C(c1cnc(N2CCOCC2)nc1)N1CCCC2(CCCO2)CC1', 'O=C(c1ccc(NCCO)nc1)N1CCC(CCn2cccn2)CC1', 'Fc1ccc(-c2cnc(NCCCn3ccnc3)nc2)cc1', 'c1csc(-c2oncc2CSc2nc(C3CC3)n[nH]2)c1', 'O=C(N1CCN(Cc2cscn2)CC1)C1(c2ccc(F)cc2)CC1']"
1984,1e-04,0.0,0.0,[]
1985,1e-04,0.0,0.0,[]
1986,1e-04,0.0,0.0,[]
1987,0.1347,0.3588664,0.4655403792858124,"['OCc1cc2c(cc1OCc1cccnc1)OCO2', 'CNc1nc(-c2ccccc2)c(C(C)=CC(=O)OC)s1', 'Nc1cccn2cc(-c3ccc4c(c3)OCO4)nc12', 'Cc1cccn2cc(-c3ccc4c(c3)OCO4)nc12', 'CCCC(O)c1cc(CC)c2c(c1)C(CC)C(=O)N2', 'COC(=O)c1cnc(NC(=O)C2CC=CCC2)s1', 'COc1ccccc1SCCC(=O)OC(C)(C)C', 'CCCOc1ccc2cc(C(=O)C3=NC=CC3)oc2c1', 'NC(=O)c1ccc(C(=O)NCC2CC=CCC2)cn1', 'CC(OCC1CCCO1)C(=O)NCCC1=CCCCC1']"
1988,0.0008,0.38594922,0.5841072797775269,"['Cc1c(C(=O)N(Cc2ccco2)C2CC2)[nH]c2c1C(=O)CC(C)(C)C2', 'CCCc1c(C(=O)N(C)CCOC)[nH]c(C)c1C(C)=O', 'Cc1c(C(=O)CNc2ccccc2)oc2ccc(F)cc12', 'COC(=O)C(c1c(C)[nH]c2ccccc12)(C(C#N)C#N)C(F)(F)F', 'O=C(NCc1cc(=O)[nH]c2ccccc12)Nc1cc(F)cc(F)c1', 'CCc1cc(=O)[nH]c2cc(NC(=O)COC)ccc12', 'O=C(NCc1cc(=O)[nH]c2ccccc12)Nc1ccc(Cl)c(F)c1', 'COC(=O)Cn1c(C(C)Oc2ccccc2)nc2ccccc21']"
1989,0.0003,0.377611,1.0825597047805786,"['FC(F)(F)CNCCOc1ccc(Cl)cc1', 'FC(F)C(F)(F)CN1CCN(Cc2ccccn2)CC1', 'FC(F)c1nnc(NCc2csc(-c3ccccn3)n2)s1']"
1990,1e-04,1.0,0.0,['O=C(N=c1[nH]cc[nH]1)c1cc(-c2ccc3c(c2)CCO3)n[nH]1']
1991,1e-04,0.0,0.0,[]
1992,0.0341,0.4341257,0.4711926281452179,"['COc1cc2c(cc1-c1c(C#N)c(N)nc3c1CCCC3)OCCO2', 'CCn1ncnc1C(NC(=O)c1oc2ccc(C)cc2c1C)C1CC1', 'CCc1nn(CC(O)c2ccc(Cl)cc2)c(=O)c(C#N)c1CC', 'O=C(c1cc2ncccn2n1)N(Cc1ccc2[nH]ccc2c1)C1CC1', 'CCc1nc2n(n1)CCCC2NC(=O)N(C1CC1)C(C)C1CC1', 'COCC(=O)N1CC(Nc2ccc(C(F)(F)F)cn2)C(C2CC2)C1', 'Cc1sc(C(N)=O)cc1S(=O)(=O)Oc1ccc2c(c1)CCC2', 'O=C(CC1COCC2CN(C(=O)c3ccoc3)CC12)NCC1CC1', 'CN(c1nc(CN2CCC(O)(C(F)(F)F)CC2)cs1)C1CC1', 'CC(NC(=O)N(C)Cc1cnn(C)c1)c1ccc2c(c1)OCCCO2']"
1993,0.0017,0.8913133,0.03936386480927467,"['CCOC(=O)COc1ccc(CO)cc1Br', 'OCCOCCNc1cc(Cl)c2cc[nH]c2n1', 'Cc1nccn1-c1ccc(Br)c(N)c1', 'CNC(=O)c1c[nH]c2ncc(Br)cc12', 'Cn1cc(SCc2cccc(Br)c2)cn1', 'CC(=O)c1[nH]c2c(C)cccc2c1Br', 'Cc1ccc(CNc2cccc(Br)c2)o1', 'C=CCNC(=O)CCc1ccc(Br)cc1', 'Clc1ccc(Cl)c(CNc2cnns2)c1', 'COCCSc1cc(N2CCOCC2)ncn1']"
1994,0.0065,0.2742103,0.6480368971824646,"['Cc1ccc(-n2nnnc2-c2c[nH]c(=O)nc2-c2cccc(F)c2)cc1', 'c1ccc(NCc2cn(-c3ccccc3)nc2-c2cccnc2)cc1', 'Fc1ccc(-n2nc(C3CCOCC3)nc2-c2cn[nH]c2)c(F)c1', 'CSc1cccc(-n2nnc(CO)c2-c2ccco2)c1', 'N#Cc1ccc(-c2nc(C3CCOC3)nn2-c2cccnc2)cn1', 'Fc1cccc(-c2[nH]ncc2-c2nnnn2-c2ccccc2)c1', 'COc1ccc(-n2c(CO)nnc2-c2ccc(OC)c(C)c2)cn1', 'COC(=O)CC1CN(Cc2cn(C)nc2-c2cccnc2)CCO1', 'OCC1(c2nc(C3CCOCC3)nn2-c2cccc3c2CCC3)CC1', 'COCCn1ccc(NC(=O)c2cn(C)nc2-c2cccs2)n1']"
1995,1e-04,0.0,0.0,[]
1996,1e-04,1.0,0.0,['Cc1ccc(-c2cnn3cc(C(N)=O)cnc23)cc1']
1997,1e-04,0.0,0.0,[]
1998,0.0002,0.5,0.0,"['O=C1CN(C(=O)c2cccc(-c3ccoc3)c2)C2CCCCC2N1', 'CC(=O)NCC1Cc2cc(C)cc(-c3ccccn3)c2O1']"
1999,0.1031,0.45192844,0.3905007243156433,"['Fc1c(Cl)ccc2c1C(c1nccs1)NCC2', 'Cc1nc2n(n1)CC(Nc1ncnc3c1CCC3)CC2', 'Cc1noc(C)c1Cc1nn2c(C3CC3)nnc2s1', 'Cc1ccc(CN(C(=O)c2n[nH]cc2N)C(C)C)o1', 'CCCCNC(=O)CC1CSc2ncc(C)c(=O)n21', 'N#Cc1ccc(Sc2ncnc3nc[nH]c23)cc1Cl', 'CCn1nc(C)nc1CCCc1c[nH]c2ccccc12', 'O=C1c2ccccc2NC(c2cccs2)N1C1CC1', 'Cc1n[nH]c2c(N3CCN(c4ncccn4)CC3)ncnc12', 'COC(=O)c1ccc(NCc2nccs2)c(N)c1']"
2000,0.0002,0.5,0.0,"['CCCCOC(=O)C1=C(C)NC2(O)c3ccccc3C(=O)C12O', 'Cc1c(Cl)cccc1NC(=O)CC1CSc2ncc(C)c(=O)n21']"
2001,1e-04,0.0,0.0,[]
2002,0.0017,0.27869606,0.9540150165557861,"['CC1CC(C)CN(C(=O)C2(C)CC2(Cl)Cl)C1', 'CC1(C(=O)NCc2cccs2)CC1(Cl)Cl', 'CNC(=O)CN1CCN(C(=O)C2(C)CC2(Cl)Cl)CC1', 'COCCN1CCN(C(=O)C2(C)CC2(Cl)Cl)CC1=O', 'O=C(Nc1ccccn1)C12CC3CC(CC(Cl)(C3)C1)C2', 'CC1(C(=O)NCc2cccc(Cl)c2)CC1(Cl)Cl', 'CCCS(=O)(=O)NC1CCN(C(=O)C2CC2(Cl)Cl)CC1', 'COCc1c(Br)cccc1NC(=O)C1CC=CC1', 'CNC(=O)C(NC(=O)C1CC1(Cl)Cl)c1ccc(F)c(F)c1', 'Cc1cccc(NC(=O)C2CC2(Cl)Cl)c1C(=O)N1CCCC1']"
2003,1e-04,0.0,0.0,[]
2004,0.0017,0.3107844,0.9355244636535645,"['Cc1cccc(C(C)C)c1NC(=O)Cc1nonc1N', 'CC(=O)Nc1ccc(C(=O)Cc2nonc2N)cc1', 'CCCOC(=O)c1ccc(Cc2nonc2N)cc1', 'COc1ccc2nc(SCC(=O)Nc3nonc3C)[nH]c2c1', 'CCc1ccc(NC(=O)c2onc(-c3cccnc3)c2N)cc1', 'CC1CCCN(C(=O)c2onc(-c3ccncc3)c2N)C1', 'CC(=O)Nc1nonc1-n1nnc(C(=O)NCc2ccccc2)c1C', 'Cc1ccc(-n2nnc(C(=O)Nc3nnc(C)s3)c2C)cc1', 'CCOc1ccc(-c2nnn(-c3ccc(C)cc3)c2N)cc1', 'Nc1nonc1-n1nncc1-c1ccc2c(c1)OCO2']"
2005,1e-04,0.0,0.0,[]
2006,0.3997,0.14395986,0.8280205726623535,"['Nc1c(Nc2cccnc2)ncnc1Nc1nccs1', 'CCNc1ncnc(Nc2ccc(Cl)cc2C)c1N', 'Nc1c(NCc2ccccc2Cl)ncnc1Nc1cccnc1', 'Nc1ncnc(Nc2cccc(Br)c2)c1N', 'Nc1ccc(Nc2ccc3ncsc3c2)c(N)c1', 'Nc1c(Nc2ccccc2C(F)(F)F)ncnc1N1CCOCC1', 'CCOc1ccc(Nc2ncnc(Nc3cccnc3)c2N)cc1', 'CCC(C)Nc1ncnc(N2CCOCC2)c1N', 'Cc1ccc(Nc2ncnc(N3CCOCC3)c2N)cc1Cl', 'COc1ccccc1Nc1ncnc(Nc2ccc(C)cn2)c1N']"
2007,0.0004,0.45892808,0.5502316951751709,"['CC1(OC(=O)CCCNC(=O)C2CC2)CCCC1', 'COC(=O)C1(Nc2cccc(F)c2)CCOCC1', 'Cc1ccccc1-n1nnnc1C1(N2CCOCC2)CCCC1', 'O=C(COCC1CC1)NCC1(c2ccccc2Cl)CCOCC1']"
2008,0.0035,0.41994163,0.7424584627151489,"['CC(=O)N1CCCC1C1CCCN1c1nc2ccccc2s1', 'O=C(C1CCOC1)N1CCCC1C1CCCCC1', 'O=C(CCN1CCOCC1C1CC1)Nc1c(Cl)cccc1Cl', 'Cc1cccc(OCC(O)CN2CCOCC2C2CC2)c1', 'Cc1ccc(CNC(=O)CN2CCOCC2C2CC2)cc1', 'CC(C)Oc1ccccc1CN1CCOCC1C1CC1', 'CCOc1ccccc1CCC(=O)N1CCOCC1C1CC1', 'CC(C)Cc1ncc(CN2CCOCC2C2CC2)s1', 'O=C(c1scnc1C1CCCC1)N1CCCCC1C1OCCO1', 'CC1CCN(C(=O)CN2CCOCC2C2CC2)CC1']"
2009,1e-04,0.0,0.0,[]
2010,1e-04,0.0,0.0,[]
2011,1e-04,0.0,0.0,[]
2012,1e-04,0.0,0.0,[]
2013,1e-04,0.0,0.0,[]
2014,1e-04,0.0,0.0,[]
2015,1e-04,0.0,0.0,[]
2016,1e-04,0.0,0.0,[]
2017,0.0123,0.33156663,0.835417628288269,"['CCn1cnnc1CNC(=O)c1ccc(C)nc1C', 'CCn1cnnc1CNC(=O)CCSc1ccccc1', 'CCn1cnnc1CNC(=O)Cn1nc(C)c(Cl)c1C', 'CCn1ccnc1COc1ccc(Cl)cc1C(C)=O', 'CCn1cnnc1CCn1cc(-c2ccccc2-c2ccco2)nn1', 'CCn1cnnc1CNC(=O)CCc1c[nH]c2ccccc12', 'CCn1cnnc1CNC(=O)NC(C)c1ccc(C)s1', 'CCn1cnnc1C1CCCCN1C(=O)NCc1ccco1', 'CCn1ccnc1CN1CCCN(C(=O)C(C)n2cncn2)CC1', 'CCn1cnnc1CNC(=O)N(C1CC1)C(C)c1ccc(O)cc1']"
2018,0.0003,0.61763114,0.1122785285115242,"['CCn1c(O)c(C=C2C=Nc3ccccc32)sc1=O', 'CC(C)c1nn2c(N)c(C=C3C=Nc4ccccc43)c(=O)nc2s1', 'CCn1c(SCC(=O)C2=NC=CC2)nnc1-c1ccc(Cl)cc1']"
2019,0.0011,0.41458464,0.698283314704895,"['Cc1cc(C)c(CNC(=O)N(C)C2CCCc3ccccc32)c(=O)[nH]1', 'Cc1ccc(C(=O)NC(C)c2ccc(-n3ccnn3)cc2)c(=O)[nH]1', 'Cc1cc(C)c(CNC(=O)C2CCCN(c3ncccn3)C2)c(=O)[nH]1', 'Cc1ccc(C(=O)N2CCN(Cc3ccc(Cl)cc3)CC2)c(=O)[nH]1', 'Cc1ccc(C(=O)NCc2ccc(-n3cncn3)cc2)c(=O)[nH]1', 'Cc1cc(C)c(CNC(=O)Cc2c(C)nc3ccccc3c2C)c(=O)[nH]1', 'Cc1ccc(C(=O)NCc2ccnc(Oc3ccccc3)c2)c(=O)[nH]1', 'CNC(=O)c1ccc(NC(=O)NCCc2ccc(F)cc2)cc1Cl', 'Cc1ccc(NC(=O)NCC(C)(O)c2ccc(F)cc2)cc1C(N)=O', 'CCOc1ccc(CCC(=O)Nc2cccc(F)c2)cc1N']"
2020,1e-04,0.0,0.0,[]
2021,1e-04,0.0,0.0,[]
2022,1e-04,0.0,0.0,[]
2023,0.0072,0.30440375,0.7002331614494324,"['COc1ccc(OC(=O)c2ccn(C)c(=O)c2)c2ccccc12', 'COc1ccc(NC(=O)NC(C(N)=O)C(C)(C)C)c2cccnc12', 'Cc1ccc(NC(=O)c2cccnc2)c2cccnc12', 'Cc1cn(CC(=O)Nc2ccc3[nH]c(=O)[nH]c3c2)c2ccccc12', 'Cc1ccc(NC(=O)CCn2cncn2)c2[nH]ncc12', 'COc1ccc(-c2ccccc2OC(C)C(N)=O)c2ccc(C)nc12', 'Cc1cn(CC(=O)Nc2ccccc2C#N)c2ccccc12', 'CSc1nc(C(=O)NC(C)C(=O)NC2CCCC2)c2ccccn12', 'C=CCOc1cc(C(=O)NCC(=O)OC)cc2occc12', 'Cc1cn(CC(=O)N2CCCN(S(C)(=O)=O)CC2)c2ccccc12']"
2024,1e-04,0.0,0.0,[]
2025,0.0018,0.324722,0.7562626004219055,"['OCc1cc2cc(OCc3ccccc3)ccc2[nH]1', 'CCCc1cc(=O)n2nc(-c3cccs3)cc2[nH]1', 'Cc1nc2ccc(NC(=O)CCn3ccnc3)cc2[nH]1', 'CCOC(=O)c1cn2nc(-c3cccc(Cl)c3)cc2[nH]1', 'CC(=O)c1cc2ncc(C(=O)N3CCCCC3C)cc2[nH]1', 'Cc1cc2nc(SCC#N)n(C(C)C)c(=O)c2[nH]1', 'Cc1cc2nc(SCC(N)=O)n(C)c(=O)c2[nH]1', 'CCCN(C)C(=O)c1cc2cc(Br)ccc2[nH]1', 'Cc1cc(=O)n2nc(NCc3ccc(OC(C)C)cc3)nc2[nH]1', 'Cc1nc2nnc3c(=O)n(-c4ccccc4C)ccc3n2n1']"
2026,1e-04,0.0,0.0,[]
2027,0.0003,0.53994775,0.33189812302589417,"['CC12CCC(C(=O)Nc3ccc4c(c3)OCO4)(CC1O)C2(C)C', 'CC12CN(C(=O)C3CCCC3)CC1NC(=O)c1ccccc1C2=O', 'CC12CCC(C(=O)NCCN3CCOCC3)(OC1=O)C2(C)C']"
2028,1e-04,0.0,0.0,[]
2029,1e-04,0.0,0.0,[]
2030,1e-04,0.0,0.0,[]
2031,0.1796,0.12800545,0.6120551228523254,"['O=c1c(-c2ccccc2)c(N2CCN(c3ccccc3)CC2)c1=O', 'CCOc1c(Nc2ccc(Cl)cc2C)c(=O)c1=O', 'COCCCNc1c(-c2cc(C)c(C)cc2C)c(=O)c1=O', 'CCOC(=O)N1CCN(c2c(-c3ccc(C)c(C)c3)c(=O)c2=O)CC1', 'Cc1nc2c(c(=O)c3ccccc3n2C)c(=O)n1Cc1ccco1', 'Cc1ccccc1S(=O)(=O)C(C)C(=O)NC1CCC(C)CC1', 'O=C(CN1CCN(CC(F)(F)C(F)F)CC1)NCc1ccccc1', 'O=C(c1snnc1-c1ccccc1)N1CCCCC1', 'Cc1nc(S(=O)(=O)C(C)C(=O)NC2CC2)n(CC(C)C)c1C', 'O=C(CNC(=O)C1CC1c1ccc(F)c(F)c1)NCc1ccccc1']"
2032,1e-04,0.0,0.0,[]
2033,1e-04,1.0,0.0,['O=C1NCCNC1c1ncccc1Br']
2034,0.0002,0.5,0.0,"['CCC(=O)Nc1nc2cc3nc(NC(=O)CC)sc3cc2s1', 'CCOC(=O)c1sc(S(C)=O)c2c1CCc1conc1-2']"
2035,0.0027,0.6390827,0.33620569109916687,"['Cc1ccccc1OCCCN1C(=O)c2ccccc2S1(=O)=O', 'NC(=O)CCN1C(=O)c2cc(N)ccc2S1(=O)=O', 'Cc1cc(CN2C(=O)c3ccccc3S2(=O)=O)no1', 'COc1ccc(CCN2C(=O)C(C)CS2(=O)=O)cc1C', 'Cc1ccc(C)c(CCN2C(=O)C(C)(C)CS2(=O)=O)c1', 'CCc1ccc(CCN2C(=O)C(C)CS2(=O)=O)cc1', 'COc1ccc(F)cc1CCN1C(=O)C(C)CS1(=O)=O', 'NCC(=O)OCCc1ccc2c(c1)CCCS2(=O)=O', 'O=C(NCCc1ccco1)c1ccc(N2CCCS2(=O)=O)cc1', 'CC1(C)c2cc(N)ccc2CN(C2CCCCC2)S1(=O)=O']"
2036,0.0042,0.29776776,0.9478787779808044,"['c1ccc2c(CCNc3nn4nnnc4c4ccccc34)c[nH]c2c1', 'c1ccc2c(CN3CCCC(c4cnccn4)C3)c[nH]c2c1', 'c1cnc2c(Nc3ncnc4[nH]ncc34)cccc2c1', 'c1ccc2c(CNCCN3CCOCC3)cccc2c1', 'c1cnc2c(CN3CCOCC3C3CC3)cccc2c1', 'c1cnc2c(CSc3nnc(N4CCCC4)s3)cccc2c1', 'Cc1cc2c(N3CCN(C(=O)OC(C)(C)C)CC3)cccc2cn1', 'c1ccc2nc(N3CCC(c4nnc5n4CCC5)CC3)cnc2c1', 'Fc1cc2c(-c3nnnn3-c3ccccc3)c[nH]c2cc1Cl', 'Cc1cc2cc(C(=O)NCc3nnnn3-c3ccccc3)ccc2o1']"
2037,1e-04,0.0,0.0,[]
2038,1e-04,0.0,0.0,[]
2039,0.0126,0.3569694,0.556950032711029,"['CC(C)Cc1noc(CN2C(C)COCC2C)n1', 'CCn1cc(CNc2nnc(C(C)C)s2)cn1', 'CC(C)CCSc1cc(N2CCOCC2)ncn1', 'CCCN(CCc1ccccc1)c1ncnc2oc(C)nc12', 'CCC(C)N(Cc1nc(C)no1)Cc1nc(C)no1', 'CCCOCC(=O)NC1CCCn2nc(CC)nc21', 'CCc1nc(CCNC(=O)c2ccccc2C)sc1C', 'CCCn1c(SCC(=O)NC)nnc1C(C)C', 'CCc1cnc(C)nc1N(C)Cc1cc(COC)[nH]n1', 'CCCn1c(C)nnc1SCC1CCCCO1']"
2040,1e-04,0.0,0.0,[]
2041,1e-04,1.0,0.0,['CCc1ccccc1NC(=O)c1cn2c3c(cccc3c1=O)CC2']
2042,1e-04,0.0,0.0,[]
2043,1e-04,0.0,0.0,[]
2044,1e-04,0.0,0.0,[]
2045,0.0007,0.38909197,0.8394151329994202,"['Cc1c(C)c(C)c(S(=O)(=O)N(C)CC(=O)NC2CC2)c(C)c1C', 'Cc1cc(C)c(C)c(S(=O)(=O)N(CCC#N)CC2CC2)c1C', 'Cc1cc(C)c(C)c(S(=O)(=O)Nc2ccncc2)c1C', 'Cc1cc(C)c(C)c(OCC(=O)Nc2nncs2)c1', 'Cc1c(F)c(F)c(C(=O)N2CCN(C)CC2)c(C)c1Cl', 'Cc1cc(Br)c(O)c(C(=O)N(C)Cc2ccccn2)c1', 'Cc1c(C)n(-c2ccccn2)c2ncnc(NCc3ccccn3)c12']"
2046,1e-04,0.0,0.0,[]
2047,1e-04,0.0,0.0,[]
2048,1e-04,0.0,0.0,[]
2049,1e-04,0.0,0.0,[]
2050,1e-04,0.0,0.0,[]
2051,0.0119,0.29406455,0.7712424397468567,"['Cc1cccc2nc(-c3ccc(Br)cc3)c(C(C)O)n12', 'Cc1cccc2nc(CSc3ccccc3N)cn12', 'Cc1cccc2nc(CSc3nnc(-c4cccs4)n3N)cn12', 'Cc1csc2nc(CSc3ccccn3)cc(=O)n12', 'Cc1cccc2nc(CSc3cccc4cccnc34)cn12', 'O=c1cc(COc2nnc3ccccn23)nc2sccn12', 'Cc1ccc2ncc(C(=O)NCC3CCCC(O)C3)n2c1', 'Cc1cccc2nc(-c3nc(C4CC4)n[nH]3)c(F)n12', 'Clc1ccc2nc(CNc3ncccn3)cn2c1', 'Cc1ccc2nc(CNc3cccc(F)c3)cc(=O)n2c1']"
2052,0.0008,0.3122024,0.8683762550354004,"['CN1CC2CCC(CC1=O)N2C(=O)c1cc(=O)[nH]c2ccc(F)cc12', 'CCOC1CCC2C1OCCN2C(=O)c1ccoc1', 'CCOC1CCC2C1OCCN2C(=O)c1cccs1', 'CCOC1CCC2C1OCCN2Cc1c(C)noc1C', 'O=C1OC2CC3CC2C1C3C(=O)N1CCN(c2ccccc2F)CC1', 'C=CCOC1CCC2C1OCCN2C(=O)c1ccoc1', 'COC(=O)c1ccc2c(c1)nc(CCO)n2C1CCCC1', 'C=CCOCC1CCC2C1OCCN2C(=O)c1ccco1']"
2053,1e-04,1.0,0.0,['Cc1nc2cc(=O)[nH]n2c(C)c1CC(=O)OCC1CC=CCC1C']
2054,1e-04,0.0,0.0,[]
2055,1e-04,0.0,0.0,[]
2056,0.0061,0.44278988,0.7081860899925232,"['Cc1nn2cccnc2c1C(=O)Nc1ccccc1OCC(C)C', 'Cc1nc2ccccc2nc1CN1CCc2c(c(CO)nn2C)C1', 'Cc1cc2ccccc2n1CCC(=O)NC(C)c1n[nH]c(=O)[nH]1', 'Cc1cc2ccccc2n1CCC(=O)NC1CC=CCC1C(N)=O', 'Cc1nc2ccccc2n1CC(=O)NC(C)c1cccs1', 'Cc1nc2ccccc2n1CCNC(=O)C1(c2ccccc2)CC1', 'Cc1nc2ccccc2nc1N1CCN(c2nccs2)CC1', 'Cc1nc2ccccc2nc1N1CCN(c2ccc(O)cc2)CC1', 'Cc1nc2ccccc2nc1CN1CCCC1c1c(C)noc1C', 'Cc1nn2cccnc2c1C(=O)Nc1cccc(OCCCC#N)c1']"
2057,0.0017,0.29708096,0.8414902687072754,"['O=C(NCC1CN2CCCC2CO1)c1ccccn1', 'O=C1C2CC(O)CCN2C(=O)CN1CCCN1CCOCC1', 'CC(C)C1C(=O)NCCN1C(=O)NCC1CN2CCCCC2CO1', 'O=C(NC1=CC2N=CC=C2C=C1)c1cc(-n2cccc2)ccc1Cl', 'O=C(NCC1CN2CCCCC2CO1)C1CC=CCC1', 'O=C(NC1=CC2N=CC=C2C=C1)c1csc(NCC2CCCO2)n1', 'CN1CC2CCC(CC1=O)N2C(=O)c1cc(=O)[nH]c2ccc(F)cc12', 'O=C(NC1CCC2CCCC21)c1ccccc1N1CCOCC1', 'O=C(NCCC1=C2C=CC(F)C=C2N=C1)c1ccc2[nH]nnc2c1', 'O=C1COC2CN(Cc3ccccn3)CC2N1Cc1ccc(F)cc1']"
2058,0.3189,0.21756566,0.6761629581451416,"['CCCNC(=O)C1CCN(C(=O)NCCc2ccc(OC)cc2)CC1', 'COC(=O)CC1CN(Cc2cn(C)nc2-c2cccnc2)CCO1', 'O=C(NCc1ccccn1)NCc1cccnc1OCc1ccccc1', 'CNC(=O)C1CN(C(=O)NCCc2ccccc2)CC12CCCC2', 'CC1CCN(C(=O)NCCc2nccn2C(F)F)CC1', 'Cn1nnnc1NCc1ccccc1OCc1ccc(F)cc1', 'COc1cccn(Cc2sc(C)nc2C)c1=O', 'N#Cc1ccc(CNC(=O)NCc2cccc(OCC(F)F)c2)cc1', 'Cc1n[nH]c(C)c1NC(=O)NCc1ccc(OCC2CCCO2)cc1', 'CC(C)NC(=O)NCc1ccccc1OCc1ccccc1']"
2059,0.0067,0.28646237,0.7642310857772827,"['COc1ccccc1C1(CCC#N)CCCCC1=O', 'Cc1ccccc1C1CC(O)C(O)C1NC(=O)C(C)C', 'Cc1ccccc1C1CC1C(=O)N(C)CCOCC1CC1', 'COc1ccc(Br)cc1C1CCCN1S(C)(=O)=O', 'Cc1ccccc1C1(CNC(=O)CCn2cncn2)CCOCC1', 'COc1ccccc1C1CC1C(=O)NCCNC(=O)C1CCCCC1', 'Cc1ccccc1C1(CNC(=O)c2cccc(S(C)(=O)=O)c2)CC1', 'CCn1cnnc1C1CCN(C(=O)c2ccc(C)cc2C)CC1', 'CCn1cnnc1C1CCCN(c2ncnc3sc(C)c(C)c23)C1', 'CCn1cnnc1C1CCCN(C(=O)Nc2cccc(Cl)c2C)C1']"
2060,1e-04,0.0,0.0,[]
2061,1e-04,1.0,0.0,['CC1CC2(CCCCC2)N2C(=O)C(=O)c3cccc1c32']
2062,0.0052,0.22329918,1.1526786088943481,"['CC1CC(C)CN(C(=O)C2(C)CC2(Cl)Cl)C1', 'OC(CC(O)C(Cl)(Cl)Cl)c1ccccc1', 'CCCS(=O)(=O)NC1CCN(C(=O)C2CC2(Cl)Cl)CC1', 'CNC(=O)CN1CCN(C(=O)C2(C)CC2(Cl)Cl)CC1', 'CC1(C(=O)NCc2cccs2)CC1(Cl)Cl', 'Cc1cccc(NC(=O)C2CC2(Cl)Cl)c1C(=O)N1CCCC1', 'COCCN1CCN(C(=O)C2(C)CC2(Cl)Cl)CC1=O', 'O=C(Cc1cccc(F)c1)NCC(=O)OCC1CC1(Cl)Cl', 'CNC(=O)C(NC(=O)C1CC1(Cl)Cl)c1ccc(F)c(F)c1', 'O=C(NCCNC(=O)C1CC1(Cl)Cl)c1ccccc1Cl']"
2063,1e-04,0.0,0.0,[]
2064,1e-04,0.0,0.0,[]
2065,1e-04,0.0,0.0,[]
2066,1e-04,0.0,0.0,[]
2067,1e-04,1.0,0.0,['COCCNC(=O)C1C2CCC3(CC(=O)c4ccccc4O3)C21']
2068,1e-04,0.0,0.0,[]
2069,1e-04,0.0,0.0,[]
2070,0.0066,0.4943225,0.5396660566329956,"['CC1CN(C(=O)COc2cccc(Cl)c2Cl)CC(C)O1', 'CC1CN(C(=O)c2cc3occc3n2C)CC(C)O1', 'CC1CN(C(=O)c2ncccn2)CC(c2ccccc2)O1', 'CC1CN(C(=O)C2CCOC2)c2ccccc2N(C)C1=O', 'CC1CN(CC(=O)Nc2ccccc2Cl)CCO1', 'CC1CN(CC(=O)Nc2cccc(Cl)c2Cl)CC(C)O1', 'CC1CN(CC(=O)Nc2ccc(Br)cc2)CC(C)O1', 'CC1CN(C(=O)c2ccc[nH]c2=O)c2ccccc21', 'CC1CN(C(=O)Cn2ccc(C(F)(F)F)n2)C(C)CO1', 'CC1CN(C(C)C(=O)Nc2ccccc2C#N)CCO1']"
2071,1e-04,1.0,0.0,['COc1ccc(CCC2NCCc3c(F)cccc32)cc1']
2072,1e-04,0.0,0.0,[]
2073,1e-04,0.0,0.0,[]
2074,1e-04,0.0,0.0,[]
2075,1e-04,0.0,0.0,[]
2076,0.0004,0.41290104,0.7088518142700195,"['CCN(CC(F)(F)F)C(=O)Cc1c(C)nc2c(c1C)c(=O)[nH]n2C', 'CC(c1cccc(S(N)(=O)=O)c1)N(C)c1ncnc2c1cnn2C', 'CCCCS(=O)(=O)NCC(=O)Nc1ccc2c(c1)oc(=O)n2C', 'Cc1ccccc1NS(=O)(=O)c1cc2c(cc1C)n(C)c(=O)n2C']"
2077,0.0059,0.35327345,0.800430953502655,"['CCn1cc(CN2CCN(c3ccc4nnc(C)n4n3)CC2)cn1', 'Cc1ccc(Sc2ccc3nnnn3n2)cc1C', 'COc1ccc(-c2cc3nccc(-c4cccnc4)n3n2)cc1', 'OCCSc1ccc2nnc(-c3ccccc3)n2n1', 'Brc1cccc(OCCNc2ccc3nnnn3n2)c1', 'COc1ccc(CCc2nc3nccc(-c4ccsc4)n3n2)cc1', 'c1ccc(C(Nc2ccc3nnnn3n2)c2ccccn2)cc1', 'CC(c1cc2ccccc2o1)N(C)c1ccc2nnnn2n1', 'Cc1ccccc1-n1ccc2c(nnc3nc(C(F)(F)F)nn32)c1=O', 'O=C(Nc1cc(Nc2ccc3nnnn3n2)ccc1F)C1CC1']"
2078,0.0005,0.37001,0.8942581415176392,"['COC(=O)Cn1c(=O)[nH]c2sc3c(c2c1=O)CCCC3', 'CC(C)CC(Cn1c(=O)[nH]c2ccccc2c1=O)N1CCOCC1', 'CCCCNC(=O)n1c(=O)[nH]c2cc(Cl)ccc21', 'Cc1csc(Cn2c(=O)sc3ccccc32)n1', 'O=C(Cn1c(=O)[nH]c2ccccc21)N1CCc2ccc(Cl)cc2C1']"
2079,1e-04,0.0,0.0,[]
2080,0.0003,0.53443474,0.349910169839859,"['CC12CCC(C(=O)NCCN3CCOCC3)(OC1=O)C2(C)C', 'CC12CCC(C(=O)Nc3ccc4c(c3)OCO4)(CC1O)C2(C)C', 'CC12CN(C(=O)C3CCCC3)CC1NC(=O)c1ccccc1C2=O']"
2081,1e-04,0.0,0.0,[]
2082,1e-04,0.0,0.0,[]
2083,1e-04,0.0,0.0,[]
2084,1e-04,0.0,0.0,[]
2085,1e-04,0.0,0.0,[]
2086,0.0031,0.33210045,0.9819104671478271,"['CCCCC(C(=O)OC)n1cnc2c1c(=O)n(C)c(=O)n2C', 'C=CCn1c(Oc2ccccc2F)nc2c1c(=O)n(C)c(=O)n2C', 'C=CCn1c(NCCc2ccccc2)nc2c1c(=O)n(C)c(=O)n2C', 'CC(C)Oc1cccc(Cn2cnc3c2c(=O)n(C)c(=O)n3C)c1', 'Cc1ccc(OCC2Cn3c(nc4c3c(=O)n(C)c(=O)n4C)O2)cc1', 'CC(C)n1c(N2CCCCC2)nc2c1c(=O)[nH]c(=O)n2C', 'CC=CCn1c(N2CCC(C)CC2)nc2c1c(=O)[nH]c(=O)n2C', 'CC(O)Cn1c(NCCCO)nc2c1c(=O)[nH]c(=O)n2C', 'C=CCn1c(C)nnc1Sc1nc2c([nH]1)c(=O)n(C)c(=O)n2C', 'Cc1nnc(Sc2nc3c([nH]2)c(=O)n(C)c(=O)n3C)n1N']"
2087,0.0063,0.22486608,0.9092617630958557,"['CCC1COCCN1Cc1cc(C(N)=O)cs1', 'CCC1COCCN1Cc1ccc(S(C)=O)cc1', 'OCCC1CCCCN1c1nc2ccccc2s1', 'CC1Cc2ccccc2N1Cc1nnc(C2CC2)o1', 'CC1COCCN1Cc1ncc(-c2ccccc2)o1', 'CC1COCCN1CC1=Cc2cc(Cl)ccc2OC1', 'CC(C)CC1COCCN1Cc1ccccc1N1CCOCC1', 'CC1(C)COCCN1CC(O)COc1ccc(C#N)cc1', 'CC1COCC(C)N1Cc1coc(-c2cccc(F)c2)n1', 'CCC1CCCCN1C(=O)COc1ccc(C(C)=O)cc1OC']"
2088,1e-04,0.0,0.0,[]
2089,1e-04,0.0,0.0,[]
2090,1e-04,0.0,0.0,[]
2091,1e-04,0.0,0.0,[]
2092,0.0062,0.38520724,0.6582019925117493,"['N#CCCSc1nc2ccccc2c(=O)n1C1CC1', 'COCCNC(=O)c1nc2ccccc2c(=O)n1CCOC', 'CC1CN(Cc2nc3ccccc3c(=O)n2CC#N)CCO1', 'CCOC(=O)C(C)Sc1nc2ccccc2c(=O)n1CC', 'CC(Sc1nc2ccccc2c(=O)n1C1CC1)C(=O)N(C)C', 'COCCCNC(=O)c1nc2ccccc2c(=O)n1N', 'O=C(CCCc1nc2ccccc2c(=O)[nH]1)NCCC1=CCCCC1', 'CC1CN(Cc2nc3ccccc3c(=O)n2CC#N)CC(C)(C)O1', 'CN(Cc1nc2ccccc2c(=O)[nH]1)c1ccc(F)c(F)c1', 'CCC1CCN(C(=O)CCc2nc3sc(C)c(C)c3c(=O)[nH]2)CC1']"
2093,1e-04,0.0,0.0,[]
2094,1e-04,0.0,0.0,[]
2095,1e-04,0.0,0.0,[]
2096,0.0035,0.31609914,0.782294511795044,"['C=CCOc1ccc(-c2nc(C(=O)NC3CC3)cs2)cc1', 'C=CCOc1ccc(CN2CCOC(C#N)C2)cc1Cl', 'C#CCOc1ccc(C(=O)Nc2c(C)cccc2CC)cc1', 'C=CCc1ccc(OCC(=O)Nc2nnc(C)s2)c(OC)c1', 'C#CCOc1ccc(C(=O)N2CCC(C(=O)OC)c3ccccc32)cc1', 'C=CCOc1cc(C(=O)NCC(=O)OC)cc2occc12', 'CCCCOc1ccc(C2CC(=O)Nc3nc(C)[nH]c(=O)c32)cc1', 'C#CCOc1cccc(NC(=O)c2ccc(-n3nc(C)cc3C)nc2)c1', 'C=C(C)COc1cc(CN2CCN(C(=O)CC)CC2)ccc1OC', 'COCCOc1ccc(NC(=O)c2cn(C)nc2C(C)(C)C)cc1F']"
2097,1e-04,0.0,0.0,[]
2098,0.3263,0.18598115,0.7301464676856995,"['Cc1cccc(COn2nnc3ccc(S(=O)(=O)N(C)C)cc32)c1', 'Nc1nonc1-c1noc(C(Cl)(Cl)Cl)n1', 'C=CCOC1C=CC=CC1C(c1c(O)n[nH]c1C)c1c(O)n[nH]c1C', 'Cc1ccc(-c2cc(C(=O)N(C)Cc3cc(C4CC4)[nH]n3)[nH]n2)s1', 'COc1ccc2nc(SCC(=O)Nc3nonc3C)[nH]c2c1', 'CCc1cnc(C)nc1N(C)Cc1cc(COC)[nH]n1', 'Nc1nonc1-n1nncc1-c1ccc2c(c1)OCO2', 'O=C(Nn1cnc2ccccc21)c1n[nH]c2ccccc12', 'CC1(C(=O)NCCSc2cn[nH]n2)CCCCO1', 'N#CCSc1nnc(COc2ccc(F)cc2)n1N']"
2099,1e-04,1.0,0.0,['Brc1ccc(Br)c2nccnc12']
2100,1e-04,0.0,0.0,[]
2101,1e-04,0.0,0.0,[]
2102,1e-04,1.0,0.0,['C=CCN1C(=O)C2(NC(=O)c3c(C)cccc3N2)c2ccccc21']
2103,1e-04,0.0,0.0,[]
2104,0.0005,0.45787168,0.8205878138542175,"['CC(C)(C)OC(=O)N1CCC2(CC1)OCc1ccncc12', 'CN(CCN1CCOCC1)C(=O)C1CC12CCCc1ccccc12', 'C=CCOC(=O)N1CCC23C=CC(O)CC2Oc2c(O)ccc(c23)C1', 'O=C(Cc1csc(-n2cccc2)n1)N1CCn2c1nc1ccccc12', 'Cc1ccc(C(=O)CC2(O)C(=O)N(CC(N)=O)c3ccccc32)s1']"
2105,1e-04,0.0,0.0,[]
2106,1e-04,0.0,0.0,[]
2107,0.0025,0.33423346,0.6532766819000244,"['CCOC(=O)c1sc2c(c1NC(C)=O)CCC2', 'CCCOC(=O)c1sc2nc(COC)nc(OC)c2c1C', 'CC(C)c1nc2sc3c(c2c(=O)n1N)CCCC3', 'CC1(C)Cc2nc3sc4c(=O)[nH]c(=O)[nH]c4c3cc2CO1', 'COC(=O)c1sc2nc(C(F)(F)F)ccc2c1N', 'Cc1sc2[nH]c(SCCCC(=O)NCCO)nc(=O)c2c1C', 'COC(=O)c1sc2nc(C(F)(F)F)c(C#N)cc2c1N', 'COC(=O)c1cc(=O)nc2sc3cc(C)ccc3n12', 'OCCOc1cccc2sc(-c3cccs3)nc12', 'COC(=O)c1sc2nc(-c3cnccn3)[nH]c(=O)c2c1C']"
2108,1e-04,0.0,0.0,[]
2109,1e-04,0.0,0.0,[]
2110,1e-04,0.0,0.0,[]
2111,1e-04,0.0,0.0,[]
2112,1e-04,0.0,0.0,[]
2113,0.0018,0.35888138,0.6574994325637817,"['Clc1cccc2c1CCNC2c1ccc2nc[nH]c2c1', 'O=C(CCn1ccc2ccc(F)cc21)NC1=CC2N=CC=C2C=C1', 'O=C(c1cc2c(s1)CCCC2)N1CCC2(CC1)OCCO2', 'O=C(c1cc2c(s1)CCC2)N1CCC2(CC1)OCCO2', 'Cc1ccc(C)c2c1CCNC2c1ccc2[nH]nnc2c1', 'Cc1ccc2c(c1O)CCNC2c1ccc2[nH]nnc2c1', 'O=C(c1coc(CN2CCOCC2)c1)N1CC2CC=CCC2C1', 'O=C(c1cccc2cc[nH]c12)N1CCCC1c1nnc2n1CCCCC2', 'CC1Cc2ccccc2N1Cc1nnc(C2CC2)o1', 'Brc1ccc2c(c1)CCCN2Cc1noc(C2CC2)n1']"
2114,1e-04,0.0,0.0,[]
2115,0.0085,0.3080532,0.6641995906829834,"['CCC(c1ccccc1)c1nn2c(=O)c(C)nnc2s1', 'CCC(c1ccccc1)c1nc(C)c(CCO)s1', 'CC(Sc1ccccc1)C(=O)NC(C)c1ccncc1', 'O=C(c1ccncc1)N1CCCC(c2cc3cccnc3[nH]2)C1', 'O=C(c1ccccc1)c1ccc(CN2CCOCC2)cc1', 'O=C(c1ccncc1)N1CCCC1c1cc(CO)[nH]n1', 'CN(Cc1ccccc1)C(=O)C1(c2ccccc2)CC1', 'CC(Oc1ccccc1)C(=O)OCc1nc2ccsc2c(=O)[nH]1', 'CN(Cc1ccccc1)C(=O)Cc1ccccc1F', 'CC(Oc1ccccc1)C(=O)NCCn1ccc(C(F)(F)F)n1']"
2116,1e-04,0.0,0.0,[]
2117,1e-04,0.0,0.0,[]
2118,1e-04,1.0,0.0,['O=C(COC1CCCCC1)NC1CCC2(CC1)OCCO2']
2119,1e-04,1.0,0.0,['CC1CC1C(=O)NCCC(=O)NCc1nc(-c2ccncc2)no1']
2120,1e-04,1.0,0.0,['CC1=CC(C)C2(CO)COC(c3ccco3)C1C2C']
2121,1e-04,1.0,0.0,['C#CCSc1nnc2ccc(-c3ccco3)nn12']
2122,0.2949,0.24338211,0.6106569170951843,"['Cn1ccsc1=NC(=O)CCCNC(=O)OCc1ccccc1', 'Cn1ccsc1=NC(=O)CNC(=O)c1cc(F)cc(F)c1', 'Cn1ccnc1C(NC(=O)NCCCO)c1ccc(Cl)cc1', 'CC(C)(C)NC(=O)c1cc2c(ccc3ccccc32)oc1=O', 'CCCCC(=O)NCCCn1ccc2cccnc21', 'Cc1cccc(CN2CCc3ncnc(-c4ccsc4)c3CC2)n1', 'Cc1ccccc1C(C#N)CCC(=O)NCc1cccnc1', 'CN1C(=O)c2cccc3c(S(=O)(=O)N4CCOCC4)ccc1c23', 'CC(CO)NC(=O)c1cccnc1Sc1ccccc1', 'Cc1nnc(Sc2nc3c([nH]2)c(=O)n(C)c(=O)n3C)n1N']"
2123,1e-04,0.0,0.0,[]
2124,0.0003,0.33418593,1.4069976806640625,"['COC1C2CCC1N(C(=O)c1sc3ccccc3c1C)CCO2', 'COCC12CCCOC1CCN(C(=O)c1ccoc1C)C2', 'CCOCC12COCC1CN(C(=O)c1sccc1C)C2']"
2125,0.0055,0.32235658,0.7334299683570862,"['Nc1nn(C(=O)CC2CCCO2)cc1-c1cccc(Cl)c1', 'Nc1onc(-c2ccccc2F)c1-c1ccccn1', 'COc1ccc(C(=O)NCc2cscn2)cc1-c1ccccc1', 'Cc1nc(NCc2cc(F)c(F)c(F)c2)sc1-c1ccn(C)n1', 'Cn1nc(CNC(=O)COc2ccccc2F)cc1-c1ccco1', 'Cc1nc(NC(=O)Cc2c(C)nn(C)c2C)sc1-c1ccccc1', 'Cc1nc(NC(=O)c2ccc[nH]c2=O)sc1-c1nccn1C', 'Cc1sc(NC(=O)c2ccc(=O)n(C)c2)nc1-c1ccc(F)cc1', 'CCn1nc(COc2cccc(F)c2)nc1-c1c[nH]c(=O)c(Cl)c1', 'Cc1ccc(NC(=O)CCc2ccco2)cc1-n1cnnn1']"
2126,1e-04,0.0,0.0,[]
2127,0.0102,0.40026894,0.5022917985916138,"['COCCc1noc(-c2cc(CC(C)C)nn2C)n1', 'Cc1cc(=O)[nH]c(Sc2nc(C)cc(=O)[nH]2)n1', 'C=CCn1nnc(CO)c1Cc1ccc(OCC)cc1', 'COC(=O)C(C)Sc1nc(C=Cc2cccs2)n[nH]1', 'Cc1ccc(C)c(OCc2c(CO)nnn2CCCO)c1', 'CCCc1cc(=O)[nH]c2nnc(SC(C)C(=O)OCC)n12', 'Cc1ccc(C)c(OCC(O)Cn2cnc(S(C)=O)n2)c1', 'C=CCn1c(SC2CCCCC2O)n[nH]c1=O', 'CCc1noc(CC)c1CC(=O)OCc1nc(C)no1', 'CC(Sc1nncn1C)C(=O)OCC1CCCCO1']"
2128,1e-04,0.0,0.0,[]
2129,1e-04,1.0,0.0,['CCOc1ccc(NC(=O)Cn2c(C)csc2=O)c(C)c1']
2130,1e-04,0.0,0.0,[]
2131,1e-04,0.0,0.0,[]
2132,1e-04,0.0,0.0,[]
2133,1e-04,0.0,0.0,[]
2134,1e-04,0.0,0.0,[]
2135,1e-04,0.0,0.0,[]
2136,1e-04,0.0,0.0,[]
2137,1e-04,0.0,0.0,[]
2138,0.0174,0.2951562,0.637810230255127,"['CCCc1ccccc1-n1cnc2cc(N)ccc21', 'CC(C)c1ccc(-n2nc3ccc(N)cc3n2)cc1', 'CCOC(=O)c1cnn(-c2ccccc2)c1-n1cccc1', 'CC(=O)c1cn(-c2ccc(C)c(Cl)c2)c(C)cc1=O', 'Cc1c(Cl)cccc1-n1nc(C#N)c(=O)cc1C', 'Cc1cc(C)nc(-n2ncc3c2ncn2nc(C(C)C)nc32)n1', 'N#Cc1cccc(-n2c(N)nc3cc(Cl)ccc32)c1', 'Cc1c(-n2cc(Br)ccc2=O)c(=O)[nH]c2ccccc12', 'N#Cc1ccc(-n2cnc3ccc(F)c(F)c32)cc1', 'CC(=O)c1nn(-c2ccc(F)cc2F)c(=O)n(C)c1=O']"
2139,0.0013,0.23046602,1.017225980758667,"['CCC(CC)(CO)NC(=O)c1cc(F)c(F)cc1N', 'CCC(CC)C(=O)NCc1ncc(C)c(OC)c1C', 'CCC(CC)N(CCO)C(=O)Cc1csc(C)n1', 'CCC(C#N)(CC)Cc1cc(OC)c(OC)c(OC)c1', 'CCc1nnc(CN(CC)C(=O)Cc2csc(C)n2)o1', 'CCOC(CC)C(=O)N1CCC(CC(=O)N2CCCC2)CC1', 'COC(CNC(=O)N1CCN(C(C)C(F)(F)F)CC1)C(C)C', 'CCC(C)C(C)NC(=O)N1CCC(CC(=O)N2CCCC2)CC1', 'CCC(OC1CCCCC1)C(=O)Nc1cnn(-c2ccccn2)c1', 'CCCc1cc(CNC(=O)c2ccc(NC)nc2)on1']"
2140,1e-04,0.0,0.0,[]
2141,1e-04,0.0,0.0,[]
2142,0.0021,0.43184868,0.8262157440185547,"['Cc1c(C(=O)NCc2cn[nH]c2)oc2c(F)cccc12', 'Cc1c(C(=O)NC(C)c2ccccn2)oc2ccc(F)cc12', 'Cc1c(C(=O)NCCc2nccs2)oc2ccccc12', 'Cc1c(CC(=O)c2cccc(N)c2)oc2ccccc12', 'Cc1c(C(C)NC(=O)NC(C)CO)oc2ccccc12', 'Cc1c(C(=O)CNc2ccccc2)oc2ccc(F)cc12', 'Cc1c(C(=O)Nc2ccc(-n3cncn3)c(F)c2)oc2ccccc12', 'Cc1c(C(=O)N(C)CCOCC2CC2)sc2ccc(F)cc12', 'Cc1c(C(=O)N2CC(C)CCCC2C)c(=O)oc2ccccc12', 'Cc1c(C(=O)N2CCN(c3ncccn3)CC2)oc2c1C(=O)CCC2']"
2143,1e-04,0.0,0.0,[]
2144,1e-04,0.0,0.0,[]
2145,0.0062,0.2907673,0.6804006695747375,"['COc1ccc2c(C)nc(N(C)Cc3c(C)noc3C)nc2c1', 'Cc1ccc2nc(C)c(C(=O)Nc3ccc(OCC#N)cc3)cc2c1', 'Cc1ccc2nc(C)c(C(=O)N3CCN(c4ncccn4)CC3)cc2c1', 'CCc1ccc2[nH]c(=O)c(CN(Cc3ccc(C)cc3)C(C)=O)cc2c1', 'COc1ccc2[nH]c(=O)c(CCC(=O)N3CCOCC3)cc2c1', 'CC1CCc2[nH]c(=O)c(C(=O)NC3CCCCC3C)cc2C1', 'CN1CCc2nc(N)c(C#N)c(-c3ccc(F)cc3)c2C1', 'COc1ccc2[nH]c(=O)c(CN(C)C(=O)c3cccs3)cc2c1', 'COc1ccc2nc(C)cc(C(=O)NC(C(N)=O)C(C)(C)C)c2c1', 'Cc1ccc2[nH]c(=O)c(CN(C)C(=O)c3cccs3)cc2c1']"
2146,0.013,0.29055208,0.9047430157661438,"['Cc1cccc(NC(=O)COC(=O)c2ccccc2F)c1C', 'Cc1cc(NC(=O)COC(=O)c2ccc(C(C)C)cc2)no1', 'Cc1cc(NC(=O)COC(=O)c2cccc(C)c2O)no1', 'Cc1ccc(NC(=O)COC(=O)C2(C#N)CCCC2)c(Cl)c1', 'Cc1cc(NC(=O)COC(=O)c2c(F)cccc2Cl)no1', 'CC1Cc2ccccc2N1C(=O)COC(=O)c1cnn(C(C)(C)C)c1', 'COc1ccccc1C(=O)COC(=O)Cn1c(=O)oc2ccccc21', 'COC(=O)c1ccccc1NC(=O)COC(=O)c1cccs1', 'COc1ccc(NC(=O)COC(=O)c2ccc(Cl)cc2)cn1', 'CC(=O)c1ccc(NC(=O)COC(=O)Cc2ccsc2)cc1']"
2147,1e-04,1.0,0.0,['OCCCc1nc(-c2ccc(Br)cc2)cs1']
2148,1e-04,0.0,0.0,[]
2149,1e-04,0.0,0.0,[]
2150,0.0021,0.30992427,0.6409454345703125,"['CN(C)C(=O)CCCC(=O)NC1(C)Cc2ccccc2C1', 'CC(C)CCC(=O)NCC(=O)Nc1ccc2c(c1)C(=O)CCC2', 'NS(=O)(=O)CCNC(=O)c1ccc2c(c1)C(=O)c1ccccc1-2', 'CC(C)(C)CCC(=O)Nc1ccccc1S(=O)(=O)N1CCCC1', 'CC(O)CC(C)CNC(=O)Nc1ccc2oc(C(F)(F)F)nc2c1', 'COC(=O)CC1=CC(=O)N(CC(N)=O)c2ccccc2N1', 'CC(CCC(=O)N1CCC(C(N)=O)c2ccccc21)c1ccccc1', 'COC(=O)CCC(=O)Nc1nc(-c2ccccc2)ns1', 'CN(C)S(=O)(=O)CCC(=O)NC1(C)Cc2ccccc2C1', 'COCCC(=O)N1CCC(n2c(-c3ccoc3)nc3cccnc32)C1']"
2151,0.0086,0.27728254,0.9656397104263306,"['Cc1nn(-c2ccccc2)c(C)c1CC(=O)NCC(O)c1ccco1', 'Cc1nn(-c2ccccc2)c(C)c1CNC(=O)C1CCCN1C(N)=O', 'Cc1nn(-c2ccccc2)c(C)c1NC(=O)NC(C1CC1)C1CC1', 'Cc1nn(-c2ccccc2)c(C)c1CC(=O)OC(C)c1ccccn1', 'Cc1nn(-c2ccccc2)c(C)c1CC(=O)N1CCOCC1(C)C', 'Cc1nn(-c2ccccc2)c(C)c1CNC(=O)N(C)CC1CC1', 'Cc1nn(-c2ccccc2)c(C)c1NC(=O)CC1CCCC1', 'Cc1nn(Cc2ccccc2)c(C)c1CNC(=O)Cc1ccc(O)cc1', 'Cc1nn(-c2ccccc2)c(C)c1CC(=O)Nc1ccccc1C#N', 'Cc1nn(-c2ccccc2)c(C)c1CNC(=O)c1ccc(C(N)=O)cc1']"
2152,1e-04,0.0,0.0,[]
2153,0.0619,0.45434904,0.3974286913871765,"['Cc1cc2c(SCCOC(C)C)ncnc2s1', 'O=c1cc(CSc2ncccn2)nc2n1CCS2', 'C=CCOC1CCC2C1OCCN2C(=O)c1ccoc1', 'Cc1cc(S(=O)OC(C)C)c2nc(C)ccc2c1', 'O=C(c1cnc(C2CCCO2)s1)N(CC1CC1)c1ccccc1', 'O=C(c1ccc(C2OCCO2)cc1)c1cccnc1', 'COc1ccc(Br)c2ccc(C)nc12', 'O=C(CCCOCC1CCOCC1)c1ccccc1', 'Cc1ccc(OCCCCO)c(Br)c1', 'O=C(C1Cc2ccccc2O1)N1CCCC(c2ccn[nH]2)C1']"
2154,0.0002,0.5,0.0,"['Fc1ccc(OCC=CCN2CCOCC2)cc1', 'COc1ccccc1C1(CCC#N)CCCCC1=O']"
2155,1e-04,0.0,0.0,[]
2156,1e-04,0.0,0.0,[]
2157,1e-04,0.0,0.0,[]
2158,0.0013,0.2625968,1.0537118911743164,"['Cc1cnc(C(=O)N2CC3(CCCC3)c3c(F)cccc32)cn1', 'CC(C)CN1C(=O)C2(OCCCO2)c2cc(Cl)ccc21', 'CN1C(=O)C2(OCCCO2)c2cccc(Cl)c21', 'CC(C#N)CN1C(=O)C2(CCCC2)Nc2cc(F)ccc21', 'CC(C)CCNC(=O)CN1C(=O)C2=C(CCC2)Nc2ccccc21', 'C=CCN1C(=O)C2(NC(=O)c3c(C)cccc3N2)c2ccccc21', 'O=C(NCc1cc[nH]n1)NC1CC2(CCC2)Oc2ccccc21', 'CN1C(=O)CN(C(=O)c2cnc(C3CCCO3)s2)c2ccccc21', 'CN1C(=O)C2(CCN(C(=O)C(C)(C)C)C2)c2ccccc21', 'CN(Cc1ccco1)C(=O)CN1C(=O)C(C)(C)c2ccccc21']"
2159,0.001,0.4069213,0.6103010773658752,"['C=CCCCN(C)C(=O)c1cccc(OC)c1F', 'C=CCNC(=O)CSc1nc(N)c2c3c(sc2n1)CCCC3', 'CC=CCC(=O)N1CC(F)CC1CNC(=O)CC1CCCC1', 'C=CCCC(=O)Nc1ccc(Cc2ccncc2)cc1', 'C=CCCCN(C)C(=O)c1ccc2cc(OC)ccc2n1', 'C=CCCCN(C)C(=O)Nc1ccc(C(=O)NC)cc1', 'C=CCCOC(C)C(=O)Nc1ccc2nc(C)oc2c1', 'C=CCOC(=O)c1cnn(-c2ccc(OC)nn2)c1C(F)(F)F', 'C=CCNC(=O)CCc1ccc(Br)cc1', 'C#CCOC(=O)CCCC(=O)Nc1ccccc1C']"
2160,0.2841,0.07268236,0.8569947481155396,"['CC#Cc1cn(C2OC(CO)C(O)C2OC)c(=O)[nH]c1=O', 'C=CCN(C)C(=O)CC1OC(CNC(=O)c2ccccc2)C(O)C1O', 'O=C(OCC1OC(n2ccc(=O)[nH]c2=O)CC1O)Oc1ccccc1', 'Cc1cn(C2(F)OC(CO)C(O)C2(F)F)c(=O)[nH]c1=O', 'CC(C)NC(=O)NCC1OC(CC(=O)N2CCOCC2)C(O)C1O', 'CC1(C)OC2C(O)CC(NC(=O)OCc3ccccc3)C2O1', 'CCOC(=O)CNc1nnnn1C1OC(CO)C(O)C1O', 'COC(=O)C1OC(c2ccccc2)OC1C(=O)OC', 'Cc1ccccc1C1CC(O)C(O)C1NC(=O)C(C)C', 'CCN1CC23CN(C(=O)c4ccccc4)CC(CC2S1(=O)=O)O3']"
2161,1e-04,0.0,0.0,[]
2162,0.0029,0.33083704,0.8142377138137817,"['O=C(Cc1cccc(F)c1)N1CCCN(c2nc(C3CC3)no2)CC1', 'O=C(Cc1ccc(F)cc1)N1CCN(Cc2nc(C3CC3)no2)CC1', 'O=C(c1ccc(=O)[nH]c1)N1CC(c2nc(-c3cnccn3)no2)C1', 'O=C(Nc1ccccc1)NC1CCN(C(=O)C2CC3CCC2C3)CC1', 'O=C(c1ccc(F)cc1Cl)N1CCN(Cc2n[nH]c(=O)[nH]2)CC1', 'O=C(CCCn1cccc1)N1CCN(C(=O)c2ccc(=O)[nH]c2)CC1', 'O=C(c1cccc(F)c1)N1CCCN(C(=O)c2ccc[nH]2)CC1', 'O=C(c1ccc2cc[nH]c2c1)N1CCC2(CC(c3ccccc3)CO2)C1', 'O=S(=O)(c1ccccc1)N1CCn2cc(Cn3cncn3)nc2C1', 'O=C(c1occc1-c1ccccc1)N1CCC(Nc2cccnn2)CC1']"
2163,1e-04,0.0,0.0,[]
2164,1e-04,0.0,0.0,[]
2165,1e-04,1.0,0.0,['COCCCn1ccc2c(cnc3c(-c4ccccc4)c(C)nn32)c1=O']
2166,1e-04,0.0,0.0,[]
2167,1e-04,0.0,0.0,[]
2168,0.0005,0.33590215,1.082736611366272,"['C=CCN(CC=C)C(=O)c1nn(-c2ccc(F)cc2)c2ncccc12', 'C=C(C)CN(CC)C(=O)C1=NC=C(S(=O)(=O)N(C)C)C1', 'C=CCN(CC=C)C(=O)CNc1ccc(C)c(C)c1', 'C=CCN(CC=C)C(=O)c1ccnc(OC2CCC2)c1', 'C=CCN(Cc1ccccc1F)C(=O)Cc1c(C)n[nH]c1C']"
2169,1e-04,0.0,0.0,[]
2170,1e-04,0.0,0.0,[]
2171,1e-04,1.0,0.0,['COCCN(Cc1ccccc1)C(=O)Nc1cc(C)cc2cccnc12']
2172,1e-04,0.0,0.0,[]
2173,1e-04,0.0,0.0,[]
2174,1e-04,0.0,0.0,[]
2175,1e-04,0.0,0.0,[]
2176,0.0068,0.42926067,0.7367335557937622,"['Cc1c(C(=O)N2CCC(Cc3ccccc3)C2)cnn1-c1ccncc1', 'Cc1c(C(=O)N2CCN(C(=O)N(C)C)CC2)cnn1-c1ccccn1', 'Cc1c(C(=O)NCCCCC2CCCC2)cnn1-c1ccncc1', 'Cc1c(C(=O)N2CCC3(CCCC3)C2)cnn1-c1ccncc1', 'Cc1c(C(=O)NCCOc2ccccc2)cnn1-c1ccncc1', 'Cc1c(C(=O)N(C)CCc2ccc(F)cc2)cnn1-c1ccccn1', 'Cc1c(CNC(C)c2cnc3ccsc3c2)cnn1C', 'CCc1c(C(=O)NCc2cscn2)cnn1-c1ccccc1', 'CCc1c(C(=O)NCc2cscn2)cnn1-c1cccc(Cl)c1', 'Cc1c(C(=O)NCc2ccc(C#N)cc2F)cnn1-c1ccncc1']"
2177,1e-04,0.0,0.0,[]
2178,0.0002,0.5,0.0,"['CCCC1=C(C(=O)OCC)C(c2ccccc2OC)NC(=O)N1', 'CC1=C(C(=O)OC(C)(C)C)C(c2ccc(F)cc2)NC(=O)N1']"
2179,1e-04,0.0,0.0,[]
2180,1e-04,0.0,0.0,[]
2181,1e-04,0.0,0.0,[]
2182,0.0049,0.44379783,0.6343019008636475,"['O=C(CCc1ccccc1F)OCc1ccccn1', 'O=C(Nc1ccc(Cl)c(Cl)c1)OCc1cccnc1', 'CC(CNS(C)(=O)=O)OC(=O)Cc1cccc2cccnc12', 'O=C(NC1CCCCNC1=O)OCC(F)(F)F', 'O=C(CNC(=O)c1ccccc1)OCc1ccccc1F', 'O=C(NC=Cc1ccco1)OCc1ccc(Cl)cc1', 'O=C(CCc1ccccc1)OCC(=O)c1ccc(F)cc1', 'O=C(Cn1ncc(=O)c2ccccc21)OCCNc1ncccn1', 'O=C(CCSc1ccccn1)Oc1ccc2cn[nH]c2c1', 'COCCN(Cc1cc2cc3c(cc2n2nnnc12)OCO3)C(C)=O']"
2183,1e-04,1.0,0.0,['CCCn1ccnc1-c1nccn1Cc1ccccc1-n1cncn1']
2184,0.0367,0.3192138,0.7057892084121704,"['Cc1cc(C(=O)NCc2nc(-c3ccncc3)no2)no1', 'CC(C)c1cc(-c2nc(-c3cccnc3)no2)n[nH]1', 'CC(=O)c1cccc(NCc2nc(CCC(C)C)no2)c1', 'CCCCNC(=O)c1nc(-c2cn(-c3ccc(Cl)cc3)nn2)no1', 'CNC(=O)C1CN(Cc2nc(-c3ccccc3)no2)CCO1', 'COc1ccc(F)cc1NC(=O)CCc1nc(-c2cccnc2)no1', 'CSc1cccc(NC(=O)CCc2nc(-c3ccsc3)no2)c1', 'COc1ccc(-c2nc(COC(=O)c3cc(C)no3)no2)cc1', 'O=S(=O)(c1cccnc1)N(Cc1nc(-c2ccoc2)no1)C1CC1', 'COc1ccc(CNCC(C)c2nc(-c3ccccc3)no2)cc1O']"
2185,0.0008,0.28648883,1.0910335779190063,"['CNc1nc(-c2ccccc2)c(C(C)=CC(=O)OC)s1', 'COc1cc(C=CC2NCCc3cc(F)ccc32)ccc1O', 'Cc1ccc(C2=CC(=O)N(CC(N)=O)c3ccccc3N2)c(C)c1', 'Cc1ccc(C2C(C(=O)N3CCC(C)CC3)CCC(=O)N2C)cc1', 'CCOc1ccc(CCC(=O)Nc2cccc(F)c2)cc1N', 'COc1cccc(CNCC(=O)Nc2ccc3c(c2)OCO3)c1', 'COc1ccc(CCCC(=O)Nc2nccs2)cc1', 'COc1cccc(CCC(=O)NCCc2ccccn2)c1']"
2186,1e-04,0.0,0.0,[]
2187,1e-04,0.0,0.0,[]
2188,0.0947,0.35165685,0.5644077062606812,"['Cc1ccc(C(=O)NCCCN2CCOCC2)cc1C', 'Cc1ccc(C(=O)NCCCN2CCOCC2)c(Cl)c1', 'CCc1ccc(C(=O)N2CC(C)OCC2C)s1', 'CCc1cc(C(=O)N2CCC(C)(O)C(O)C2)cc(=O)[nH]1', 'Cc1cccc(C(=O)NCCCN2CCOCC2)c1O', 'CCCc1cc(C(=O)NCCc2nncn2CC)no1', 'Cc1ccc(C(=O)NCCCNc2ncccn2)n1C', 'Cc1ncc(C(=O)NCCCOC(C)C)c(N)n1', 'Nc1ccc(C(=O)NCCn2cccn2)c(Cl)c1', 'COc1ccc(C(=O)NCCc2cccnc2)cc1Br']"
2189,1e-04,0.0,0.0,[]
2190,0.0004,0.5360607,0.3485398292541504,"['CCNC(=O)NCC#Cc1cccc(C(F)(F)F)c1', 'CCC(C#N)(CC)Cc1cc(OC)c(OC)c(OC)c1', 'CNC(=O)NCC(=O)NCC#Cc1ccc(C(F)(F)F)cc1', 'CC(=O)NCc1ccc(C(=O)NCC#Cc2ccccc2)cc1']"
2191,1e-04,0.0,0.0,[]
2192,1e-04,0.0,0.0,[]
2193,1e-04,0.0,0.0,[]
2194,1e-04,0.0,0.0,[]
2195,0.0005,0.46861988,0.7379927635192871,"['C=CCN1CC2=C(C1=O)C(c1ccc(O)cc1)NC(=O)N2C', 'CCN1CC2(CCC1=O)CCN(C(=O)NCc1ccccc1C)CC2', 'CCN1CC2(CCC1=O)CCN(c1cc(C3CC3)ncn1)CC2', 'C=CCOC1C2CCC1N(S(=O)(=O)c1ccccc1)CCO2', 'CC(=O)OC1CC2CCC1N(Cc1ccccc1)C2=O']"
2196,0.0071,0.31023335,0.6227036118507385,"['CCC(C)C(NC(N)=O)C(=O)NCc1cccc(F)c1', 'COCC(=O)N(C)C(C)(C(=O)OC)c1ccc(Br)cc1', 'CC(C)C(NC(N)=O)C(=O)NCC1Cc2ccccc2O1', 'CC(C)C(NC(N)=O)C(=O)Nc1cccc(-c2nnnn2C2CC2)c1', 'CCN(CC(=O)NC(C)(C)C)C(=O)NCCc1nc2ccccc2[nH]1', 'CCNC(=O)CN(CC)C(=O)C(C)NC(=O)c1ccccc1Cl', 'N#CCCN(CCC(F)(F)F)C(=O)Nc1nc2ccccc2s1', 'COC(=O)N(C)CCCC(=O)Nc1cnn(-c2ccccc2F)c1', 'CCN(CC)S(=O)(=O)CC(=O)Nc1cc(F)ccc1Cl', 'C=CCN(CC=C)C(=O)CNc1ccc(C)c(C)c1']"
2197,1e-04,0.0,0.0,[]
2198,1e-04,0.0,0.0,[]
2199,1e-04,1.0,0.0,['Nc1ncc(Br)c(Cl)c1Br']
2200,1e-04,0.0,0.0,[]
2201,0.003,0.19338591,0.9896494150161743,"['COc1cc2c(c(O)c1OC)c(=O)c1cccc(O)c1n2C', 'COc1ccc(C(=O)COc2ccccc2)c(OC)c1OC', 'COc1ccc(C2CC(=O)Oc3c2c(=O)oc2ccccc32)cc1', 'COc1ccc(C2CC(=O)Oc3c2c(=O)[nH]c2ccccc32)cc1', 'COC(=O)c1c(O)cc(O)cc1CCc1ccc(O)cc1', 'COc1cc2c(-c3cncc4cc(O)c(OC)cc34)cncc2cc1O', 'COc1ccc(C(=O)Oc2ccc3cc(C(N)=O)c(=O)oc3c2)cc1', 'COC(=O)c1ccccc1NC(=O)c1cc(OC)c(OC)cc1OC', 'COc1cc(CO)ccc1OCC(=O)OC(C)C', 'COc1cc(C(=O)Oc2ccc(NC(C)=O)cc2)cc(OC)c1OC']"
2202,1e-04,0.0,0.0,[]
2203,1e-04,0.0,0.0,[]
2204,0.0007,0.50440264,0.4881688952445984,"['c1nc(C2NCCc3ccc4c(c32)OCCO4)n[nH]1', 'c1ncc(C2NCCc3ccc4c(c32)OCO4)cn1', 'c1nc(Nc2ccc3c(c2)OCCO3)c2ccsc2n1', 'c1nc(N2CCCC2c2ccc3c(c2)OCCO3)c2ccsc2n1', 'c1nc(NCCN2CCOCC2)c2c3c(sc2n1)CCCC3', 'c1n[nH]c(SCc2nnc3n2CCCCC3)n1', 'c1nc2ccc(-c3noc(-c4cn(CC5CCCO5)nn4)n3)cc2[nH]1']"
2205,1e-04,0.0,0.0,[]
2206,0.0005,0.25637037,1.4297266006469727,"['O=C(COc1ccc2c3c(c(=O)oc2c1)CCC3)NCC1CCCO1', 'COc1ccc2c3c(ccc2c1)CCNC3c1cnoc1C', 'C=CCc1c(OCC(=O)NC2CC2)ccc2nc3n(c(=O)c12)CCC3', 'COc1ccc2nc3c(nc2c1)C(=O)c1ccccc1-3', 'COc1cc2nc3c(c(N)c2cc1OC)CCCC3']"
2207,0.2497,0.14571436,0.6634225249290466,"['O=c1c(-c2ccccc2)c(N2CCN(c3ccccc3)CC2)c1=O', 'CCOc1c(Nc2ccc(Cl)cc2C)c(=O)c1=O', 'CCOC(=O)N1CCN(c2c(-c3ccc(C)c(C)c3)c(=O)c2=O)CC1', 'CCOC(=O)c1ccc2c(c1)nc(-c1ccc(N)cc1)n2N', 'Cc1nn(C)c(C)c1CC(=O)NC1COc2ccccc2C1=O', 'O=C1Cn2ncnc2-c2cc(Br)ccc2N1', 'CCC(=O)c1ccc2c(c1)N(CC(C)C)C(=O)CO2', 'CC(=O)c1sc(N(C)C)nc1-c1ccc(N(C)C)cc1', 'CC(C)C1C(=O)NCCN1C(=O)NCC1CN2CCCCC2CO1', 'CCN(CC1COc2ccccc2O1)C(=O)c1ccc(F)c(F)c1']"
2208,0.0061,0.23710176,0.7250946760177612,"['O=S(=O)(NC(C1CC1)C1CC1)c1cccs1', 'CC(NC(=O)NC(C1CC1)C1CC1)c1ccccc1', 'CC(C)N(CC1CC1)S(=O)(=O)c1ccc(Br)cc1N', 'N#CCCN(CC1CC1)C(=O)Cc1cccc(O)c1', 'O=C(NCCOc1ccccc1F)NC(C1CC1)C1CC1', 'O=S(=O)(C1CC1)N1CCN(c2cccc(Cl)c2)CC1', 'CCN(CC1CC1)C(=O)Nc1cc2c(cc1SC)OCCO2', 'O=C(COCC1CC1)NCC1(c2ccccc2Cl)CCOCC1', 'O=C(CN(C1CC1)S(=O)(=O)c1cccnc1)Nc1ccccc1', 'O=C(C1CC1C1CC1)N1CCC(OCc2ccccc2F)CC1']"
2209,1e-04,0.0,0.0,[]
2210,1e-04,0.0,0.0,[]
2211,1e-04,0.0,0.0,[]
2212,0.0003,0.44984618,0.6816340088844299,"['COC(CNC(=O)C1CCCCC1)c1ccc(C)s1', 'O=C(CC1C=CCC1)Nc1cccc(OCc2ccccn2)c1', 'CC(OCC1CCCO1)C(=O)NCCC1=CCCCC1']"
2213,1e-04,0.0,0.0,[]
2214,1e-04,0.0,0.0,[]
2215,1e-04,0.0,0.0,[]
2216,0.0027,0.36276504,0.7187902331352234,"['Cn1cc(NC(=O)C2CC3CCC2O3)cc(Br)c1=O', 'Cc1ccc(OCC(=O)NC2CC3CCC2C3)cc1C', 'Nc1cc(NC(=O)CC2CC3CCC2C3)ccc1Cl', 'COc1cc(NC(=O)N2C3CCC2COC3)cc(OC)c1OC', 'CCCc1nnc(N2CC3CCC(C2)C3OC)o1', 'CCc1cc(C(=O)NCCC2CC3CCC2C3)[nH]n1', 'Cc1cc(C(=O)NC2CC3CCC2(C)C3(C)C)ccc1-n1cnnn1', 'Cc1ccc(-c2noc(C3CC34CCCCC4)n2)nn1', 'COC(=O)c1ccc(CN2CCCC3(C2)OCCO3)cc1F', 'Cc1cc(C(=O)N2CCOC3CCC2C3Oc2ncccc2F)no1']"
2217,0.002,0.42109337,0.7520996332168579,"['C=CCOC1CN(S(=O)(=O)c2cccnc2)C2CCCOC12', 'O=C1CN(Cc2c[nH]nc2-c2ccccc2)C2CCCCC2N1', 'COCCNC(=O)C1CN(c2nnc(C)s2)CC2OCCC21', 'CC1(C)C(NC(=O)NCCc2ccc3c(c2)CCO3)C2CCOC21', 'CC1(C)C(NC(=O)c2csc(-c3ccoc3)n2)C2CCOC21', 'CN(Cc1ccco1)C1CN(Cc2cccs2)C2CCCOC12', 'O=C1N(Cc2cccnc2)CC2CN(Cc3ccccn3)CCN12', 'O=C(c1cccs1)N1CC(OCC2CCOCC2)C2COCC21', 'O=C1CN(C(=O)c2cccc(-c3ccoc3)c2)C2CCCCC2N1', 'CC1CCN(C(=O)C2CCCO2)C2CCCCC12']"
2218,1e-04,0.0,0.0,[]
2219,1e-04,0.0,0.0,[]
2220,0.0004,0.64914495,0.1911582201719284,"['COc1ccc(-c2nn3c(=O)c4ccccc4nc3s2)cc1OC', 'COc1cccc(OCc2nc3c4cn[nH]c4ncn3n2)c1', 'Fc1ccc(Cn2c3ccccc3c3nn4cnnc4nc32)cc1', 'COc1ccc(NC(=O)c2cnn3c(=O)cc(C)[nH]c23)c(OC)c1']"
2221,1e-04,0.0,0.0,[]
2222,0.0003,0.5503833,0.29879075288772583,"['O=c1c(=CC=Cc2ccccc2)sc2nc(-c3ccncc3)nn12', 'CC(NC1=NS(=O)(=O)c2ccccc21)C(=O)N1CCOCC1', 'O=C(NC=Cc1ccco1)OCc1ccc(Cl)cc1']"
2223,1e-04,1.0,0.0,['CCCC(=O)N1CCC(c2c[nH]c3ccc(OC)cc23)CC1']
2224,0.0886,0.37893748,0.5275202989578247,"['O=C(CCNS(=O)(=O)c1cccs1)Nc1cn[nH]c1', 'CCCCc1nc(CN2CCCC(c3cc(C(N)=O)[nH]n3)C2)no1', 'CCC(C)NC(=O)c1cc(-c2ccc(C)s2)[nH]n1', 'CC1CCCCN1c1nc(C(F)(F)F)cc(=O)[nH]1', 'CC(C)(C)c1cc(C(=O)NCc2ccncc2)[nH]n1', 'CC1CCCCC1NC(=O)COc1cccc(-c2cn[nH]c2)c1', 'CC(C)(C)c1nc(CN2CCN(C(=O)c3cc[nH]n3)CC2)cs1', 'O=C(c1cc(-c2csc(NC3CCCC3)n2)c[nH]1)N1CCCC1', 'COCCN(Cc1ccccn1)S(=O)(=O)c1cn[nH]c1', 'CCCCc1cc(NC(=O)CCc2cnn(C)c2C)[nH]n1']"
2225,1e-04,0.0,0.0,[]
2226,0.0005,0.5574934,0.3216344118118286,"['Cc1cc(C)c(CNC(=O)C(C)Oc2ccc3c(c2)CCC3)c(=O)[nH]1', 'Cc1cccc(OCC(O)CNC(=O)Nc2ccc3c(c2)COC3)c1', 'CS(=O)(=O)NCC1CCCN(C(=O)c2ccc3c(c2)CCC3)C1', 'Cc1cc(C)nc(NC(=O)C(C)Oc2ccc3c(c2)CCC3)n1', 'COC(=O)C1CCCN(S(=O)(=O)c2ccc3c(c2)CCC3)C1']"
2227,1e-04,0.0,0.0,[]
2228,1e-04,0.0,0.0,[]
2229,1e-04,0.0,0.0,[]
2230,1e-04,0.0,0.0,[]
2231,0.0013,0.3481623,0.7711326479911804,"['Cc1ccc(CN2CC3CC(C(=O)NCC(C)C)C(C2)O3)cc1', 'CCOc1ccc(C(=O)Nc2ccc3c(c2)NC(=O)C(C)(C)O3)cc1', 'CCCC(=O)Nc1nc(-c2ccc3c(c2)NC(=O)C(C)O3)cs1', 'Cc1ccc(NC(=O)c2ccc3c(c2)NC(=O)C(C)S3)cc1F', 'CCOc1ccc(NC(=O)c2cccc3c2C(=O)N(CC)C3)cc1', 'COc1cc(OC)c(-c2[nH]nc3c2C(=O)CC(C)(C)C3)cc1OC', 'Cn1cc(CNc2ccc3c(c2)CCC(=O)N3)nn1', 'C=CCNc1nc(-c2ccc3c(c2)CCCC(=O)N3)cs1', 'Cc1ccc(OCc2nnc3c(N)ccc(C)n23)cc1', 'COc1ccc(NC(=O)c2cn3c(n2)CN(CC(C)C)CC3)cc1']"
2232,1e-04,0.0,0.0,[]
2233,1e-04,0.0,0.0,[]
2234,1e-04,0.0,0.0,[]
2235,0.0003,0.35968935,1.20696222782135,"['CC1(C)c2cc(N)ccc2CN(C2CCCCC2)S1(=O)=O', 'CC1(C)CN(Cc2ccccc2)c2cc(N)ccc2O1', 'CC1Cc2cc(F)ccc2C(C)N1Cc1cccc(C(=O)N(C)C)c1']"
2236,1e-04,0.0,0.0,[]
2237,1e-04,0.0,0.0,[]
2238,1e-04,0.0,0.0,[]
2239,1e-04,0.0,0.0,[]
2240,1e-04,0.0,0.0,[]
2241,0.0075,0.30300978,0.8389720916748047,"['Cc1nn(C(=O)c2ccccc2)c2c1C1C(C2)C1(C)C', 'COC1(C)CC(NC(=O)CCNC(=O)C(C)(C)C)C1(C)C', 'CC1(C(=O)NCc2cccs2)CC1(Cl)Cl', 'CC1(C)C(C(=O)N2CCC(C(N)=O)CC2)C1(C)C', 'COC1(C)CC(NC(=O)Nc2ccc(CC#N)cc2)C1(C)C', 'CC1(C(=O)NCc2cccc(Cl)c2)CC1(Cl)Cl', 'CC1(C)C(C(=O)NCc2csc(=O)[nH]2)C1(C)C', 'COCCN1CCN(C(=O)C2(C)CC2(Cl)Cl)CC1=O', 'CC(=O)N1c2ccccc2CC1C(=O)N1CCCC1(C)C', 'O=C(NCCNC(=O)C1CC1(Cl)Cl)c1ccccc1Cl']"
2242,1e-04,0.0,0.0,[]
2243,1e-04,0.0,0.0,[]
2244,1e-04,0.0,0.0,[]
2245,1e-04,0.0,0.0,[]
2246,0.02,0.3430277,0.5712372064590454,"['O=C(NC1CC1)C(NC1CCc2ncnn2C1)c1ccccc1', 'CC(C)Oc1cccc(CNC2CCCNC2=O)c1', 'O=C(COC1CCCCC1)NC1CCC2(CC1)OCCO2', 'COc1ccc(CC(=O)NC2CC(O)C(CO)C2)cc1', 'Cc1cc(C(=O)NC2CCCNC2=O)c(C2CC2)o1', 'N#Cc1cc(F)ccc1CNC1(C(=O)NCC2CC2)CCCC1', 'Cc1cc(C(=O)NC2CCCCNC2=O)c(C)o1', 'O=C(NCc1ccncc1)NC1CCCC1Oc1ccccc1', 'COc1nc(C)nc(NC2CCCCC2C)c1N', 'CCOc1cc(CNC2CCCNC2=O)ccc1OC(F)F']"
2247,0.0019,0.41444197,0.6135942935943604,"['CCN(CC)C(=O)NC1C(NC(=O)N(CC)CC)N(C)C(=O)N1C', 'CCC(C)NC(=O)C1c2ccccc2C(=O)N1Cc1ccccc1', 'Cc1ccccc1C1(C)Nc2ccccc2C(=O)N1C', 'O=C(NCc1cccnc1)C1c2ccccc2C(=O)N1C1CCCC1', 'N#CC1(c2ccccc2)CCC(=O)N1Cc1ccccc1', 'Cc1nc(C2Nc3ccccc3C(=O)N2Cc2ccccc2)cs1', 'O=C(NC1CCCC1)C1c2cccn2CC(=O)N1C1CC1', 'COCCCNC(=O)C1(C)CCC(=O)N1Cc1ccc(Cl)cc1', 'COC(=O)C1=C(C)N(C2CC2)C(=O)NC1c1ccc(F)cc1F', 'O=C1c2nccnc2C(O)N1c1ccc(Br)cn1']"
2248,0.1099,0.31285015,0.5434412956237793,"['CC(NC(=O)NC(C1CC1)C1CC1)c1ccccc1', 'CC1CC1CNS(=O)(=O)c1c(F)cccc1F', 'CCC(C)NC(=O)COc1cccc2ccccc12', 'COc1ccc(CC2C(=O)Nc3ccccc32)cc1Cl', 'Cc1cc(C)cc(N(CCC#N)C(=O)COc2ccccc2F)c1', 'CC(C(=O)NC1CCN(c2ccccc2)C1=O)c1ccsc1', 'Nc1ccc(S(=O)(=O)Nc2cccc3ccccc23)cc1', 'CCOc1ccc(C(C)NC(=O)COC)cc1OC', 'CCOCC1CC2(COCCN2C(=O)c2ccc3[nH]ccc3c2)CO1', 'COCC(C)NC(=O)COc1cc(N)ccc1C']"
2249,0.0012,0.17509897,1.4561017751693726,"['CC(=O)Nc1cccc2c1ccn2CC(=O)Nc1ccc(F)cc1', 'OCc1ccc2c(ccn2Cc2ccccc2F)c1', 'COc1ccc2c(ccn2CC(=O)N2CCN(CC(C)O)CC2)c1', 'COc1ccc2c(ccn2CC(=O)OCC2CCCCO2)c1', 'COc1ccc2c(ccn2CC(=O)Nc2ccc(OC)c(OC)c2)c1', 'COC(=O)c1ccc2c(c1)ncn2-c1cccc(F)c1', 'COc1ccc(C(N)=O)cc1-c1ccnc2c1ccn2C', 'Nc1cccc2c1OCCN2C(=O)c1ccc2[nH]cnc2c1', 'COc1ccc2c(ccn2CC(=O)N2CCCC2C(N)=O)c1', 'CCc1nnc(-c2cc3ccccc3n2CC(=O)c2ccccc2)o1']"
2250,1e-04,0.0,0.0,[]
2251,0.0002,0.5,0.0,"['CC(C)(C)CC1NCCc2c(F)cc(F)c(F)c21', 'CCn1cc(Br)cc1C(=O)NCCCC(C)C']"
2252,0.0111,0.3336949,0.7937008738517761,"['COCCN(Cc1ccccn1)S(=O)(=O)c1cn[nH]c1', 'CN(C1CCCCC1O)S(=O)(=O)Cc1cccc(Cl)c1', 'CCN(C1CCCC1)S(=O)(=O)c1cn(CC)nc1N', 'CC(C(=O)N1CCCCCC1)S(=O)(=O)c1ccccc1Cl', 'CCCN(CC1CC1)S(=O)(=O)c1cccc(S(N)(=O)=O)c1', 'CC(C)N(CC1CC1)S(=O)(=O)c1ccc(Br)cc1N', 'CCCN(Cc1ccsc1)S(=O)(=O)c1c(C)noc1C', 'CN(Cc1cccc(Cl)c1)S(=O)(=O)c1cnn(C)c1', 'CN(Cc1ccccc1N)S(=O)(=O)c1cccc(C#N)c1', 'CCN(CCCNC(=O)NC1CC1)S(C)(=O)=O']"
2253,1e-04,0.0,0.0,[]
2254,1e-04,0.0,0.0,[]
2255,0.0129,0.30432618,0.7571870684623718,"['Cc1nc(-c2cc(Cl)ccc2N)sc1CCO', 'Cc1nc(C(N)c2cncc(Br)c2)sc1C', 'Cc1nc(COc2ccc(F)cc2)sc1CCO', 'Cc1nc(-c2ccc3c(c2)CCC3)sc1CCO', 'CCc1nc(CCNC(=O)c2ccccc2C)sc1C', 'Cc1nc(C(C)(C)NC(=O)C(C)c2ccsc2)sc1C', 'CCc1cc(C(=O)Nc2ccc(OC)nc2)sc1C', 'Cc1nc(CNC(=O)NCC(C)Nc2ccccc2)sc1C', 'Cc1nc(Cc2ccccc2)sc1C(=O)N1CCC(C(N)=O)C1', 'Cc1nc(NC(=O)c2ccnn2C)sc1C(=O)N(C)C']"
2256,0.0053,0.3417991,0.7966083884239197,"['COc1cc(CNc2ccc(C)cc2)cc(Cl)c1OCC(N)=O', 'Cc1cc(CNC(=O)NCCc2ccccc2)cc(C)c1O', 'COc1cc(CN2CCNc3ccccc32)cc(OC)c1OC', 'COc1cc(CC(=O)NC(C)(C)C)cc(OC)c1OC', 'COc1cc(NC(=O)Cc2ccccc2F)cc(OC)c1OC', 'COc1cc(CC(=O)NC(C)c2ccccc2)cc(OC)c1OC', 'CC=Cc1cc(C(=O)Nc2nccs2)cc(OC)c1OC', 'COc1cc(CC(=O)NCc2ccc(C)cc2)cc(OC)c1OC', 'COc1cc(CNC(=O)Cc2ccc(F)cc2F)cc(OC)c1O', 'COc1cc(CC2CCCCC2=O)cc(OC)c1OC']"
2257,1e-04,1.0,0.0,['CN1C(=O)c2cccc3c(S(=O)(=O)N4CCOCC4)ccc1c23']
2258,1e-04,0.0,0.0,[]
2259,0.0007,0.4373587,0.4987214207649231,"['OCCc1cn(C2CCN(C3N=CN=C4N=CN=C43)CC2)nn1', 'CNC(=O)OCc1nc(-c2ccccc2)oc1COC(=O)NC', 'COc1ccc(C2CC(=O)Oc3c2c(=O)oc2ccccc32)cc1', 'Cc1cc(=O)c(CO)cn1-c1cc(Cl)cc(Cl)c1', 'O=C(CCNC(=O)c1scc2c1OCO2)NC1CCCCC1', 'CCC(CC)N(CCO)C(=O)Oc1ccccc1', 'Cc1ccccc1NC(=O)c1c[nH]n(-c2ccc(F)cc2)c1=O']"
2260,1e-04,0.0,0.0,[]
2261,0.0023,0.42240214,0.6824941039085388,"['CS(=O)(=O)c1cc(Br)ccc1C1OCCO1', 'O=C(c1ccc(C2OCCO2)cc1)c1cccnc1', 'COc1ccc(C(=O)c2ccc(C3OCCO3)s2)cc1', 'CC1CCN(C(=O)c2cccc(C3OCCO3)c2)c2ccccc21', 'Fc1cnc(-c2cnn(CC3OCCO3)c2)nc1', 'N#Cc1ccc(NC(=O)N2CCC(C3OCCO3)CC2)cc1', 'O=C(Nc1cccc(Cl)c1)OCC1OCCO1', 'COc1ccc(C(O)CCC2OCCO2)cc1OC', 'O=C(c1scnc1C1CCCC1)N1CCCCC1C1OCCO1', 'O=C(Nc1ccc(F)cc1Cl)N1CCC(C2OCCO2)CC1']"
2262,1e-04,0.0,0.0,[]
2263,1e-04,0.0,0.0,[]
2264,1e-04,0.0,0.0,[]
2265,0.0174,0.3647341,0.637502133846283,"['COc1ccccc1-c1nnc(SCC(=O)N2CCCCC2)o1', 'CCc1nnc(SCC(=O)Nc2ccc(Cl)cc2Cl)o1', 'CCOc1ccc(-c2nnc(SCC(=O)N3CCCC3)o2)cc1', 'COc1cccc(-c2nnc(SCC(=O)N3CCCCC3)o2)c1', 'COc1cccc(-c2nnc(SCC(=O)Nc3ccccc3)o2)c1', 'Cc1ccc(-c2nnc(SCC(=O)N3CCOCC3)o2)cc1', 'CCCn1c(C)nnc1SCC(=O)Nc1ccc(C)c(F)c1', 'Cc1nnc(SCC(=O)Nc2ccc3c(c2)OCCO3)n1N', 'CCCCc1nnc(SCC(=O)Nc2ccc(Cl)cc2)n1N', 'COc1nn(C)cc1-c1nnc(SCC(=O)N2CCCC2)n1C']"
2266,1e-04,0.0,0.0,[]
2267,1e-04,1.0,0.0,['FC(F)(F)Oc1ccccc1NCc1nnc(C2CCC2)o1']
2268,0.0005,0.58734834,0.5560184717178345,"['NC(=O)c1cccc(OS(=O)(=O)c2ccccc2F)c1', 'NC(=O)c1cccc(CNS(=O)(=O)c2ccc(F)cc2)c1', 'O=C1NC(O)c2cc(Br)cc(Br)c2O1', 'O=S(=O)(NCc1cc(Br)ccc1F)c1cn[nH]c1', 'COC(=O)c1ccc(CNC(=O)c2ccc(F)cc2Cl)cc1']"
2269,1e-04,0.0,0.0,[]
2270,0.0603,0.316746,0.5807905197143555,"['O=C(NCc1cscn1)Nc1ccccc1Cl', 'O=C(NCCc1cccc(Cl)c1)C1CCOC1', 'O=C(NCCc1cscn1)N1CCOCC1C1CC1', 'O=C(NCc1cscn1)c1ccc(Cl)cc1', 'O=C(NCc1nnc2n1CCC2)C1CC1c1ccco1', 'O=C(CSc1ccccc1Cl)NCc1cscn1', 'O=C(NCc1ccc(Br)cc1)N1CCCC1', 'O=C(NCCCn1cc(Br)cn1)c1ccco1', 'O=C(NCCOc1cccc(Cl)c1)NC1CCCC1', 'O=C(CCCOc1ccccc1F)Nc1nncs1']"
2271,1e-04,0.0,0.0,[]
2272,1e-04,1.0,0.0,['O=C1CC(C(=O)Nc2ccccc2)NC(N2CCCCC2)=N1']
2273,1e-04,0.0,0.0,[]
2274,0.0034,0.27719507,0.8752760291099548,"['O=C(c1cc(NCc2cccnc2)nc2ccccc12)N1CCOCC1', 'O=C(c1cccc(-c2noc(-c3ccc(F)cc3)n2)c1)N1CCCC1', 'O=C(COCC1CC2OCCN(Cc3ccco3)C2C1)N1CCCC1', 'O=C(C1CCN(c2ccc(Cl)cc2)C1=O)N1CCCCCC1', 'O=C(c1cc(-c2csc(NC3CCCC3)n2)c[nH]1)N1CCCC1', 'O=C(Cn1c(C=Cc2ccco2)nc2ccccc21)N1CCCC1', 'O=C(c1coc(COc2ccc3ncccc3c2)n1)N1CCC1', 'O=C(c1ccc(-c2cccc3cnccc23)nc1)N1CCCC1', 'O=C(c1cc(-c2ccc(Cl)c(Cl)c2)ns1)N1CCC(O)C1', 'O=C(c1cnn(-c2ccc(Cl)cc2Cl)c1)N1CC2CCC1C2']"
2275,1e-04,0.0,0.0,[]
2276,1e-04,0.0,0.0,[]
2277,1e-04,0.0,0.0,[]
2278,1e-04,0.0,0.0,[]
2279,1e-04,0.0,0.0,[]
2280,0.0004,0.42501292,0.8293922543525696,"['CCOCC12COCC1CN(C(=O)c1sccc1C)C2', 'COCC12CCCOC1CCN(C(=O)c1ccoc1C)C2', 'C=CCOCC12CCCOC1CCN(C(=O)c1ccco1)C2', 'CN(CC12CC3CC(CC(C3)C1)C2)C(=O)c1ccc(C(N)=O)cn1']"
2281,0.3757,0.1378682,0.771426796913147,"['OC(Cc1cnccn1)(c1ccccc1)c1ccccc1', 'NC(=O)C(CCSc1ccccc1)c1ccccc1', 'Cc1nc(COC(=O)C(O)(c2ccccc2)c2ccccc2)cs1', 'O=C(OC(C(=O)c1ccccc1)c1ccccc1)c1cccnc1', 'CC(O)C(NC(=O)OCc1ccccc1)C(N)=O', 'CCC(NC(=O)CNCc1ccccc1)c1ccccc1', 'COC(C(=O)OCc1cccc(F)c1)c1ccccc1', 'O=c1c(-c2ccccc2)c(N2CCN(c3ccccc3)CC2)c1=O', 'CC1CN(CCOc2ccccc2)CCN1CC(O)c1ccccc1', 'CN(Cc1ncnn1C)C(=O)NCC(c1ccccc1)c1ccccc1']"
2282,0.007,0.2918458,0.828924298286438,"['COCCC(=O)NC1CCCc2nc(N(C)C)ncc21', 'CCCOCC(=O)NC1CCCn2nc(CC)nc21', 'CCc1nnsc1C(=O)NC1CCCc2occc21', 'CC(=O)Nc1nc(C(=O)NC2CCCc3occc32)cs1', 'Cc1cc(C(=O)NCC2COCc3c(C)nnn3C2)no1', 'Cn1ncc(C(=O)NC2CCCc3occc32)c1-n1cccc1', 'CCCCN(CCO)C(=O)NC1CCCn2nc(CC)nc21', 'COCC(NC(=O)NC1CCCc2c1cnn2C)c1ccc(C)o1', 'O=C(Nc1ccc2ccccc2c1)NC1CCCc2occc21', 'O=C(NC1CC1)C(NC1CCc2ncnn2C1)c1ccccc1']"
2283,1e-04,0.0,0.0,[]
2284,1e-04,0.0,0.0,[]
2285,1e-04,1.0,0.0,['CC(C)CN1C(=O)C(CC(=O)N2CCCC2)Sc2ncccc21']
2286,1e-04,0.0,0.0,[]
2287,0.003,0.34404564,0.6960113644599915,"['Cc1ccc(N2CCOCC2)c(Br)c1', 'COc1cccc(OCCCN2CCOCC2)c1', 'Brc1ccc(Oc2cnccn2)cc1', 'Brc1cccc(NCc2ccccn2)c1', 'COc1ccc(C(O)CCC2OCCO2)cc1OC', 'COc1cccc(CNCCN2CCOCC2)c1', 'COc1ccc(C2NCCNC2=O)c(OC)c1C', 'Brc1ccc(NCCOCC2CCOCC2)cc1', 'CCOc1ccc(C(=O)OCC2CCCCO2)cc1', 'Fc1ccc(OCC=CCN2CCOCC2)cc1']"
2288,1e-04,0.0,0.0,[]
2289,0.0118,0.38624278,0.6760207414627075,"['CCC(C#N)(CC)Cc1cc(OC)c(OC)c(OC)c1', 'CCCCN(C)S(=O)(=O)NCc1ccc(C#N)cc1F', 'C=CCN(C)C(=O)CC1OC(CNC(=O)c2ccccc2)C(O)C1O', 'CC1CC(C)CN(C(=O)C2(C)CC2(Cl)Cl)C1', 'CC1CC(C)CN(C(=O)c2cc(Cl)ccn2)C1', 'CCN(C(C)C)S(=O)(=O)c1ccc2c(c1)CCCN2', 'COCCC(C)NC(=O)Nc1ccc(OC(F)F)c2ncccc12', 'COCCC(C)NC(=O)C1CN(Cc2ccccc2)CCO1', 'CC1CC(C)CN(C(=O)c2snc(C#N)c2N)C1', 'CC1CC(C)CN(C(=O)COc2ccccc2N)C1']"
2290,0.0002,0.5,0.0,"['C#CCOC(=O)CCCC(=O)Nc1ccccc1C', 'COC(=O)CCC(=O)Oc1ccc(C(C)=O)cc1']"
2291,1e-04,0.0,0.0,[]
2292,1e-04,0.0,0.0,[]
2293,0.0004,0.7372674,0.029742149636149406,"['Cc1ccc(C(N)=O)cc1NCCN1CCCc2ccccc21', 'CC(C)n1cc(Br)cc1C(=O)N1CCNC(=O)C1', 'Cc1ccc(S(C)(=O)=O)cc1C(=O)NCCCc1ccccc1', 'Cc1cccc(C(N)=O)c1NCc1ccc(F)cc1']"
2294,1e-04,0.0,0.0,[]
2295,1e-04,0.0,0.0,[]
2296,1e-04,0.0,0.0,[]
2297,1e-04,0.0,0.0,[]
2298,1e-04,0.0,0.0,[]
2299,1e-04,0.0,0.0,[]
2300,0.0002,0.5,0.0,"['CC#Cc1cn(C2OC(CO)C(O)C2OC)c(=O)[nH]c1=O', 'Cc1cn(C2(F)OC(CO)C(O)C2(F)F)c(=O)[nH]c1=O']"
2301,1e-04,0.0,0.0,[]
2302,0.0003,0.4377494,0.7395508289337158,"['CCC(C(=O)NC1CCCCC1)n1ncn2c(cc3occc32)c1=O', 'CCCn1c(=O)c2c(nc3n(C)c(C)c(C)n23)n(C)c1=O', 'N#Cc1c(=O)c2c(=O)oc3ccccc3c2n2nc3n(c12)CCCCC3']"
2303,1e-04,1.0,0.0,['N#CCC1(COC(=O)C2CC2c2ccc(F)cc2)CC1']
2304,1e-04,0.0,0.0,[]
2305,1e-04,0.0,0.0,[]
2306,0.0003,0.54460937,0.3169519901275635,"['O=C1OCCN1CCS(=O)(=O)c1ccc(O)cc1', 'O=S1(=O)c2ccc(O)cc2CC1c1ccccc1', 'COc1ccc(F)cc1S(=O)(=O)NCCSc1ccccc1']"
2307,1e-04,0.0,0.0,[]
2308,0.0013,0.33736384,0.8499221205711365,"['C=CCC(O)(CC=C)CNC(=O)c1cc(C)nc2cc(C)ccc12', 'C=CC(CC(=O)Nc1cc(C)nn1-c1ccc(C)nn1)c1ccccc1', 'C=CCC(c1ccco1)N(C(C)=O)c1ccccc1', 'CC=CCC(=O)N1CC(F)CC1CNC(=O)CC1CCCC1', 'C#CCC(OC(=O)c1ccc(NC(C)=O)cc1)c1ccccn1', 'C=CCCS(=O)(=O)N1CCC(Cn2nc(C)cc2C)CC1', 'C=CCN(CC=C)C(=O)c1ccnc(OC2CCC2)c1', 'C=CCS(=O)(=O)c1ccc(C(=O)C(C)C)cc1', 'OC(CC(O)C(Cl)(Cl)Cl)c1ccccc1', 'C=CCNS(=O)(=O)c1cccc(C(=O)N2CCC2)c1']"
2309,1e-04,0.0,0.0,[]
2310,1e-04,0.0,0.0,[]
2311,1e-04,0.0,0.0,[]
2312,1e-04,0.0,0.0,[]
2313,1e-04,0.0,0.0,[]
2314,1e-04,0.0,0.0,[]
2315,1e-04,1.0,0.0,['CC(C)c1nc2sc3c(c2c(=O)n1N)CCCC3']
2316,1e-04,0.0,0.0,[]
2317,1e-04,0.0,0.0,[]
2318,1e-04,0.0,0.0,[]
2319,0.0002,0.5,0.0,"['CN1C(=O)OC(C)(CC(C)(C)c2ccccc2)C1(C)O', 'Cc1ccc(CCC(=O)OC2C(=O)OCC2(C)C)c(C)c1']"
2320,1e-04,0.0,0.0,[]
2321,0.5642,0.24941234,0.8118985891342163,"['Cc1ccc(-c2nc3n(c2C(N)=O)CCS3)cc1', 'CSc1ccc(C(C)NC(=O)CSc2ncn[nH]2)cc1', 'COc1ccc(C2NC(=O)NC=C2c2nc3ccccc3s2)cc1', 'CCOc1ccc(C(O)CNC(=O)C2CCCO2)cc1', 'COc1ccc(-n2cnc3c2N=C(O)CC3c2cccc(F)c2)cc1', 'Fc1ccc(Cn2c3ccccc3c3nn4cnnc4nc32)cc1', 'CCOc1ccc(C2CC(=O)Nc3nc(C)[nH]c(=O)c32)cc1', 'Fc1ccc(C(Nn2cncn2)C2CCCCC2)cc1', 'COc1ccc(NC(=O)CSc2nncn2-n2cccc2)cc1', 'CCCc1ccc(C(O)C(C)NCc2ccccn2)cc1']"
2322,0.0027,0.5978232,0.31737539172172546,"['CCOc1ccc(N)cc1COCC1CCOC1', 'Cc1ncsc1C(=O)NCc1ccccc1Cl', 'Nc1ncnc(Nc2cccc(Br)c2)c1N', 'Cc1nnc(SCCCO)n1Cc1ccccc1', 'O=C(NCc1cscn1)Nc1ccccc1Cl', 'O=c1ccnc(Cc2ccc(Br)cc2)[nH]1', 'FC(F)(F)CNCCOc1ccc(Cl)cc1', 'O=C(NCC1CC1)c1ccc(F)cc1Br', 'Cn1ccnc1NCc1ccc(Cl)c(Cl)c1', 'O=C(CCn1cncn1)Nc1ccccc1Br']"
2323,0.0052,0.36214843,0.734338641166687,"['Cc1nc(C)c(C(=O)OCc2cccc3cccnc23)s1', 'Cc1nc(C)c(C(=O)NC2CCCc3ccccc32)s1', 'Cc1nc(C)c(C(=O)NCc2ccccc2OC(F)(F)F)s1', 'CCc1nc(C)c(C(=O)NCCOCc2ccc(Cl)cc2)o1', 'Cc1ccc(-c2nc(C)c(C(=O)OCC(=O)NC(C)C)s2)o1', 'CCCc1nc(C)c(C(=O)NCc2c(C)cc(C)[nH]c2=O)s1', 'COCCN(C(C)=O)c1nc(C)c(C(=O)NC2CCCC2)s1', 'Cc1nc(C)c(C(=O)NCC(C2CCOC2)N2CCOCC2)s1', 'COC(C)c1nc(C)c(C(=O)N2CCOc3ccc(F)cc32)s1', 'Cc1nc(C)c(C(=O)N2CCCC(Cc3nccs3)C2)s1']"
2324,0.0345,0.52898324,0.4340447783470154,"['O=C(c1cc(-c2ccco2)on1)N1CCC(Oc2cnccn2)CC1', 'CC(c1nncn1C)n1ccnc1-c1ccccc1-c1ccccc1', 'O=C(NC1=CC2N=CC=C2C=C1)c1cc(-n2cccc2)ccc1Cl', 'O=C(c1cc(-c2ccco2)n[nH]1)N1CCC(Oc2ccccn2)CC1', 'O=C(NCCCO)c1cn(-c2ccccc2)nc1-c1cccnc1', 'CC1CCC2(CCN(C(=O)c3c[nH]cn3)CC2)c2ccccc21', 'Cc1cc(=O)n(C)cc1NC(=O)NC1C2CCc3ccccc3C21', 'CN(Cc1ccc2ccccc2c1)C(=O)Cn1nnc2ccccc21', 'CCC(C(=O)NCc1n[nH]c2c1CCCC2)n1cnc2ccccc21', 'Cc1noc(C)c1CN(C)C(=O)c1ccnc(-n2ccnc2)c1']"
2325,1e-04,0.0,0.0,[]
2326,0.001,0.33041716,0.8847368955612183,"['CCCOC(=O)c1cc(-c2c(O)cc(O)cc2O)nn1CCO', 'Cc1nnc(COC(=O)c2cc(N3CCCC3=O)ccc2Cl)n1C', 'Cc1nc(-c2ccc(CC(=O)OCCC(F)(F)F)cc2)cs1', 'CCc1nc(Cn2c(C)cc(C(F)(F)F)cc2=O)cs1', 'Nc1ccc(-n2nc(C(F)(F)F)cc2C2CC2)c(F)c1', 'CN(CC1CCCCC1)C(=O)c1ccc(-n2ncc(C#N)c2N)cc1', 'Cc1ccc(CC(=O)N(Cc2ccco2)CC(F)(F)F)cc1', 'COC(C)C(=O)Nc1nc(-c2ccc(NC(C)=O)cc2F)cs1', 'CC(=O)c1nn(-c2ccc(F)cc2F)c(=O)n(C)c1=O', 'COc1ccc(CNC(=O)c2ccc(-n3cnnc3)cc2Cl)cc1']"
2327,0.0005,0.5140585,0.3723752200603485,"['N#CCn1nnc(CO)c1C=Cc1ccc(F)cc1', 'COc1ncnc(OC)c1CNc1ccccc1C', 'N#Cc1nnn(CCO)c1CCCOc1ccccc1', 'C=CCn1nnc(CO)c1Cc1ccc(OCC)cc1', 'Nc1ncc(Br)c(Cl)c1Br']"
2328,0.0005,0.3660772,0.794615626335144,"['Fc1cc(Br)c2c(c1)CCNC2C1CC1', 'CCOC(=O)c1c(C)[nH]c(C)c1C(=O)COc1ccc2c(c1)OCO2', 'COc1ccc2[nH]c3c(c2c1)CCN1C(=O)CNC(=O)C31C', 'NCC(=O)OCCc1ccc2c(c1)CCCS2(=O)=O', 'O=C(c1ccc2c(c1)OCO2)N1CCCCC1CO']"
2329,1e-04,0.0,0.0,[]
2330,1e-04,0.0,0.0,[]
2331,0.0041,0.20150413,1.1198564767837524,"['CCCc1oc(-c2ccc3c(c2)OCO3)cc1CO', 'CCC1CCCCC1Oc1nc2sccn2c1CO', 'CCOc1ccc(NC(=O)C2CCCC2)cc1CO', 'CCOc1ccc(NC(=O)CC2CCCC2)cc1CO', 'Cc1nc(COc2ccc(F)cc2)sc1CCO', 'Cc1nc(-c2ccc3c(c2)CCC3)sc1CCO', 'Cc1nc(-c2cc(Cl)ccc2N)sc1CCO', 'O=S(=O)(Nc1c(F)cccc1CO)c1cc2ccccc2o1', 'CCc1ccc(NC(=O)C(C)N2CCOCC2)cc1N', 'CCc1sc(-c2ccc(S(C)(=O)=O)cc2)cc1N']"
2332,0.0141,0.3444855,0.5903276801109314,"['CCn1ccnc1COc1ccc(Cl)cc1C(C)=O', 'Cc1ccc(C)c(Sc2ncccc2C(N)=O)c1', 'CCN1CC(C(=O)Nc2ccsc2C(=O)OC)CC1=O', 'CC1=CCC2CN(c3nc(C)ccc3C(N)=O)CC2C1', 'CC1CCCN(C(=O)COc2ccc(Cl)cc2C(N)=O)C1', 'CC(C)N1CC(C(=O)Nc2ccccc2C(N)=O)CC1=O', 'COc1ccc(Cc2nccn2CC(N)=O)cc1OC', 'CCc1nc(C(C)NC(=O)c2ccccc2S(C)(=O)=O)cs1', 'Cc1ccccc1COc1ccccc1C(=O)NCC(N)=O', 'CCCc1nc(CSc2nc(N)c(C#N)cc2C#N)cs1']"
2333,0.0002,0.5,0.0,"['CCc1ccc(C2(Cc3ccc(C)o3)NC(N)=NC2=O)cc1', 'Cc1ccc(C2(Cc3ccccc3F)NC(N)=NC2=O)cc1C']"
2334,1e-04,0.0,0.0,[]
2335,1e-04,0.0,0.0,[]
2336,0.0002,0.5,0.0,"['CC(=O)NC1=NC(=O)C2=NCN(COCCO)C2=N1', 'CCN1CCN(C2=NC(=O)CC(C(=O)Nc3ccccc3)N2)CC1']"
2337,0.4515,0.23680876,0.6704670786857605,"['COC(=O)C(C)(O)Cn1cc(Br)ccc1=O', 'COc1ccccc1-n1cc(C(C)(C)O)c(=O)cc1C', 'CC(=O)Nn1ccc2c(cnc3c(-c4ccccc4)c(C)nn32)c1=O', 'CC(C)(C)OC(=O)N1CCC2(CCCNC2=O)CC1', 'CC(C#N)Cn1cccc(OCc2ccccc2)c1=O', 'CC(C)COc1ccc(C(C)O)cc1OCC(C)C', 'COc1cc(N)cn2cc(-c3ccc4c(c3)CCC4)nc12', 'CCn1ccc2c(cnc3c(-c4ccc(F)cc4)c(C)nn32)c1=O', 'CC1CN(c2ccc3c(c2)NC(=O)C3=O)C(C)CO1', 'Cc1ccc(CN2CC3CC(C(=O)NCC(C)C)C(C2)O3)cc1']"
2338,1e-04,0.0,0.0,[]
2339,0.0129,0.44187132,0.587950587272644,"['O=C(CCC(=O)Nc1nccs1)NCC1CCC1', 'O=C(CCc1nc2ccccc2[nH]1)CCc1nc2ccccc2[nH]1', 'O=C(CCc1c[nH]c2ccccc12)N1CCOCC1', 'O=C(CCc1nc2ccccc2s1)Nc1nccs1', 'O=C(CCc1ccsc1)N(CC1CCOC1)C1CC1', 'O=C(CCCc1c[nH]c2ccccc12)Nc1nc(C2CC2)cs1', 'O=C(CCC(=O)c1ccc(-c2ccccc2)cc1)NCc1ccccn1', 'O=C(CCC(=O)c1cccs1)Nc1nc(-c2ccccc2)cs1', 'O=C(CCC(=O)Oc1ccc(Cl)cc1)Nc1nccs1', 'O=C(CCCc1cc(F)ccc1F)NCC(F)F']"
2340,1e-04,1.0,0.0,['C=CCN1C(=O)C2(NC(=O)c3c(C)cccc3N2)c2ccccc21']
2341,1e-04,0.0,0.0,[]
2342,1e-04,0.0,0.0,[]
2343,1e-04,0.0,0.0,[]
2344,1e-04,0.0,0.0,[]
2345,1e-04,1.0,0.0,['COCCC(C)NC(=O)C1CN(Cc2ccccc2)CCO1']
2346,1e-04,0.0,0.0,[]
2347,1e-04,0.0,0.0,[]
2348,0.1842,0.3839499,0.48236992955207825,"['COCCOCC1NCCc2cc(F)c(O)cc21', 'COc1ccc(OCC(=O)NCC2(O)CCCC2)cc1', 'Oc1ccc(C=CC2NCCc3cc(O)ccc32)cc1', 'COc1ccc(CC(=O)NC2CC(O)C(CO)C2)cc1', 'O=C(COc1cccc2c1CCC2=O)C1=NC=CC1', 'COc1cc2c(-c3cncc4cc(O)c(OC)cc34)cncc2cc1O', 'CCOc1ccc(Br)cc1S(N)(=O)=O', 'COC(=O)C(C)(O)Cn1cc(Br)ccc1=O', 'Cc1nc(CN(C)C(=O)c2c(O)cc(F)cc2F)cs1', 'O=C1CCN(c2nc3c(s2)C(O)CCC3)CCN1']"
2349,1e-04,0.0,0.0,[]
2350,0.0181,0.33052897,0.6865606904029846,"['CC1CCC(CNC(=O)c2scnc2C2CC2)CC1', 'COC1CCC(CC(=O)n2ncc(C#N)c2N)CC1', 'CC1CCC(Oc2cc3c(cc2N)OCCO3)CC1', 'CCCN1CCN(C(=O)Cc2ccccc2N)CC1', 'CC1(C)CCC(CN(CCC#N)Cc2ccccn2)CC1', 'CC1CCN(C(=O)CN2CCOCC2C2CC2)CC1', 'CCC1CCC(NS(=O)(=O)N2CCCCCC2)CC1', 'COC1CCC(CC(=O)Oc2cccc(F)c2F)CC1', 'CC1CCC(CO)(Nc2ncc(Cl)cc2Cl)CC1', 'CC1CCN(S(=O)(=O)c2ccc(N)nc2)CC1']"
2351,0.0076,0.24359876,0.8684057593345642,"['Cc1nc(C2COCCN2CCOCc2ccccc2)cs1', 'O=C(NCCCc1ccc(Cl)c(Cl)c1)C1COCCO1', 'CC(C)CC(NC(=O)C1COCCO1)c1cccs1', 'O=C(CC1COCCN1C(=O)c1ccc(Cl)cn1)c1ccco1', 'CC1COCCN1C(=O)c1sccc1Br', 'CC(C)CC1COCCN1C(=O)NCCc1nccn1C(F)F', 'Cc1nn(C)c(C)c1C1COCCN1C(=O)CCc1ccccc1', 'CC(C)CC1COCCN1Cc1ccccc1N1CCOCC1', 'O=C(Nc1cc(F)cc(F)c1)c1cccc(C2OCCO2)c1', 'CC(C)CC1COCCN1C(=O)c1cc(Br)cn1C']"
2352,0.007,0.38980308,0.7112845778465271,"['Cc1cc(SC(C)C(=O)NC2CCCCC2)ncn1', 'CCc1cc(OC2CNC(C(=O)OC)C2)ncn1', 'COCCSc1cc(N2CCOCC2)ncn1', 'Nc1c(Nc2ccccc2C(F)(F)F)ncnc1N1CCOCC1', 'Cc1cc(N2CCC(Cc3ccnn3C)CC2)ncn1', 'COCC(=O)NCc1cc(N2CCOCC2)ncn1', 'CC(C)CCSc1cc(N2CCOCC2)ncn1', 'Cc1ncsc1CNc1cc(N2CCCC2CO)ncn1', 'COc1cc(N2CCC3C2CCN3c2ncccn2)ncn1', 'CCOc1cc(N2CCCN(C(=O)c3cccs3)CC2)ncn1']"
2353,0.1526,0.38432413,0.5176911354064941,"['O=C(OCc1nc2ccccc2o1)C1(O)CCCC1', 'COc1ccc(Cc2c(CO)nnn2CC(O)CO)cc1', 'Nc1nc(Oc2ccccc2)c(Br)c(=O)[nH]1', 'CCOC(=O)c1csc(NC(=O)C2(O)CCCC2)n1', 'Cc1cccc2cc(C#N)c(N3CCC(O)CC3)nc12', 'CCCNC(=O)COc1cccc2ccc(=O)[nH]c12', 'CCCCCCNC(=O)C(N)c1cccc(O)c1', 'CC1(C)CCCN(C(=O)c2coc(=O)c(Br)c2)C1', 'COc1cc(OC)c(-c2cc(N)c(=O)[nH]n2)c(OC)c1', 'COc1ccccc1N(CCCO)S(C)(=O)=O']"
2354,0.0005,0.47802386,0.7711709141731262,"['CCN1C(=O)Cc2cc(C(=O)N3CCOCC3)ccc21', 'CCC(=O)N1c2ccc(C(=O)C3CCCCN3)cc2CC1C', 'CC(O)C1NC(=O)C2CC(NC(=O)NC3CCCCC3)CN2C1=O', 'CCCC(=O)N1Cc2ccc(C(O)c3cccs3)cc2C1', 'CCN1CCc2c(OCC(=O)NC3CCCCC3)cccc2C1=O']"
2355,0.1057,0.3221562,0.48596811294555664,"['CC(Cc1ccsc1)NS(=O)(=O)c1cn[nH]c1', 'O=C(Nc1cccnc1-n1cccn1)c1cn[nH]n1', 'O=C(Nc1cc(F)ccc1F)c1ccc2cc[nH]c2c1', 'CC(C)NC(=O)CNC(=O)c1ccc2cc[nH]c2n1', 'CCCN(C)C(=O)c1cc2cc(Br)ccc2[nH]1', 'CN(CCOc1ccccc1F)C(=O)c1ccc[nH]1', 'CCOc1nnc(CN2CCOC(c3nc(CC)n[nH]3)C2)s1', 'O=C(Nc1cccnc1N1CCCCC1)c1cn[nH]n1', 'CCc1ccccc1OC1CN(C(=O)CCc2n[nH]c(C)n2)C1', 'CCCCn1c(SCC(=O)OC)nc2cc(C)[nH]c2c1=O']"
2356,1e-04,0.0,0.0,[]
2357,1e-04,0.0,0.0,[]
2358,1e-04,0.0,0.0,[]
2359,0.0177,0.27257577,0.7361622452735901,"['CC1COCCN1C(=O)c1sccc1Br', 'CCN(CC(=O)c1sccc1Br)CC(F)(F)F', 'CCCC1CN(C(=O)c2occc2Br)CCO1', 'COc1cccc(C(=O)Nc2sccc2S(C)(=O)=O)c1F', 'COCc1ccccc1CNC(=O)c1sccc1C', 'COc1ccc(NC(=O)c2sccc2C)c(N)c1', 'Cc1cc(CN(C)C(=O)c2sccc2Br)no1', 'CSc1ccccc1C(=O)NCC(O)c1sccc1C', 'COC(=O)c1sccc1CN1CCN(CC(F)F)CC1', 'COC(=O)c1sccc1NC(=O)c1ccc2[nH]ncc2c1']"
2360,1e-04,0.0,0.0,[]
2361,0.0374,0.41602373,0.5732297301292419,"['CC1c2ccc3c(c2CN2CCc4cc5c(cc4C12)OCO5)OCO3', 'NC(=O)c1cc2c(cc1-c1cc(NCCO)nc3[nH]ccc13)OCO2', 'CNS(=O)(=O)c1cc(NC(=O)NCCc2ccccc2)ccc1C', 'COC(=O)c1sc(NC(=O)c2c(C)oc(C)c2C)nc1C1CC1', 'Cc1cc(N2CCCC2=O)ccc1S(=O)(=O)Nc1ncccc1C', 'CC(NC(=O)NCc1ccc(F)cc1C(F)(F)F)c1nncn1C', 'CNc1snc(C)c1C(=O)OCC(=O)c1c(C)cc(C)cc1C', 'CC(O)(CNC(=O)Cc1ccc(F)cc1)c1ccc2c(c1)OCO2', 'Cc1nc2cc(=O)[nH]n2c(C)c1CC(=O)OCC1CC=CCC1C', 'COc1ccc(NC(=O)c2cnn3c(C)cc(C)nc23)cc1OC']"
2362,1e-04,0.0,0.0,[]
2363,0.0013,0.2905391,0.8364114165306091,"['COCCNC(=O)C1C2CCC3(CC(=O)c4ccccc4O3)C21', 'CNC(=O)C1CC2CN(Cc3ccc(F)cc3)CC1O2', 'C=C1C2(C(=O)Nc3ccc(NC(C)=O)cc3)CCC(C2)C1(C)C', 'COc1ccc(C(=O)C2C3C(=O)C4OCC(O4)C23)cc1', 'CN(C)C(=O)C1CC2CN(Cc3ccc(F)cc3)CC1O2', 'CCOC(=O)C1CC2CN(C(=O)OCC)CC2N1', 'CC(O)C1NC(=O)C2CC(NC(=O)NC3CCCCC3)CN2C1=O', 'CC(=O)NCC1Cc2cc(C)cc(-c3ccccn3)c2O1', 'Cc1ccc(CN2CC3CC(C(=O)NCC(C)C)C(C2)O3)cc1', 'CCN1CC23CN(C(=O)c4ccccc4)CC(CC2S1(=O)=O)O3']"
2364,1e-04,0.0,0.0,[]
2365,0.0014,0.24529603,0.9585044980049133,"['CC(C)CN1CC(=O)N2CCc3c([nH]c4ccc(F)cc34)C2(C)C1=O', 'CC(=O)N1CC(C)(C)c2cc(S(=O)(=O)NCc3ccco3)ccc21', 'COC(=O)C(c1c(C)[nH]c2ccccc12)(C(C#N)C#N)C(F)(F)F', 'CN(CCC#N)C(=O)c1ccc2c(c1)S(=O)(=O)N(C1CC1)C2=O', 'CN1CCc2ccc(C(=O)N(C)c3cccc(S(C)(=O)=O)c3)cc21', 'NC(=O)C1CN(C(=O)C2(c3cccc(C(F)(F)F)c3)CC2)CCO1', 'CC1CN(C(=O)C2CC(=O)N(CCc3ccc(F)cc3)C2)CC(C)O1', 'O=C1CCC(C(=O)Nc2ccn(-c3cccc(C(F)(F)F)c3)n2)N1', 'Cc1cc(C(=O)Nc2ccc(-c3nnnn3C(C)C)c(F)c2)n(C)n1', 'Nc1nc(-c2ccccc2)cc(-c2cc(-c3ccccc3)nc(N)n2)n1']"
2366,0.0245,0.16829027,0.7240463495254517,"['CC(Cc1ccsc1)NS(=O)(=O)c1cn[nH]c1', 'O=C(NCCOC(=O)c1ccsc1)c1ccncc1', 'O=C(CCNS(=O)(=O)c1cccs1)Nc1cn[nH]c1', 'COC(=O)CC1C(=O)NCCN1S(=O)(=O)c1cn[nH]c1', 'COC(=O)Cn1cc(NS(=O)(=O)c2cc[nH]c2)cn1', 'O=C(NCC(O)COc1cccc(Cl)c1Cl)c1ccoc1', 'N#Cc1cccnc1NCCNS(=O)(=O)c1cn[nH]c1', 'COCCCNC(=O)CN(C)C(=O)c1cn[nH]c1', 'O=C(Oc1cccc(NC(=O)C2CC2)c1)c1ccoc1', 'CS(=O)(=O)Nc1cccc(NC(=O)Nc2cn[nH]c2)c1']"
2367,1e-04,0.0,0.0,[]
2368,1e-04,0.0,0.0,[]
2369,0.0369,0.25642747,0.6675894260406494,"['CC(C)(C)NC(=O)CNC(=O)CCC(=O)c1ccccc1', 'COC(=O)CNC(=O)CCNC(=O)c1ccccc1', 'CN(Cc1ccccc1)C(=O)CCNC(=O)CC(F)(F)F', 'Cc1ccc(NC(=O)CCCNC(=O)C2CC2)c(Cl)c1', 'Cc1ccc2c(CCNC(=O)CCNC(=O)C(C)(C)C)c[nH]c2c1', 'CCCC1COCCN1C(=O)CCNC(=O)c1ccccc1F', 'CC(NC(=O)CNC(=O)CNC(=O)c1ccco1)c1ccccc1', 'Cc1cc(Br)ccc1NC(=O)CCCNC(=O)C1CC1', 'COC1(C)CC(NC(=O)CCNC(=O)C(C)(C)C)C1(C)C', 'CNC(=O)c1ccccc1C#CCNC(=O)CCC(=O)c1ccccc1']"
2370,1e-04,0.0,0.0,[]
2371,0.0004,0.4470035,0.6768237948417664,"['Cc1nc(=O)c2cccnc2n1C1=CCN(C(=O)c2ccccn2)CC1', 'CCOC(=O)N1CCC(Nc2ccc(Cl)cc2N)C(O)C1', 'Nc1cc(Cc2nc(-c3cccnc3)cs2)ccc1OCCO', 'CCOC(=O)C1=C(CNC(C)c2ccc(Cl)cc2)NC(=O)NC1']"
2372,1e-04,0.0,0.0,[]
2373,1e-04,0.0,0.0,[]
2374,0.0076,0.20143323,0.8480409979820251,"['Cc1noc(C)c1C(C)NC(=O)Nc1c(C(C)C)cccc1C(C)C', 'Cc1nn(C)c(C)c1CCC(=O)Nc1c(C(C)C)cccc1C(C)C', 'CCc1nnc(NC(=O)COc2cc(C)ccc2C(C)C)s1', 'Cc1nn(C(=O)CCC(=O)Nc2ccccc2)c(C)c1CC(C)C', 'Cc1cc(OC(C)C(=O)N2CCC3(CC2)OCCO3)ccc1C(C)C', 'Cc1noc(C)c1C(C)NC(=O)NCc1ccccc1OCC(C)C', 'CSc1ccccc1NC(=O)c1c(C)noc1C(C)C', 'COc1ccc(NC(=O)c2ccncc2)cc1OC(C)C', 'CCOc1ccc(NC(=O)c2cn(C)nc2C(C)(C)C)cn1', 'CC(C)C1OCCC1CNC(=O)c1cn(C)nc1C(C)(C)C']"
2375,1e-04,0.0,0.0,[]
2376,1e-04,0.0,0.0,[]
2377,0.0017,0.3239767,0.9468356966972351,"['O=C1CCCc2[nH]c(=O)c(C(=O)NCc3ccccc3Cl)cc21', 'O=C1CCCc2[nH]c(=O)c(C(=O)NCCOc3ccccc3)cc21', 'O=C1CCCc2[nH]c(=O)c(-c3nc(-c4ccncc4)no3)cc21', 'CNCC1NCCc2cc(Cl)c(OC)c(OC)c21', 'CN1CCOc2ccc(S(=O)(=O)NC3CCCC3)cc21', 'O=C1CCCc2[nH]c(=O)c(C(=O)Nc3ccccc3-n3cccn3)cc21', 'C=CCCC1NCCc2c(OC(F)(F)F)cc(O)cc21', 'CC1CCc2[nH]c(=O)c(C(=O)NC3CCCCC3C)cc2C1', 'COCCC(=O)NC1CCCc2nc(N(C)C)ncc21', 'CC(=O)N1CCCc2cc(-c3cc(N)[nH]n3)ccc21']"
2378,1e-04,0.0,0.0,[]
2379,0.0002,0.5,0.0,"['CC1c2ccc3c(c2CN2CCc4cc5c(cc4C12)OCO5)OCO3', 'c1ccc2nc(N3CCC(c4nnc5n4CCC5)CC3)cnc2c1']"
2380,1e-04,0.0,0.0,[]
2381,1e-04,0.0,0.0,[]
2382,1e-04,0.0,0.0,[]
2383,0.0073,0.41574442,0.6853054165840149,"['CC(C)Oc1cccc(CNC2CCCNC2=O)c1', 'CC(C)Oc1ccc(CNc2ccc(C(N)=O)nn2)cc1F', 'CC(C)Oc1ccc(CCNC(=O)c2cc(C(N)=O)cs2)cc1', 'CC(C)Oc1ccc(CNC(=O)c2cc(Br)c[nH]2)cc1', 'CC(C)Oc1ccc(C(=O)NC2CCN(c3ncccn3)CC2)cn1', 'CC(C)Oc1ccccc1CN1CCOCC1C1CC1', 'CC(C)Oc1cccc(C(=O)NCc2ncn(C)n2)n1', 'CC(C)Oc1ccc(S(=O)(=O)N2CCCCC2)cc1N', 'CC(C)Oc1ccc(NC(=O)NC(C)C(=O)N2CCCCC2C)cc1', 'CC(C)Oc1ccc(NC(=O)NCc2ncc[nH]2)c(C(F)(F)F)c1']"
2384,0.0007,0.39260036,0.768964946269989,"['O=C(Nc1c[nH]cc(Br)c1=O)c1ccc(F)c(F)c1F', 'CCn1ccc2c(Br)c(N)ccc2c1=O', 'CC1CCCCN1c1csc2ccc(F)cc2c1=O', 'O=C(Nc1ccccc1)c1c(F)c(F)c(F)c(F)c1F', 'N#Cc1c[nH]c2ccc(OCc3ccccc3)cc2c1=O', 'O=c1[nH]cccc1-c1nc(-c2cccc(Cl)c2)no1', 'O=C(NCc1cccnc1)c1c[nH]c2cc(C(F)(F)F)ccc2c1=O']"
2385,0.029,0.31249142,0.5608336925506592,"['CC(=O)NCC(c1cccnc1)S(=O)(=O)c1ccc(F)cc1', 'CC(=O)NC(C)C(=O)NCCc1c(Cl)cccc1Cl', 'CC(=O)Nc1sc(SCC#N)nc1-c1ccccc1', 'CC(=O)NCC(c1cccs1)S(=O)(=O)c1ccc(C)cc1', 'CC(=O)NC(CC(=O)NCCO)c1cccs1', 'CC(=O)NCC(c1cccs1)S(=O)(=O)c1ccc(Cl)cc1', 'CCC(=O)NCC(=O)c1ccc(OC)c(Br)c1', 'CC(=O)NC(C)C(=O)Nc1ccc2c(c1)OCCCO2', 'CC(=O)NC(C)(C)c1noc(COCC2CC2)n1', 'CC(=O)Nc1cccn(Cc2ccc(F)cc2)c1=O']"
2386,1e-04,0.0,0.0,[]
2387,0.0012,0.2335385,1.1460884809494019,"['N#Cc1ccc(-c2noc(C3CC3c3cccc4ccccc34)n2)nc1', 'N#Cc1ccc(-c2noc(-c3cccc4ccccc34)n2)nc1', 'CC1=NC(CN(C)c2nncc(-c3cccc4ccccc34)n2)N=C1', 'N#Cc1c(-c2cccnc2)nc2sc(-c3ccccc3F)nn12', 'CCCc1ccccc1-n1cnc2cc(N)ccc21', 'CC(c1nncn1C)n1ccnc1-c1ccccc1-c1ccccc1', 'C=CCc1ccc2nc(C(F)(F)F)c(C#N)c(N)c2c1', 'Cc1ccc(-n2cc(-c3noc(-c4ccccn4)n3)nn2)cc1', 'O=C(Nc1ccccc1SC(F)F)c1ccnc(-n2cncn2)c1', 'Fc1ccc(-n2cc(-c3ccnc(N4CC=CC4)n3)cn2)cc1']"
2388,1e-04,0.0,0.0,[]
2389,1e-04,0.0,0.0,[]
2390,1e-04,0.0,0.0,[]
2391,0.0042,0.5447327,0.4967944920063019,"['O=C(CSc1nnc(-c2ccccc2F)o1)Nc1ncccn1', 'O=C(CSc1nnc(-c2ccco2)o1)Nc1ccc(F)cc1F', 'O=C(CSc1nnnn1C1CC1)Nc1nc(-c2ccco2)cs1', 'O=C(CSc1ncc(F)c(N2CCCC2)n1)NC1CC1', 'O=C(CSc1nc(-c2ccccc2)cs1)Nc1nncs1', 'O=C(CSc1ncnc2sc3c(c12)CCCC3)N1CCCC1', 'O=C(CSc1ncc(-c2ccc(F)cc2)[nH]1)NCc1ccccc1', 'O=C(CSc1nnnn1C1CC1)OC1CCCCCC1', 'O=C(CSc1ncnc2nc[nH]c12)Nc1nccs1', 'O=C(CSc1nc(C(F)(F)F)cc(=O)[nH]1)N1CCCCCC1']"
2392,1e-04,0.0,0.0,[]
2393,1e-04,0.0,0.0,[]
2394,1e-04,1.0,0.0,['CC12CCC(C(=O)NCCN3CCOCC3)(OC1=O)C2(C)C']
2395,0.0065,0.41172573,0.6095483899116516,"['COCc1ncc(C(=O)Nc2nc(C)cc(C)n2)c(N)n1', 'CCc1ncc(C(=O)Nc2nc(C)c(C)s2)c(N)n1', 'CCn1cc(NC(=O)c2cnn(CC)c2C)c(C(N)=O)n1', 'Cc1ncc(C(=O)NCCCOC(C)C)c(N)n1', 'Cc1cc(SCc2ccc(C#N)cc2)nc(C)n1', 'CC(C)Oc1cc(N2CC(C)OC(C)C2)nc(N)n1', 'CSc1nc(C)c(CCC(=O)N(C)CC(N)=O)c(C)n1', 'CCc1ncc(C(=O)Nc2ccc(F)c(F)c2F)c(N)n1', 'Cc1cc(Sc2nnc(C(F)(F)F)n2C)nc(C)n1', 'Cc1ncc(C(=O)N2CCC(C)(O)C(O)C2)c(C)n1']"
2396,0.0054,0.258615,1.0887600183486938,"['CCCc1nnsc1C(=O)N1CCc2ncncc2C1', 'CCc1nnsc1C(=O)NC1CCCc2occc21', 'CCc1nnsc1C(=O)N1CCN(c2nccc(OC)n2)CC1', 'CCc1nnsc1C(=O)NCC(C)N1CCc2ccccc21', 'CCc1nnsc1C(=O)NC1CCN(C(=O)C(C)(C)C)CC1', 'Cc1nnsc1C(=O)N1CCC(CNC(=O)CC(C)(C)C)CC1', 'CC(C)c1nnsc1CNC(=O)c1cc(-c2cccs2)nn1C', 'CCc1ncsc1C(=O)NCC(=O)c1ccco1', 'Cc1nnsc1CN(C)C(=O)CN1CCOC1=O', 'Cc1nnsc1NC(=O)OCc1ccc(Cl)cc1Cl']"
2397,1e-04,0.0,0.0,[]
2398,1e-04,0.0,0.0,[]
2399,0.0801,0.35222867,0.6010839939117432,"['Cc1cccc(-c2ncc(S(=O)(=O)C(C)(C)C)c(N)n2)c1', 'Cc1cccc(NC(=O)CNC(=O)CC2CCCCC2)c1C(N)=O', 'O=C(c1cc(-c2ccc(Cl)c(Cl)c2)ns1)N1CCC(O)C1', 'C=CCn1c(=O)n2nc(-c3cccnc3)nc2c2c3c(sc21)CCC3', 'CC(C)C(NC(=O)NCc1ccccc1)C(=O)N1CCC(O)C1', 'Cc1ccc(C(=O)Nc2cccc(N3CCCC3=O)c2)c(O)c1', 'CC(C)NC(=O)NCC1OC(CC(=O)N2CCOCC2)C(O)C1O', 'Nc1cc(N2CCC(CO)(CCOc3ccccc3)CC2)nc(N)n1', 'O=C(Cc1cccc(OCc2ccc(Cl)cc2)c1)N1CCC(O)C1', 'C=CCN(CCc1ccccc1)C(=O)Nc1ccc(F)c(C(N)=O)c1']"
2400,1e-04,0.0,0.0,[]
2401,1e-04,1.0,0.0,['CC1=CC(C)C2(CO)COC(c3ccco3)C1C2C']
2402,0.0238,0.39607763,0.6162230372428894,"['COCCc1noc(CN2CCCC2c2noc(C)n2)n1', 'CCc1ccc(-c2noc(CNc3cccc(NC(C)=O)c3)n2)cc1', 'COc1cc(-c2noc(CCCc3nc(C(C)(C)C)no3)n2)ccn1', 'Fc1ccc(Cc2noc(OCc3nnc(C4CC4)o3)n2)cc1', 'CC(C)(C)c1noc(-c2cnc(C3CCCO3)s2)n1', 'N#Cc1ccc(-c2noc(C3CC3c3cccc4ccccc34)n2)nc1', 'Cc1cccc(-c2noc(Cn3c(=O)oc4ccccc43)n2)c1', 'Cc1ccc(-c2noc(C3CC34CCCCC4)n2)nn1', 'COc1cccc(-c2noc(CCC(=O)Nc3cccnc3)n2)c1', 'Clc1ccc(-c2noc(-c3ccncc3)n2)cc1']"
2403,0.0136,0.5529537,0.32664555311203003,"['CCN(CC)c1ncnc2c1c(N)nn2CCO', 'CCN(CC)C(=O)C(C)N1CCCc2ccccc21', 'CCN(CC)C(=O)CC(C#N)C(=O)N1CCCC1', 'CCN(CC)c1nc2cc(OC)c(OC)cc2cc1CC#N', 'CCN(CC)C(=O)c1cc(NCc2c[nH]nc2C)ccn1', 'CCN(CC)C(=O)c1nn(-c2ccc(F)cc2)nc1C', 'CCN(CC)C(=O)Cc1nc(-c2ccc(N)cc2)cs1', 'CCN(CC)C(=O)CNC(=O)c1csc(CC(C)C)n1', 'CCN(CC)C(=O)N1CCC(Nc2ccccc2)C1', 'CCN(CC)c1nc2ccc(C)cc2cc1CCC#N']"
2404,1e-04,0.0,0.0,[]
2405,1e-04,0.0,0.0,[]
2406,1e-04,0.0,0.0,[]
2407,0.0109,0.39724338,0.617029070854187,"['O=C(Nc1ccc(OCC2CCOCC2)cc1)C1CC2CCC1O2', 'O=C(Nc1cccc(-c2cn3ccccc3n2)c1)c1ccco1', 'O=C(Nc1ccc(CN2CCOC2=O)cc1)c1cc(Cl)ccn1', 'O=C(Nc1ccc(N2CCCC2=O)cc1)c1cc(Cl)ccc1Cl', 'O=C(Nc1ccc(-c2nnnn2C2CC2)cc1)c1cc2ccccc2o1', 'O=C(Nc1ccc(-c2csnn2)cc1)c1cc(Cl)c[nH]1', 'O=C(Nc1ccc(C(=O)N2CCCC2)cc1)c1cccc2ccoc12', 'O=C(Nc1cccc(N2CCCC2=O)c1)c1ccc(F)cc1Cl', 'O=C(Nc1cccc(-c2cn[nH]c2)c1)C1CC=CCC1', 'O=C(Nc1cccc(Oc2cnccn2)c1)c1cn2cccnc2n1']"
2408,1e-04,1.0,0.0,['CC(C)(CNC(=O)OC(C)(C)C)NC(=O)C1CC=CC1']
2409,0.0597,0.2254789,0.6680229902267456,"['Cn1ncc(C(=O)Nc2ccccc2)c1C(=O)Nc1ccccc1', 'CCCNC(=O)c1cnc(CCOc2ccccc2)nc1N', 'CCNC(=O)c1cnc(CCOc2ccccc2)nc1N', 'CC(C(=O)NC1CCN(c2ccccc2)C1=O)c1ccsc1', 'O=C(Nc1nnc(CCCOc2ccccc2)s1)C1CCCO1', 'O=C(NCc1ccco1)C1CCN(c2ccccc2)C1=O', 'N#Cc1ccc(N2CCN(c3ccccc3)CC2)nn1', 'O=C(CNc1ccc(Oc2ccccc2)cc1)N1CCOCC1', 'COCCc1ncc(C(=O)Nc2ccccc2)c(N)n1', 'CC(=O)c1sc(CCNc2ccc(F)cc2)nc1C']"
2410,0.0108,0.27095902,0.7657610774040222,"['CCCc1noc(CS(=O)(=O)c2nc(C)cs2)n1', 'CCOC(C)c1noc(CS(=O)(=O)c2ccc3ccccc3n2)n1', 'C#CCNc1ccccc1CS(=O)(=O)c1ccccc1', 'CCC(CC)NC(=O)CS(=O)(=O)c1ccc(Cl)cc1', 'CN(Cc1ccccc1F)C(=O)CS(=O)(=O)c1ccccc1F', 'CC(C)CCOCCS(=O)(=O)c1ccccc1F', 'CCC(CC)C(=O)NCCS(=O)(=O)N1CCNCC1', 'CCN(CC)C(=O)C(C)S(=O)(=O)c1ncccc1Cl', 'CC(C)OCCS(=O)(=O)c1ccc(Cl)cc1', 'COCc1nnc(NC(=O)CCS(=O)(=O)c2ccccc2)s1']"
2411,0.0568,0.34376886,0.550936758518219,"['Cc1nnc(CN(C)Cc2cc(O)ccc2Br)n1C', 'CCOC(=O)C1(N(C)Cc2ccc(C(=O)N(C)C)[nH]2)CCCCC1', 'COc1ccc(S(=O)(=O)N(C)CC(=O)N(C)c2ccccc2)cc1', 'COc1ccccc1C(C)N(C)CC(O)c1c(F)cccc1F', 'Cc1cc(C(=O)N(C)CCCCN(C)C(=O)c2cc(C)n[nH]2)[nH]n1', 'Cc1nnc(CN(C)Cc2ccc(-c3ccc(Cl)cc3)o2)o1', 'Cc1ccc(CN(C)Cc2ccccc2C#N)s1', 'CCc1cnc(N(C)Cc2cc(C3CC3)on2)nc1', 'CCc1ccc(S(=O)(=O)N(C)Cc2cscn2)s1', 'Cc1noc(C)c1CN(C)C(C)c1cc(F)ccc1F']"
2412,1e-04,0.0,0.0,[]
2413,1e-04,0.0,0.0,[]
2414,0.0261,0.34974438,0.5785542130470276,"['C=CCCCN(C)C(=O)c1ccc2c(c1)[nH]c(=O)c(=O)n2CC', 'CCCCn1c(=O)[nH]c(=O)c2c1nc(-c1cccc(F)c1)n2CC', 'N#Cc1c(=O)c2c(=O)oc3ccccc3c2n2nc3n(c12)CCCCC3', 'CCOC(=O)c1nn(CC2CC2)c2c1CN(Cc1ccc(C)o1)CC2', 'O=C(c1cccc(-c2noc(-c3ccc(F)cc3)n2)c1)N1CCCC1', 'Cc1nn(-c2ccccc2)c(C)c1NC(=O)NC(C1CC1)C1CC1', 'CC12CCC(C(=O)Nc3ccc4c(c3)OCO4)(CC1O)C2(C)C', 'COc1cc2c(cc1OC)CN(C(=O)c1ccc(=O)n(C)n1)CC2', 'CN(CC1CCCN(c2ccc3nccn3n2)C1)C(=O)OC(C)(C)C', 'Cc1oc(-c2ccccc2)nc1CC(=O)N(C)CCC(=O)NC1CC1']"
2415,0.0025,0.48495683,0.5594338178634644,"['Cc1cc(N2CCN(Cc3ccccc3Cl)CC2)n2ncnc2n1', 'CCc1cc(N2CCCC(N3CCNC3=O)C2)n2ncnc2n1', 'Cc1cc(NCc2ccccc2-n2cncn2)n2nc(C)cc2n1', 'CCc1cc(NC(CC)c2nc(C)no2)n2nccc2n1', 'Cc1cc(N2CCC(O)C(O)C2)n2nc(C)cc2n1', 'Cc1cc(Nc2cc(Cl)ccc2F)n2ncnc2n1', 'Cc1cc(N(C)CCCC2CCCO2)n2nc(C)cc2n1', 'CCc1cc(NCCNc2nc(C)cc(=O)[nH]2)n2nc(C)c(C)c2n1', 'c1cc(-c2ccc3c(c2)OCCCO3)n2nc(C3CCC3)nc2n1', 'Cc1cc(NCc2ccc(O)cc2)n2nc(C)c(C)c2n1']"
2416,1e-04,0.0,0.0,[]
2417,1e-04,0.0,0.0,[]
2418,1e-04,1.0,0.0,['NC(=O)c1cc2c(cc1-c1cc(NCCO)nc3[nH]ccc13)OCO2']
2419,1e-04,0.0,0.0,[]
2420,0.0022,0.30762836,0.9005901217460632,"['CC(C)c1noc(CNc2ccc(-c3nnnn3C3CC3)cc2)n1', 'Cc1ccc2c(CSc3nnnn3C3CC3)cc(=O)oc2c1', 'N#Cc1ccc(OCCNc2cccc(-c3nnnn3C3CC3)c2)cc1', 'Cc1cc2cc(C(=O)NCc3nnnn3-c3ccccc3)ccc2o1', 'COCCN(Cc1cc2cc3c(cc2n2nnnc12)OCO3)C(C)=O', 'Cc1cccc(C(=O)Nc2cc(-n3nnnc3C3CC3)ccc2F)n1', 'CCC(C)NC(=O)C(Sc1nnnn1C1CCCC1)C(C)C', 'Fc1cc2c(-c3nnnn3-c3ccccc3)c[nH]c2cc1Cl', 'Cc1noc2ncc(C(=O)Nc3ccnn3CCc3ccccc3)cc12', 'Cn1cnc(CNC(=O)c2cnn(CC(=O)NC3CCCCC3)c2)n1']"
2421,1e-04,0.0,0.0,[]
2422,0.0044,0.31442258,0.6567814350128174,"['N#Cc1ccccc1OCc1cc(F)cc2c1OCOC2', 'Cc1ccc(S(=O)(=O)N(C)CC(N)=O)c2c1NCCC2', 'CC(C)(C)c1nnnn1Cc1cc(Cl)cc2c1OCOC2', 'O=C(Nc1ccc(F)c(F)c1F)c1cccc2c1NCC2', 'CC(=O)c1cccc(NCc2cc(Cl)cc3c2OCOC3)c1', 'O=C(Nc1ccc(F)cc1F)c1cccc2c1NCC2', 'COc1cccc2c1OCC(NC(=O)c1c(C)cc(C)[nH]c1=O)C2', 'CCc1cc(Br)cc2c1OC(C)C(=O)N2', 'OCC1(c2nc(C3CCOCC3)nn2-c2cccc3c2CCC3)CC1', 'Cc1cc(OC(F)F)c(C(=O)Nc2ccc3c(c2)COC3)s1']"
2423,1e-04,0.0,0.0,[]
2424,0.006,0.263328,0.8064265251159668,"['CC(=O)NCC1Cc2cc(C)cc(-c3ccccn3)c2O1', 'CCN(CC1Oc2nocc2NC1=O)C(=O)OC', 'COC(=O)C1Cc2ncn(C)c2CN1C(=O)c1ccccc1', 'O=C(NCCC1=C2C=CC(F)C=C2N=C1)c1ccc2[nH]nnc2c1', 'CC(=O)NC1Cc2ccccc2N(C(=O)OC(C)(C)C)C1', 'O=C(NCC1Cn2ccnc2CO1)c1ccc(C(F)(F)F)cc1', 'CCC(C)NC(=O)C1c2ccccc2C(=O)N1Cc1ccccc1', 'CNCC1NCCc2cc(Cl)c(OC)c(OC)c21', 'CC(C)NC(=O)CC1Oc2ccc(Cl)cc2NC1=O', 'CC1Cc2ccccc2N1C(=O)C1Cc2ccccc2C(=O)O1']"
2425,1e-04,0.0,0.0,[]
2426,0.0007,0.43901417,0.6334169507026672,"['Cc1cc(=O)oc2c(C)c(OCC(=O)Nc3ncccn3)ccc12', 'CCc1cc(=O)oc2cc(C)cc(OCC(=O)NCCCO)c12', 'CCc1cc(=O)[nH]c2cc(NC(=O)CNC(=O)c3ccccc3)ccc12', 'CCc1cc(=O)oc2c(C)c3c(cc12)CN(CC(C)O)CO3', 'CCc1cc(=O)[nH]c2cc(NC(=O)COC)ccc12', 'Cc1cc(=O)[nH]c2ccc(-c3ccc4c(c3)OCO4)cc12', 'COC(=O)c1cc(=O)c2cc(NC(=O)C(C)(C)C)ccc2o1']"
2427,1e-04,0.0,0.0,[]
2428,1e-04,0.0,0.0,[]
2429,1e-04,0.0,0.0,[]
2430,1e-04,1.0,0.0,['C1=C(c2cccs2)CCN(Cc2ccsc2)C1']
2431,1e-04,0.0,0.0,[]
2432,0.0276,0.36641964,0.5457165837287903,"['CC1CCC2(CCN(C(=O)c3c[nH]cn3)CC2)c2ccccc21', 'CCCc1oc(-c2ccc3c(c2)OCO3)cc1CO', 'CC(C)CN(CC(C)C)C(=O)c1nc(-c2cnccn2)no1', 'NC(=O)C(CCSc1ccccc1)c1ccccc1', 'CC(C)CN(CC(C)C)C(=O)CS(=O)(=O)c1nncn1C', 'COCC1CN(Cc2cccs2)Cc2cn(C)nc21', 'O=C1CC2(CCN(c3cnccn3)C2)CN1c1ccccc1', 'CC(C)CN(Cc1cccc(O)c1)CC(F)(F)F', 'CCN1CCN(CCOc2ccc(C)cc2OC)C(=O)C1=O', 'CN1CCOC(CNCc2ccccc2N2CCOCC2)C1']"
2433,1e-04,0.0,0.0,[]
2434,0.0022,0.33650973,0.7593284249305725,"['CSc1c2c(oc(=O)c1C#N)CC(C)(C)CC2=O', 'Cc1c(N)cc2c(c1C)OC(c1cccs1)CC2=O', 'CC(C)Oc1ccccc1NC(=O)c1cc2c([nH]c1=O)CCCC2=O', 'CCn1cc(NC(=O)C(C)(C)Oc2ccc3c(c2)CCCC3=O)cn1', 'Cc1ccc(NC(=O)C23CCC(C2)C(C)(C)C3=O)cc1', 'CNc1ncc2c(n1)CN(CCc1ccc3c(c1)OCO3)C2=O', 'Cc1ccc(OCC(=O)NCc2ccc(F)cc2)c2c1C(C)CC2=O', 'O=C(COc1cccc2c1CCC2=O)C1=NC=CC1', 'CC(=O)OC1CC2CCC1N(Cc1ccccc1)C2=O', 'CCN(c1ccccc1C)S(=O)(=O)c1cc2n(c1)CCCNC2=O']"
2435,1e-04,0.0,0.0,[]
2436,0.0197,0.42515677,0.6067568063735962,"['CC(=Cc1ccccc1)CN(C)Cc1nccs1', 'O=C(Cc1ccccc1)NCc1nccc(N2CCCC2)n1', 'O=C(Nc1ccccc1)NC1CCSc2c(F)cccc21', 'N#CC(c1ccccc1)c1cc(=O)oc2ccccc12', 'O=C(Nc1ccccc1)c1noc2ncnc(N3CCOCC3)c12', 'CCN(Cc1ccccc1)C(=O)c1cc2cn[nH]c2cn1', 'O=C(Nc1cccnc1)C1CC2CN(c3ncc(F)cn3)CC1O2', 'COCC(c1ccccn1)N(C)c1ncnc2oc(C)nc12', 'O=C(Nc1ccncc1)c1ccnc(-n2ccnc2)c1', 'O=C(Nc1ccccc1)NC1CCN(C(=O)C2CC3CCC2C3)CC1']"
2437,1e-04,0.0,0.0,[]
2438,1e-04,0.0,0.0,[]
2439,1e-04,0.0,0.0,[]
2440,1e-04,0.0,0.0,[]
2441,1e-04,1.0,0.0,['Brc1ccc(Oc2cnccn2)cc1']
2442,1e-04,0.0,0.0,[]
2443,1e-04,0.0,0.0,[]
2444,1e-04,0.0,0.0,[]
2445,1e-04,0.0,0.0,[]
2446,1e-04,0.0,0.0,[]
2447,1e-04,0.0,0.0,[]
2448,0.0671,0.42019454,0.5499137043952942,"['Cc1nn(C(=O)c2ccccc2)c2c1C1C(C2)C1(C)C', 'COc1cc2c(cc1OC)-c1cc3ccccc3c(=O)n1CC2', 'CCOC(=O)C(C)(C)N(C)Cc1cnc2nc(C)cc(C)n12', 'COCCn1c(C(=O)N(C)C)cc2c1c1ccccc1n2C', 'Cc1nc2cc(=O)[nH]n2c(C)c1CC(=O)OCC1CC=CCC1C', 'Cc1nc(NC(=O)c2ccc[nH]c2=O)sc1-c1nccn1C', 'CN(Cc1ccccc1Cl)C(=O)c1cc(C(N)=O)cn1C', 'Cc1csc(C(C#N)C(=O)c2oc3ccc(Cl)cc3c2C)n1', 'COCCN1C(C)CN(C(=O)c2scnc2C2CC2)CC1C', 'Cc1nn(Cc2ccccc2)c(=O)c2c1cnn2C(C)(C)C']"
2449,1e-04,0.0,0.0,[]
2450,1e-04,0.0,0.0,[]
2451,1e-04,0.0,0.0,[]
2452,0.0736,0.24558845,0.6847298741340637,"['CC1CN(CC(=O)N(C)CC(=O)N2CCOCC2)c2ccccc21', 'CC1CN(CC(=O)Nc2ccccc2Cl)CCO1', 'CN(CC(=O)NC1CC1)C(=O)c1cccnc1N1CCCCC1', 'Cc1cccc(OCC(=O)NCC(=O)Nc2ccc(F)cc2)c1', 'CC(=O)NCC(=O)NCC(=O)Nc1ccc(Cl)c(F)c1', 'CC1CN(CC(=O)Nc2ccc(Br)cc2)CC(C)O1', 'CC1CN(CC(=O)Nc2cc(Cl)cc(Cl)c2)CC(C)O1', 'CC1CN(CC(=O)Nc2cccc(Cl)c2Cl)CC(C)O1', 'C#CCN1CCN(CC(=O)Nc2ccccc2SCC=C)CC1', 'Cc1ccc2c(c1)OCC(=O)N2CC(=O)N1CCNCC1']"
2453,1e-04,0.0,0.0,[]
2454,0.246,0.15756641,0.770564615726471,"['O=C1OC2CC3CC2C1C3C(=O)N1CCN(c2ccccc2F)CC1', 'COc1cccc(F)c1C(=O)NC1CCC2CCCC21', 'CCCc1nnc(N2CC3CCC(C2)C3OC)o1', 'COc1cc(N2CCC3C2CCN3c2ncccn2)ncn1', 'COCC(=O)NC1CCC2(C)CCC3C(C)C(=O)OC3C2C1C', 'c1cnc(OCC2CCC3C2OCCN3Cc2ccco2)nc1', 'COc1ccc(C(=O)C2C3C(=O)C4OCC(O4)C23)cc1', 'O=C(CCNC(=O)C1CC2CCC1O2)NC1CCCC1', 'COc1ccccc1C(=O)NC1CC2C(=O)NC(C(C)O)C(=O)N2C1', 'O=C(Cn1ccc(=O)c2ccccc21)N1CC2C3CCC(CC3)C2C1']"
2455,1e-04,0.0,0.0,[]
2456,1e-04,0.0,0.0,[]
2457,1e-04,1.0,0.0,['CCNC(=O)C(C)NC(=O)NCC(=O)N(CC)CC']
2458,1e-04,0.0,0.0,[]
2459,1e-04,0.0,0.0,[]
2460,0.0075,0.46866563,0.5769037008285522,"['CC(C)CC(NC(=O)C1CC=CCC1)C(=O)OC(C)C', 'CCOC(=O)C1(NC(=O)C2CC=CC2)CCCCC1', 'O=C(NCC1CN2CCCCC2CO1)C1CC=CCC1', 'CC(OC(=O)C1CC=CCC1)C(=O)Nc1ccccc1F', 'COCc1c(Br)cccc1NC(=O)C1CC=CC1', 'O=C(Nc1cccc(-c2cn[nH]c2)c1)C1CC=CCC1', 'C=CCNC(=O)c1cccc(S(=O)(=O)NCC2CC=CCC2)c1', 'O=C(OCc1nnc(-c2ccc(Cl)cc2)o1)C1CC=CC1', 'Cc1cc(=O)[nH]c(-c2cccc(NC(=O)CC3C=CCC3)c2)n1', 'COC(=O)c1cnc(NC(=O)C2CC=CCC2)s1']"
2461,1e-04,0.0,0.0,[]
2462,1e-04,0.0,0.0,[]
2463,1e-04,0.0,0.0,[]
2464,0.0002,0.5,0.0,"['C=CCOCC12CCCOC1CCN(C(=O)c1ccco1)C2', 'CC(C)(C)c1ccc2c(c1)C(=O)CC(C(=O)NC1CC1)C2']"
2465,1e-04,0.0,0.0,[]
2466,1e-04,0.0,0.0,[]
2467,1e-04,0.0,0.0,[]
2468,1e-04,0.0,0.0,[]
2469,0.0047,0.29347354,0.8581921458244324,"['Cc1c(C(N)=O)nnn1-c1ccc(-c2ccccc2)cc1', 'CCCc1c(CO)nnn1-c1nc2c(s1)CCCC2', 'CCCc1c(C(=O)NC(C)C)nnn1-c1ccccc1', 'CC(C)c1c(C(=O)NCCO)nnn1-c1ccc(Cl)cc1', 'COc1cccc(OCc2c(C#N)nnn2CCC(C)C)c1', 'Cc1c(C(=O)N2CCCCC2)nnn1-c1ccc(Cl)cc1F', 'Nc1c(-c2ccncc2)nnn1-c1ccc(F)cc1', 'Cc1cc(C(F)(F)F)nn1CC(C)C(=O)Nc1ccn(C)n1', 'COc1ccc(Cc2c(CO)nnn2CC(O)CO)cc1', 'N#Cc1c(-c2ccco2)nn(-c2ccccc2)c1N']"
2470,0.0965,0.36715618,0.49920207262039185,"['COc1ccc2c(c1)C(c1ccc3c(c1)OCO3)NCC2', 'CNc1ncc2c(n1)CN(CCc1ccc3c(c1)OCO3)C2=O', 'Cc1nc2n(n1)CC(Nc1ncnc3c1CCC3)CC2', 'Nc1cc2c(cc1SCc1ccccc1)NC(=O)C2', 'Nc1cc2c(cc1Sc1ccccn1)OCCO2', 'CN(CCC#N)S(=O)(=O)c1cc2c3c(c1)CCN3C(=O)CC2', 'CCCCCNS(=O)(=O)c1cc2c3c(c1)CC(=O)N3CCC2', 'CCC(C)(C)NS(=O)(=O)c1cc2c3c(c1)CCN3C(=O)CC2', 'CCOc1cc2c(cc1NCC(=O)NCc1cccs1)OC(C)C2', 'CC1c2ccc3c(c2CN2CCc4cc5c(cc4C12)OCO5)OCO3']"
2471,1e-04,0.0,0.0,[]
2472,0.009,0.253599,0.7195847630500793,"['CCOc1ccc(F)c(C(=O)OCC(F)(F)F)c1F', 'CS(=O)(=O)c1cc(Br)ccc1C1OCCO1', 'O=S(=O)(CC1CCOC1)c1ccc(F)c(Cl)c1', 'O=S(=O)(Oc1cccc(F)c1)c1ccc(F)cc1', 'CC(C)CCOCCS(=O)(=O)c1ccccc1F', 'CC(C)OCCS(=O)(=O)c1ccc(Cl)cc1', 'CCCOC(=O)CCC(=O)c1cc(F)c(F)c(F)c1', 'COc1cccc(S(=O)(=O)CCOC(C)C)c1', 'CCOC(=O)c1ccc(Br)c(OC)c1', 'CCOc1ccc(Br)cc1S(N)(=O)=O']"
2473,1e-04,0.0,0.0,[]
2474,0.0207,0.28369883,0.7324899435043335,"['C=CCN1CCn2ncc(C(=O)N3CCc4ccccc4C3)c2C1', 'C=CCNc1ncc(C(=O)N2CCc3cccc(F)c3C2)s1', 'CC(Cn1cccn1)OC(=O)C(C)N1CCc2ccccc2C1', 'Cc1ccoc1C(=O)NC1(C)Cc2ccccc2C1', 'COC(=O)Nc1ccc(CNC(=O)N2CCc3ccccc3C2)cc1', 'COCCn1cnnc1CN(C)C(=O)C1COc2ccccc2C1', 'Cc1ccccc1CCC(=O)N1Cc2cncnc2C1', 'CN(C)C(=O)CCCC(=O)NC1(C)Cc2ccccc2C1', 'CC(NC(=O)c1cccs1)C(=O)N1CCc2ccc(Cl)cc2C1', 'CN(C)C(=O)c1ccc(CNC(=O)N2CCc3ccccc3C2)cc1']"
2475,1e-04,0.0,0.0,[]
2476,1e-04,0.0,0.0,[]
2477,0.0002,0.5,0.0,"['CC1CCc2c(sc(NC(=O)C(C)(C)C)c2C(N)=O)C1', 'CCc1c(C)sc(NC(=O)Cc2noc3ccccc23)c1C#N']"
2478,1e-04,0.0,0.0,[]
2479,1e-04,0.0,0.0,[]
2480,1e-04,0.0,0.0,[]
2481,0.0425,0.52301675,0.41182664036750793,"['O=S(=O)(c1cn[nH]c1)N1CCOC2CCCC21', 'O=c1cc(C2CCC2)ncn1CC#Cc1cccc(Cl)c1', 'CC(OC(=O)CSc1nnnn1C1CC1)c1ccc(F)cc1F', 'O=C(Cc1cccnc1)NCC1COC2(CCCCC2)O1', 'N#Cc1c(CSc2nncn2C2CC2)cn2ccccc12', 'Cc1ccc2c(CSc3nnnn3C3CC3)cc(=O)oc2c1', 'O=c1cc(C2CCC2)ncn1Cc1noc(-c2ccc(Cl)cc2)n1', 'Cc1nc2ccccc2n(CCC2CCOC2)c1=O', 'O=C(c1ccc(Br)cc1)N1CCOC2CCCC21', 'COC(=O)NCCCC(=O)N1CC2CCCCC21c1ccccc1']"
2482,1e-04,0.0,0.0,[]
2483,0.0043,0.29702258,0.9195696115493774,"['CC1CCN(C(=O)COC(=O)c2ccoc2)c2ccccc2S1', 'CC1CCN(C(=O)Cn2cnc(C#N)n2)c2ccccc2S1', 'CCC1CN(C(C)C(=O)Nc2ccccc2)c2cc(N)ccc2O1', 'O=C1CN(C(=O)CN(CCCO)c2ccccc2)c2ccccc2N1', 'CC1CN(C(=O)c2cc3c([nH]c2=O)CCCC3)c2ccccc2S1', 'CNC(=O)C1CN(C(=O)C2Cc3ccccc3O2)c2ccccc2O1', 'CC1CN(Cc2ccccc2)c2c(N)cccc2O1', 'CC1(C)CN(Cc2ccccc2)c2cc(N)ccc2O1', 'O=C1CN(C(=O)CCCc2cc(F)ccc2F)c2ccccc2N1', 'O=C1CC(C(=O)NC2CCCCC2)c2ccccc2N1']"
2484,1e-04,0.0,0.0,[]
2485,1e-04,0.0,0.0,[]
2486,0.0014,0.3346925,0.8864874839782715,"['Cc1nn2c(=O)cc(COc3cccc(C(F)(F)F)c3)nc2s1', 'CSc1nn2c(=O)c(-c3ccc(OC(C)C)cc3)nnc2s1', 'CCCc1nn2c(=O)c(NC(=O)c3ccccc3C)cnc2s1', 'Cc1cn2c(=O)c(C(=O)Nc3ccccc3O)cnc2s1', 'Cc1cccc(-c2nn3c(=O)cc(-c4cnc(C)nc4C)[nH]c3c2C)c1', 'Cc1nn2c(CO)c(-c3ccc(F)cc3)nc2s1', 'Cc1ccn2c(=O)cc(Cn3cnc4ccccc4c3=O)nc2c1', 'CCCc1nn2c(C#N)c(-c3ccc(NC(C)=O)cc3)nc2s1', 'COCc1nn2c(C)c(-c3ccc(C)c(C)c3)nc2s1', 'CC(C)c1nn2c(N)c(C=C3C=Nc4ccccc43)c(=O)nc2s1']"
2487,1e-04,0.0,0.0,[]
2488,1e-04,0.0,0.0,[]
2489,1e-04,0.0,0.0,[]
2490,0.0022,0.34539318,0.6368762254714966,"['COc1ccc(CCc2nc3nccc(-c4ccsc4)n3n2)cc1', 'COc1ccc(-c2cc3nccc(-c4cccnc4)n3n2)cc1', 'CCC(C)C(Nc1nc(C)cc(C2CCC2)n1)C(N)=O', 'CC1=NC(CN(C)c2nncc(-c3cccc4ccccc34)n2)N=C1', 'Cc1cnn(C(C)CNc2nccc(C3CCCC3)n2)c1', 'CN1CCCC2(CCN(c3nccc(CCC(F)(F)F)n3)C2)C1=O', 'Cc1cc(C)c(C(=O)Nc2ccn(CCc3ccncc3)n2)c(C)c1', 'COc1cccc(-c2nc3c([nH]2)CCN(C(=O)c2nc(C)c[nH]2)C3)c1', 'COc1ccc(C(C)Nc2nccc(C(F)(F)F)n2)cc1OC', 'Cc1ccc(-c2cc(C(=O)Nc3nccn(C)c3=O)on2)cc1']"
2491,0.0157,0.45123622,0.550570547580719,"['CC(Cc1cccs1)NC(=O)c1cncc(Br)c1', 'CN(Cc1ccco1)C1CN(Cc2cccs2)C2CCCOC12', 'CC(Cc1ccsc1)NC(=O)NCC1CCCO1', 'CN(Cc1cscn1)C(=O)c1ccc(Br)c(N)c1', 'CN(Cc1cscn1)C(=O)c1cc(Cl)ccc1F', 'CC(Cc1ccsc1)NS(=O)(=O)c1cn[nH]c1', 'CC(Cc1ccsc1)NC(=O)c1ccc2c(c1)ncn2CCO', 'CC(Cc1cccs1)NC(=O)c1ccc(-n2cncn2)nc1', 'CC(Cc1ccsc1)NC(=O)c1ccnc(-n2ccnc2)c1', 'CC(Cc1cccs1)NC(=O)c1cccc(S(C)(=O)=O)c1']"
2492,0.0085,0.4429693,0.6659519076347351,"['COc1cc(OC)cc(-c2nn3cc(N)nc3s2)c1', 'COc1ccc(OC)c(C2NCCc3c(OC)cccc32)c1', 'COc1ccc(OC)c(C2CCN(C(=O)CCc3ccco3)C2)c1', 'COc1ccc(OC)c(N2CC(C(=O)N3CCC3)CC2=O)c1', 'COc1ccc(OC)c(C(=O)Cc2cccnc2)c1', 'COc1ccc(OC)c(C(=O)NCC(C)(O)c2ccsc2)c1', 'COc1ccc(OC)c(NCC(O)c2ccncc2)c1', 'COc1ccc(OC)c(CNCC2CN(C3CC3)CCO2)c1', 'COc1ccc(OC)c(-c2csc3nc(N)cn23)c1', 'COc1ccc(OC)c(S(=O)(=O)NCc2nc3ccccc3[nH]2)c1']"
2493,1e-04,0.0,0.0,[]
2494,0.089,0.31317565,0.5644574165344238,"['CC(Sc1nncs1)C(=O)Nc1cccc2cn[nH]c12', 'CCc1cnc(C)nc1N(C)Cc1cc(COC)[nH]n1', 'O=C(NC(CO)c1ccccc1)c1cc(Br)c[nH]1', 'O=S(=O)(NCc1cc(Br)ccc1F)c1cn[nH]c1', 'CN(Cc1nc2ccccc2[nH]1)C(=O)c1cn[nH]n1', 'CCc1cc(C(=O)NCCC2CC3CCC2C3)[nH]n1', 'CC(=O)NC1CCCN(C(=O)NCCCc2cn[nH]c2C)C1', 'O=C(CCCc1cccs1)N1CCCC(c2ccn[nH]2)C1', 'Cc1ccccc1CN(C)C(=O)c1cc(Br)c[nH]1', 'COC(=O)C1(N(C)C(=O)c2ccc3cc[nH]c3c2)CCCCC1']"
2495,1e-04,0.0,0.0,[]
2496,1e-04,0.0,0.0,[]
2497,1e-04,0.0,0.0,[]
2498,1e-04,0.0,0.0,[]
2499,0.0009,0.25016317,1.067905068397522,"['Nc1ncnc2[nH]c(SCCOc3ccccc3F)nc12', 'O=c1[nH]nc2c(Oc3cccc(Cl)c3)nccn12', 'Nc1cccn2cc(-c3ccc4c(c3)OCCCO4)nc12', 'Nc1cccn2cc(-c3ccc4c(c3)OCO4)nc12', 'Cc1cccn2cc(-c3ccc4c(c3)OCO4)nc12', 'OCc1cnn2cccc(CN3CCN(c4ccccc4)CC3)c12', 'Cc1n[nH]c2c(N3CCN(c4ncccn4)CC3)ncnc12', 'Cc1ccnn2c(C(=O)c3ccccc3F)nnc12', 'COc1nccc2cccc(NCc3ccncc3)c12']"
2500,1e-04,0.0,0.0,[]
2501,1e-04,0.0,0.0,[]
2502,0.176,0.20540874,0.7286370992660522,"['CC(Sc1ncnc2c1cnn2C)C(=O)N(C)CCC#N', 'C#Cc1cccc(N(CC(=O)NCCC#N)Cc2ccco2)c1', 'N#CCCN(CCC#N)C(=O)CN1CCOC(c2nccs2)C1', 'CCC1Oc2ccc(N)nc2N(CC(C)C#N)C1=O', 'CCc1c(C(=O)Cn2ccnc2-c2cnccn2)[nH]c(C)c1C(C)=O', 'Cc1csc(C(C#N)C(=O)C(C)OCC2CC2)n1', 'CC(c1ccco1)N(C(=O)c1cccc(OCC(F)F)n1)C1CC1', 'COCC1(O)CCN(c2ccnc(SC)n2)CC1(C)C', 'CC(=O)c1c(C)[nH]c(C(=O)COc2ccc(C#N)cc2Cl)c1C', 'Cc1nc(COC(=O)c2ccc(CSc3nccn3C)o2)oc1C']"
2503,0.0021,0.2451015,0.9179050326347351,"['CCCC1CCC(=O)C(CN2CCOCC2CC)C1', 'COC(=O)C1CC(=O)N(c2cc(C(F)(F)F)ccc2Cl)C1', 'O=C1CC(=O)CC(c2ccccc2C(F)(F)F)C1', 'CCC(=O)N1CC(=O)Nc2ccc(F)cc2C1c1ccccc1', 'O=C1CCC(=O)c2oc3ccc(Br)cc3c2N1', 'COCC(=O)NC1CC(=O)N(CCc2cccc(Cl)c2)C1', 'CCCNC(=O)C1CC(=O)N(C2CCCCC2)C1', 'CC(=O)NC1C(=O)N(CC2COc3ccccc3O2)c2ccccc21', 'CC#CC(=O)N1CC(=O)N(C(C)C)CC(OCc2ccc(F)cc2)C1', 'CN1CC(=O)N2CC(NC(=O)CSc3ccncc3)CC2C1=O']"
2504,1e-04,0.0,0.0,[]
2505,1e-04,0.0,0.0,[]
2506,1e-04,0.0,0.0,[]
2507,0.2194,0.34083474,0.5247482657432556,"['COc1ccccc1-c1ccc(-n2ccnc2-c2ncc[nH]2)cc1', 'Cc1nc[nH]c1-c1nccn1-c1ccc(-n2cncn2)cc1', 'Fc1cccc(-c2[nH]ncc2-c2nnnn2-c2ccccc2)c1', 'CC(c1nncn1C)n1ccnc1-c1ccccc1-c1ccccc1', 'Nc1nc(-c2ccccc2)cc(-c2cc(-c3ccccc3)nc(N)n2)n1', 'CC(=O)Nc1ccc(-c2nc(-c3cccc(-c4ccn[nH]4)c3)no2)cc1', 'Cc1ccc(-n2nnnc2-c2c[nH]c(=O)nc2-c2cccc(F)c2)cc1', 'O=C(NCCCO)c1cn(-c2ccccc2)nc1-c1cccnc1', 'CNC(=O)c1cnc(-c2ccccc2)nc1-c1ccccc1', 'COc1ccccc1-n1nnc(CO)c1-c1ccc(F)cc1']"
2508,1e-04,0.0,0.0,[]
2509,0.0226,0.45992124,0.507744312286377,"['COc1cc(NC(=O)N2C3CCC2COC3)cc(OC)c1OC', 'COc1cc(CN2CCNc3ccccc32)cc(OC)c1OC', 'COc1cc(CC(=O)NC(C)c2ccccc2)cc(OC)c1OC', 'COc1ccc(-c2cc(C(C)=O)c(C)s2)c(OC)c1OC', 'COc1ccc(C(C)Nc2nccc(C(F)(F)F)n2)cc1OC', 'COc1cccc(CNc2cc(C)nc3cc(C)nn23)c1OC', 'COc1cc(CC(=O)NCc2ccc(C)cc2)cc(OC)c1OC', 'COc1ccc(C(=O)N(C)Cc2ccc(C)o2)c(OC)c1OC', 'COc1cc(C)c(CN2Cc3ccccc3CC2C(N)=O)cc1OC', 'COc1ccc(CNC(=O)c2ccco2)c(OC)c1OC']"
2510,1e-04,0.0,0.0,[]
2511,0.0008,0.404203,0.684326708316803,"['O=C(CCn1ccc2ccc(F)cc21)NC1=CC2N=CC=C2C=C1', 'CC1=NC(CN(C)c2nncc(-c3cccc4ccccc34)n2)N=C1', 'C=CCOC1C=CC=CC1C(c1c(O)n[nH]c1C)c1c(O)n[nH]c1C', 'CC(=O)Nc1ccc(CC(=O)OCC(=O)C2=NC=CC2)cc1', 'Cc1nc2cc(=O)[nH]n2c(C)c1CC(=O)OCC1CC=CCC1C', 'O=C(NCCC1=C2C=CC(F)C=C2N=C1)c1ccc2[nH]nnc2c1', 'O=C(COc1cccc2c1CCC2=O)C1=NC=CC1', 'CC(C)(CNC(=O)OC(C)(C)C)NC(=O)C1CC=CC1']"
2512,1e-04,0.0,0.0,[]
2513,1e-04,0.0,0.0,[]
2514,0.0013,0.25281847,1.026651382446289,"['COC(=O)C1C(C(=O)N2CCOCC2)C1(C)C(=O)c1ccccc1N', 'COC(=O)C1OC(c2ccccc2)OC1C(=O)OC', 'CC(C)NC(=O)N1CCC2(CC2C(=O)Nc2cccc(F)c2)C1', 'CC1(C(=O)NCc2cccs2)CC1(Cl)Cl', 'Cc1ccc(CC2COCCC2S(=O)(=O)NC(C)C)cc1', 'CC(C)(C)NC(=O)C1CC(O)CN1S(=O)(=O)c1ccc(F)cc1', 'CC(Cc1ccsc1)NS(=O)(=O)c1cn[nH]c1', 'CC(C)(C)OC(=O)N1CCC2(CC1)C(=O)NC2c1ccccc1', 'Cc1ccccc1C1CC(O)C(O)C1NC(=O)C(C)C', 'Cc1noc(C)c1C1CCCN1S(=O)(=O)c1ccc(F)cc1']"
2515,1e-04,0.0,0.0,[]
2516,1e-04,0.0,0.0,[]
2517,0.1186,0.3362886,0.5706107020378113,"['O=C1CC(c2ccccc2F)c2c(c3ccccc3oc2=O)O1', 'C=CCN(Cc1cccc(OCC)c1)C(=O)c1ccc(=O)[nH]c1', 'CC1(C)c2cc(N)ccc2CN(C2CCCCC2)S1(=O)=O', 'Cc1ccc(OCC2Cn3c(nc4c3c(=O)n(C)c(=O)n4C)O2)cc1', 'Cc1cccc(C)c1NC(=O)CSc1nc2ccsc2c(=O)[nH]1', 'O=C(c1csc(C2CCCO2)n1)N1CCCc2cccc(O)c21', 'CN(CCCc1cc(-c2ccccc2)no1)c1cn[nH]c(=O)c1Cl', 'C=CCOC1C=CC=CC1C(c1c(O)n[nH]c1C)c1c(O)n[nH]c1C', 'CC(NC(=O)c1ccco1)C(=O)Nc1ccc2[nH]c(=O)[nH]c2c1', 'CC(Oc1ccccc1)C(=O)OCc1nc2ccsc2c(=O)[nH]1']"
2518,1e-04,0.0,0.0,[]
2519,1e-04,0.0,0.0,[]
2520,0.0491,0.38541135,0.47163501381874084,"['O=C(Oc1cccc(OC(=O)c2ccco2)c1)c1ccco1', 'C#CCSc1nnc2ccc(-c3ccco3)nn12', 'O=C(NCc1ccccc1Cl)c1coc(NC(=O)c2ccco2)n1', 'CCn1c(SCc2nccn2C)nnc1-c1ccco1', 'O=C(NCC1(c2cccs2)CC1)c1cc(-c2ccco2)on1', 'CC(Cc1ccc(O)cc1)NC(=O)NCC(O)c1ccco1', 'CC1CCCC(NC(=O)CSc2nnc(-c3ccco3)n2N)C1C', 'O=C(Nc1ccc(SCc2cccc(F)c2)nn1)c1ccco1', 'CCCN1C(=O)c2ccccc2NC1c1ccco1', 'CCc1ncsc1C(=O)NCC(=O)c1ccco1']"
2521,1e-04,0.0,0.0,[]
2522,0.0014,0.2536469,0.9293359518051147,"['c1ccc(-n2c(Sc3ccc4nnnn4n3)nc3c2CCCC3)cc1', 'Cc1noc(C(C)NC(=O)Nc2ccc(SC3CCCC3)cc2)n1', 'c1csc(-c2oncc2CSc2nc(C3CC3)n[nH]2)c1', 'Nc1ncnc2[nH]c(SCCOc3ccccc3F)nc12', 'c1ccc(SCCOc2cccc(-n3cncn3)c2)cc1', 'CC(C)c1n[nH]c(SC(C)c2nc3ccccc3c(=O)[nH]2)n1', 'Cc1ccc(-c2ncco2)cc1NC(=O)c1ccc(S(C)=O)cc1', 'Cc1ccc(-c2ocnc2C(=O)Nc2ccc(S(C)=O)cc2)cc1', 'CCOc1ccccc1NS(=O)c1ccc(N)cc1', 'N#Cc1ccc(Sc2ncnc3nc[nH]c23)cc1Cl']"
2523,1e-04,0.0,0.0,[]
2524,0.0017,0.3289305,0.8023702502250671,"['Cc1nn(-c2ccccc2)c2ncc(C(=O)N(C)CC(N)=O)cc12', 'Cc1nn(C)c2sc(C(=O)N(C)C(C)C(C)(C)C)cc12', 'Cc1nn(C)c2sc(C(=O)N(C(C)C)C(C)C)cc12', 'Cc1n[nH]c2ncc(C(=O)NC(C)c3ccc(F)c(Cl)c3)cc12', 'COCCNc1ncnc2sc(C(=O)NC(C)(C)CO)c(C)c12', 'Cc1noc2ncc(C(=O)NCc3ccc(-n4cncn4)nc3)cc12', 'Cc1n[nH]c2ncc(C(=O)NCCc3ccc(F)cc3)cc12', 'Cc1n[nH]c2ncc(C(=O)NCCc3ccc(-n4cccn4)cc3)cc12', 'Cc1nn(C)c2ncc(NC(=O)N3CCOCC3)cc12', 'Cc1noc2ncc(C(=O)N3CCC(N4CCNC4=O)CC3)cc12']"
2525,0.0086,0.22285607,0.7969740629196167,"['OC(CC(O)(C(F)(F)F)C(F)(F)F)c1cccs1', 'COC(=O)c1sccc1S(=O)(=O)Nc1cccc(SC)c1', 'COc1ccc(-c2cc(CO)c(C)s2)cc1F', 'Cc1cc(C(=O)Oc2cccc(S(C)(=O)=O)c2)c(C)s1', 'Cc1ccc(C(=O)CC2(O)C(=O)N(CC(N)=O)c3ccccc32)s1', 'Cc1sc(C(N)=O)cc1S(=O)(=O)Oc1ccc2c(c1)CCC2', 'Cc1ccc2c(c1)C(O)(CC(=O)c1cccs1)C(=O)N2', 'COc1ccc(C(C)(CO)Cc2cccs2)cc1OC', 'Cc1cc(OC(F)F)c(C(=O)Nc2ccc3c(c2)COC3)s1', 'CC1CC(OC(=O)c2ccccc2SCc2ccsc2)C(=O)O1']"
2526,0.0011,0.30795848,0.7868931889533997,"['COc1ccccc1C(N)c1nc(-c2cccs2)cs1', 'CC1Oc2ccccc2N(CC(=O)Nc2nc(C3CC3)cs2)C1=O', 'CCOC(=O)C(NC)c1nc2cc(OC)ccc2s1', 'CC(O)C(N)c1nc(-c2ccc(F)c(F)c2)cs1', 'CC(C)(C)c1ccc(S(=O)(=O)NCC2(CO)CC2)cc1', 'Cc1csc(N2CCN(C(=O)C3(C#N)CCCCC3)CC2)n1', 'CC(CO)NS(=O)(=O)c1c[nH]c2ncccc12', 'Cc1cccc(CNC(=O)C(N)c2ccccc2C)c1', 'Cc1cccc(NC(=O)C2CNCc3ccc(C)cc32)c1', 'CN(C)C(CNC(=O)c1ccc(F)cc1F)c1cccs1']"
2527,1e-04,0.0,0.0,[]
2528,1e-04,0.0,0.0,[]
2529,1e-04,0.0,0.0,[]
2530,0.0044,0.29953828,0.6267895698547363,"['Cc1cc(C)c2c(c1)C(=O)C(=O)N2CC1CCCO1', 'CCCCC(CC)C(=O)C(C#N)c1nc(C)cs1', 'CCC(OC)C(=O)NC1CCN(C(=O)C(C)(C)C)CC1', 'Cc1ccc(S(=O)(=O)N2C(=O)C(=O)c3cc(C)ccc32)cc1', 'Cc1ccc2c(c1)c(=O)c(C(=O)Nc1c(C)noc1C)nn2C', 'Cn1cc(CC(C#N)C(=O)NCCc2ccccc2)c2ccccc21', 'CCC(OC)C(=O)OCC(=O)Nc1ccc(C)cc1', 'COCCC(NC(C)=O)C(=O)N1CCCC1Cn1nc(C)cc1C', 'Cc1ccc(F)c(-n2nnnc2CN2CCN(C(=O)C(C)C)CC2)c1', 'Cc1cc(NC(=O)Cc2noc(C(=O)NC3CCCCC3)n2)no1']"
2531,1e-04,0.0,0.0,[]
2532,1e-04,0.0,0.0,[]
2533,0.0011,0.377955,0.7694358229637146,"['CC1CCc2sc(C(=O)NCc3cn4c(n3)SCC4)cc2C1', 'CC1CCc2[nH]c(=O)c(C(=O)NC3CCCCC3C)cc2C1', 'CC1CCc2nn(CC(=O)Nc3cccc(C(F)(F)F)c3)cc2C1', 'CC1CCc2c(sc(NC(=O)C(C)(C)C)c2C(N)=O)C1', 'CC1CCc2nc(NC(=O)C3CCCO3)sc2C1', 'CC(C)(C)C1CCc2onc(C(=O)NCc3ccco3)c2C1', 'CN1CCc2nc(N)c(C#N)c(-c3ccc(F)cc3)c2C1', 'CN1CCc2nc(NC(=O)CC3C=CCC3)sc2C1', 'CC1(NC(=O)C2CC(=O)N(Cc3ccccc3)C2)Cc2ccccc2C1', 'CN1CCc2nc(SCC(N)=O)c(C#N)cc2C1']"
2534,0.0015,0.39990634,0.6803802847862244,"['O=S(=O)(c1ccccc1)N1CCn2cc(Cn3cncn3)nc2C1', 'O=S(=O)(c1ccccc1)n1nnc2ccccc21', 'O=S(=O)(c1ccccc1)N1CCN(c2nccs2)CC1', 'O=S(=O)(Cc1ccccc1)N1CCOC(c2ccccn2)C1', 'O=S(=O)(c1ccc(Cl)c(Cl)c1Cl)N(CCO)CCO', 'O=S(=O)(Oc1cccc(F)c1)c1ccc(F)cc1', 'O=S(=O)(c1cc(Cl)ccc1Cl)N1CCCC1', 'O=S(=O)(C1CC1)N1CCN(c2cccc(Cl)c2)CC1', 'O=S(=O)(Cc1ccccc1F)N1CCCC1c1ccccn1', 'O=S(=O)(N=c1cccc[nH]1)c1ccc(F)cc1F']"
2535,1e-04,0.0,0.0,[]
2536,0.0038,0.36924413,0.6772038340568542,"['CCn1cnc2cc(-c3csc(NC)n3)ccc21', 'CCOC(=O)C(NC)c1nc2cc(OC)ccc2s1', 'CCCCCNC(=O)Nc1cc(C(=O)NC)ccc1Cl', 'CCCCN(CC)S(=O)(=O)c1ccc(NC)nc1', 'CCCc1cc(CNC(=O)c2ccc(NC)nc2)on1', 'CCC(=O)N1CCCC1(C)c1nc(C)cc(C(=O)NC)n1', 'C=CCCCN(C)C(=O)Nc1ccc(C(=O)NC)cc1', 'CCOCCC(=O)Nc1ccc(C(=O)NC)c(Cl)c1', 'CCCNc1nc2nc3ccc(C)cn3c(=O)c2cc1C(=O)NC', 'CCn1nnc2cc(C(=O)Nc3cccc(C(=O)NC)c3)ccc21']"
2537,1e-04,0.0,0.0,[]
2538,1e-04,0.0,0.0,[]
2539,0.0004,0.39084402,0.7961403131484985,"['Nc1ncc(Br)c(Cl)c1Br', 'Cc1ccc(OCCCCO)c(Br)c1', 'COc1ncc(C(F)(F)F)cc1Br', 'Brc1ccc(Oc2cnccn2)cc1']"
2540,0.0154,0.25158453,0.7679750323295593,"['CCn1ncc(Br)c1C(=O)N1CCCCC1C', 'CCn1ncc(Br)c1C(=O)N(C)Cc1ccccc1', 'CC(C)n1cc(Br)cc1C(=O)N1CCNC(=O)C1', 'CCn1ncc(Br)c1C(=O)Nc1nc(C)cs1', 'CC(C)Cn1nccc1NC(=O)CCC(C)(C)C', 'CCCn1nccc1CNc1cc(OC)ccc1OC', 'CC(C)n1cc(Br)cc1C(=O)NCCS(N)(=O)=O', 'CCn1nccc1CN(C)C(=O)Cc1ccc(Br)cc1', 'CCn1nc(C)cc1C(=O)NCC(C)Cn1cccn1', 'CC(C)n1cccc1C(=O)NCC(C)(C)c1ccncc1']"
2541,1e-04,0.0,0.0,[]
2542,1e-04,0.0,0.0,[]
2543,0.0331,0.30094633,0.5523192286491394,"['Cc1oc(C(=O)OCC2CCCC2)cc1S(=O)(=O)N(C)C', 'COC(=O)c1c(NC(=O)C(C)C)sc2c1C(C(=O)OC)CC2', 'Cn1ncc(C(=O)Nc2ccccc2)c1C(=O)Nc1ccccc1', 'Cc1ccnn2c(C(=O)c3ccccc3F)nnc12', 'CCC(CC)c1cc(C(=O)C(C#N)c2nc(C)cs2)on1', 'COc1cc(C(=O)Nc2ccc(F)c(Cl)c2)c2[nH]ncc2c1', 'Cc1nn(C)c2sc(C(=O)N(C(C)C)C(C)C)cc12', 'Cc1c(C(=O)N(C)CCOCC2CC2)sc2ccc(F)cc12', 'Cc1csc(C(C#N)C(=O)C(C)OCC2CC2)n1', 'Cn1nc2c(c1C(=O)Nc1ccccc1)CCCC2']"
2544,1e-04,0.0,0.0,[]
2545,0.0278,0.25384742,0.7343770861625671,"['Cc1cnc(NCc2ccco2)c(Br)c1', 'Cc1cnc(NC(=O)c2cncc(F)c2)c(Br)c1', 'CNC(=O)c1cnc(OC(C)(C)C)c(OC2CC2)c1', 'NC(=O)c1cnc(NCc2ccc(Cl)cc2Cl)c(Cl)c1', 'CCc1cnc(CNC(=O)NCc2ccnc(OC3CCC3)c2)s1', 'COc1ccnc(NC(=O)c2cnc(C(C)(C)C)s2)c1', 'NC(=O)c1cnc(NCc2ccc(-n3cccn3)nc2)c(Cl)c1', 'CCCCC(=O)NCc1ccnc(OC2CCC2)c1', 'CN(C)S(=O)(=O)NCc1ccnc(OC2CCC2)c1', 'COCCCN(C)C(=O)c1ccnc(OC2CCC2)c1']"
2546,1e-04,0.0,0.0,[]
2547,1e-04,0.0,0.0,[]
2548,1e-04,0.0,0.0,[]
2549,0.0005,0.5497368,0.5080682635307312,"['COc1cccc(OCc2nc3c4cn[nH]c4ncn3n2)c1', 'CCCc1nnc2c3cnn(-c4ccc(C)cc4C)c3ncn12', 'CC(c1nc2c3cnn(C)c3ncn2n1)n1cc(Br)cn1', 'Fc1ccc(Cn2c3ccccc3c3nn4cnnc4nc32)cc1', 'CNC(=O)CSc1nnc2c3ccccc3ccn12']"
2550,0.0012,0.3688214,0.858875572681427,"['Cc1nc(C2Nc3ccccc3C(=O)N2Cc2ccccc2)cs1', 'Cc1ccc(CNC(=O)C2c3ccccc3CCN2C(=O)C2CC2)o1', 'COC1CCCC(OC(=O)CC2c3ccccc3CCN2C(C)=O)C1', 'c1ccc(C2CNc3ccccc3N2Cc2cccnc2)cc1', 'Cc1ccc(-c2n[nH]cc2C2Nc3ccccc3C(=O)N2C2CC2)o1', 'COc1cccc(NC(=O)C2Cc3ccccc3N2C(C)=O)c1', 'COc1cc(C)c(CN2Cc3ccccc3CC2C(N)=O)cc1OC', 'CC(C)(C)c1nc(CN2Cc3ccccc3CC2C(N)=O)no1', 'CCCc1nc(NC2c3ccccc3CC2O)c2cnn(C)c2n1', 'Cc1cc(NCC2Cc3ccccc3CN2C)n2nc(C)c(C)c2n1']"
2551,1e-04,0.0,0.0,[]
2552,1e-04,0.0,0.0,[]
2553,1e-04,0.0,0.0,[]
2554,0.0009,0.43670318,0.7297067046165466,"['O=C1CN(C(=O)CNC(=O)CC23CC4CC(CC(C4)C2)C3)CCN1', 'O=C(Cn1cnnn1)Nc1ccc(C23CC4CC(CC(C4)C2)C3)cc1', 'O=C(NCCO)C1CCCN1C(=O)C12CC3CC(CC(C3)C1)C2', 'Cc1cc(C(=O)OCC(=O)NC23CC4CC(CC(C4)C2)C3)on1', 'O=C(Nc1ccccn1)C12CC3CC(CC(Cl)(C3)C1)C2', 'COCC(C)NC(=O)NCCC12CC3CC(CC(C3)C1)C2', 'O=C(Nc1ccncc1)NC12CC3CC(CC(C3)C1)C2', 'CC(O)CN(C)C(=O)C12CC3CC(CC(C3)C1)C2', 'N#Cc1cccnc1NCCNC(=O)N1CC2CC3CC(C2)CC1C3']"
2555,1e-04,0.0,0.0,[]
2556,0.0004,0.5543569,0.4506022334098816,"['COc1cc2nc3c(c(N)c2cc1OC)CCCC3', 'COc1cc(OC)c2nc3n(c(=O)c2c1)CCCCC3', 'Cc1c(C(=O)NCC2CCCO2)sc2nc3n(c(=O)c12)CCC3', 'COc1ccc2nc3c(nc2c1)C(=O)c1ccccc1-3']"
2557,1e-04,1.0,0.0,['CCS(=O)(=O)N1CCC2C1CC(=O)N2Cc1csc(C)n1']
2558,1e-04,0.0,0.0,[]
2559,0.0035,0.49299562,0.6009724140167236,"['Cc1ccc(C(=O)NC2(C)Cc3ccccc3C2)cc1S(C)(=O)=O', 'Cc1ccc(C(=O)NC(C2CC2)C2CC2)cc1NS(C)(=O)=O', 'Cc1ccc(NC(=O)c2cncc(OC(C)C)c2)cc1S(C)(=O)=O', 'COc1ccc(C)cc1NC(=O)c1cc(C)c(C)c(S(N)(=O)=O)c1', 'CCCN(CC1CC1)S(=O)(=O)c1ccc(F)c(S(C)(=O)=O)c1', 'CC(Cc1ccc(O)cc1)NC(=O)Nc1ccccc1S(C)(=O)=O', 'CC1Cc2cc(C(=O)NCC3CCOC3)ccc2N1S(C)(=O)=O', 'CCN(C1CCN(C(=O)NC2CCCCCC2)CC1)S(C)(=O)=O', 'CC(C(=O)N1CCCC1)N(c1cccc(Cl)c1)S(C)(=O)=O', 'COc1ccc2c(c1)CCCN2C(=O)c1ccccc1S(C)(=O)=O']"
2560,1e-04,0.0,0.0,[]
2561,0.1063,0.41000277,0.4310363531112671,"['C=CCNC(=O)Nc1ccc(NC(=O)Nc2cnn(CC)c2)cc1', 'COC(=O)Nc1cccc(NC(=O)NC2CCCC(C)C2)c1', 'COCCCNC(=O)NCc1ccc(Cl)cc1Cl', 'COC(=O)Nc1ccc(CNC(=O)NCc2cccc(C)c2)cc1', 'CCN(CC)C(=O)NC1C(NC(=O)N(CC)CC)N(C)C(=O)N1C', 'COC(=O)Nc1ccc(NC(=O)NC(C)Cc2ccccc2F)cc1', 'COC(=O)Nc1ccc(CNC(=O)NCc2ccc(F)cc2)cc1', 'CCn1ncnc1C(C)NC(=O)Nc1ccc(Cl)c(C)c1', 'CCC1CCCCC1NC(=O)NCCc1ccccn1', 'CCc1ccccc1CNC(=O)NC(CC)c1nccs1']"
2562,1e-04,0.0,0.0,[]
2563,0.0002,0.5,0.0,"['CCN1CC(CN(C)C(=O)c2ccccn2)Oc2ccccc21', 'NC(=O)C1CCN(C(=O)CCOCC2CCCO2)c2ccccc21']"
2564,0.7258,0.18143389,0.7384753823280334,"['O=C(NCc1ccc(Br)cc1)N1CCCC1', 'O=C(Cc1ccc(F)cc1)NCc1ccc(F)cc1', 'NC(=O)c1ccc(S(=O)(=O)N2CCCCC2)cc1', 'CN1CCN(C(=O)c2cccc(Br)c2)CC1', 'O=S(=O)(c1cc(Cl)ccc1Cl)N1CCCC1', 'O=C(Cc1ccc(F)cc1)NCc1cccc(F)c1', 'Cc1cccc(S(=O)(=O)N2CCCCCC2)c1', 'COc1ccc(CNC(=O)Oc2ccccc2)cc1', 'Cc1csc(C(N)c2ccc(Br)cc2)n1', 'CC(C)(C)NS(=O)(=O)c1ccc(Cl)cc1F']"
2565,0.0048,0.41311267,0.6695970892906189,"['CCCNC(=O)c1cc(Cl)c2c(c1)OCCO2', 'CCc1cc(C(C)O)c2c(c1)C(NC(=O)CC(C)C)CCO2', 'CC1CCCCN1C(=O)c1cc(Cl)c2c(c1)OCO2', 'O=C(OCc1cc(Cl)c2c(c1)OCO2)c1ccccn1', 'O=C(NCCO)c1cc(Cl)c2c(c1)OCCO2', 'O=c1c2ccccc2ncn1Cc1cc(Cl)c2c(c1)OCCCO2', 'O=c1[nH]c(F)c(Cl)c2c1Oc1ccccc1O2', 'CCc1cc(Br)cc2c1OC(C)C(=O)N2', 'Nc1cc(Cl)c2c(c1)NC(=O)C(c1ccccc1)O2', 'NC(=O)C(NCc1cc(Cl)c2c(c1)OCCCO2)c1ccccc1']"
2566,1e-04,0.0,0.0,[]
2567,1e-04,0.0,0.0,[]
2568,1e-04,0.0,0.0,[]
2569,1e-04,0.0,0.0,[]
2570,0.0011,0.28442633,0.8888868093490601,"['O=C1NC(O)c2cc(Br)cc(Br)c2O1', 'CC1CN(Cc2ccccc2)c2c(N)cccc2O1', 'Fc1ccccc1C1CN(Cc2ccncc2)Cc2ccccc2O1', 'CN(C)C1=NC(C(F)(F)F)(C(F)(F)F)N=C(c2cccnc2)O1', 'O=C(NCCc1ccccc1)C1COc2ccccc2O1', 'OCC1CN(c2ccc(F)cc2)C(c2cccc(O)c2)O1', 'CC1COCCN1CC1=Cc2cc(Cl)ccc2OC1', 'CC1(C)CN(Cc2ccccc2)c2cc(N)ccc2O1', 'O=C(Nc1cccc(Cl)c1)OCC1OCCO1', 'CCCC1CN(Cc2cccc3[nH]ccc23)CCO1']"
2571,1e-04,0.0,0.0,[]
2572,1e-04,0.0,0.0,[]
2573,1e-04,0.0,0.0,[]
2574,1e-04,1.0,0.0,['Cc1sc2[nH]c(CCC(=O)NC(C)CCC(C)C)nc(=O)c2c1C']
2575,0.0035,0.34877634,0.8008328676223755,"['CC1CN(Cc2ccccc2)CCN1C(=O)C(C)(C)C', 'CC1CN(CCOc2ccccc2)CCN1CC(O)c1ccccc1', 'COCC1c2c(cnn2C)CCN1S(=O)(=O)Cc1ccccc1', 'CC1CN(C(=O)OC(C)(C)C)CCN1Cc1ccncc1', 'COC(=O)C1Cc2ncn(C)c2CN1C(=O)c1ccccc1', 'CC1Cc2cc(C(=O)NCC3CCOC3)ccc2N1S(C)(=O)=O', 'CC1CC(=O)Nc2ccccc2N1C(=O)CN(C)C(=O)OC(C)(C)C', 'CCOC(=O)C1C2CCC(=O)C2CN1C(=O)OCc1ccccc1', 'COC(=O)C1CC(NC(C)=O)CN1Cc1ccc2ccccc2c1', 'CC1(C)C(=O)OCCN1C(=O)c1ccccc1Cl']"
2576,0.0014,0.24872138,1.0648173093795776,"['c1ccc(-c2cc3c(N4CCOCC4)ncnc3s2)cc1', 'CCCNC(=O)c1cc2cnn(-c3cccc(C)c3)c2nc1N', 'CCC(=O)Nc1nc2cc3nc(NC(=O)CC)sc3cc2s1', 'COc1ccc(CNC(=O)c2cc3cnn(C(C)C)c3nc2C)cc1', 'CCNC(=O)c1cc2cnn(-c3ccc(C)cc3C)c2nc1N', 'CC(C)(C)c1cn2nc(Oc3cncc(C(N)=O)c3)sc2n1', 'COc1ccc(NC(=O)c2cn3c(n2)CN(CC(C)C)CC3)cc1', 'O=c1c2cnn(-c3ccccc3)c2ncn1Cc1ccon1', 'Cc1ccc(NS(=O)(=O)c2cc3[nH]c(=O)[nH]c3cc2C)cc1', 'Cc1ccc(NC(=O)c2cc3cnn(C)c3nc2N)c(C)c1']"
2577,1e-04,0.0,0.0,[]
2578,0.4227,0.13905814,0.6690799593925476,"['CCOc1c(Nc2ccc(Cl)cc2C)c(=O)c1=O', 'O=c1c(-c2ccccc2)c(N2CCN(c3ccccc3)CC2)c1=O', 'CCOC(=O)N1CCN(c2c(-c3ccc(C)c(C)c3)c(=O)c2=O)CC1', 'CCOC(=O)CC(c1oc(CO)cc(=O)c1O)C(C)C', 'OCC1CN(c2ccc(F)cc2)C(c2cccc(O)c2)O1', 'COc1cc(C2CC(=O)Nc3nc(N)[nH]c(=O)c32)ccc1O', 'O=C1CC(=O)CC(c2ccccc2C(F)(F)F)C1', 'CC(COc1ccc(F)cc1F)NC(=O)Nc1ccc(C#N)cc1', 'CS(=O)c1cccc(NC(=O)CCCc2cc(F)ccc2F)c1', 'OC(CNc1ccc2ccc(F)cc2n1)CN1CCOCC1']"
2579,1e-04,1.0,0.0,['CN1C(=O)CN(C(=O)c2cnc(C3CCCO3)s2)c2ccccc21']
2580,1e-04,0.0,0.0,[]
2581,0.0266,0.5458171,0.35334283113479614,"['CCOc1ccc(N)cc1COCC1CCOC1', 'CCOc1ccc(CC(C)NCc2ccncc2)cc1N', 'CCOc1cccc(-c2csc3nnc(CO)n23)c1', 'CCOc1ccccc1CCC(=O)N1CCOCC1C1CC1', 'CCOc1ccc(CCC(=O)Nc2cccc(F)c2)cc1N', 'CCOc1ccc(NC(=O)CC2CCCC2)cc1CO', 'CCOc1ccc(NC(=O)C2CCCC2)cc1CO', 'CCOc1ccc(C(=O)NCc2ccco2)cc1Cl', 'CCOc1ccccc1OC(=O)c1scnc1C1CC1', 'CCOc1ccccc1OCCOc1cccc(C#N)c1']"
2582,1e-04,0.0,0.0,[]
2583,1e-04,0.0,0.0,[]
2584,1e-04,1.0,0.0,['C=CCOC1C=CC=CC1C(c1c(O)n[nH]c1C)c1c(O)n[nH]c1C']
2585,0.0014,0.36361974,0.8579307198524475,"['CC1Cc2ccccc2N1C(=O)COC(=O)c1cnn(C(C)(C)C)c1', 'CC1Cc2ccccc2N1C(=O)C1Cc2ccccc2C(=O)O1', 'CC1Cc2ccccc2N1Cc1nnc(C2CC2)o1', 'CC1CC(=O)Nc2ccccc2N1C(=O)CN(C)C(=O)OC(C)(C)C', 'O=C1CNc2cccc(Cl)c2N1CCc1ccccc1', 'CC1Cc2cc(F)ccc2C(C)N1Cc1cccc(C(=O)N(C)C)c1', 'CC1CCN(C)c2ccccc2N1C(=O)CCSc1ccccn1', 'O=C1C(c2ccccc2)Nc2ccccc2N1CC(O)CO', 'CN(CC1Cc2ccccc2CN1C)C(=O)c1cnn2ccn(C)c12', 'CC1Cc2cc(C(=O)NCC3CCOC3)ccc2N1S(C)(=O)=O']"
2586,0.0507,0.34066522,0.6693896055221558,"['CC(CC(=O)NCC(C)(C)c1ccncc1)c1ccccc1F', 'CC(C)CC(NC(=O)C(C)NC(=O)c1ccco1)c1ccccc1', 'CCC(C(=O)OCC(=O)Nc1ccc(F)cc1)c1ccccc1', 'CC(CC(=O)OCC(=O)N1CCOCC1)c1ccc(F)cc1', 'CC(=O)NC(CC(=O)N(C)CCc1ccccn1)c1ccccc1', 'CC(CS(=O)(=O)N1CCOCC1C1CC1)c1ccccc1', 'CC(C(=O)N(Cc1ccccn1)c1ccncc1)c1ccccc1', 'CCC(NC(=O)Nc1ccccc1Cn1cccn1)c1ccncc1', 'CC(=O)NC(CC(=O)Nc1ccc(C)cc1C)c1ccccc1', 'C=CC(CC(=O)Nc1cc(C)nn1-c1ccc(C)nn1)c1ccccc1']"
2587,1e-04,0.0,0.0,[]
2588,0.0053,0.32006335,0.7155438661575317,"['Cc1cc(C)c(CNC(=O)c2cc(C3CC3)nn2C(C)(C)C)c(=O)[nH]1', 'CC(=O)Nn1ccc2c(cnc3c(-c4ccccc4)c(C)nn32)c1=O', 'CCn1c(N)c(C(=O)CN2CCc3cc(F)ccc3C2)c(=O)[nH]c1=O', 'Cn1c(=O)ccn(CC(=O)NCc2ccnc(OC(C)(C)C)c2)c1=O', 'CCn1c(=O)c(C(=O)N2CCCC2)nn(-c2ccc(Cl)cc2)c1=O', 'Cc1ccc2c(c1)NC(=O)C(C)(C(=O)N(C)Cc1ccccc1F)O2', 'Cc1c(C(=O)N(Cc2ccco2)C2CC2)[nH]c2c1C(=O)CC(C)(C)C2', 'CCN(CC(F)(F)F)C(=O)Cc1c(C)nc2c(c1C)c(=O)[nH]n2C', 'N#Cc1ccc(C(=O)Nc2cccc(-c3noc(C4CC4)n3)c2)c(F)c1', 'CC(C)CN1CC(=O)N2CCc3c([nH]c4ccc(F)cc34)C2(C)C1=O']"
2589,1e-04,0.0,0.0,[]
2590,1e-04,0.0,0.0,[]
2591,1e-04,0.0,0.0,[]
2592,0.006,0.39932626,0.6615800261497498,"['CCCNC(=O)Cn1c(-c2cscn2)nc2ccccc21', 'NC(=O)Cn1c(-c2cccc(Br)c2)noc1=O', 'COC(=O)Cn1c(C(C)C)nc2ccc(F)cc21', 'COCCCCn1c(-c2ccccc2C)noc1=O', 'COCCCn1c(-c2ccco2)nc2ccccc2c1=O', 'NC(=O)CCn1nc(-c2ccncc2)c2c1CCNC2', 'CCCCNC(=O)Cn1c(-c2ccc(C)cc2)noc1=O', 'CNC(=O)Cn1cc(NC(=O)CN(C)S(C)(=O)=O)cn1', 'COC(=O)Cn1cc(NC(=O)c2ccc(C)o2)cn1', 'COC(=O)Cn1c(C(C)=O)nc2cc(OC)ccc21']"
2593,1e-04,1.0,0.0,['C=CCN1CC2=C(C1=O)C(c1ccc(O)cc1)NC(=O)N2C']
2594,1e-04,0.0,0.0,[]
2595,0.0004,0.69354343,0.07532081007957458,"['CCc1nc2n(n1)CCCC2NC(=O)CCOCC(C)C', 'CC1CC(=O)Nc2ccccc2N1C(=O)CN(C)C(=O)OC(C)(C)C', 'CCc1nc2n(n1)CCCC2NS(=O)(=O)CCCOC', 'CCc1nc2n(n1)CCCC2NC(=O)CCCNC(=O)c1ccco1']"
2596,0.0006,0.3932588,0.9262213706970215,"['C=CCOC1CCC2C1OCCN2C(=O)c1ccoc1', 'C=CCOCC1CCC2C1OCCN2C(=O)c1ccco1', 'CC(=O)OC1CC2CCC1N(Cc1ccccc1)C2=O', 'CCOC1CCC2C1OCCN2C(=O)c1cccs1', 'CCOC1CCC2C1OCCN2C(=O)c1ccoc1', 'C=CCOC1C2CCC1N(S(=O)(=O)c1ccccc1)CCO2']"
2597,1e-04,0.0,0.0,[]
2598,0.0888,0.36019582,0.4819536507129669,"['CCOc1ccc(-c2csc(CCCOC)n2)cc1', 'CCOCCNC(=O)c1sc(C(C)C)nc1C', 'Cn1ncc2c(N3CCC4(CC3)OCCO4)ncnc21', 'CCOC(=O)CC(c1oc(CO)cc(=O)c1O)C(C)C', 'Cc1ccnc(N(C)CC2(CO)CCOCC2)n1', 'CCOC(=O)COc1ccc(CO)cc1Br', 'CC(=O)NCC1Cc2cc(C)cc(-c3ccccn3)c2O1', 'CCC1COCCN1Cc1cc(C(N)=O)cs1', 'CCCOc1ccc(-c2nc(CN)cc(=O)[nH]2)cc1OC', 'COCCCNc1c(-c2cc(C)c(C)cc2C)c(=O)c1=O']"
2599,0.0013,0.37370872,0.8186779022216797,"['O=C(C1CCOC1)N1CCCC1C1CCCCC1', 'CC(NC(=O)N1CCC(CO)CC1)C1CCCO1', 'O=C(NCC1CN2CCCCC2CO1)C1CC=CCC1', 'O=C(CCN1CCOC1=O)NC1CCCNC1=O', 'CC(C)(CNC(=O)NCCCC1CCCC1)N1CCOCC1', 'CC(OCC1CCCO1)C(=O)NCCC1=CCCCC1', 'O=C(COC1CCCCC1)NC1CCC2(CC1)OCCO2', 'CC1CCN(C(=O)C2CCCO2)C2CCCCC12', 'O=C(CCNC(=O)C1CC2CCC1O2)NC1CCCC1', 'CC(NC(=O)NCc1ccccc1Cl)C1CCCO1']"
2600,1e-04,0.0,0.0,[]
2601,1e-04,1.0,0.0,['CC(C)c1cc(C(=O)N2CCC(C(N)=O)CC2)c(O)c(C(C)C)c1']
2602,1e-04,0.0,0.0,[]
2603,1e-04,0.0,0.0,[]
2604,0.0004,0.47895104,0.7797961831092834,"['CN1C(=O)c2cccc3c(S(=O)(=O)N4CCOCC4)ccc1c23', 'CC1CC2(CCCCC2)N2C(=O)C(=O)c3cccc1c32', 'CC1=CC(C)C2(CO)COC(c3ccco3)C1C2C', 'CCN1CC23CN(C(=O)c4ccccc4)CC(CC2S1(=O)=O)O3']"
2605,1e-04,0.0,0.0,[]
2606,1e-04,0.0,0.0,[]
2607,0.0848,0.49354932,0.37978312373161316,"['CCOCCOc1cccc(-n2ccnc2-c2c[nH]cn2)c1', 'Cc1cc(C)nc(-n2ncc3c2ncn2nc(C(C)C)nc32)n1', 'Cc1cnn(C2CN(CC=CCN3CC(n4cc(C)cn4)C3)C2)c1', 'O=C(C1CC2CCC1O2)N1CCC(c2nc3ccccc3o2)CC1', 'O=C(NCc1cccs1)c1cn[nH]c1-c1cccs1', 'Cc1cc(C(=O)N2CC3COCC3(c3nc(C)no3)C2)on1', 'Cc1cnc(C(=O)N2CCOC3C(Oc4ccccn4)CCC32)cn1', 'CN1Cc2ccccc2CC1CNC(=O)c1n[nH]c2c1CCC2', 'Cc1ccc(C(=O)NCc2cccc(-c3n[nH]c(C)n3)c2)nc1', 'C=CCC1(CO)CCCN(C(=O)CCc2n[nH]c3c2CCCC3)C1']"
2608,0.0189,0.29451352,0.6520509123802185,"['c1cnn(CCN2CCOC(Cn3cncn3)C2)c1', 'Cc1csc(C2CCCN(Cc3cnnn3C)C2)n1', 'CCc1ccc(CN2CCOC(c3nc(C)cs3)C2)o1', 'COc1cc(CN2CCOC(c3nccs3)C2)cc2c1OCO2', 'CCc1cnc(CN2CCCC(c3cc(C)n[nH]3)C2)o1', 'c1csc(CN2CCOC(c3cccs3)C2)c1', 'CCOc1nnc(CN2CCOC(c3nc(CC)n[nH]3)C2)s1', 'N#Cc1ccc(N2CCN(c3ccccc3)CC2)nn1', 'CCc1noc(CN2CCN(Cc3nc(CC)no3)CC2)n1', 'Cc1cc(CN2CCN(c3ccc(Cl)cn3)CC2)no1']"
2609,1e-04,0.0,0.0,[]
2610,0.0065,0.27249926,0.8610857129096985,"['O=c1ncc(-c2ccc(OCc3ccccc3)cc2)c[nH]1', 'CCOc1ccc2[nH]cc(C(=O)c3cccc(OC)c3)c(=O)c2c1', 'OCc1cc2cc(OCc3ccccc3)ccc2[nH]1', 'CCOC(=O)c1ccc(-c2ccc[nH]c2=O)cc1F', 'Cc1cc(=O)[nH]c2ccc(-c3ccc4c(c3)OCO4)cc12', 'O=C1OC(c2c[nH]c3ccccc3c2=O)c2ccccc21', 'COc1ccc(-c2cc(-c3ccc(OC)c(OC)c3)[nH]n2)cc1OC', 'O=c1[nH]cc(-c2cccc(OC(F)(F)F)c2)c(=O)[nH]1', 'Cc1cn(C2(F)OC(CO)C(O)C2(F)F)c(=O)[nH]c1=O', 'CCc1cc(C(=O)N2CCC(C)(O)C(O)C2)cc(=O)[nH]1']"
2611,1e-04,0.0,0.0,[]
2612,1e-04,0.0,0.0,[]
2613,1e-04,0.0,0.0,[]
2614,0.0196,0.26673615,0.6321714520454407,"['CCc1cnccc1C(=O)N(C)c1cccnc1N1CCCC1', 'COc1ncccc1CNc1ccnc(C(N)=O)c1', 'Cc1ncncc1C(=O)NCCN1CC(C)OC(C)C1', 'COc1ncccc1CN1CCc2ncnc(OC)c2CC1', 'Cc1cc2c(cc1-c1ncnc(C)c1N)OCCO2', 'CN(C)c1nccnc1C1CCN(S(C)(=O)=O)CC1', 'Cc1ccccc1CCNC(=O)c1nccnc1N', 'CC(Sc1ccncc1N)C(=O)NC(C)(C)C', 'CSc1ncccc1C(=O)N(CC1CC1)C(C)C', 'COc1ncnc(OC)c1CNc1ccccc1C']"
2615,1e-04,0.0,0.0,[]
2616,1e-04,0.0,0.0,[]
2617,1e-04,0.0,0.0,[]
2618,1e-04,0.0,0.0,[]
2619,1e-04,0.0,0.0,[]
2620,0.0004,0.5681536,0.3436976671218872,"['COc1cc2c(cc1OC)-c1cc3ccccc3c(=O)n1CC2', 'CCNC(=O)c1oc2c(c1C)-c1nn(CC)cc1CC2', 'O=C(Cn1ncc2c1-c1ccccc1OC2)NC1CCCCC1', 'NC(=O)c1cc2c(cc1-c1cc(NCCO)nc3[nH]ccc13)OCO2']"
2621,0.0064,0.3056965,0.6574298143386841,"['Cc1n[nH]cc1CNC(=O)C(NC(N)=O)C(C)C', 'CC(CNC(=O)NC(CO)C(C)C)c1ccccc1', 'CCOc1ccc(NC(=O)NC(C(N)=O)C(C)(C)C)cc1C', 'Cc1noc(C)c1S(=O)(=O)NC(CO)CC(C)C', 'Cc1ccc(F)c(C(=O)N(CC(N)=O)CC(C)C)c1', 'Cc1ccc(S(=O)(=O)N(CC(C)O)C(C)(C)CO)s1', 'CCN(CCO)C(=O)C(NC(=O)c1ccccc1Cl)C(C)C', 'COc1ccc2nc(C(=O)NC(C(N)=O)C(C)(C)C)ccc2c1', 'COc1ccccc1OCC(=O)N(C(C)C)C(C)C', 'Cc1cnn(Cc2cc(C(=O)N(CC(N)=O)CC(C)C)no2)c1']"
2622,1e-04,1.0,0.0,['CCN(CC(=O)NC(C)(C)C)C(=O)NCCc1nc2ccccc2[nH]1']
2623,0.0003,0.46683285,0.6053723692893982,"['CN(Cc1ccco1)C1CN(Cc2cccs2)C2CCCOC12', 'CC1CN(C(=O)C(C)Cc2ccccc2F)C(C)CO1', 'CC1CN(Cc2noc(-c3ccccc3)n2)C(C)CO1']"
2624,0.0113,0.2673013,0.7451885938644409,"['CS(=O)(=O)c1cc(Br)ccc1C1OCCO1', 'CS(=O)(=O)N(CCO)c1cccc(Br)c1', 'NS(=O)(=O)CCNc1ccc2ccccc2n1', 'CCS(=O)(=O)NC1(c2ccc(F)cc2)CCCC1', 'NS(=O)(=O)NC1(c2ccc(F)cc2F)CCCC1', 'CS(=O)(=O)c1nncc(N)c1Nc1ccccc1', 'CS(=O)(=O)N1CCN(Cc2ccsc2)CC1', 'CS(=O)(=O)N1CCCCC1c1cc2ccccc2[nH]1', 'CCS(=O)(=O)c1ccccc1Oc1cccc(N)c1', 'O=S(=O)(CC1CCOC1)c1ccc(F)c(Cl)c1']"
2625,1e-04,0.0,0.0,[]
2626,0.0008,0.3680868,0.6687284111976624,"['COC(=O)C1=C(C)N(Cc2ccc(Cl)cc2)C(=O)CC1', 'CCOC(=O)C1=C(CC)N(CC)C(=O)NC1c1ccccn1', 'CCCC1=C(C(=O)OCC)C(c2ccccc2OC)NC(=O)N1', 'CCOC(=O)C1=C(CN2CCc3sccc3C2)NC(=O)NC1', 'CCOC(=O)C1=C(C)N(CCOC)C(=O)NC1c1cccc(F)c1', 'CCOC(=O)C1=C(CNC(C)c2ccc(Cl)cc2)NC(=O)NC1', 'CCOC(=O)C1=C(CNC(C)c2cccc(F)c2)NC(=O)NC1', 'COC(=O)C1=C(C)NC(=O)NC1c1ccsc1']"
2627,1e-04,0.0,0.0,[]
2628,0.0002,0.5,0.0,"['CC1CN(c2ccc3c(c2)NC(=O)C3=O)C(C)CO1', 'CCn1cc(NC(=O)C(C)(C)Oc2ccc3c(c2)CCCC3=O)cn1']"
2629,1e-04,0.0,0.0,[]
2630,1e-04,1.0,0.0,['Cc1cccc(C(=O)N=c2sc3ccccc3n2C)n1']
2631,0.2816,0.20524865,0.6446475982666016,"['Clc1ccc2nc(CNc3ncccn3)cn2c1', 'Cc1cc(C(=O)NCc2ccc(F)cc2)nc2nccn12', 'CC(=O)Nn1ccc2c(cnc3c(-c4ccccc4)c(C)nn32)c1=O', 'Cc1ccccc1-n1ccc2c(nnc3nc(C(F)(F)F)nn32)c1=O', 'Cc1c(C(=O)N2CCN(C)CC2)nnc2nc(C(F)(F)F)nn12', 'CC(COCC(F)(F)F)NC(=O)Nc1nccs1', 'CCOc1ncnc(Nc2ccccc2C(F)(F)F)c1N', 'Cn1c(=O)ccn(CC(=O)NC2(c3ccccc3)CCC2)c1=O', 'CCn1ccc2c(cnc3c(-c4ccc(F)cc4)c(C)nn32)c1=O', 'O=c1cc(CNc2ncnc3c2oc2ccccc23)c2ccccc2[nH]1']"
2632,1e-04,0.0,0.0,[]
2633,1e-04,1.0,0.0,['COCCCN(C)C(=O)c1cccc(C(N)=O)c1']
2634,1e-04,0.0,0.0,[]
2635,1e-04,0.0,0.0,[]
2636,1e-04,1.0,0.0,['Cc1ccc2c(c1)C(NC(=O)NC1CCOC3(CCCC3)C1)CO2']
2637,1e-04,0.0,0.0,[]
2638,1e-04,0.0,0.0,[]
2639,1e-04,0.0,0.0,[]
2640,0.2507,0.12880976,1.1999691724777222,"['CC(CO)CNC(=O)NCC1(c2cccc(Cl)c2)CCOCC1', 'COCC1(C(=O)N2CCC(C#N)(c3ccccc3)CC2)CCC1', 'COCCCC(=O)NCC1(c2ccccc2C)CCOCC1', 'CC(C)=CCC1(CO)CCCN(C(=O)C2(Cn3cccn3)CC2)C1', 'O=C(COCC1CC1)NCC1(c2ccccc2Cl)CCOCC1', 'CC(CO)CNC(=O)NCC1(c2ccc3c(c2)OCO3)CCCCC1', 'O=C(NCC(O)c1cccs1)C1(c2cccs2)CCCC1', 'O=C(NCC1(c2ccc3c(c2)OCO3)CCOCC1)N1CCC1', 'O=C(NC1(c2ccccc2)CCOCC1)c1ccccc1F', 'O=C(NCC1(c2cccs2)CC1)c1cc(-c2ccco2)on1']"
2641,0.3424,0.20903045,0.6579479575157166,"['COC1CCC(CC(=O)Oc2cccc(F)c2F)CC1', 'CC(C)Cc1ccc(-c2cc(N)c(C(N)=O)s2)cc1', 'CCCc1nnc(NC(=O)c2ccc(NC(=O)CC(C)C)cc2)s1', 'COC(=O)c1c(O)cc(O)cc1CCc1ccc(O)cc1', 'CCc1ccc(NC(=O)C2CC(=O)Nc3ncnn32)cc1', 'C=CCc1ccc2nc(C(F)(F)F)c(C#N)c(N)c2c1', 'CCC1C(=O)NCCN1C(=O)C(C)CC1CCCC1', 'CCc1nnc(NC(=O)N2CCCC2Cc2ccccc2)s1', 'CCC(C)(C)C(=O)Nc1ccc2c(c1)oc(=O)n2C', 'CCCCC(CC)C(=O)C(C#N)c1nc(C)cs1']"
2642,1e-04,0.0,0.0,[]
2643,1e-04,0.0,0.0,[]
2644,1e-04,0.0,0.0,[]
2645,1e-04,0.0,0.0,[]
2646,1e-04,0.0,0.0,[]
2647,1e-04,0.0,0.0,[]
2648,1e-04,0.0,0.0,[]
2649,0.003,0.40472335,0.6153130531311035,"['CCCC1CN(C(=O)c2occc2Br)CCO1', 'COCCCNC(=O)c1cc(OC)c2ccoc2c1', 'CC(=O)Oc1cc2oc(=O)cc(C)c2cc1C(=O)c1ccccc1', 'Cc1cc2occ(CC(=O)NCC3CCCO3)c2cc1C(C)C', 'Cc1cc2ncn(CC(=O)c3ccco3)c2cc1C', 'COc1ccccc1-c1cc(C(F)F)c2c(C)noc2n1', 'COc1cc(C(C)Nc2ncnc3oc(C)c(C)c23)ccc1F', 'C=CCOc1cc(C(=O)NCC(=O)OC)cc2occc12', 'COc1coc(C(=O)Nc2cc(Cl)ccc2Cl)cc1=O', 'COc1ccc2c(CC(=O)N3CCc4ccccc4C3)coc2c1']"
2650,1e-04,0.0,0.0,[]
2651,1e-04,1.0,0.0,['CC(=O)NC(Cc1c[nH]c2ccccc12)C(=O)NC(C)C(C)C']
2652,1e-04,0.0,0.0,[]
2653,1e-04,0.0,0.0,[]
2654,1e-04,0.0,0.0,[]
2655,0.0005,0.3567186,0.8989086747169495,"['COC(=O)C1C(C(=O)N2CCOCC2)C1(C)C(=O)c1ccccc1N', 'COC(=O)C1=C(C)N(Cc2ccc(Cl)cc2)C(=O)CC1', 'CCOC(=O)C1=C(C)C(S(=O)(=O)NC2CCCCCC2)C(C)=N1', 'COC(=O)C1=C(C)N(C2CC2)C(=O)NC1c1ccc(F)cc1F', 'CCOC(=O)c1ccc(N2C(=O)CC(C(=O)OC)=C2C)cc1']"
2656,0.1039,0.5004272,0.39035704731941223,"['c1cc(-c2ccc3c(c2)OCCCO3)n2nc(C3CCC3)nc2n1', 'Cc1cc(C)n2nc(C(=O)N3CCC(c4ccccc4)C3)nc2n1', 'Cc1nn(C)c2ncc(NC(=O)c3ccc(=O)n(C)n3)cc12', 'Cn1c(=O)c2c(n(C)c1=O)n1c(-c3ccccc3)nnc1n2C', 'COc1cccc2cc(C(=O)NC(C)c3nnc4ccccn34)oc12', 'CCc1nn(C)c2[nH]nc(NC(=O)COc3ccc(C)cc3OC)c12', 'CN(CC1Cc2ccccc2CN1C)C(=O)c1cnn2ccn(C)c12', 'CC(=O)Nc1cccc(CNC(=O)NC23CC4CC(CC(C4)C2)C3)c1', 'Cc1c(C)n(-c2ccccn2)c2ncnc(NCc3ccccn3)c12', 'c1ccc(-c2nn3c(Cn4nnc5ccccc54)nnc3s2)nc1']"
2657,0.002,0.37011105,0.7959026098251343,"['Cc1sc(C(N)=O)cc1S(=O)(=O)Oc1ccc2c(c1)CCC2', 'COc1cc(OC)c(OC)cc1CNC(=O)c1ccc2c(c1)CCC2', 'C=CCCC(=O)N(CC)C(c1cccnc1)c1ccc2c(c1)CCO2', 'CN(CC1COc2ccccc2O1)C(=O)Cc1ccc2c(c1)CCC2', 'Cc1onc(-c2ccccc2)c1C(=O)NCc1cn2c(n1)SCC2', 'O=C(Nc1cnn(CC2CCCO2)c1)c1ccc2c(c1)CCCC2', 'NS(=O)(=O)CCNC(=O)c1ccc2c(c1)C(=O)c1ccccc1-2', 'CCOC(=O)c1c(C)[nH]c(C)c1C(=O)COc1ccc2c(c1)OCO2', 'C=CCC(O)(CC=C)CNC(=O)c1cc(C)nc2cc(C)ccc12', 'CC(NC(=O)C1(C)Cc2ccccc2C(=O)O1)c1ccncc1']"
2658,0.0012,0.30130854,0.7703704833984375,"['CC(=O)N1CCc2nc(-c3ccccn3)nc(N3CCOCC3)c2C1', 'Cc1sc2nc(-c3ccccc3)nc(N(C)CC(N)=O)c2c1C', 'Cn1ncc2c(NCCO)nc(N3CCCCC3)nc21', 'Cc1onc2c(=O)n(-c3ccccc3)nc(-c3ccccc3)c12', 'Cc1noc2nc(C(C)C)cc(C(=O)Nn3cnc4ccccc43)c12', 'CCc1nnc2c(NCc3ccco3)nc3ccccc3n12', 'Cc1ncc2c(N3CCCCCC3)nc3ccccc3n12', 'Cc1c(C)n(-c2ccccn2)c2ncnc(NCc3ccccn3)c12', 'Cc1noc2nc(-c3ccccc3)cc(C(=O)N3CCCC3(C)C)c12', 'Cc1ccc2c(=O)nc(C)n(-c3ccccc3)c2n1']"
2659,1e-04,0.0,0.0,[]
2660,1e-04,0.0,0.0,[]
2661,1e-04,0.0,0.0,[]
2662,1e-04,0.0,0.0,[]
2663,0.0003,0.5360531,0.3445843458175659,"['CCN1CC23CN(C(=O)c4ccccc4)CC(CC2S1(=O)=O)O3', 'C=CCOC(=O)N1CCC23C=CC(O)CC2Oc2c(O)ccc(c23)C1', 'C=CCOCC12CCCOC1CCN(C(=O)c1ccco1)C2']"
2664,1e-04,0.0,0.0,[]
2665,0.0187,0.3181569,0.6557692289352417,"['CCCCNC(=O)NCc1ccc(S(C)(=O)=O)cc1', 'CCCNC(=O)NCc1ccc(C(=O)N(C)C)cc1', 'CCCNC(=O)Nc1ccc(S(N)(=O)=O)cc1', 'CCOCCCC(=O)Nc1cccc(C(N)=O)c1C', 'COCC(=O)Nc1ccc(CC(=O)N(C)C)cc1', 'CCCCNC(=O)Nc1cccc(C(=O)OC)c1', 'CCC(CCO)NC(=O)Nc1cccc(NC(C)=O)c1C', 'COC(=O)Nc1ccc(NC(=O)C(C)C)cc1F', 'CCOCCNC(=O)Nc1ccc(C(C)=O)cc1', 'CCC(CCO)NC(=O)Nc1cccc(C(C)=O)c1']"
2666,0.0046,0.17563389,0.9695689678192139,"['Nc1nonc1-c1noc(C(Cl)(Cl)Cl)n1', 'Cc1nnsc1-c1nn2c(C(C)C)nnc2s1', 'O=c1c2ccccc2nnn1CSc1nncs1', 'Nc1nonc1-c1c[nH]c2c(Br)cccc12', 'Nc1nonc1-n1nncc1-c1ccc2c(c1)OCO2', 'c1cnn(CCCNc2nc3nonc3nc2N2CCCCC2)c1', 'Cc1nc(CSc2nnc(SCC(N)=O)s2)cs1', 'CSc1nnc(CSc2nc3ccccc3s2)n1C', 'C=CCSc1nnc(NC(=O)c2csnn2)s1', 'Clc1ccc(-n2nnnc2CSc2ncn[nH]2)cc1']"
2667,1e-04,0.0,0.0,[]
2668,0.0009,0.32553297,0.9066736698150635,"['O=C(CCNC(=O)c1cnn2c1OCCC2)Nc1nccs1', 'N#Cc1cccc(NC(=O)c2cnn3c2OCCC3)c1', 'CCOCc1ncn2c1CN(S(=O)(=O)c1cccc(C)c1)CC2', 'Cc1c(C(=O)NCc2nnc3n2CCCCC3)oc2c1C(=O)CCC2', 'CCNC(=O)c1oc2c(c1C)-c1nn(CC)cc1CC2', 'O=C(Nc1ccon1)c1nn2ccccc2c1Cl', 'COC(=O)C(C)Sc1nc2c(cc1C#N)CCCC2', 'O=C(NCc1cnn2ccccc12)c1cccc(Cl)c1', 'Cc1nn2cccnc2c1C(=O)Nc1ccccc1OCC(C)C']"
2669,1e-04,0.0,0.0,[]
2670,1e-04,0.0,0.0,[]
2671,1e-04,0.0,0.0,[]
2672,1e-04,0.0,0.0,[]
2673,0.0034,0.3045013,0.8457270860671997,"['CC1CCC(COC(=O)CN2CCOCC2)C(C)C1', 'Cc1ccccc1N1CCN(C(=O)CCCc2cn[nH]c2)C(C)C1', 'COc1ccccc1N1CCN(C(=O)c2cc[nH]c2)C(C)C1', 'COc1ccccc1N1CCN(C(=O)CCc2ccccn2)C(C)C1', 'COC(=O)c1ccc(N2CCN(C(=O)c3ccco3)C(C)C2)cc1', 'CCc1ccccc1N1CCN(C(=O)c2cccc(C)c2)C(C)C1=O', 'CC(C)CN1CCN(Cc2cc(-c3ccccn3)no2)C(C)C1=O', 'CC1CCN(C(=O)c2cccc(CN3CCCC3=O)c2)C(C)C1', 'CC1CCN(C(=O)CCc2nc(-c3cccnc3)no2)C(C)C1', 'CCc1ccc(N2CCN(C(=O)c3ccccc3)C(C)C2=O)cc1']"
2674,0.0005,0.50740665,0.38461950421333313,"['Cc1nc(COC(=O)c2cccc(C3OCCO3)c2)sc1C', 'O=C(Cc1ccc(F)cc1)Nc1cccc(C2OCCCO2)c1', 'COc1ccc(C(=O)c2ccc(C3OCCO3)s2)cc1', 'COc1ccc(C(O)CCC2OCCO2)cc1OC', 'O=C(Nc1cc(F)cc(F)c1)c1cccc(C2OCCO2)c1']"
2675,1e-04,0.0,0.0,[]
2676,0.0067,0.32787055,0.8336758017539978,"['CC(=O)NC(C)(C(=O)N1CCCC(n2nc(C)cc2C)C1)C1CC1', 'CCCc1noc(C2CCCN(C(=O)CCn3nc(C)cc3C)C2)n1', 'CC(=O)NC(C)(C)c1noc(C(C)n2nc(C)cc2C)n1', 'C=CCCS(=O)(=O)N1CCC(Cn2nc(C)cc2C)CC1', 'COc1ccc(C)nc1NC(=O)c1ccc(-n2nc(C)cc2C)nc1', 'C#CCOc1cccc(NC(=O)c2ccc(-n3nc(C)cc3C)nc2)c1', 'CCc1ncc2c(n1)CN(C(=O)Cn1nc(C)c(CC)c1C)C2', 'COc1cc(OC)cc(OCCn2c(C)ccc2C)c1', 'COCCC(NC(C)=O)C(=O)N1CCCC1Cn1nc(C)cc1C', 'CCCCn1nnnc1CN1CCCCC1Cn1nc(C)cc1C']"
2677,1e-04,0.0,0.0,[]
2678,1e-04,0.0,0.0,[]
2679,0.0238,0.31998578,0.6807852387428284,"['Cc1ccc(CN(C)S(=O)(=O)c2cc(Cl)c(N)c(Cl)c2)o1', 'COC(=O)c1sc2nc(C(F)(F)F)ccc2c1N', 'CC(C)Oc1ccccc1NC(=O)CCOc1cccc(N)c1', 'CCOc1ncnc(Nc2ccccc2C(F)(F)F)c1N', 'CC(=O)c1nc2cc(F)ccc2n1-c1cccc(N)c1', 'Cc1ccc(S(=O)(=O)NC(C)C2CC2)cc1N', 'CCOC(=O)c1ncn(-c2ccc(OC)cc2)c1N', 'CCCCOC(=O)CN1C(=O)C(C)Oc2cccc(N)c21', 'C=CCc1ccc2nc(C(F)(F)F)c(C#N)c(N)c2c1', 'CN(Cc1ccccc1)C(=O)c1nccc2cccc(N)c12']"
2680,1e-04,0.0,0.0,[]
2681,0.0156,0.38127786,0.6463035941123962,"['O=C(NCc1ccc(CN2CCCC2=O)cc1)NCc1ccccn1', 'O=C(Nc1ccc(N2CCCC2=O)cc1)c1cc(Cl)ccc1Cl', 'O=C(NCCOc1cccnc1)c1ccc(CN2CCCC2=O)cc1', 'Cc1n[nH]c(SCC(=O)c2ccc(N3CCCC3=O)cc2)n1', 'CC(NC(=O)c1cc(N2CCCC2=O)ccc1Cl)C1CCCO1', 'O=C(Nc1ccc(Cl)cc1F)c1ccc(CN2CCCC2=O)cc1', 'O=C(NCC1CCCO1)c1cc(N2CCCC2=O)ccc1Cl', 'O=C(NCC#Cc1ccc(N2CCCCC2=O)cc1)C1CC=CCC1', 'C#CCNC(=O)c1ccc(NCc2cccc(N3CCCC3=O)c2)nc1', 'O=C(NCCc1cn2ccccc2n1)c1ccc(N2CCCC2=O)cc1']"
2682,1e-04,0.0,0.0,[]
2683,1e-04,0.0,0.0,[]
2684,0.131,0.3671446,0.5120428204536438,"['CC1CCCCN1C(=O)c1cc(Cl)c2c(c1)OCO2', 'Nc1nonc1-n1nncc1-c1ccc2c(c1)OCO2', 'CCCc1nn(C)c(N)c1-c1ccc2c(c1)OCO2', 'Cc1cc(=O)[nH]c2ccc(-c3ccc4c(c3)OCO4)cc12', 'CC(C)(C)c1nnnn1Cc1cc(Cl)cc2c1OCOC2', 'CC(NC(=O)c1ccco1)C(=O)N(C)C1(C#N)CCC1', 'c1cc2c(cc1OCCCN1CCOCC1C1CC1)OCO2', 'CCC1CCCCN1C(=O)c1cc(C)nc2onc(C)c12', 'COc1c2ccc(C(=O)NCc3ccc4c(c3)OCO4)cc2nn1C', 'COc1ccc(NC(C)=O)c(NC(=O)C2CC=CC2)c1']"
2685,0.0052,0.51687723,0.5760787129402161,"['O=C(Cc1ccc2c(c1)OCCO2)NCc1cnn(-c2ccccc2)c1', 'O=C(NCc1ccc2c(c1)OCO2)c1ccc(Cl)cc1F', 'CC(NCc1ccc2c(c1)OCCO2)C(=O)NCc1ccco1', 'CCN(Cc1ccc2c(c1)OCO2)C(=O)c1ccc2[nH]nnc2c1', 'O=C(CCc1ccc2c(c1)OCO2)NCc1ccc(F)cc1', 'O=C(c1ccc2c(c1)OCCCO2)N1CCCCCC1', 'O=C(c1ccc2c(c1)OCCCO2)N1CCc2ccccc21', 'O=C(Nc1ccc2c(c1)OCO2)C1CCN(c2cccc(F)n2)CC1', 'O=C(NCc1ccc2c(c1)OCCCO2)c1ccccc1F', 'O=C(Nc1ccc2c(c1)COC2)N1CCc2ccccc2C1']"
2686,0.0104,0.4636817,0.6163756251335144,"['CS(=O)(=O)c1ccc(NC(=O)NCc2ccc3c(c2)OCO3)cn1', 'CC(NC(=O)N(C)Cc1ccsc1)c1ccc2c(c1)OCO2', 'Cc1cc(C)n(CCCNC(=O)c2cc(Cl)c3c(c2)OCO3)n1', 'COc1ccc(Cl)cc1CC(=O)N(C)Cc1ccc2c(c1)OCO2', 'O=C(Nc1ccc2[nH]c(=O)oc2c1)c1ccc2c(c1)OCO2', 'COc1cccc(-c2cc(C(=O)Nc3ccc4c(c3)OCO4)on2)c1', 'COc1ccc(OC)c(CNC(=O)NCc2ccc3c(c2)OCO3)c1', 'CC(C)(CNC(=O)c1cnccn1)c1ccc2c(c1)OCO2', 'CCOc1ccc(C(=O)NCC(=O)Nc2ccc3c(c2)OCO3)cc1', 'CC(NC(=O)NC(C)c1nncn1C)c1ccc2c(c1)OCCO2']"
2687,0.0003,0.33518195,1.3986139297485352,"['c1csc(C2CSc3nnc(C4CCCCC4)n3N2)c1', 'Cc1csc(C2CCCN(Cc3cnnn3C)C2)n1', 'O=C1CC(C(=O)Nc2ccccc2)NC(N2CCCCC2)=N1']"
2688,0.0018,0.3442577,0.7842706441879272,"['COC(=O)C1CC(Oc2ccc(OC)cc2Br)CN1', 'O=C1CCN(C(=O)C2(c3ccccc3)CCC2)CCN1', 'O=C1CCN(c2nc3c(s2)C(O)CCC3)CCN1', 'CCOC1CC2CN(C(=O)c3ccnnc3)CCN2C1', 'O=C1CC(NC(=O)Nc2ccccc2Cl)CN1', 'CCN(CC)C(=O)C1CC(NC(=O)Cc2ccc(O)cc2)CN1C', 'O=C1CN(C(=O)CNc2ccc(F)cc2OCC(F)(F)F)CCN1', 'O=C1CCC(C(=O)N2CCC(c3nc4ccccc4o3)CC2)CN1', 'O=C1CN(C(=O)c2cccc(-c3ccoc3)c2)C2CCCCC2N1', 'CC1Cc2cc(C(=O)C(C)NCc3ccco3)ccc2N1']"
2689,1e-04,0.0,0.0,[]
2690,1e-04,0.0,0.0,[]
2691,1e-04,0.0,0.0,[]
2692,1e-04,0.0,0.0,[]
2693,1e-04,0.0,0.0,[]
2694,1e-04,1.0,0.0,['Cc1c(C)c2cc(Cl)c3c(c2oc1=O)CN(C1CC1)CO3']
2695,1e-04,0.0,0.0,[]
2696,1e-04,0.0,0.0,[]
2697,0.0002,0.5,0.0,"['O=C(Nc1cccnc1)C1CC2CN(c3ncc(F)cn3)CC1O2', 'O=C(c1ccccn1)N1CC2CN(c3cncnc3)C(=O)C2C1']"
2698,0.0046,0.42110065,0.7507137060165405,"['COC(=O)c1ccc(=O)n(Cc2cnn(-c3ccccc3)c2)n1', 'Cc1sc(=O)n(CC(=O)N(C)CC2CCCCO2)c1C', 'Nc1ccc(=O)n(CC(=O)Nc2ccc(Cl)cc2Cl)c1', 'Cc1sc(=O)n(Cc2ccn(C(C)C)n2)c1C', 'Cc1sc(=O)n(CC(=O)Nc2ccccc2-c2ccccc2)c1C', 'Cc1ccccc1CSc1nc(=O)n(CCO)c2c1CCC2', 'Cc1ccc(-c2cc(=O)n(CC(=O)N(C)C3CCCCC3)cn2)cc1', 'Cc1sc(=O)n(CC(=O)Nc2cc(C#N)ccc2OC(C)C)c1C', 'O=C(NC1CCCCCC1)c1ccc(=O)n(Cc2ccc(F)cc2)n1', 'CCC1CCCN(C(=O)c2ccc(=O)n(CCOC)n2)C1']"
2699,1e-04,1.0,0.0,['C1=C(c2cccs2)CCN(Cc2ccsc2)C1']
2700,0.0015,0.34162158,0.9623976945877075,"['COc1cc(OC)c2nc3n(c(=O)c2c1)CCCCC3', 'CC(C)c1nc2sc3c(c2c(=O)n1N)CCCC3', 'COc1cc2nc3c(c(N)c2cc1OC)CCCC3', 'N#CCCn1c(CC#N)nc2cc3c(cc21)OCCO3', 'COC(=O)Cn1c(=O)[nH]c2sc3c(c2c1=O)CCCC3', 'CCc1cc(=O)oc2c(C)c3c(cc12)CN(CC(C)O)CO3', 'Cn1c(SCC2CCCO2)nc2sc3c(c2c1=O)CCC3', 'CCCn1c(SCC(N)=O)nc2sc3c(c2c1=O)CCCC3', 'O=C(OCc1cc(=O)n2c3c(sc2n1)CCCC3)c1ccco1', 'c1nc(NCCN2CCOCC2)c2c3c(sc2n1)CCCC3']"
2701,0.0321,0.24913992,0.5954509377479553,"['Cc1cc(C)cc(CN2CCN(C(=O)c3cc(C)c[nH]3)CC2=O)c1', 'Cc1cc(C)cc(-n2nc(C)cc2NC(=O)CNC(=O)C2CC2)c1', 'Cc1cc(C)cc(CCNC(=O)c2ccc(F)nc2)c1', 'COc1nc(C)nc(NC2CCCCC2C)c1N', 'Cc1cc(C)cc(CN2CCN(C(=O)COC(C)C)CC2=O)c1', 'Cc1cc(C)cc(N2CCC(C(=O)Nc3nncs3)C2=O)c1', 'COCCCNC(=O)c1cc(OC)c2ccoc2c1', 'COC(=O)NCC(=O)Nc1cc(Br)c(=O)n(C)c1', 'Cc1cc(C)cc(N2CC(C(=O)NCc3ccncc3)CC2=O)c1', 'COc1cc(OC)cc(C(=O)Nc2ccc(C)cc2O)c1']"
2702,1e-04,0.0,0.0,[]
2703,0.0005,0.28615418,1.245290994644165,"['COCC(=O)NC1CCC2(C)CCC3C(C)C(=O)OC3C2C1C', 'CC1=CC(C)C2(CO)COC(c3ccco3)C1C2C', 'Cc1n[nH]c(=O)c(C(=O)N2CCCC3CC(C)CCC32)c1C', 'CC12CCC(C(=O)Nc3ccc4c(c3)OCO4)(CC1O)C2(C)C', 'C=CCCC1NCCc2c(OC(F)(F)F)cc(O)cc21']"
2704,1e-04,0.0,0.0,[]
2705,0.0003,0.46136913,0.6292892098426819,"['C1=C(c2cccs2)CCN(Cc2ccsc2)C1', 'COCC1c2c(cnn2C)CCN1S(=O)(=O)Cc1ccccc1', 'N#CC1(c2ccccc2)CCC(=O)N1Cc1ccccc1']"
2706,0.0024,0.2753169,0.8406261205673218,"['Cc1cc(=O)c(C(=O)N2CCn3cccc3C2c2ccccc2)c[nH]1', 'CCC(=O)N1CC(=O)Nc2ccc(F)cc2C1c1ccccc1', 'CC(=O)N1C=Cc2ccccc2C1CC(=O)Nc1ccc(C(N)=O)cc1', 'CS(=O)(=O)N1Cc2ccccc2CC1C(=O)N1CCCCCC1', 'CCOC(=O)C1=C(N)Oc2n[nH]c(C)c2C1c1ccccc1', 'Cc1cc(CN2CCc3ccccc3C2CO)ccc1F', 'CCCCOC(=O)C1=C(C)Nc2ncnn2C1c1ccc(OC)cc1', 'CC(C)CC(=O)N1Cc2ccccc2CC1C(=O)N1CCOC(C)C1', 'COc1cc(C)c(CN2Cc3ccccc3CC2C(N)=O)cc1OC', 'CCCCOC(=O)C1=C(C)Nc2ncnn2C1c1cccc(F)c1']"
2707,0.0582,0.3408321,0.5452837944030762,"['CC(C)Cc1ccc(C2(CCCO)OCCO2)cc1', 'CCCNC(=O)c1cnc(CCOc2ccccc2)nc1N', 'CCC1(CC)Oc2ccc(C(C)=O)cc2N(CCCC#N)C1=O', 'CCCOC(=O)c1ccc(Cc2nonc2N)cc1', 'COc1ccc(-c2csc(CO)n2)cc1Br', 'CNC(=O)COc1ccc(CNc2ncccn2)cc1', 'Fc1ccc2c(c1F)C(CNCc1ccccc1)NCC2', 'COc1ccc(-c2csc(CC#N)n2)c(OC)c1', 'COc1cc(OC)cc(C(C(C#N)C#N)C2NC(C)=NC2=O)c1', 'COCCOC(=O)Cn1c(CO)nc2ccccc21']"
2708,1e-04,0.0,0.0,[]
2709,1e-04,0.0,0.0,[]
2710,1e-04,0.0,0.0,[]
2711,1e-04,0.0,0.0,[]
2712,0.336,0.17252932,0.7498789429664612,"['C=CCOC(=O)N1CCC23C=CC(O)CC2Oc2c(O)ccc(c23)C1', 'C=CCOC1C2CCC1N(S(=O)(=O)c1ccccc1)CCO2', 'CN(C)C(=O)N1CC2CCC1CN(C(=O)c1cnccn1)C2', 'C=CCOCC12CCCOC1CCN(C(=O)c1ccco1)C2', 'COCCC(=O)NC1CCCc2nc(N(C)C)ncc21', 'COCC12CCCOC1CCN(C(=O)c1ccoc1C)C2', 'OCC1CN(c2ccc(F)cc2)C(c2cccc(O)c2)O1', 'CC(C)(C)OC(=O)N1CCC(CNC(=O)C#Cc2ccccc2)C1', 'CC(=O)OC1CC2CCC1N(Cc1ccccc1)C2=O', 'C=CCOC1CCC2C1OCCN2C(=O)c1ccoc1']"
2713,1e-04,0.0,0.0,[]
2714,1e-04,0.0,0.0,[]
2715,1e-04,0.0,0.0,[]
2716,0.0005,0.585678,0.42946556210517883,"['CCOC(=O)C1=C(C)Oc2ncn3nc(C)nc3c2C1c1ccco1', 'CCCCOC(=O)C1=C(C)Nc2ncnn2C1c1ccc(OC)cc1', 'CCCCOC(=O)C1=C(C)Nc2ncnn2C1c1cccc(F)c1', 'CCOC(=O)C1=C(N)Oc2n[nH]c(C)c2C1c1ccccc1', 'CCCCOC(=O)C1=C(C)NC2(O)c3ccccc3C(=O)C12O']"
2717,1e-04,0.0,0.0,[]
2718,1e-04,0.0,0.0,[]
2719,1e-04,0.0,0.0,[]
2720,0.0007,0.39789918,0.9077344536781311,"['CC1Cc2cc(S(=O)(=O)NCc3cnn(C)c3)cc(Cl)c2O1', 'CC1CNc2cc(C(=O)CN(C)c3ccccc3)ccc2O1', 'CC1CNc2cc(NC(=O)OC(C)(C)C)ccc2O1', 'CC(=O)NCC1Cc2cc(C)cc(-c3ccccn3)c2O1', 'O=C1NC(O)c2cc(Br)cc(Br)c2O1', 'CCC1CN(C(C)C(=O)Nc2ccccc2)c2cc(N)ccc2O1', 'CC1(C)CN(Cc2ccccc2)c2cc(N)ccc2O1']"
2721,1e-04,0.0,0.0,[]
2722,0.0003,0.45172414,0.6729210019111633,"['CCCCCC(C)NC(=O)Nc1cc(C(F)(F)F)c[nH]c1=O', 'CCCCCNC(=O)Nc1cc(C(=O)NC)ccc1Cl', 'COCCC(=O)NCCc1cn(C)c2ncccc12']"
2723,1e-04,0.0,0.0,[]
2724,0.0024,0.58152795,0.5419625043869019,"['COC(=O)C1C(C(=O)N2CCOCC2)C1(C)C(=O)c1ccccc1N', 'C=CC(CC(=O)Nc1cc(C)nn1-c1ccc(C)nn1)c1ccccc1', 'NC(=O)c1cc(C(=O)Oc2ccc3cn[nH]c3c2)nn1-c1ccccc1', 'Cn1c(=O)n(Cc2nc(-c3ccccc3)no2)c(=O)c2ccccc21', 'O=C(Nc1ccc2c(c1)N(C(=O)C1CCCC1)CC2)c1ccccn1', 'CC(C)NC(=O)c1ccc2c(c1)CCN2S(=O)(=O)c1ccccc1', 'CC(C)C(NC(=O)c1ccco1)C(=O)NC(C)C(C)n1cncn1', 'CC(C)(CNC(=O)Nc1ccc2c(c1)OCC(=O)N2)c1ccncc1', 'CC(C)C(C(=O)Nc1ccc2[nH]nc(C(N)=O)c2c1)c1ccccc1', 'NC(=O)c1nc(-c2ccncc2)nc2c1[nH]c(=O)n2Cc1ccccc1']"
2725,1e-04,0.0,0.0,[]
2726,0.0006,0.43906772,0.7649370431900024,"['Cc1cn2c(=O)c(C(=O)Nc3ccccc3O)cnc2s1', 'Cc1cn2c(S(=O)(=O)NC3CCCC3)c(C(C)C)nc2s1', 'Cc1cn2c3c(=O)n(C)c(=O)n(C)c3nc2n1C1CCCCC1', 'Cc1nn2c(S(=O)(=O)NCc3cccc(F)c3)c(C)nc2s1', 'Cc1nn2c(CO)c(-c3ccc(F)cc3)nc2s1', 'Cc1nn2cc(C(=O)N3CCCc4ccccc43)nc2s1']"
2727,1e-04,0.0,0.0,[]
2728,0.0004,0.33938077,1.085404634475708,"['CC1CCCC(C)N1S(=O)(=O)c1cccc2nonc12', 'CC1COCC(C)N1C(=O)c1cccc(C(F)(F)F)c1', 'CC1COCC(C)N1Cc1coc(-c2cccc(F)c2)n1', 'CC1COCC(C)N1C(=O)Cn1cc(Br)ccc1=O']"
2729,0.0002,0.5,0.0,"['O=C(NCc1ccccc1-n1cccn1)C1Cc2ccccc2O1', 'COC(=O)CCC(=O)N(C)c1ccccc1-c1ccccc1']"
2730,1e-04,0.0,0.0,[]
2731,1e-04,0.0,0.0,[]
2732,1e-04,0.0,0.0,[]
2733,0.0003,0.48643768,0.5239772200584412,"['Cc1ccc2c(c1)nc1n2C(CNCc2ccc(C#N)cc2)COC1', 'CCc1cc(NCCNc2nc(C)cc(=O)[nH]2)n2nc(C)c(C)c2n1', 'Cc1ccccc1CCNCc1cc(C#N)n(C)c1C']"
2734,0.0084,0.3650556,0.7782933712005615,"['Cc1ccnc2nc(C(=O)Nc3ccc(C#N)cc3)nn12', 'Cc1ccnc2nc(C(=O)Oc3ccc(C(C)(C)C)cc3)nn12', 'Cc1ccnc2nc(C(=O)Nc3ccc(C(C)(C)C)cc3)nn12', 'C#CCSc1nnc2ccc(-c3ccco3)nn12', 'CCCc1nnc2sc(NC(=O)COc3cccc(C)c3)nn12', 'CCCCc1nnc2sc(NC(=O)COc3ccc(C)cc3)nn12', 'Cc1ccnc2nc(C(=O)OCc3cc(-c4ccccc4)on3)nn12', 'Cc1c(C(=O)N2CCN(C)CC2)nnc2nc(C(F)(F)F)nn12', 'c1ccc(-c2nnc3sc(-c4cccs4)nn23)nc1', 'CC(C)c1nnc2ccc(NCCc3ccc(F)cc3)nn12']"
2735,1e-04,0.0,0.0,[]
2736,1e-04,0.0,0.0,[]
2737,1e-04,0.0,0.0,[]
2738,0.0032,0.2447848,0.9082201719284058,"['Nc1nccnc1C(=O)OC(C(=O)N1CCCCC1)c1ccccc1', 'CC(=O)OC(C(=O)NC1CCCCC1)c1cccc(C)c1', 'C=CCC(c1ccco1)N(C(C)=O)c1ccccc1', 'CN(Cc1ccc(F)cc1F)C(C(N)=O)c1cccc(F)c1', 'O=C(NC(C(=O)N1CCCC1)c1ccccc1)c1cnc2[nH]ccc2c1', 'CCOC(=O)NC(C(=O)Nc1cccnc1)C(C)C', 'CCc1ccccc1OC(C(=O)N1CCNCC1)C(C)C', 'CN(Cc1cnnn1C)C(C(N)=O)c1cccc(F)c1', 'COc1cccc(CC(C(=O)NCC(C)C)n2nnnc2C)c1', 'COC(=O)C1CCN(C(C(=O)N2CCCCC2)c2ccccc2)CC1']"
2739,0.0003,0.4163873,0.8500463962554932,"['CCCCNC(=O)C1CC(c2ccco2)NS(=O)(=O)N1C', 'Cn1cc(CCC(=O)Nc2ccc3c(c2)S(=O)(=O)C=C3)cn1', 'COC(=O)C1=C(C)N(Cc2ccc(Cl)cc2)C(=O)CC1']"
2740,0.0023,0.60370195,0.42557236552238464,"['Cc1nnc2n1CCN(C(=O)c1cc3c(F)cccc3s1)C2', 'Cn1ncc2c1CCCN(C(=O)CCCOc1ccccc1F)C2', 'Cc1nnc2n1CC(NC(=O)c1occc1CN1CCOCC1)CC2', 'Cc1nnc2n1CC(NC(=O)c1nc(-c3ccccc3)cs1)CC2', 'Fc1cccc2c1CCNC2CCc1ccccc1', 'Nc1occ2c1nc(C1CC1)n2Cc1ccccc1', 'Cn1ncc2c1C(COCC1CC1)N(Cc1nccs1)CC2', 'Clc1cccc2c1CCNC2c1ccc2nc[nH]c2c1', 'Cc1cccc2c1C(C(O)Cc1ccccc1)NCC2', 'CCc1nnc2n1CCN(C(=O)c1cc3cc(F)ccc3s1)C2']"
2741,0.0003,0.57640225,0.2214653193950653,"['CSc1cc2c(cc1NC(=O)C1CC3C=CC1C3)OCCO2', 'O=C(NCc1ccnc(OC2CCOCC2)c1)C1CC2C=CC1C2', 'COCCN1CCN(C(=O)C2(C)CC2(Cl)Cl)CC1=O']"
2742,0.003,0.49546465,0.48929691314697266,"['Cc1ncn(-c2cc(N3CCN(C(=O)CC(C)C)CC3)ncn2)c1C', 'Cc1nn(-c2ccccc2)c2ncc(C(=O)N(C)CC(N)=O)cc12', 'CCC(=O)Nc1nc(-c2ccc(CCC(C)NC(C)=O)cc2)cs1', 'Cc1cnn(Cc2cc(C(=O)N(CC(N)=O)CC(C)C)no2)c1', 'Cc1noc(C)c1COc1ccc(C(=O)NC(C#N)C(C)(C)C)cc1', 'Cc1ccc2c(CCNC(=O)CCNC(=O)C(C)(C)C)c[nH]c2c1', 'Cc1occc1-c1nnc(SCC(=O)NCCC(C)(C)C)n1N', 'Cc1coc(-c2ccc(C)c(NC(=O)NCC(=O)NCC3CC3)c2)n1', 'COc1ccc2nc(C(=O)NC(C(N)=O)C(C)(C)C)ccc2c1', 'Cc1sc2[nH]c(CCC(=O)NC(C)CCC(C)C)nc(=O)c2c1C']"
2743,0.0009,0.6244631,0.3506840467453003,"['CCOC(=O)C1=C(c2csc(NCC3CCCO3)n2)C(C)=NC1C', 'CCOC(=O)C1=C(Cn2nnc3ccccc3c2=O)NC(=O)NC1', 'CC1=NC(CN(C)c2nncc(-c3cccc4ccccc34)n2)N=C1', 'CCOC(=O)C1=C(CN2CCc3sccc3C2)NC(=O)NC1', 'COC(=O)C1=C(C)N(c2ccc(S(N)(=O)=O)cc2)C(=O)C1', 'CCOC(=O)C1=C(CNC(C)c2cccc(F)c2)NC(=O)NC1', 'CCOC(=O)C1=C(CNC(C)c2ccc(Cl)cc2)NC(=O)NC1', 'CCn1c(SCC(=O)c2cc(C)n(C)c2C)nc2ccccc21', 'CCOC(=O)C1=C(C)C(S(=O)(=O)NC2CCCCCC2)C(C)=N1']"
2744,0.0078,0.35004595,0.7488064765930176,"['CCOc1ccccc1N1CCN(Cc2nnnn2C2CC2)CC1', 'COc1ccccc1N1CCN(C(=O)CCc2ccccn2)C(C)C1', 'CCn1ccnc1CN1CCCN(C(=O)C(C)n2cncn2)CC1', 'COc1ccccc1N1CCN(C(=O)c2cc(F)cc(F)c2)CC1', 'Cc1ccccc1N1CCCN(C(=O)Cc2c(C)noc2C)CC1', 'COc1ccccc1N1CCN(C(=O)c2cc[nH]c2)C(C)C1', 'Cc1ccccc1N1CCN(C(=O)CCCc2cn[nH]c2)C(C)C1', 'COc1ccccc1N1CCN(CC(=O)Nc2cccc(C)n2)C1=O', 'COc1ccccc1N1CCN(c2nc(C)cc(C)n2)CC1', 'CCc1ccccc1OC1CN(CC(C)(C)N2CCOCC2)C1']"
2745,1e-04,0.0,0.0,[]
2746,1e-04,0.0,0.0,[]
2747,0.0073,0.3372659,0.6676301956176758,"['COc1ccc(Cl)cc1-c1cc(NC(=O)C2CC3CCC2O3)[nH]n1', 'Cc1ncsc1-c1nc(CNc2cc(F)c(F)cc2F)no1', 'COc1ccccc1-c1nc(C(=O)NCc2cc[nH]n2)cs1', 'COc1ccccc1-c1nnc(SCC(=O)N2CCCCC2)o1', 'Cc1ccsc1-c1nnc(SCc2nnc(C(C)C)o2)o1', 'Brc1ccccc1-n1cc(NCC2CCOCC2)cn1', 'Cc1occc1-c1nnc(NCc2ccc(F)cc2)o1', 'Cc1ccccc1-n1nc(CO)c(C(=O)NCc2cccs2)n1', 'Cc1occc1-c1nnc(SCC(=O)NCCC(C)(C)C)n1N', 'Cc1ccccc1-n1nc(C(=O)NCc2ccco2)nc1C']"
2748,0.0204,0.6420326,0.24461151659488678,"['C=CCc1cccc(Cl)c1OCCn1ccnc1', 'C=CCN(CC=C)C(=O)CNc1ccc(C)c(C)c1', 'C=CCN(CC=C)C(=O)c1ccnc(OC2CCC2)c1', 'C=CCCCN(C)C(=O)Nc1ccc(C(=O)NC)cc1', 'C=CCN(CCO)C(=O)Nc1ccc(Br)cc1Cl', 'C=CCSc1nnc(NC(=O)c2csnn2)s1', 'C=CCC(O)(CC=C)CNC(=O)c1cc(C)nc2cc(C)ccc12', 'C=CCn1nnnc1SCCOc1ccc(F)cc1', 'C#CCN1CCN(CC(=O)Nc2ccccc2SCC=C)CC1', 'C=CCCCN(C)C(=O)c1cccc(OC)c1F']"
2749,0.0015,0.42976466,0.7639738321304321,"['COc1cc2c(cc1OC)CN(Cc1cccc(F)c1F)CC2', 'COc1cc2c(cc1OC)C(C(=O)c1ccccc1)NCC2', 'COc1cc2c(cc1OC)-c1cc3ccccc3c(=O)n1CC2', 'COc1cc2c(cc1OC)CN(C(=O)c1ccc(=O)n(C)n1)CC2', 'COc1cc2c(cc1C)CCNC2C(=O)c1cccs1', 'OCc1cc2c(cc1OCc1cccnc1)OCO2', 'CSc1cc2c(cc1NC(=O)C1CC3C=CC1C3)OCCO2', 'COc1nc2c(cc1CNC(=O)C1CC1)C(=O)N(C1CCCC1)C2', 'COc1cc2c(c(OC)c1OC)CCNC2C1CC(=O)C1', 'COc1cc2c(cc1-c1c(C#N)c(N)nc3c1CCCC3)OCCO2']"
2750,1e-04,0.0,0.0,[]
2751,1e-04,0.0,0.0,[]
2752,1e-04,0.0,0.0,[]
2753,1e-04,0.0,0.0,[]
2754,0.008,0.34428057,0.6870896220207214,"['Cc1[nH]nc(CCC(=O)NC(C)Cc2cccs2)c1C', 'Cc1[nH]ncc1CCCNC(=O)NCC1CCCO1', 'Cc1[nH]ncc1CCCNC(=O)c1c[nH]nc1-c1ccccc1F', 'Cc1n[nH]c(C)c1CCOC(=O)CC1CCCC1', 'CCCc1[nH]nc(C(=O)N(CCCO)C(C)C)c1N', 'Cc1n[nH]c(C)c1NC(=O)Cn1cc(CCO)nn1', 'Cc1n[nH]c(C)c1NC(=O)COc1ccc(Br)cc1', 'Cc1n[nH]c(C(=O)NC2CCCNC2=O)c1Br', 'Cc1n[nH]c(C)c1CCc1nncn1C(C)c1ccccc1', 'Cc1n[nH]c(C)c1NC(=O)Nc1ccccc1SC(F)F']"
2755,1e-04,0.0,0.0,[]
2756,0.0019,0.33381712,0.8456860184669495,"['Cc1cc(N)c2c(c1)C(=O)CC(c1ccncc1)O2', 'Cc1ccc2c(c1)NC(=O)C(C)(C(=O)N1CCCCC1)O2', 'Nc1cc(Cl)c2c(c1)NC(=O)C(c1ccccc1)O2', 'Cc1ccc2c(c1)NC(=O)C(C)(C(=O)Nc1cc(C)nn1C(C)C)O2', 'Cc1ccc2c(c1)NC(=O)C(C)(C(=O)N(C)Cc1ccccc1F)O2', 'Cc1ccccc1CN1CC2CC(C(=O)N(C)C)C(C1)O2', 'O=c1[nH]c(F)c(Cl)c2c1Oc1ccccc1O2', 'c1cc2c(cc1OCCCN1CCOCC1C1CC1)OCO2', 'CCC(=O)c1ccc2c(c1)N(CC(=O)OC)C(=O)C(C(C)C)O2', 'COc1ccc2c(c1)N(Cc1cccc(C(N)=O)c1)CC(C)O2']"
2757,1e-04,0.0,0.0,[]
2758,1e-04,0.0,0.0,[]
2759,1e-04,1.0,0.0,['C=CCOCC1CCC2C1OCCN2C(=O)c1ccco1']
2760,0.0002,0.5,0.0,"['Cc1c(C)c2cc(Cl)c3c(c2oc1=O)CN(C1CC1)CO3', 'COc1ccc2cc(COC(=O)C3CCCO3)ccc2c1']"
2761,0.0068,0.22770147,0.7202016711235046,"['Cc1nc(C2Nc3ccccc3C(=O)N2Cc2ccccc2)cs1', 'COC(=O)CC1Nc2cc(Cl)ccc2NC1=O', 'CCC1Nc2cc(Br)ccc2N(COC)C1=O', 'Cc1ccc(-c2n[nH]cc2C2Nc3ccccc3C(=O)N2C2CC2)o1', 'COCCN1C(=O)c2ccccc2NC1c1ccccc1OC(C)C', 'CN1c2ccccc2C(=O)NC1c1ccc(Br)cc1', 'NC(=O)CN1c2ccccc2C(=O)NC1c1cccc(Cl)c1', 'CCCN1C(=O)c2ccccc2NC1c1ccco1', 'c1ccc(C2NCCc3ccc4c(c32)OCCO4)nc1', 'COc1cc(O)ccc1C1Nc2c(C)cccc2-c2cc(C)nn21']"
2762,0.0122,0.33873826,0.7164686918258667,"['Cc1cc(C(=O)N(C)CCCCN(C)C(=O)c2cc(C)n[nH]2)[nH]n1', 'Cc1nc(CNC(=O)C2COc3ccccc3C2)n[nH]1', 'CCCc1cc(NC(=O)c2cccnc2OCC(F)F)n[nH]1', 'COCc1cc(CN(C)C(=O)C2CCN(C(=O)N(C)C)CC2)n[nH]1', 'Cc1ccc(-c2cc(C(=O)N(C)Cc3cc(C4CC4)[nH]n3)[nH]n2)s1', 'CC(C)c1cc(-c2nc(-c3cccnc3)no2)n[nH]1', 'Cc1cc(CN(C)C(=O)C2Oc3ccccc3O2)n[nH]1', 'CC(C)c1cc(C(=O)NCC(c2cccs2)N2CCOCC2)n[nH]1', 'COCCSc1nc(-c2ccccc2Br)n[nH]1', 'Nc1nc(SCC(=O)Nc2ccc(F)cc2F)n[nH]1']"
2763,1e-04,0.0,0.0,[]
2764,1e-04,0.0,0.0,[]
2765,1e-04,0.0,0.0,[]
2766,0.0005,0.48710966,0.4732144773006439,"['Cc1c(Br)cccc1Cn1nnnc1C', 'NC1C(=O)NCC1c1ccccc1Br', 'COc1ncc(C(F)(F)F)cc1Br', 'Cn1cnnc1Sc1ccc(Br)cc1N', 'Brc1cccc(NCc2ccccn2)c1']"
2767,1e-04,0.0,0.0,[]
2768,0.0756,0.21303616,0.8440474271774292,"['CCc1cnc(CNC(=O)NCc2ccnc(OC3CCC3)c2)s1', 'CC(O)CCNC(=O)NCc1ccnc(OC2CCC2)c1', 'CCc1cnc(CNC(=O)NCc2cccc(N(C)C)c2)s1', 'CCNC(=O)c1cccc(CNC(=O)NCc2cccnc2OC)c1', 'CC1CCN(C(=O)NCCc2nccn2C(F)F)CC1', 'COc1ccc(CNC(=O)NCCCn2cccn2)cc1F', 'Cc1ccc(C(C)NC(=O)NCCCN2CC(C)OC(C)C2)o1', 'CC(C)Oc1ccc(CNC(=O)N(C)CC2CCCO2)cc1F', 'CC(C)c1noc(CCNC(=O)NCCc2ccccc2F)n1', 'Cc1noc(CCNC(=O)NC(C)c2cccc(N3CCCC3)c2)n1']"
2769,1e-04,0.0,0.0,[]
2770,1e-04,0.0,0.0,[]
2771,0.0002,0.5,0.0,"['CCOC(=O)C(NC)c1nc2cc(OC)ccc2s1', 'CCOC(=O)C(NC)c1c(F)ccc2cccnc12']"
2772,1e-04,0.0,0.0,[]
2773,0.0004,0.43867773,0.8281000256538391,"['OCCOc1cccc2sc(-c3cccs3)nc12', 'Cc1nnsc1-c1nn2c(C(C)C)nnc2s1', 'C1=C(c2cccs2)CCN(Cc2ccsc2)C1', 'Cc1nnc(SCc2nc(-c3cccs3)no2)s1']"
2774,1e-04,0.0,0.0,[]
2775,1e-04,0.0,0.0,[]
2776,1e-04,0.0,0.0,[]
2777,0.0044,0.5421838,0.5071002840995789,"['N#Cc1ccsc1C(=O)NCc1nnc2n1CCCCC2', 'Cc1ccc(NCc2nnc3n2CCCCC3)cc1Cl', 'COCCC(=O)N1CCCCC1c1nnc2n1CCN(C)C2', 'c1n[nH]c(SCc2nnc3n2CCCCC3)n1', 'CCN(CC)S(=O)(=O)N1CCCC1c1nnc2n1CCN(C)C2', 'Cc1ccsc1C(=O)NCc1nnc2n1CCCCC2', 'Cc1c(C(=O)NCc2nnc3n2CCCCC3)oc2c1C(=O)CCC2', 'O=C(Cc1ccc2ccccc2c1)NCCc1nnc2n1CCCCC2', 'CC(C)(CC(=O)C(C#N)c1nnc2n1CCCCC2)c1ccccc1', 'O=C(CC1CCCCC1)N1CCCC1c1nnc2n1CCCCC2']"
2778,1e-04,0.0,0.0,[]
2779,1e-04,0.0,0.0,[]
2780,1e-04,1.0,0.0,['Cn1c2c(c(=O)[nH]c1=O)C(c1ccccc1)C1=C(COC1=O)N2']
2781,1e-04,0.0,0.0,[]
2782,0.0025,0.18547966,1.4020557403564453,"['CC#Cc1cn(C2OC(CO)C(O)C2OC)c(=O)[nH]c1=O', 'Cc1cn(C2(F)OC(CO)C(O)C2(F)F)c(=O)[nH]c1=O', 'CCOC(=O)CNc1nnnn1C1OC(CO)C(O)C1O', 'C=CCN(C)C(=O)CC1OC(CNC(=O)c2ccccc2)C(O)C1O', 'O=C(OCC1OC(n2ccc(=O)[nH]c2=O)CC1O)Oc1ccccc1', 'CC(C)NC(=O)NCC1OC(CC(=O)N2CCOCC2)C(O)C1O', 'CC1(C)OC2C(O)CC(NC(=O)OCc3ccccc3)C2O1', 'Cc1ccccc1C1CC(O)C(O)C1NC(=O)C(C)C', 'N#Cc1cccc(C(=O)NC2C(c3cccnc3)CC(O)C2O)c1', 'CC1(C)OCC2(COC(c3ccccn3)N2)CO1']"
2783,1e-04,0.0,0.0,[]
2784,1e-04,0.0,0.0,[]
2785,0.297,0.17432092,0.7149952054023743,"['COC(=O)C(O)(c1cc(C)c2cccnc2c1O)C(F)(F)F', 'CC(O)(CNC(=O)Nc1cc(F)c(F)c(F)c1)c1ccc(F)cc1', 'COC(C)(C)CC(C)(NCC(F)(F)F)C(N)=O', 'CN1C(=O)OC(C)(CC(C)(C)c2ccccc2)C1(C)O', 'CC(O)(CNC(=O)NC1CCc2cc(Cl)ccc21)c1ccco1', 'CC(NCc1ccncc1)C(O)c1ccc(F)c(F)c1', 'OC(c1ccccc1)(c1ccccn1)C(F)(F)F', 'Cc1ccc(C(O)(Cc2nc(-c3cccnc3)no2)C(F)(F)F)o1', 'CC(O)(CNC(=O)c1cccc(C(F)(F)F)c1)c1ccccc1', 'CC(C)(C#N)C(=O)NCCOc1ccc2c(c1)CCC2']"
2786,1e-04,0.0,0.0,[]
2787,1e-04,0.0,0.0,[]
2788,1e-04,0.0,0.0,[]
2789,0.0005,0.696499,0.1761980652809143,"['CCOCC1CN(C(=O)c2cccnc2)Cc2cnn(C)c21', 'COCC1CN(S(=O)(=O)Cc2ccccc2)Cc2cn(C)nc21', 'CCOCC1CN(C(=O)Cc2cccs2)Cc2ccnn2C1', 'COCC1CN(Cc2cccs2)Cc2cn(C)nc21', 'CC1CN(CC(=O)N(C)CC(=O)N2CCOCC2)c2ccccc21']"
2790,0.0069,0.27311385,0.7032270431518555,"['Nc1ncc(Br)c(Cl)c1Br', 'Cn1ccnc1NCc1ccc(Cl)c(Cl)c1', 'Nc1cccc(OCCOc2ccccc2Cl)c1', 'COCCCNC(=O)NCc1ccc(Cl)cc1Cl', 'O=S(=O)(c1cc(Cl)ccc1Cl)N1CCCC1', 'COCCNC(=O)c1cc(Br)ccc1Cl', 'O=C(c1c[nH]c(=O)c(Cl)c1)N1CCc2ccccc21', 'Cn1ccn(-c2cc(O)c(Cl)cc2Cl)c1=O', 'Cc1cccc(NC(=O)c2c(Cl)cccc2Cl)n1', 'COc1ccc(CNc2ccc(Cl)cn2)cc1O']"
2791,0.0284,0.3685817,0.5766879320144653,"['O=C(Nc1cccc(C(=O)N2CCCCC2)c1)C1CCCC1', 'O=C(Nc1ncn(CC(=O)N2CCCCCC2)n1)C1CCCC1', 'O=C(Nc1cc(Nc2ccc3nnnn3n2)ccc1F)C1CC1', 'O=C(OCCCn1nnc(-c2ccccc2)n1)C1CC=CCC1', 'CCN(C(=O)Cn1c(NCCO)nc2ccccc21)C1CCCCC1', 'CCN(C(=O)c1cc(S(N)(=O)=O)c(C)o1)C1CCCCC1', 'O=C(c1coc(COc2ccc3ncccc3c2)n1)N1CCC1', 'N#CC(NC(=O)c1ccc(-n2ccnn2)cc1)C1CCCCC1', 'CC(C#N)(NC(=O)c1cc(C(N)=O)cs1)C1CCCCC1', 'O=C(Nc1nnc(CCCOc2ccccc2)s1)C1CCCO1']"
2792,0.0261,0.33634797,0.5829764604568481,"['O=C(NC1CCSc2ccc(F)cc21)N1CCc2ccccc21', 'O=S1(=O)N=C(NC2CCc3ccccc32)c2ccccc21', 'N#Cc1ccc(SC2CCc3ccccc32)nc1', 'CC(O)(CNC(=O)NC1CCc2cc(Cl)ccc21)c1ccco1', 'N#CCOc1cccc(CC(=O)NCC2Cc3ccccc32)c1', 'Cc1nnc(NC(=O)NC2CCc3ccccc32)s1', 'COC(=O)c1c(C)[nH]c(C(=O)CN2CC(C)c3ccccc32)c1C', 'Cc1cc(C)c(CNC(=O)N(C)C2CCCc3ccccc32)c(=O)[nH]1', 'COc1cc(N)c(CN2CCc3ccccc32)cc1OC', 'COC(C)c1nc(C)c(C(=O)N2CCOc3ccc(F)cc32)s1']"
2793,1e-04,0.0,0.0,[]
2794,0.0005,0.5417923,0.5093476176261902,"['O=C(Nc1cccnc1)C1CC2CN(c3ncc(F)cn3)CC1O2', 'CN(C)C(=O)C1CC2CN(Cc3ccc(F)cc3)CC1O2', 'Cc1ccccc1CN1CC2CC(C(=O)N(C)C)C(C1)O2', 'CNC(=O)C1CC2CN(Cc3ccc(F)cc3)CC1O2', 'Cc1ccc(CN2CC3CC(C(=O)NCC(C)C)C(C2)O3)cc1']"
2795,1e-04,0.0,0.0,[]
2796,1e-04,0.0,0.0,[]
2797,1e-04,0.0,0.0,[]
2798,0.0027,0.25121143,0.9789180755615234,"['CCOC1CC(NC(=O)N(C)Cc2nnc3ccccn23)C12CCC2', 'CCOC1CC(NC2=NS(=O)(=O)c3ccccc32)C12CCC2', 'CCOC1CC2CN(C(=O)c3ccnnc3)CCN2C1', 'CCOC1CCC2C1OCCN2Cc1c(C)noc1C', 'CCOC1CCC2C1OCCN2C(=O)c1cccs1', 'CCOC1CCC2C1OCCN2C(=O)c1ccoc1', 'CCOC1CCN(C(=O)C2CC=CC2)C1Cc1ccccc1', 'CCOC1CCCN(C(=O)Nc2cc(F)ccc2Cl)C1', 'COC1(C)CC(NC(=O)Nc2ccc(CC#N)cc2)C1(C)C', 'CCOCC1CN(C(=O)Cc2cccs2)Cc2ccnn2C1']"
2799,0.0071,0.17897125,0.8889458775520325,"['COC1CCC(CC(=O)Oc2cccc(F)c2F)CC1', 'CCOc1ccc(CCC2CCN(C(=O)COC)CC2)cc1', 'C=CCc1ccc2nc(C(F)(F)F)c(C#N)c(N)c2c1', 'CC1CCC(COC(=O)CN2CCOCC2)C(C)C1', 'CCCCc1ccc(CC(=O)NCc2cn[nH]c2)cc1', 'Cc1ccc(CCC2CCN(S(C)(=O)=O)CC2)cc1', 'CCCCc1ccc(C(=O)CNC(=O)C2CCCO2)cc1', 'CCCCc1ccc(N2CC(C(=O)NCCC)CC2=O)cc1', 'CCCOC(=O)CCC(=O)c1cc(F)c(F)c(F)c1', 'C=CCCC(=O)Nc1ccc(Cc2ccncc2)cc1']"
2800,1e-04,0.0,0.0,[]
2801,1e-04,0.0,0.0,[]
2802,0.0097,0.31007582,0.5495544075965881,"['COc1cccc(OCCCN2CCOCC2)c1', 'Fc1ccc(N2CCN(CC3COC4(CCCC4)O3)CC2)cc1', 'CC1COCCN1CC1=Cc2cc(Cl)ccc2OC1', 'Cc1ccc(C)c(OCCCN2CCOCC2C)c1', 'CCOc1ccc(CCC2CCN(C(=O)COC)CC2)cc1', 'O=C(C1CCCO1)N1CCN(Cc2cccc3ccccc23)CC1', 'O=C(COCC1CC2OCCN(Cc3ccco3)C2C1)N1CCCC1', 'CCOc1ccccc1N1CCN(Cc2ccc(O)c(OC)c2)CC1', 'CC(C)(C)OC(=O)N1CCCC(CSc2ncccn2)C1', 'CCOC(=O)N1CCN(CCCc2ccccc2)CC1']"
2803,1e-04,0.0,0.0,[]
2804,1e-04,0.0,0.0,[]
2805,0.0025,0.30396786,0.9295201897621155,"['C=CCC1(CO)CCCN(C(=O)CCc2n[nH]c3c2CCCC3)C1', 'COCCCC1(CO)CCCN(C(=O)CC2CCCC2)C1', 'CC(C)=CCC1(CO)CCCN(C(=O)C2(Cn3cccn3)CC2)C1', 'CC(C)C1(O)CN(C(=O)Cc2cscn2)CC1C', 'CCC1(O)CCN(C(=O)C2CCCN2C(=O)c2cccs2)CC1', 'OCC1(O)CCN(c2noc(-c3ccccc3)n2)CC1', 'COCC1(O)CCN(c2ccnc(SC)n2)CC1(C)C', 'CCC1(O)CCN(C(=O)c2cc(-c3ccccn3)n[nH]2)CC1O', 'CC1(C(N)=O)CN(C(=O)Cn2cc(Cl)cn2)CCO1', 'CC1(C(N)=O)CN(C(=O)Cn2ccc(C(F)(F)F)n2)CCO1']"
2806,1e-04,0.0,0.0,[]
2807,1e-04,0.0,0.0,[]
2808,0.0015,0.33191627,0.9428033232688904,"['Cc1cn(C2(F)OC(CO)C(O)C2(F)F)c(=O)[nH]c1=O', 'Cc1cn(CC(=O)Nc2ccccc2C#N)c2ccccc12', 'Cc1cn(-c2ccccc2Cl)nc1NC(=O)NC1(C)CCOC1', 'Cc1cn(CC(=O)Nc2ccc3[nH]c(=O)[nH]c3c2)c2ccccc12', 'Cc1cn(CC(=O)N2CCCN(S(C)(=O)=O)CC2)c2ccccc12', 'Cc1cn(C(C)C)c(=O)c(C#N)c1-c1ccccn1', 'Cc1cn(C)nc1C(=O)Nc1nc(-c2ccc(Cl)cc2)cs1', 'Cc1cn(C)nc1C(=O)Nc1nnc(-c2ccccc2Cl)o1', 'Cc1nn(CC(=O)N2CCOCC2)c(C)c1Cl', 'Cc1nn(C2CCCCO2)c(C)c1Br']"
2809,1e-04,0.0,0.0,[]
2810,1e-04,0.0,0.0,[]
2811,1e-04,0.0,0.0,[]
2812,0.0335,0.64499855,0.2145293951034546,"['O=C(NC(CO)CO)c1cc2cccc(Cl)c2o1', 'C=CCNC(=O)c1cc(OCc2ccccc2)no1', 'Cc1nc2ncnn2c(Nc2ccc(F)cc2)c1Cl', 'CCc1nonc1NC(=O)C1COc2ccccc2O1', 'CCCc1cc(C(=O)NCCc2nncn2CC)no1', 'CCOc1cc(F)ccc1NC(=O)NCC1CCCO1', 'CC(C)n1cnnc1SCC(=O)Oc1ccccc1Cl', 'CCOC(=O)C=C(C)NC(=O)c1ccccc1Cl', 'CC1CN(Cc2ccccc2)c2c(N)cccc2O1', 'CCNC(=O)NCCOC(=O)c1cccc(F)c1Cl']"
2813,0.002,0.46065593,0.5470756888389587,"['CC1Cc2cc(C(=O)C(C)NCc3ccco3)ccc2N1', 'O=C1COc2ccc(C(=O)Nc3cc(F)ccc3Cl)cc2N1', 'O=C1COc2cc(NC(=O)c3cnns3)ccc2N1', 'O=C1COc2cc(C(=O)Nc3ccc4[nH]ncc4c3)ccc2N1', 'CC1Cc2cc(C(=O)NCC3CCOC3)ccc2N1S(C)(=O)=O', 'O=C1COc2cc(C(=O)N(Cc3cccnc3)C3CC3)ccc2N1', 'O=C1CSc2ccc(C(=O)Nc3cccc(Cl)c3F)cc2N1', 'O=C1CSc2ccc(C(=O)OCc3nccn3C(F)F)cc2N1', 'CC1Sc2ccc(C(=O)NCc3ccc(F)cc3)cc2NC1=O', 'O=C1CCc2cc(Cl)cc(C(O)Cc3cccs3)c2N1']"
2814,1e-04,0.0,0.0,[]
2815,0.0051,0.5497839,0.6104370355606079,"['CC1CN(C(=O)CCCCc2nc3ccccc3s2)CC(C)O1', 'CC1CN(C(C)C(=O)Nc2ccc(F)cc2Cl)CC(C)O1', 'CC1CN(Cc2csc(NC(=O)C3CC=CC3)n2)CC(C)O1', 'CC1CN(CC(=O)Nc2cccc(Cl)c2Cl)CC(C)O1', 'CC1CN(C(=O)c2ccc(COCC(F)(F)F)o2)CC(C)O1', 'CC1CN(C(=O)CSc2ccc(-c3ccncc3)nn2)CC(C)O1', 'CC1CN(CC(=O)Nc2ccc(Br)cc2)CC(C)O1', 'CC1CN(CC(=O)Nc2c(C#N)oc3ccccc23)CC(C)O1', 'CC1CN(C(=O)COc2cccc(Cl)c2Cl)CC(C)O1', 'CC1CN(C(=O)CNc2ccc(F)cc2OCC2CC2)CC(C)O1']"
2816,1e-04,0.0,0.0,[]
2817,1e-04,0.0,0.0,[]
2818,1e-04,0.0,0.0,[]
2819,0.0011,0.45874926,0.6444649696350098,"['CCC1Oc2ccc(C)cc2N(CCC(=O)N2CCNCC2)C1=O', 'CC1Oc2ccccc2N(CC(=O)Nc2nc(C3CC3)cs2)C1=O', 'CCC1Oc2ccc(C)cc2N(CC(=O)NCCCOC)C1=O', 'CCC1Oc2ccc(N)nc2N(CC(C)C#N)C1=O', 'CCC1Oc2cccc(N)c2N(Cc2ccc(F)cc2)C1=O', 'CC1Oc2c(cccc2C(=O)N(C(C)C)C2CCC2)NC1=O', 'CC1Sc2ccc(C(=O)NCc3ccc(F)cc3)cc2NC1=O', 'CCC1(CC)Oc2ccc(C(C)=O)cc2N(CCCC#N)C1=O', 'CCC1Oc2c(cccc2OCc2ccccc2)NC1=O', 'CCC1Nc2cc(Br)ccc2N(COC)C1=O']"
2820,0.0041,0.6365409,0.4299437701702118,"['CC(c1ccccn1)N(Cc1ccccc1)C(=O)C1CCOCC1', 'CC(c1ccccc1)n1nc(C#N)cc1-c1ccccn1', 'CC(c1ccccc1)N(C)C(=O)c1csc(-c2nc[nH]n2)n1', 'CC(c1cc2ccccc2o1)N(C)c1ccc2nnnn2n1', 'CC(c1cccc(O)c1)N(C)Cc1cnc2cnccn12', 'CC(c1cccc(S(N)(=O)=O)c1)N(C)c1ncnc2c1cnn2C', 'CC(c1ccccc1)N(CC1CCC1)C(=O)Cn1ccc(=O)[nH]c1=O', 'CC(c1ccc(O)cc1)N(C)C(=O)Nc1ccccc1', 'CC(c1ccncc1)N(C)C(=O)CCN1C(=O)COc2ccccc21', 'CC(c1ccco1)N(C(=O)c1cccc(OCC(F)F)n1)C1CC1']"
2821,1e-04,0.0,0.0,[]
2822,0.0013,0.41029146,0.7852343320846558,"['CC=CCC(=O)N1CC(F)CC1CNC(=O)CC1CCCC1', 'O=C(Nc1ccc2nncn2c1)C1CCC(F)(F)CC1', 'O=C(NCc1cc(N2CCOCC2)ncn1)C1CC(F)(F)CN1', 'O=C(C1CCC(F)(F)CC1)N1CCC(c2cnccn2)CC1', 'CS(=O)(=O)N1CCOC2CN(C(=O)C3CC(F)(F)C3)CC2C1', 'O=C(Nc1ccc2c(c1)COC2)C1CCC(F)(F)CC1', 'Cc1ccc(C(=O)NC2CCC(C(F)(F)F)CC2)c(=O)[nH]1', 'Cc1cc(C)n2ncc(C(=O)N3CCCC(C(F)(F)F)C3)c2n1', 'Fc1ccc(-n2cc(-c3ccnc(N4CC=CC4)n3)cn2)cc1', 'Cc1cc(C)c(CNC(=O)CC2CCCC(C(F)(F)F)C2)c(=O)[nH]1']"
2823,0.0072,0.40795437,0.7429785132408142,"['Cc1cccc(C)c1OCCNC(=O)c1csnn1', 'Cc1cccc(C)c1NC(=O)CNCc1cccc2c1OCO2', 'Cc1cccc(C)c1OCCCNS(=O)(=O)N1CCCCC1', 'Cc1cccc(C)c1OCc1nc2ccc(N)cc2o1', 'Cc1cccc(C)c1OCCCNC(=O)c1ccsc1', 'Cc1cccc(C)c1NC(=O)CSc1nc2ccsc2c(=O)[nH]1', 'Cc1cccc(C)c1NC(=O)N(Cc1ccccc1F)C1CC1', 'Cc1cccc(C)c1NC(=O)C1CNCc2ccccc21', 'Cc1cccc(C)c1NC(=O)CCCC(O)c1ccccc1', 'Cc1cccc(C)c1-n1nnnc1CS(=O)(=O)c1cccs1']"
2824,1e-04,0.0,0.0,[]
2825,0.0064,0.30916315,0.7213417291641235,"['Cc1cc(C(=O)Nc2nc3c(s2)CCC3)c2c(C)noc2n1', 'Cc1cc(C(=O)N(C)Cc2noc(C(C)C)n2)c2c(C)noc2n1', 'Cc1cc(C(=O)NC2CCC(=O)NC2)c2c(C)noc2n1', 'Cc1cc(C(=O)Nc2ccnn2C(C)C)c2c(C)noc2n1', 'Cc1cc(C(=O)N2CCOCC2C2CC2)c2c(C)nn(C)c2n1', 'Cc1cc(C(=O)NCc2n[nH]c3c2CCC3)c2cnn(C(C)C)c2n1', 'Cc1cc(C(=O)N(C)CCC(F)(F)F)c2cnn(C(C)C)c2n1', 'Cc1cc2nnc(SCCS(=O)c3ccccc3)n2c(C)n1', 'Cc1cc(C(=O)OCCCc2cccnc2)c2c(C)nn(C)c2n1', 'Cc1cc(C(=O)NCCCC(N)=O)c2ccc(F)cc2n1']"
2826,1e-04,0.0,0.0,[]
2827,0.0071,0.17921956,1.1328644752502441,"['CCCOc1ncnc(NCc2cccnc2)c1N', 'CCNc1ncnc(Nc2ccc(Cl)cc2C)c1N', 'CCNc1ncnc(Nc2cccc3ncccc23)c1N', 'CCOc1ncnc(Nc2ccccc2C(F)(F)F)c1N', 'Nc1ncnc(Nc2cccc(Br)c2)c1N', 'CCC(C)Nc1ncnc(N2CCOCC2)c1N', 'Cc1sc2ncnc(NCCn3cccn3)c2c1C', 'CC1CCCN(c2ncnc(NCC3CCCO3)c2N)C1', 'COc1nc(C)nc(NC2CCCCC2C)c1N', 'Cc1sc2ncnc(N3CCCC3Cn3cncn3)c2c1C']"
2828,1e-04,1.0,0.0,['CCCC1CCC(=O)C(CN2CCOCC2CC)C1']
2829,0.0004,0.4156414,0.7001866102218628,"['CCCOC(=O)c1sc2nc(COC)nc(OC)c2c1C', 'CCOC(=O)c1cn(CC)c2cc(OCC)c(F)cc2c1=O', 'CC(=O)Oc1cc2oc(=O)cc(C)c2cc1C(=O)c1ccccc1', 'CCc1onc(C)c1NC(=O)c1cc(C)c(OCC(=O)OC)c(C)c1']"
2830,0.0031,0.18697546,0.986746072769165,"['Cc1ccccc1C1CC(O)C(O)C1NC(=O)C(C)C', 'CN1C(=O)C(O)(CC(=O)c2cccs2)c2ccccc21', 'OC(CC(O)C(Cl)(Cl)Cl)c1ccccc1', 'COc1ccc(Cc2c(CO)nnn2CC(O)CO)cc1', 'COc1ccc(CC(=O)NC2CC(O)C(CO)C2)cc1', 'Cc1ccc2c(c1)C(O)(CC(=O)c1cccs1)C(=O)N2', 'CCOC(=O)C(O)c1nc(-c2ccccc2F)cs1', 'COC(=O)c1cccc(NC(=O)C(O)c2ccc(C)cc2)c1', 'Cc1ncc(C(=O)N2CCC(C)(O)C(O)C2)c(C)n1', 'Cc1nc(COC(=O)C(O)(c2ccccc2)c2ccccc2)cs1']"
2831,1e-04,1.0,0.0,['O=c1c(-c2ccccc2)c(N2CCN(c3ccccc3)CC2)c1=O']
2832,0.051,0.70506006,0.1951690912246704,"['Nc1c(C2CC2)n[nH]c1C(=O)NCc1ccsc1', 'CCCNC(=O)CSc1n[nH]c(=O)n1CCC', 'CCCCc1ccc(N2CC(C(=O)NCCC)CC2=O)cc1', 'COc1ccccc1C1CC1C(=O)NCCNC(=O)C1CCCCC1', 'CCCCc1ccc2c(c1)S(=O)(=O)N=C(NCC(C)O)N2', 'C=CCOC1C2CCC1N(S(=O)(=O)c1ccccc1)CCO2', 'CN(C)c1cccc(OCCC(=O)N2CCNCC2)c1', 'COC(=O)C1CCCC1NC(=O)Nc1cnccc1C', 'CC(=O)c1cccc(COC(=O)c2cccnc2C)c1', 'CCOCC12COCC1CN(C(=O)c1sccc1C)C2']"
2833,1e-04,0.0,0.0,[]
2834,1e-04,0.0,0.0,[]
2835,1e-04,0.0,0.0,[]
2836,1e-04,0.0,0.0,[]
2837,1e-04,0.0,0.0,[]
2838,1e-04,0.0,0.0,[]
2839,1e-04,0.0,0.0,[]
2840,0.0035,0.67944235,0.2288600355386734,"['CCCOc1ccc(C)cc1C(O)CCN1CCOCC1', 'CCCOc1ccc(-c2csc(CC)n2)cc1N', 'CCCOc1ncnc(NCc2cccnc2)c1N', 'CCCOc1ccc(NC(=O)CC)c2cccnc12', 'CCCOc1cccc(C(=O)Nc2nncs2)c1', 'CCCOC(=O)c1ccc(Cc2nonc2N)cc1', 'CCCOc1ccc(C(=O)OCC)c2cccnc12', 'CCCOc1ccc(NC(=O)N2CCCC2)c(C)c1', 'CCCOc1ccccc1-c1csc2nnc(CC#N)n12', 'CCCOc1c(Br)cc(C(=O)NC2CC2)cc1OC']"
2841,0.0004,0.49656773,0.6269957423210144,"['Fc1ccc(-c2nc(NC3CC3)ncc2-c2ncc[nH]2)cc1', 'c1coc(-c2nc(NCc3ccncc3)ncc2-c2ccncc2)c1', 'c1ccc2nc(Nc3ccc(N4CCOCC4)nc3)cnc2c1', 'CC(=O)Nc1nc(-c2ccc(NC(=O)CC(C)C)cc2)cs1']"
2842,1e-04,0.0,0.0,[]
2843,0.0456,0.6922095,0.1738225221633911,"['CCCc1cc(=O)[nH]c2nnc(SC(C)C(=O)OCC)n12', 'CCCCN1C(=O)CCC2CN(C(=O)c3cccnn3)CCC21', 'Cc1cc(S(=O)OC(C)C)c2nc(C)ccc2c1', 'CCCN(CC(=O)c1cccn1C)CC(F)(F)F', 'COc1c(C(=O)OCC2CCCC2)c(C)nn1C', 'O=C(CCC(=O)Nc1nccs1)NCC1CCC1', 'CC1(C)C(=O)OCCN1C(=O)c1ccccc1Cl', 'CCCc1cc(=O)n2nc(-c3cccs3)cc2[nH]1', 'CC1CN(C(=O)C(C)Cc2ccccc2F)C(C)CO1', 'Cc1c(CC(=O)c2cccc(N)c2)oc2ccccc12']"
2844,0.002,0.28550372,0.925290048122406,"['c1ccc(-c2nc3cccnc3nc2-c2ccccn2)nc1', 'c1ccc(-c2nnc3sc(-c4cccs4)nn23)nc1', 'c1cc(-c2ccc(-n3cncn3)cc2)n2ncnc2n1', 'c1ccc(-c2nn3c(Cn4nnc5ccccc54)nnc3s2)nc1', 'c1cncc(-c2nc3nccc(-c4ccsc4)n3n2)c1', 'Cc1cccn2cc(-c3ccc4c(c3)OCO4)nc12', 'c1ccc(CCn2c(-c3ccccn3)nc3ccccc32)nc1', 'CC(O)(c1ccccc1)c1nc(-c2ccccc2)nn1-c1ccccn1', 'CC(O)c1nc2cc(O)ccc2n1-c1ccccc1', 'c1cnc(-c2nc(-c3ccc4c(c3)OCCO4)cs2)cn1']"
2845,0.0046,0.5184685,0.5293450355529785,"['CC(NS(=O)(=O)c1ccccc1)C(=O)Nc1ccccc1Cl', 'CC(NS(=O)(=O)c1ccccc1C(F)(F)F)C(=O)N1CCC1', 'CC(NS(=O)(=O)N(C)C(C)C)c1ccccc1N', 'CC(NS(=O)(=O)c1ccccc1)C(=O)Nc1ccc(F)c(F)c1', 'C=CCS(=O)(=O)c1ccc(C(=O)C(C)C)cc1', 'C=CCNS(=O)(=O)c1cccc(C(=O)N2CCC2)c1', 'O=C(CS(=O)(=O)c1ccccn1)Nc1ccc(F)cc1Cl', 'O=C(NS(=O)(=O)c1ccccc1)OCc1ccccc1', 'CC1(NS(=O)(=O)c2cc(F)ccc2F)CCCC1', 'O=C(CS(=O)(=O)c1ccccc1)Nn1cn[nH]c1=O']"
2846,1e-04,0.0,0.0,[]
2847,1e-04,0.0,0.0,[]
2848,1e-04,0.0,0.0,[]
2849,0.099,0.3213478,0.5190605521202087,"['CCNC(=O)Cc1cc(OCC)c(OCC)cc1Br', 'CCCNc1c(C#N)cnc2ccc(OCC)cc12', 'Cc1ccccc1CSc1nc(=O)n(CCO)c2c1CCC2', 'O=C(CSc1ncn[nH]1)c1ccc(OC(F)F)cc1', 'Cn1ncc2c(SCc3cccc4c3OCCO4)ncnc21', 'CC(C)(C)OC(=O)N1CCC2(CC1)OCc1ccncc12', 'Cn1ccc(NC(=O)c2cccc(OCC(F)F)n2)n1', 'O=C(CCNC(=O)c1scc2c1OCO2)NC1CCCCC1', 'O=C(OCc1cc(Cl)c2c(c1)OCO2)c1ccccn1', 'COC(=O)CCc1cc(C)c2c(OC)ccc(OC)c2n1']"
2850,1e-04,0.0,0.0,[]
2851,1e-04,0.0,0.0,[]
2852,0.3095,0.2093524,0.7765551805496216,"['Cc1noc2nc(C(C)C)cc(C(=O)Nn3cnc4ccccc43)c12', 'Cc1sc2ncn(CC(=O)c3ccc(F)c(F)c3)c(=O)c2c1C', 'Cc1sc2nc(-c3ccccc3)nc(N(C)CC(N)=O)c2c1C', 'CCn1ncc(CN2CCc3nc4sccc4c(=O)n3CC2)c1C', 'Cc1nn(C)c2sc(C(=O)N(C)C(C)C(C)(C)C)cc12', 'Cc1nn(C)c2sc(C(=O)N(C(C)C)C(C)C)cc12', 'Cc1noc(C)c1CCC(=O)NC(C)Cn1c(=O)oc2ccccc21', 'Cc1sc2[nH]c(CCC(=O)NC(C)CCC(C)C)nc(=O)c2c1C', 'Cc1sc2[nH]c(SCCCC(=O)NCCO)nc(=O)c2c1C', 'Cc1cccc(C)c1NC(=O)c1[nH]c(C)c(C(=O)OC(C)C)c1C']"
2853,1e-04,0.0,0.0,[]
2854,1e-04,0.0,0.0,[]
2855,0.0022,0.67671967,0.27014395594596863,"['Cn1cccc1C=c1sc2nc3ccccc3n2c1=O', 'CC(=O)NC1=NC(=O)C2=NCN(COCCO)C2=N1', 'COC(=O)C1=C(C)NC(=O)NC1c1ccsc1', 'Cc1ccn2c(=NC(=O)CCCC(=O)NC(C)C)[nH]nc2c1', 'COC(=O)C1=C(C)NC(=O)NC1c1cccc(C)c1', 'CCOC(=O)C=C(C)NC(=O)c1ccccc1Cl', 'O=C(NCCC1=CCCCC1)C1CSc2nccc(=O)n2C1', 'COC(=O)C1=C(C)N(Cc2ccc(Cl)cc2)C(=O)CC1', 'Cc1ccn2c(=NC(=O)Cn3c(=O)oc4ccccc43)[nH]nc2c1', 'O=C(NCCC1=C2C=CC(F)C=C2N=C1)c1ccc2[nH]nnc2c1']"
2856,1e-04,0.0,0.0,[]
2857,1e-04,0.0,0.0,[]
2858,1e-04,0.0,0.0,[]
2859,0.0007,0.6671149,0.18886885046958923,"['COCC(C)NC(=O)NCCC12CC3CC(CC(C3)C1)C2', 'CC(O)CN(C)C(=O)C12CC3CC(CC(C3)C1)C2', 'O=C(NCCO)C1CCCN1C(=O)C12CC3CC(CC(C3)C1)C2', 'O=C(Nc1ccncc1)NC12CC3CC(CC(C3)C1)C2', 'O=C(Nc1ccccn1)C12CC3CC(CC(Cl)(C3)C1)C2', 'CN(CC12CC3CC(CC(C3)C1)C2)C(=O)c1ccc(C(N)=O)cn1', 'O=C(Nc1ccc2c3c(cccc13)CC2)N1CCC(CO)CC1']"
2860,0.0065,0.30849102,0.7102624773979187,"['Cc1ccc(C(CNC(=O)c2ccc(=O)n(C)n2)N2CCOCC2)o1', 'COc1ccc(C(NS(=O)(=O)c2c(C)noc2C)C2CC2)cc1', 'c1cncc(CN(Cc2ccc(-n3cccn3)cc2)CC2CCCO2)c1', 'Cc1ccc(N(CC(=O)NC2CCCC2)C(=O)c2csnn2)cc1', 'Cc1ccc(C(NC(=O)c2cc3ccccc3[nH]c2=O)C2CC2)cc1', 'Cc1ccc(CN(Cc2ccco2)C(=O)c2ccc(=O)[nH]c2)s1', 'Cc1ccc(CN(Cc2nnc(C(C)C)o2)c2ccc(F)cc2)o1', 'Cc1ccc(C(NC(=O)NCCC(=O)N2CCCCC2)C2CC2)cc1', 'COc1ccc(CN(C(=O)c2cnn(-c3ccccc3)c2)C2CC2)cc1', 'COc1ccc(N(C(C)C2CC2)S(=O)(=O)c2cn(C)c(C)n2)cc1']"
2861,1e-04,0.0,0.0,[]
2862,0.0031,0.30880937,0.7619482278823853,"['CCc1cc2c(N3CCCC(CO)C3)ncnc2s1', 'Cc1cc2c(SCCOC(C)C)ncnc2s1', 'Cc1cc2c(NCCC(=O)N3CCCCC3)ncnc2s1', 'CCc1cc2c(=O)n(NC(=O)C3CCN(C(C)=O)CC3)cnc2s1', 'Cc1cc2c(=O)n(CC(=O)Nc3sccc3C#N)cnc2s1', 'Cc1cc2c(=O)n(CC(=O)Nc3ccccc3C(C)C)cnc2s1', 'CCc1cc2c(=O)n(CC(=O)OC(C)(C)C)cnc2s1', 'Cc1nn2c(=O)cc(COc3cccc(C(F)(F)F)c3)nc2s1', 'Cc1cn2c(S(=O)(=O)NC3CCCC3)c(C(C)C)nc2s1', 'CSc1nn2c(=O)c(-c3ccc(OC(C)C)cc3)nnc2s1']"
2863,0.002,0.43506536,0.5962837338447571,"['CC(=O)NC1=NC(=O)C2=NCN(COCCO)C2=N1', 'CC1=CC(C)=NC(=O)C1S(=O)(=O)c1ccc(CC(C)C)cc1', 'O=C1NC2=C(C(=O)N(CCO)C2)C(c2ccc3c(c2)OCO3)N1', 'O=c1ncc(-c2ccc(OCc3ccccc3)cc2)c[nH]1', 'Cc1csc(=NC(=O)c2cc(-n3cnnn3)ccc2Cl)[nH]1', 'O=C(N=c1sccn1CC(=O)N1CCCC1)c1ccccc1Cl', 'C=C(C)CN(CC)C(=O)C1=NC=C(S(=O)(=O)N(C)C)C1', 'O=S(=O)(N=c1cccc[nH]1)c1ccc(F)cc1F', 'N#Cc1ncn(Cc2ccc(-c3ccccc3)cc2)n1', 'Cc1ccc(=NS(=O)(=O)C2CS(=O)(=O)c3ccccc32)[nH]c1']"
2864,1e-04,0.0,0.0,[]
2865,1e-04,0.0,0.0,[]
2866,0.0005,0.39775172,0.8010405898094177,"['CC(C)COc1ccc(C(C)O)cc1OCC(C)C', 'Cc1cc(S(=O)OC(C)C)c2nc(C)ccc2c1', 'COC(=O)C(C)Nc1cc(C#N)ccc1OC(C)C', 'CCCOC(=O)c1ccc(OC(C)C)c(OC)c1', 'COc1cc(C(=O)OC2CCCC2OC)ccc1OC(C)C']"
2867,0.0011,0.39429256,0.8181295990943909,"['CCCN(CC(=O)c1cccn1C)CC(F)(F)F', 'O=C(NCCCOCc1ccco1)c1c(F)cccc1Cl', 'COC(=O)C(C)Sc1nc2c(cc1C#N)CCCC2', 'O=C(NCC1CC1)c1ccc(F)cc1Br', 'FC(F)C(F)(F)CN1CCN(Cc2ccccn2)CC1', 'CCCCN(Cc1ccccc1F)C(=O)C1CCOCC1', 'Cn1cnnc1Cc1cccc(Br)c1', 'CC(=Cc1ccccc1)CN(C)Cc1nccs1', 'CCN(CC(=O)NC)C(=O)CCc1cccc(Cl)c1Cl', 'CN(CC(CCO)Cn1nnc2ccccc21)c1ccccc1']"
2868,1e-04,0.0,0.0,[]
2869,1e-04,0.0,0.0,[]
2870,1e-04,0.0,0.0,[]
2871,1e-04,0.0,0.0,[]
2872,1e-04,0.0,0.0,[]
2873,1e-04,0.0,0.0,[]
2874,1e-04,0.0,0.0,[]
2875,1e-04,1.0,0.0,['CCCn1c(=O)n2c(-c3ccccc3N)nnc2c2c1ncn2C']
2876,0.3868,0.10701961,0.7605269551277161,"['O=c1c(-c2ccccc2)c(N2CCN(c3ccccc3)CC2)c1=O', 'CCOc1c(Nc2ccc(Cl)cc2C)c(=O)c1=O', 'COCCCNc1c(-c2cc(C)c(C)cc2C)c(=O)c1=O', 'Cn1c(SCC(=O)NC2(c3ccccc3)CCC2)nnc1C1CC1', 'CC1=NC(CN(C)c2nncc(-c3cccc4ccccc34)n2)N=C1', 'CCOC(=O)N1CCN(c2c(-c3ccc(C)c(C)c3)c(=O)c2=O)CC1', 'CC1(C)C(C(=O)N2CCC(C(N)=O)CC2)C1(C)C', 'C=CCn1c(SCc2nc(C3CC3)no2)nnc1-c1ccoc1C', 'Cn1c(SCC(=O)Nc2ccc(F)cc2Cl)nnc1C1CC1', 'CCn1c(SCC(=O)NC2CC2)nnc1C1CCCC1']"
2877,0.0007,0.46498585,0.5072792172431946,"['FC1(F)CCN(Cc2ccsc2)CC12CCN(c1cccnc1)C2', 'OC1CCN(Cc2ccco2)C1Cc1ccccc1', 'CC1(C(=O)NCc2cccs2)CC1(Cl)Cl', 'CC1(C(=O)NCCSc2cn[nH]n2)CCCCO1', 'O=C1N(c2cccnc2)CCC12CCCN(c1ncc(F)cn1)C2', 'CN1CCN(C(=O)c2csnn2)c2ccccc21', 'CC1(NC(=O)c2cccs2)Cc2ccccc2C1']"
2878,0.002,0.36749187,0.7157148122787476,"['CCCCCCN1CC2(CCN(C(=O)c3cccnc3)CC2)OC1=O', 'O=C1NCC2(CCCN(c3nc4ccccc4s3)CC2)O1', 'CC(C)=CCN1CC2(CCN(c3ncccn3)CC2)CC1=O', 'CC1CCC2(CCN(C(=O)c3c[nH]cn3)CC2)c2ccccc21', 'CN1C(=O)C2(CCN(C(=O)C(C)(C)C)C2)c2ccccc21', 'C=CCN1CC2(CCN(S(C)(=O)=O)CC2)OCC1=O', 'COCCN1CCC2(CCN(C(=O)c3ccnnc3)CC2)C1=O', 'COC1COC2(CCN(C(=O)Cc3ccc(F)cc3C)CC2)C1', 'CCN1CCC2(CN(S(=O)(=O)c3ccc(F)cc3)CC2C)C1=O', 'O=C1CC2(CCN(c3cnccn3)C2)CN1c1ccccc1']"
2879,1e-04,0.0,0.0,[]
2880,1e-04,0.0,0.0,[]
2881,0.0002,0.5,0.0,"['COc1cccc(C(=O)N2CC(c3ccccc3C)OCC2C)c1F', 'Cc1cc(C)c(N2CC(c3nc(C)no3)CC2=O)c(C)c1']"
2882,0.001,0.3881612,0.9481041431427002,"['Cc1ccccc1CN1CC2CC(C(=O)N(C)C)C(C1)O2', 'CCCc1nnc(N2CC3CCC(C2)C3OC)o1', 'Cc1ccc(CN2CC3CC(C(=O)Nc4ccccc4)C(C2)O3)o1', 'Cc1ccc(CN2CC3CC(C(=O)NCC(C)C)C(C2)O3)cc1', 'CN1CC2CCC(CC1=O)N2C(=O)c1cc(=O)[nH]c2ccc(F)cc12', 'CC(=O)c1ccc(NC(=O)NC2C3CCC(C3)C2CO)cc1C', 'CN(C)C(=O)N1CC2CCC1CN(C(=O)c1cnccn1)C2', 'O=C(c1ccoc1)N1CC2CC1CC2NS(=O)(=O)c1ccccc1', 'O=C(c1cc(CCc2ccccc2)no1)N1CC2CCC1C2', 'CC(C(=O)Nc1ccc2c(c1)nc(C1CC1)n2C)c1ccsc1']"
2883,1e-04,0.0,0.0,[]
2884,1e-04,0.0,0.0,[]
2885,1e-04,0.0,0.0,[]
2886,1e-04,0.0,0.0,[]
2887,1e-04,0.0,0.0,[]
2888,1e-04,0.0,0.0,[]
2889,0.0002,0.5,0.0,"['CCNc1nc2c(s1)C(c1ccc(F)c(F)c1)CC(=O)N2', 'CCNc1nc2c(s1)C(c1cc(OC)c(O)c(OC)c1)CC(=O)N2']"
2890,1e-04,0.0,0.0,[]
2891,1e-04,0.0,0.0,[]
2892,0.0004,0.553219,0.3558599054813385,"['CCN(CC)C(=O)NC1C(NC(=O)N(CC)CC)N(C)C(=O)N1C', 'CNC(=O)OCc1nc(-c2ccccc2)oc1COC(=O)NC', 'COc1ccccc1C(=O)NC1CC2C(=O)NC(C(C)O)C(=O)N2C1', 'CC(C)OC(=O)C1C(=O)CC(C)(O)CC1c1ccccc1']"
2893,0.0003,0.5568448,0.2789136469364166,"['OC(CC(O)(C(F)(F)F)C(F)(F)F)c1cccs1', 'COC(C)(C)CC(C)(NCC(F)(F)F)C(N)=O', 'CCCOC(=O)CCC(=O)c1cc(F)c(F)c(F)c1']"
2894,0.0103,0.2751896,0.6652905941009521,"['CC(=O)NC(c1ccccn1)C1CCC(CNC(=O)CC(C)C)CC1', 'O=C(Nc1cccc(-c2cnco2)c1)C1CC(=O)N(c2ccccc2)C1', 'CN(Cc1nc(N)c2ccccc2n1)C1CCN(c2ccccc2)C1=O', 'O=C(NCc1ccco1)C1CCN(c2ccccc2)C1=O', 'O=C(Cc1c[nH]c2ccccc12)NC1CCCN(c2ccccc2)C1=O', 'O=C(NCCOc1cccnc1)C1CCN(c2ncccn2)CC1', 'CC(C)Cn1nccc1NC(=O)C1CCN(C(=O)N(C)C)CC1', 'COC(=O)c1ccccc1N(C)C(=O)C1CN(C(C)=O)C1', 'O=C(Nc1ccc(F)cc1)C1CC(=O)N(c2ccccc2)C1', 'CC(c1ccccc1Cl)N(C)C(=O)C1CCCN(C(N)=O)C1']"
2895,0.0055,0.3127652,0.7077993154525757,"['O=C(Nn1cnc2ccccc21)c1n[nH]c2ccccc12', 'O=C(CCc1nc2ccccc2[nH]1)CCc1nc2ccccc2[nH]1', 'O=C(Nc1ccc2[nH]ncc2c1)c1cc2ccccc2oc1=O', 'O=C(Nc1ccc2[nH]ccc2c1)c1cn2cc(Cl)ccc2n1', 'O=C(CCc1nc2ncccc2[nH]1)Nc1cccc2cccnc12', 'O=S(=O)(c1cccc2ccccc12)n1nnc2ccccc21', 'O=C(Cc1ccc2ccccc2c1)Nc1ccnc2ccnn12', 'N#CC(C(=O)Cn1c(=O)[nH]c2ccccc21)c1nc2ccccc2[nH]1', 'Cc1nc2ccccc2n1S(=O)(=O)c1ccc2oc(=O)ccc2c1', 'CC(c1cc2ccccc2o1)N(C)c1ccc2nnnn2n1']"
2896,0.0078,0.40787616,0.5992400646209717,"['CCOC(=O)C(N)Cc1c(F)ccc2cccnc12', 'CCOC(=O)C(N)c1nc2ccc(Cl)cc2o1', 'CCOC(=O)C(NC)c1c(F)ccc2cccnc12', 'CCOC(=O)C(NC)c1nc2cc(OC)ccc2s1', 'CCOC(=O)C(C)Sc1nc2ccccc2c(=O)n1CC', 'CCOC(=O)C(C)Sc1ccc(NC(=O)C(C)C)nn1', 'COC(=O)C(C)(O)Cn1cc(Br)ccc1=O', 'CCOC(=O)C(N)c1nnc2ccc(C(F)(F)F)nn12', 'COC(=O)C(C)n1ccnc1-c1ccccc1Br', 'COC(=O)C(C)CNC(=O)Nc1cc(C)cc2cccnc12']"
2897,1e-04,0.0,0.0,[]
2898,0.0059,0.39753643,0.7366002798080444,"['COc1cc(N2CC3CN(c4cccnc4)C(=O)C3C2)ncn1', 'O=C(c1ccco1)N1CC2CCN(c3cccnc3)CC2C1', 'Cc1ccc(C(=O)N2CCC3CC(c4nccs4)OC3C2)cn1', 'COc1ncccc1C(=O)N1CCC2OC(c3nc(C)no3)CC2C1', 'O=C(c1ccccn1)N1CC2CN(c3cncnc3)C(=O)C2C1', 'Cc1nc(CN2CC3OCCN(Cc4c(C)noc4C)C3C2)cs1', 'Cn1cc(N2CC3CN(C(=O)c4cccn4C)CC3C2=O)cn1', 'O=C(c1cnccn1)N1CC2OCC(=O)N(CC3CCCCC3)C2C1', 'c1ccc(CN2CCN3CC(Oc4cncnc4)CC3C2)nc1', 'Cc1cnc(C(=O)N2CCOC3C(Oc4ccccn4)CCC32)cn1']"
2899,0.0003,0.6343127,0.07213383167982101,"['O=c1ncc(-c2ccc(OCc3ccccc3)cc2)c[nH]1', 'Nc1nc(Oc2ccccc2)c(Br)c(=O)[nH]1', 'COC1CCC(CC(=O)Oc2cccc(F)c2F)CC1']"
2900,1e-04,0.0,0.0,[]
2901,1e-04,0.0,0.0,[]
2902,1e-04,0.0,0.0,[]
2903,0.0078,0.36012268,0.8048772215843201,"['CCc1nn(C)c(OC)c1CN1CC(C)OC(CC)C1', 'CC(C)Oc1cc(N2CC(C)OC(C)C2)nc(N)n1', 'Cc1ccccc1C(=O)N1CCC(C(=O)N2CC(C)OC(C)C2)CC1', 'Cc1ccc(C(C)NC(=O)NCCCN2CC(C)OC(C)C2)o1', 'CC(CNC(=O)N1CC(C)OC(C)C1)COCc1ccccc1', 'Cc1ccccc1OCC(O)CN1CC(C)OC(C)C1', 'COc1ccc(CN(C)S(=O)(=O)N2CC(C)OC(C)C2)cc1F', 'Cc1ccc(C(=O)N2CCC(CN3CC(C)OC(C)C3)CC2)cc1', 'CC(=O)c1ccc(OCCCC(=O)N2CC(C)OC(C)C2)cc1', 'CC(=O)c1oc2ccccc2c1NC(=O)C(C)N1CC(C)OC(C)C1']"
2904,1e-04,0.0,0.0,[]
2905,1e-04,1.0,0.0,['CCOC(=O)N1CCN(c2c(-c3ccc(C)c(C)c3)c(=O)c2=O)CC1']
2906,1e-04,0.0,0.0,[]
2907,0.0007,0.34987742,0.8447526693344116,"['Cc1ccc2c(c1)N(CC(=O)NCCn1ccc(C)n1)C(=O)CO2', 'CS(=O)(=O)N1CCC2(CC1)CN(CCn1cccn1)C(=O)CO2', 'Nc1ccc2c(c1)N(CCN1CCOCC1)C(=O)CS2', 'CCC(=O)c1ccc2c(c1)N(CC(C)C)C(=O)CO2', 'CCC(=O)c1ccc2c(c1)N(CC(=O)OC)C(=O)C(C(C)C)O2', 'COc1ccc2c(c1)N(Cc1cccc(C(N)=O)c1)CC(C)O2', 'Cc1ccc2c(c1)N(C(=O)CCC(=O)N1CCOCC1)CC(C)O2']"
2908,0.018,0.35921156,0.7085047960281372,"['Cc1n[nH]c(C)c1NC(=O)Nc1ccccc1SC(F)F', 'Cc1noc(CNc2ccc(Cl)cc2OC(F)F)n1', 'CC(O)CC(C)CNC(=O)Nc1cccc(SC(F)F)c1', 'Cc1cnn(CCC(=O)Nc2ccc(OC(F)F)cc2)c1', 'CN(CC1CCC1)C(=O)c1ccc(OCC(F)F)nc1', 'Cc1nc(CCNC(=O)c2sccc2OC(F)F)cs1', 'CC(Cn1cncn1)NS(=O)(=O)c1ccccc1OC(F)F', 'COCCC(C)NC(=O)Nc1ccc(OC(F)F)c2ncccc12', 'CC(OC(=O)c1ccc(OC(F)F)cc1)C(=O)NC1CC1', 'Oc1cccc(CNc2ccccc2OC(F)F)c1']"
2909,1e-04,0.0,0.0,[]
2910,0.0122,0.28677958,0.6447275280952454,"['Cc1cccc(OCCNc2ncc(Br)cc2N)c1', 'CCC1CCCN(C(=O)c2nc(N)ccc2Cl)C1', 'Cc1noc(CNC(=O)c2cc(Br)ccc2Cl)n1', 'Cc1ccc(CN(C)C(=O)c2[nH]nc(C)c2Br)o1', 'CCCn1cc(C(O)Cc2ccccc2Br)cn1', 'CCCC1CN(C(=O)c2occc2Br)CCO1', 'Cc1nnc(CN(C)Cc2cc(O)ccc2Br)n1C', 'CCOCC1CCCN(C(=O)c2[nH]ncc2Br)C1', 'COCCSc1nc(-c2ccccc2Br)n[nH]1', 'O=C(Cc1ccccc1F)Nc1ccn(-c2ncccc2Cl)n1']"
2911,0.0009,0.34512419,0.8937224745750427,"['Cc1noc2nc(C(C)C)cc(C(=O)Nn3cnc4ccccc43)c12', 'Cc1noc2nc(C(C)C)cc(C(=O)Nc3cccc(C#N)c3)c12', 'Cc1cc(O)c(C(C)C)cc1NC(=O)c1ccncc1F', 'CC(Cc1ccc(C(C)C)cc1)NC(=O)NCc1ncn(C)n1', 'CC(C)c1cc(C(=O)N2CCC(C(N)=O)CC2)c(O)c(C(C)C)c1', 'COCCCOc1c(C(C)O)ccc2ccccc12', 'CCCC(O)c1cc(CC)c2c(c1)C(CC)C(=O)N2', 'COc1cc(C)c(C(C)C)cc1S(=O)(=O)NCCO', 'CCn1ncc2c(C(=O)NC(C)C)cc(-c3ccccc3)nc21']"
2912,0.002,0.3353675,0.8315995931625366,"['COC(=O)c1cc2c(=O)[nH]c(N3CCCCC3)nc2nc1C', 'Cc1c2ncn(Cc3ccc(C#N)cc3)c(=O)c2nn1C', 'Cc1c2ncnc(NCc3ccc(F)cc3)c2nn1C', 'Cc1nn2c(NC(=O)Nc3ccccc3)csc2nc1=O', 'CCCNc1nc2nc3ccc(C)cn3c(=O)c2cc1C(=O)NC', 'Cc1ccnc2nc(C(=O)OCc3cc(-c4ccccc4)on3)nn12', 'Cc1cc2ncn(CC(=O)NC3CCCCC3)c2cc1C', 'COc1c2ccc(C(=O)NCc3ccc4c(c3)OCO4)cc2nn1C', 'Cc1ccc2ncc(C(=O)Nc3nc(C(C)C)nn3C)n2c1', 'Cc1nc2cccc(NC(=O)c3cc(=O)c4cc(C)c(C)cc4o3)c2[nH]1']"
2913,0.0501,0.25839415,0.659796416759491,"['COc1ccc2c(C(=O)CN3CC(C)OC(C)C3)c[nH]c2c1', 'COc1cccc(C(=O)CNc2cccc(C)c2)c1', 'COc1cc(C)c(C(=O)CN2CCOC(C)C2)cc1C', 'CC1CNc2cc(C(=O)CN(C)c3ccccc3)ccc2O1', 'CN(CCc1ccccn1)C(=O)CNc1c(Cl)cccc1C#N', 'Cc1ccc(C(=O)CN2CCN(Cc3ccccc3)CC2)cc1', 'CCCCc1ccc(C(=O)CNC(=O)C2CCCO2)cc1', 'CCC(C)(C)NC(=O)CNc1ccc(C(=O)N2CCCC2)cc1C', 'O=C(CN1CCN(C(=O)CO)CC1)Nc1c(Cl)cccc1Cl', 'CN(CC1CC1)C(=O)CN1CCOc2ccccc21']"
2914,0.0025,0.294286,0.7989902496337891,"['O=C(NCc1ccc(CN2CCCC2=O)cc1)NCc1ccccn1', 'O=C(CNC(=O)c1ccnc(OC2CCC2)c1)NCC(F)(F)F', 'O=C(NCc1ccnc(OC2CCC2)c1)NCC(O)c1ccco1', 'O=C(NCc1cccc(CN2CCOCC2)c1)NC(C1CC1)C1CC1', 'O=S(=O)(Nc1cccc(Cn2cccn2)c1)c1cccc(F)c1', 'O=S(=O)(NCc1ccnc(OC2CCC2)c1)c1cccnc1', 'CC(CNC(=O)c1ccnc(-n2ccnc2)c1)CN1CCCC1=O', 'O=S(=O)(Nc1cnn(CC2CCCO2)c1)c1ccccc1F', 'CCN(C(=O)c1ccc(NC(=O)NC2CC2)cc1)C(C)COC', 'O=C(NCc1cccc(Cn2cccn2)c1)c1ccc(=O)[nH]c1']"
2915,1e-04,1.0,0.0,['C=CCN1C(=O)C2(NC(=O)c3c(C)cccc3N2)c2ccccc21']
2916,0.0009,0.27285144,1.0107060670852661,"['O=C(Nc1ccccc1C1=NCCO1)c1ccccc1O', 'CCCOc1ccc2cc(C(=O)C3=NC=CC3)oc2c1', 'O=C(COc1cccc2c1CCC2=O)C1=NC=CC1', 'CCn1c(SCC(=O)C2=NC=CC2)nnc1-c1ccc(Cl)cc1', 'CC1CCCCC1NC1=NS(=O)(=O)c2ccccc2N1', 'CCN1CCN(C2=NC(=O)CC(C(=O)Nc3ccccc3)N2)CC1', 'CCOc1ccc(C)cc1S(=O)(=O)N1CCN=C1c1ccccc1', 'O=C(N=c1[nH]ncn1-c1ccccc1)c1cccc(-c2ncn[nH]2)c1', 'CC(=O)Nc1ccc(CC(=O)OCC(=O)C2=NC=CC2)cc1']"
2917,0.1817,0.2595632,0.6719154119491577,"['O=c1c2cc3ccccc3cc2ncn1CC(O)c1ccccc1F', 'CCC(=O)Nc1nc2cc3nc(NC(=O)CC)sc3cc2s1', 'CC(c1nc2c3cnn(C)c3ncn2n1)n1cc(Br)cn1', 'O=c1c2cnc3ccnn3c2ccn1CCC1=CCCCC1', 'Cc1cn2c3c(=O)n(C)c(=O)n(C)c3nc2n1C1CCCCC1', 'O=c1c2cc3ccc(O)cc3oc-2nn1-c1ccc(F)cc1F', 'CCCNc1nc2nc3ccc(C)cn3c(=O)c2cc1C(=O)NC', 'CCOc1ccc2nc3sc(C(=O)N4CCCC4)c(N)c3cc2c1', 'CSc1nc2ncc3c(=O)n(Cc4cccnc4)ccc3n2n1', 'Cc1nc2ccc(NC(=O)c3cc4cnn(C(C)C)c4nc3C)cc2o1']"
2918,1e-04,0.0,0.0,[]
2919,1e-04,0.0,0.0,[]
2920,1e-04,0.0,0.0,[]
2921,1e-04,0.0,0.0,[]
2922,0.0051,0.27992088,0.8036509156227112,"['CC1CCC(Nc2ccccc2Cn2cncn2)C1', 'CC(=O)N1CC(C(=O)N2CCN(C(=O)c3ccco3)CC2)C1', 'CCC1CCN(C(=O)c2ccc(NC(=O)NC(C)C)cc2)C1', 'CC(=O)N1CC(C(=O)Nc2nc3c(s2)CCCCC3)C1', 'CCNC(=O)C1CCN(c2ncnc3nc(C)cc(C)c23)C1', 'O=C1CCC(C(=O)NCCCOCC2CCOC2)N1', 'NC(=O)C1CCN(C(=O)COc2ccc(Br)cc2F)C1', 'O=C1CCC(C(=O)N2CCCC2c2cccs2)N1', 'CCC1COC2(CCN(c3ccc(C#N)cc3)C2)C1', 'CC(=O)N1CCC(NC(=O)NCC(C)(C)c2ccncc2)C1']"
2923,0.0002,0.5,0.0,"['CCNc1ncc(C(=O)N2CCCCC2CN2CCOCC2)cn1', 'CCOCCCC(=O)Nc1ccc(C(=O)N2CCC(C)CC2)cc1C']"
2924,1e-04,0.0,0.0,[]
2925,1e-04,0.0,0.0,[]
2926,0.0057,0.297394,0.6739879250526428,"['CC(=O)c1c(F)cccc1SCc1ccco1', 'CC(=O)c1ccccc1Sc1nnc2ccccn12', 'CC(=O)c1[nH]c2c(C)cccc2c1Br', 'CC(=O)c1cn(C)c2ccc(Br)cc12', 'CC(=O)c1cccc(NC(=O)N2CCCCCC2)c1', 'CC(=O)c1cccc(COC(=O)c2cccnc2)c1', 'CC(=O)c1nc2ccccc2n1C(C)C(=O)c1ccccc1', 'CC(=O)c1ccc(NS(=O)(=O)CCc2ccccc2)cc1', 'CC(=O)c1ccc(NC(=O)Cc2ccc(F)c(F)c2)cc1', 'CC(=O)c1cccn1S(=O)(=O)c1ccc(C)cc1']"
2927,0.0005,0.3783197,1.1019879579544067,"['Cc1ccc(C)n1-c1sccc1C(=O)NCC(C)O', 'Cc1ccc(C)n1-c1c(C(=O)NCCCO)cnn1C', 'CCn1nc(C)nc1CCCc1c[nH]c2ccccc12', 'Cc1occc1-c1nn(Cc2ccccc2F)c(=O)o1', 'Cc1cc(C)n(-c2ccccc2NC(=O)c2cccc(F)c2)n1']"
2928,1e-04,1.0,0.0,['CC12CN(C(=O)C3CCCC3)CC1NC(=O)c1ccccc1C2=O']
2929,1e-04,0.0,0.0,[]
2930,0.0063,0.26472852,0.9035682082176208,"['Clc1ccccc1OCc1nc2c(s1)CCCN2', 'CCC(NCC1CCCO1)C(=O)c1ccc2c(c1)CCN2', 'CCN(C(C)C)S(=O)(=O)c1ccc2c(c1)CCCN2', 'COC(=O)C1CC(Oc2ccc(OC)cc2Br)CN1', 'Nc1ccccc1NC(=O)C1CCc2ccccc2N1', 'O=C(Nc1ccccc1)c1ccc2c(c1)CCCN2', 'Fc1cc(Br)cc2c1C(C1CNC1)NCC2', 'O=C(NCc1cc(N2CCOCC2)ncn1)C1CC(F)(F)CN1', 'O=C1CCN(C(=O)C2(c3ccccc3)CCC2)CCN1', 'COc1cc(NCC2CCCO2)nc(C2CCCO2)n1']"
2931,1e-04,0.0,0.0,[]
2932,1e-04,0.0,0.0,[]
2933,1e-04,0.0,0.0,[]
2934,1e-04,0.0,0.0,[]
2935,1e-04,0.0,0.0,[]
2936,0.0089,0.30504158,0.6715429425239563,"['Cc1nc2ccc(NC(=O)c3cccc(OCC(N)=O)c3)cc2o1', 'CCNc1nc2c(s1)C(c1cc(OC)c(O)c(OC)c1)CC(=O)N2', 'CC(=O)c1ccc(-c2cccc(OCC(C)C)c2)n(C)c1=O', 'CCC(C)N(C)C(=O)c1cc(Cl)c(OCC(N)=O)c(OC)c1', 'CCc1onc(C)c1NC(=O)c1cc(C)c(OCC(=O)OC)c(C)c1', 'CC(C)NC(=O)N(C)c1ccc(OCC(=O)N2CCCCC2)cc1', 'CN(C)c1nc(Oc2ccc(OCC(N)=O)cc2)nc(N(C)C)n1', 'CCN(C)C(=O)c1cccc(OC(=O)c2ccc(NC(C)=O)cc2)c1', 'COc1ccc(C(N)=O)c(OCC(=O)C(C)(C)C)c1', 'COc1cc(CN(C)C(=O)Cc2cccc(OCC#N)c2)ccc1O']"
2937,1e-04,0.0,0.0,[]
2938,1e-04,0.0,0.0,[]
2939,1e-04,0.0,0.0,[]
2940,0.002,0.2522561,1.0007920265197754,"['CCC(C)C(Nc1nc(C)cc(C2CCC2)n1)C(N)=O', 'CC(C)(C)c1cc(N)c2cc(F)c(F)c(F)c2n1', 'CC(C)(C)C(NCc1nc(N)nc(N)n1)c1ccc(F)cc1', 'COCCCNC(=O)c1cc(C)nc(N2CCOCC2)n1', 'CN(C)c1nc(N)nc(CSc2cc(C#N)ccn2)n1', 'Nc1cc(N)nc(N2CCN(c3ccccc3)CC2)n1', 'COc1ccc(C(C)Nc2nccc(C(F)(F)F)n2)cc1OC', 'CCc1csc(CNc2nccc(-c3cn(C)nc3C)n2)n1', 'Cc1ccc(C(N)c2cc(C(C)C)n[nH]c2=O)cc1C', 'COCc1cc(N)c2c(Cl)c(OC)cc(OC)c2n1']"
2941,1e-04,0.0,0.0,[]
2942,0.0042,0.2980419,0.7979273796081543,"['CCCCOC(=O)C1=C(C)Nc2ncnn2C1c1ccc(OC)cc1', 'CCCCOC(=O)C1=C(C)Nc2ncnn2C1c1cccc(F)c1', 'CCOC(=O)C1=C(C)Oc2ncn3nc(C)nc3c2C1c1ccco1', 'Fc1ccc(Cn2c3ccccc3c3nn4cnnc4nc32)cc1', 'Brc1cccc(OCCNc2ccc3nnnn3n2)c1', 'c1ccc(C(Nc2ccc3nnnn3n2)c2ccccn2)cc1', 'COc1cccc(CC(C(=O)NCC(C)C)n2nnnc2C)c1', 'COCCN(Cc1cc2cc3c(cc2n2nnnc12)OCO3)C(C)=O', 'CCOc1c(Br)cc(CNc2nnnn2C)cc1OC', 'COc1ccc(C(=O)CCC(=O)N=c2[nH]nc3cc(C)ccn23)cc1']"
2943,1e-04,0.0,0.0,[]
2944,0.0297,0.67000973,0.17006228864192963,"['CC1(C(=O)NCCSc2cn[nH]n2)CCCCO1', 'CC1(C(=O)NCc2cccs2)CC1(Cl)Cl', 'CCCCC(=O)NCc1ccnc(OC2CCC2)c1', 'CCCCS(=O)(=O)NCC(=O)N1CCOC(C)C1C', 'CCCCC(=O)Nc1[nH]nc(-c2ccncc2)c1CC', 'CCCOC(=O)c1ccc(Cc2nonc2N)cc1', 'CCCCS(=O)(=O)NCC#CCOc1ccc(C)nc1', 'CC(NC(=O)CCc1cccc(F)c1)C1CCCO1', 'CC(NC(=O)c1cccn1C)c1ccccc1Br', 'Nc1cc(=O)[nH]c(SCCOc2ccccc2)n1']"
2945,1e-04,0.0,0.0,[]
2946,1e-04,0.0,0.0,[]
2947,0.0055,0.2446175,0.8464233875274658,"['CCCn1c(SCc2cc(=O)oc3c(C)c(C)ccc23)n[nH]c1=O', 'CCOc1ccc(NC(=O)c2cc(=O)oc3cc(OC)ccc23)cc1', 'N#CC(c1ccccc1)c1cc(=O)oc2ccccc12', 'CCc1cc(=O)oc2cc(C)cc(OCC(=O)NCCCO)c12', 'CCc1cc(=O)oc2c(C)c3c(cc12)CN(CC(C)O)CO3', 'CCn1nccc1NC(=O)Cc1coc2cc(OC)ccc12', 'COC(=O)N1CCC(NC(=O)c2c(C)oc3ccc(OC)cc23)CC1', 'COC(=O)C(C)(C)NC(=O)c1c(C)oc2ccc(OC)cc12', 'O=C(Cn1c(=O)oc2cc(Cl)ccc21)N1CCc2ccccc2C1', 'COC1CCC(C(=O)NC(C)Cn2c(=O)oc3ccccc32)CC1']"
2948,1e-04,0.0,0.0,[]
2949,1e-04,0.0,0.0,[]
2950,0.0009,0.410864,0.7828046679496765,"['CC(Sc1ncnc2ccsc12)c1nc(N)nc(N(C)C)n1', 'COc1ccc(-n2cnc3c2N=C(O)CC3c2cccc(F)c2)cc1', 'Cc1ccc(C(C)NC(=O)NCCCN2CC(C)OC(C)C2)o1', 'CCc1ccc(-c2cnnc(N)c2C(=O)N(CC)CC)cc1', 'CCCCc1ccc2c(c1)S(=O)(=O)N=C(NCC(C)O)N2', 'Cc1cc(-c2cnnc(N)c2C(=O)NC(C)(C)C)ccc1F', 'COc1nc(N)c(-c2cccc(C(F)(F)F)c2)c(N)n1', 'NC(=O)NCCC(=O)N=c1[nH]c2ccccc2n1-c1ccc(F)cc1', 'COc1ccccc1CCc1[nH]nc(N)c1-c1ccccn1']"
2951,1e-04,0.0,0.0,[]
2952,1e-04,0.0,0.0,[]
2953,0.1028,0.31457698,0.5382623672485352,"['CCSc1ccc(-c2nc(C)nc(CN)n2)cc1', 'CCc1ccccc1C(=O)OCC1(C#N)CCOCC1', 'CSc1ccc(C)cc1-c1csc(CC#N)n1', 'Cc1cccc(-n2cc(-c3cn(CCCn4cncn4)nn3)cn2)c1', 'O=C(NCCc1ccco1)c1cn(CCN2CCOCC2)nn1', 'CC(=O)Nc1cc2c(s1)C1(CCCCC1)CC(=O)N2', 'O=C(c1ccn2nnnc2c1)N(CCO)Cc1nccs1', 'COc1cc(C)ccc1OCc1nc(CCO)cs1', 'COc1ccc(OC)c(-c2csc(C(C)CCO)n2)c1', 'Cc1cc(CNC(=O)Nc2ccn(CCc3ccncc3)n2)no1']"
2954,0.0006,0.58616924,0.43891528248786926,"['COc1ccccc1C(=O)NC1CC2C(=O)NC(C(C)O)C(=O)N2C1', 'CC(O)C1NC(=O)C2CC(NC(=O)NC3CCCCC3)CN2C1=O', 'O=C(Cn1cc2ccccc2n1)NC1CC2C(=O)NCC(=O)N2C1', 'CN1CC(=O)N2CC(NC(=O)CSc3ccncc3)CC2C1=O', 'COc1cc(CCC(=O)NC2CC3C(=O)NCC(=O)N3C2)ccc1C', 'CCN(CC)C(=O)C1CC(NC(=O)Cc2ccc(O)cc2)CN1C']"
2955,0.0116,0.26178315,0.7140607833862305,"['CC(Cn1ccnc1)NC(=O)c1ccc2c(=O)n(C)c(=O)n(C)c2n1', 'CCc1nnc2n1CC(CNc1c(C#N)c(=O)n(C)c(=O)n1C)CC2', 'CC(Oc1ccc(F)cc1)C(=O)OCc1cc(=O)n(C)c(=O)n1C', 'CN(CC(N)=O)c1c(C#N)c(=O)n(C)c(=O)n1C', 'CC(c1cccc(Cl)c1)N(C)C(=O)Cn1ccc(=O)n(C)c1=O', 'COc1cc2c(cc1OC)CN(C(=O)c1ccc(=O)n(C)n1)CC2', 'Cc1ccc(N(C)C(=O)c2ccc(=O)n(C)c2)c(C)c1', 'Cc1c(C(=O)NCc2ccc(F)cc2)sc2nc(C)n(C)c(=O)c12', 'Cc1ccccc1NS(=O)(=O)c1cc2c(cc1C)n(C)c(=O)n2C', 'COc1ccc(CNC(=O)c2cc3c(=O)n(C)ccc3n2C)cc1']"
2956,1e-04,0.0,0.0,[]
2957,1e-04,0.0,0.0,[]
2958,0.0068,0.33974302,0.8131049275398254,"['CN(CCO)C(=O)C1CC1c1ccc(OC(F)(F)F)cc1', 'CN(C(=O)C1CC1c1ccc(Cl)cc1)c1ccc(C(N)=O)cc1', 'CNC(=O)Cc1ccccc1NC(=O)C1CC1c1ccc(F)cc1F', 'Cc1ccccc1C1CC1C(=O)N(C)CCOCC1CC1', 'Cc1ccc(NC(=O)C2CC2c2ccco2)c(C)c1', 'COc1ccccc1C1CC1C(=O)NCCNC(=O)C1CCCCC1', 'Cc1noc(NC(=O)C2CC2c2ccc(F)cc2)n1', 'O=C(CNC(=O)C1CC1c1ccc(F)c(F)c1)NCc1ccccc1', 'Cn1cc(C2CC2C(=O)Nc2ccc3[nH]ncc3c2)cn1', 'O=C(C1CC1C1CC1)N1CCC(OCc2ccccc2F)CC1']"
2959,1e-04,0.0,0.0,[]
2960,0.024,0.28603855,0.598088264465332,"['CC1CCOC1C(=O)N1CCCSc2ccccc21', 'CCS(=O)(=O)N1CCCN(Cc2ccc(C#N)cc2)CC1', 'Cc1cc(C(=O)NC2CCCN(c3cccnc3)C2=O)no1', 'O=C(c1ccco1)N1CCCN(c2nccc(-c3ccncc3)n2)CC1', 'CCCCCC(=O)NC1CCCN(c2ccccc2F)C1=O', 'CC(C)n1ccnc1CN1CCCN(C(=O)Cn2cccn2)CC1', 'O=C(Nc1ccncc1)N1CCCN(C(=O)c2ccc(F)cc2)CC1', 'CCCn1c(C)nnc1SCC1CCCCO1', 'Cc1sc2[nH]c(SCCCC(=O)NCCO)nc(=O)c2c1C', 'CCCC1CCCN(C(=O)Nc2ccccc2CC(=O)N(C)C)CC1']"
2961,0.01,0.2471434,0.6290017366409302,"['CCc1nc(CNCCc2cscn2)cs1', 'Cc1noc(CNC(c2cccs2)c2cccs2)n1', 'CCNc1nc(-c2nnc3scc(C)n23)cs1', 'CN(Cc1nc(-c2ccsc2)no1)Cc1nc2ccccc2s1', 'CCC1CCCCC1Oc1nc2sccn2c1CO', 'FC(F)c1nnc(NCc2csc(-c3ccccn3)n2)s1', 'COCCNC(c1nc(C(C)C)cs1)C1CCOC1', 'Clc1cc(Cl)cc(CNCCc2nccs2)c1', 'Clc1cc(NCc2nccs2)nc2[nH]ccc12', 'CCNc1nc(-c2sc(CC)nc2C2CC2)cs1']"
2962,1e-04,0.0,0.0,[]
2963,0.0003,0.53246754,0.3564278781414032,"['CCCCOC(=O)C1=C(C)NC2(O)c3ccccc3C(=O)C12O', 'COc1ccccc1C(=O)NC1CC2C(=O)NC(C(C)O)C(=O)N2C1', 'COc1ccc(NC(=O)N2CCN3C(=O)CNC(=O)C3C2)c(C)c1']"
2964,0.0286,0.34273064,0.6644838452339172,"['Cc1cc(NC(=O)c2cccc(N(C)C)c2)ccn1', 'COc1cc(C2NCCc3ccc(F)cc32)ccn1', 'Cc1cc(C2CCN(C(=O)c3cscn3)CC2)ccn1', 'CCOc1cc(C(=O)N(C)C2(C(=O)OC)CCCCC2)ccn1', 'Cc1cc(NC(=O)C2CC2c2ccccc2)ccn1', 'Cc1cc(NC(=O)c2csc(-c3ccco3)n2)ccn1', 'COc1cc(CNC(=O)N(C)C(C)C2CC2)ccn1', 'COc1cc(CNC(=O)c2ccnc3ccccc23)ccn1', 'Cc1cc(NC(=O)c2ccc(NC(=O)c3cccs3)cc2)ccn1', 'Cc1cc(NC(=O)COc2ccc(C(F)(F)F)cc2)ccn1']"
2965,1e-04,0.0,0.0,[]
2966,1e-04,0.0,0.0,[]
2967,1e-04,0.0,0.0,[]
2968,0.0238,0.37782356,0.5166057348251343,"['Cc1c(Br)cccc1Cn1nnnc1C', 'COC1COC2(CCN(C(=O)COc3ccccc3C)C2)C1', 'COC1COC2(CCN(C(=O)Cc3ccc(F)cc3C)CC2)C1', 'COCCN1CCN(C(=O)Nc2cc(Cl)ccc2C)CC1=O', 'COC(=O)CC(NC(=O)C1CC1C)c1ccccc1Cl', 'Cc1cc(NC(=O)c2cccnc2C)c2ncccc2c1', 'CCn1ncc(Br)c1C(=O)N1CCCCC1C', 'Cc1ccc(OC(C)C(=O)N2CCCCC2C)cc1', 'COC(=O)CC(NC(=O)C1CC1C)c1ccc(Cl)cc1', 'CC(COc1cccc(F)c1)NC(=O)NCC1CC1C']"
2969,0.0031,0.27804172,0.6483107805252075,"['O=C1OC(C(=O)NCc2ccccc2)Cc2ccccc21', 'COC(=O)C1OC(c2ccccc2)OC1C(=O)OC', 'NC(=O)c1cc(NC(=O)CC2OC(=O)c3ccccc32)ccc1F', 'Cc1cccc(C)c1OC1CN(C(=O)CCn2ccccc2=O)C1', 'COc1ccc(CC(=O)NCC2OCCc3ccccc32)cc1', 'Cc1cc(C)n(CCNC(=O)CC2Oc3ccccc3NC2=O)n1', 'O=C(NCCn1cccn1)C1COC(=O)N1Cc1cccnc1', 'O=C1OC(c2c[nH]c3ccccc3c2=O)c2ccccc21', 'CS(=O)c1ccccc1NC(=O)CC1OCCc2ccccc21', 'CC(C)NC(=O)CC1Oc2ccc(Cl)cc2NC1=O']"
2970,0.0002,0.5,0.0,"['O=S(Cc1cc(Cl)c2c(c1)OCCO2)c1ncccc1Cl', 'O=S1(=O)c2ccc(O)cc2CC1c1ccccc1']"
2971,0.048,0.28679034,0.6104035377502441,"['O=C(CC1(CC(=O)N2CCC2)CCCCC1)N1CCC1', 'O=C(CN1CCN(CC(=O)N2CCCCC2)CC1)N1CCCCC1', 'CCN(CC)C(=O)CC(C#N)C(=O)N1CCCC1', 'COc1ccc(CC(C#N)C(=O)N2CCCC2)c(OC)c1', 'CC(Sc1nncs1)C(=O)N1CCCCCC1', 'CCCCCNC(=O)N1CCCCC1CN1CCOCC1', 'N#CCC(COc1cc(Cl)cc(Cl)c1)N1CCCC1', 'N#CCC(COc1cccc(F)c1)N1CCCCC1', 'CCCOc1ccc(C)cc1C(O)CCN1CCOCC1', 'O=C(Nc1nccs1)c1cccnc1N1CCCC1']"
2972,0.0031,0.34570032,0.7032830119132996,"['Cc1ccc(OCC(=O)NCc2ccc(F)cc2)c2c1C(C)CC2=O', 'CCCn1c(=O)n2c(-c3ccccc3N)nnc2c2c1ncn2C', 'Cc1c(C(=O)N(Cc2ccco2)C2CC2)[nH]c2c1C(=O)CC(C)(C)C2', 'CN(Cc1ccno1)c1nc(-c2ccncc2)nc2c1cnn2C', 'Cc1nn(-c2nc3ccccc3n2C)c2c1C(=O)CC(C)(C)C2', 'Cc1c(C(=O)NCc2nnc3n2CCCCC3)oc2c1C(=O)CCC2', 'Cc1c(C(=O)N2CCN(c3ncccn3)CC2)oc2c1C(=O)CCC2', 'CCc1nc(Nc2ccc(OC)cc2)c2c(n1)c(C)nn2C', 'C=CCn1c(NCCc2ccccc2)nc2c1c(=O)n(C)c(=O)n2C', 'C=CCn1c(Oc2ccccc2F)nc2c1c(=O)n(C)c(=O)n2C']"
2973,1e-04,0.0,0.0,[]
2974,1e-04,0.0,0.0,[]
2975,1e-04,0.0,0.0,[]
2976,0.0008,0.30598876,1.0839340686798096,"['COc1cccc2c(=O)c(C(=O)Nc3ccccc3C#N)cn(C)c12', 'Cc1cccc2nc(CNC(=O)c3ccc(-n4ccnn4)cc3)n(C)c12', 'CCCOc1ccc2cc(C(=O)C3=NC=CC3)oc2c1', 'Cn1ccc2ccn(CC(=O)Nc3cccc(Cl)c3)c(=O)c21', 'CCOc1cccc2n[nH]c(=NC(=O)Nc3ccc(C)cc3)n12', 'Cc1ccc2c(CC(=O)Oc3ccc4c(c3)CCC(=O)N4)coc2c1', 'COc1ccc2c(C(=O)Nc3cccc4ncccc34)cc(=O)oc2c1', 'COc1ccc2c(CC(=O)N3CCc4ccccc4C3)coc2c1']"
2977,0.337,0.20939685,0.7544441223144531,"['Cc1nc(CSc2nnnn2C2CCCCC2)cs1', 'c1cnn(CCCNc2nc3nonc3nc2N2CCCCC2)c1', 'O=C(CSc1nnnn1C1CC1)OC1CCCCCC1', 'Fc1ccc(C(Nn2cncn2)C2CCCCC2)cc1', 'COC(C)c1nc(CNC2(C(N)=O)CCCCC2)cs1', 'CCCCn1nnnc1CN1CCCC(C(F)(F)F)C1', 'CCOC1CCCN(C(=O)Nc2cc(F)ccc2Cl)C1', 'c1ccc(-c2nc3cccnc3nc2-c2ccccn2)nc1', 'COCC(NC(=O)c1cc(C(C)C)nn1C)c1ccnn1C', 'CCCc1nnc(NC(=O)CCC(=O)NC2CCCCCC2)s1']"
2978,0.012,0.39110252,0.5914915204048157,"['c1ccc2oc(CCNc3ncnc4[nH]cnc34)nc2c1', 'Cc1[nH]ncc1CCCNC(=O)c1c[nH]nc1-c1ccccc1F', 'O=C(c1cncc(Br)c1)N1CCc2[nH]ncc2C1', 'CCc1onc(C)c1NC(=O)c1[nH]nc2c1CCCC2', 'Fc1cccc(-c2[nH]ncc2-c2nnnn2-c2ccccc2)c1', 'CCOCC1CCCN(C(=O)c2[nH]ncc2Br)C1', 'O=C(Nc1ccc2[nH]ncc2c1)C1CCCN(C(=O)C2CC2)C1', 'NC(=O)NCC(=O)N1CCC(c2[nH]ncc2-c2ccccc2)CC1', 'COc1cc(C(=O)Nc2ccc(F)c(Cl)c2)c2[nH]ncc2c1', 'COC(=O)c1sccc1NC(=O)c1ccc2[nH]ncc2c1']"
2979,1e-04,0.0,0.0,[]
2980,0.0053,0.3732187,0.668618381023407,"['CC(=O)NC(C)(C(=O)N1CCCC(n2nc(C)cc2C)C1)C1CC1', 'N#CC1(NC(=O)c2ccc(-n3ccc(C(F)(F)F)n3)cc2)CCCC1', 'N#Cc1ccc2c(c1)C1(CCN(C(=O)OCc3ccccc3)CC1)CN2', 'C=CCn1c(=O)n2nc(-c3cccnc3)nc2c2c3c(sc21)CCC3', 'N#Cc1c(=O)c2c(=O)oc3ccccc3c2n2nc3n(c12)CCCCC3', 'CCc1nnc2n1CC(CNc1c(C#N)c(=O)n(C)c(=O)n1C)CC2', 'C=CCc1c(OCC(=O)NC2CC2)ccc2nc3n(c(=O)c12)CCC3', 'C=C1C2(C(=O)Nc3ccc(NC(C)=O)cc3)CCC(C2)C1(C)C', 'C#CCN1CCN(S(=O)(=O)c2ccc(-c3coc(C)n3)cc2)CC1', 'CC(C(=O)N(C)CC(O)C1CC1)N1CCN(c2ccc(F)cc2)CC1']"
2981,0.0093,0.3152958,0.7148963212966919,"['CN(Cc1cnccn1)Cc1nc(N)c2ccccc2n1', 'O=C(CCc1nc2ccccc2[nH]1)CCc1nc2ccccc2[nH]1', 'N#CCCN(Cc1ccco1)Cc1cccc2cccnc12', 'CCOc1ccccc1C(=O)N(Cc1ccco1)CC1CCCO1', 'CC(=O)N(CCC(=O)NC(C)C1CCCCC1)Cc1ccccc1', 'CN(CCC(F)(F)F)Cc1cc(F)cc2cccnc12', 'CN(Cc1ccccn1)Cc1nc2ccccc2[nH]1', 'CC(=O)N(CCc1ccccc1)CC(=O)N(C)CC1CCCCO1', 'N#CCCN(CC(=O)Nc1ccc(Cl)cc1)Cc1cccnc1', 'COc1ccccc1NC(=O)N(Cc1ccsc1)Cc1ccco1']"
2982,0.0139,0.30265602,0.6680222749710083,"['COc1cc(C(C)Nc2ncnc3oc(C)c(C)c23)ccc1F', 'Cc1cc(CSc2ncnc3sc(C)cc23)no1', 'CCCN(CCc1ccccc1)c1ncnc2oc(C)nc12', 'OCC1CCCN(c2ncnc3cccc(F)c23)C1', 'CCC(CO)Nc1ncnc2cc(OC)c(OC)cc12', 'COCC(c1ccccn1)N(C)c1ncnc2oc(C)nc12', 'CCNC(=O)C1CCN(c2ncnc3nc(C)cc(C)c23)C1', 'CCOCC(=O)Nc1ccnc2ccc(Cl)cc12', 'O=C(CSc1ncnc2sc3c(c12)CCCC3)N1CCCC1', 'N#Cc1ccc(Sc2ncnc3nc[nH]c23)cc1Cl']"
2983,1e-04,0.0,0.0,[]
2984,0.0125,0.2883855,0.7426111102104187,"['CCOC(=O)C1CCCN(c2ncnc3c2nnn3C)C1', 'NC(=O)C1CCN(C(=O)COc2ccc(Br)cc2F)C1', 'COC(=O)C1CC(Oc2ccc(OC)cc2Br)CN1', 'COC(=O)C1CCCn2nc(Cc3ccccc3)nc21', 'COC(=O)C1CCN(S(=O)(=O)Cc2ccccc2F)CC1', 'NC(=O)CC1CCN(S(=O)(=O)Cc2cccc(F)c2)CC1', 'COC(=O)C1CC(=O)N(c2cc(C(F)(F)F)ccc2Cl)C1', 'COC(=O)C1CCN(C(=O)C(C)Oc2ccccc2OC)CC1', 'COC(=O)C1CN(Cc2nc(-c3ccccc3)cs2)CC(C)O1', 'NC(=O)C1CCN(C(=O)COc2ccc(F)c(Cl)c2)CC1']"
2985,1e-04,0.0,0.0,[]
2986,1e-04,0.0,0.0,[]
2987,0.0203,0.29010284,0.6756747364997864,"['CCOc1cc(C#N)ccc1OCC(=O)N1CCCCC1', 'C=CCc1cccc(Cl)c1OCCn1ccnc1', 'COc1ccc(N)cc1OCC(=O)N1CCCCC1', 'CCOc1cc(C#N)ccc1OCC(=O)N(C)Cc1cccs1', 'COc1cc(C#N)ccc1OCCn1nnnc1C(C)(C)C', 'COc1cc(CO)ccc1OCC(=O)Nc1ccccc1', 'CC(C)COc1ccc(C(C)O)cc1OCC(C)C', 'Cc1cc(Cl)ccc1OCC(=O)NCc1cccs1', 'N#Cc1c(F)cccc1OCC(=O)N1CCOCC1', 'COc1cc(C(C)O)ccc1OCC1CCOCC1']"
2988,1e-04,0.0,0.0,[]
2989,1e-04,0.0,0.0,[]
2990,1e-04,0.0,0.0,[]
2991,1e-04,0.0,0.0,[]
2992,1e-04,0.0,0.0,[]
2993,1e-04,1.0,0.0,['COCCNC(=O)C1C2CCC3(CC(=O)c4ccccc4O3)C21']
2994,1e-04,1.0,0.0,['Clc1ccc2c(c1)CCCN2Cc1ccccn1']
2995,0.007,0.5347068,0.48560023307800293,"['Nc1nccc(N2CCC3(CCC(=O)N(CC4CCCO4)C3)CC2)n1', 'COCCN1CCCC2(CCN(c3ccnc(OC)c3C#N)C2)C1=O', 'CCN1CCC2(CN(C(=O)c3cncc(C)c3)CC2C)C1=O', 'CCN1CCC2(CN(S(=O)(=O)c3ccc(F)cc3)CC2C)C1=O', 'COCCN1CCCC2(CCN(C(=O)CCc3ccco3)C2)C1=O', 'COCCN1CCC2(CCN(C(=O)c3ccnnc3)CC2)C1=O', 'O=C(c1cccnc1)N1CCC2(CC(Nc3ncc(F)cn3)CO2)C1', 'COCC(=O)N1CCCC2(CCN(Cc3cccc(C)n3)C2=O)C1', 'CC(C)N1CCCC2(CCN(C(=O)Cn3cccnc3=O)C2)C1=O', 'CC(C)NC(=O)N1CCCC2(CCC(=O)N(Cc3cccnc3)C2)C1']"
2996,0.009,0.6536863,0.4327296316623688,"['O=S(=O)(NCc1cc(Br)ccc1F)c1cn[nH]c1', 'O=S(=O)(c1cn[nH]c1)N1CCOC2CCCC21', 'O=S(=O)(NCc1cccc(O)c1)c1cccnc1', 'O=S(=O)(NCc1ccncc1)c1ccc(CO)cc1', 'O=S(=O)(N=c1cccc[nH]1)c1ccc(F)cc1F', 'O=S(=O)(NCc1ccco1)c1ccc(Cl)cc1', 'O=S(=O)(NCCC(O)c1cccs1)c1cccc(F)c1', 'O=S(=O)(CC1CCOC1)c1ccc(F)c(Cl)c1', 'O=S(=O)(Nc1ccc2cn[nH]c2c1)c1ccccc1', 'O=S(=O)(NCc1ccc(Cl)cc1)c1cccnc1']"
2997,0.0016,0.39729312,0.5799840688705444,"['Nc1c(Nc2cccc3cccnc23)ncnc1N1CCCC1', 'Nc1ncc(C(=O)N2Cc3ccccc3C(O)C2)c(-c2ccccc2)n1', 'Nc1c(NCc2ccccc2Cl)ncnc1Nc1cccnc1', 'Nc1c(Nc2cccnc2)ncnc1Nc1nccs1', 'Nc1cc(OC(=O)c2cccs2)nn1S(=O)(=O)c1ccccc1', 'Nc1c(-c2nc3ccccc3[nH]2)c(C2CCCCC2)nn1CCO', 'Nc1nc(Cn2nnn(-c3ccccc3)c2=O)nc2ccccc12', 'Nc1nc(N2CCCC(c3nc4ccccc4o3)C2)c2nc[nH]c2n1', 'Nc1nccc(N2CCC3(CCC(=O)N(CC4CCCO4)C3)CC2)n1', 'Nn1c(SCc2nc3ccccc3[nH]2)nnc1-c1ccc(F)cc1']"
2998,1e-04,0.0,0.0,[]
2999,1e-04,1.0,0.0,['CN(Cc1cc(C2CC2)[nH]n1)C(=O)C(c1ccccc1F)N(C)C']
3000,1e-04,0.0,0.0,[]
3001,0.0024,0.48777437,0.4907596707344055,"['COc1ccc2c(cnn2CCC(=O)NCc2nc3ccccc3[nH]2)c1', 'CCc1nc2n(n1)CCCC2NC(=O)CCCNC(=O)c1ccco1', 'Cc1cc(C)n(CC(C)CNC(=O)Cn2ccc(=O)[nH]c2=O)n1', 'Cc1sc2[nH]c(CCC(=O)NC(C)CCC(C)C)nc(=O)c2c1C', 'Cc1csc(=O)n1CC(=O)OCC(=O)NC1(C#N)CCCCC1', 'CCC(=O)N1CCC(NC(=O)NCC(C)(C)c2ccncc2)C1', 'Cc1sc2[nH]c(SCCCC(=O)NCCO)nc(=O)c2c1C', 'Cc1n[nH]c(C2CN(C(=O)CN3Cc4ccccc4C3=O)CCO2)n1', 'Cc1oc(-c2ccccc2)nc1CC(=O)N(C)CCC(=O)NC1CC1', 'COc1ncnc2c1CN(CC(=O)Nc1sccc1C(N)=O)CC2']"
3002,1e-04,1.0,0.0,['O=C(NCCCO)c1nc(-c2ccc(Cn3ccnc3)cc2)no1']
3003,0.0002,0.5,0.0,"['C(=Cc1nn2c(-c3ccncc3)nnc2s1)c1cccs1', 'O=C(c1cc[nH]n1)N1CCC(c2cncc(Oc3ccccc3)n2)CC1']"
3004,1e-04,1.0,0.0,['CCn1c(=O)c(C(=O)N2CCCC2)nn(-c2ccc(Cl)cc2)c1=O']
3005,0.1732,0.48003462,0.3520001769065857,"['Nc1cc(Cl)cc2c(CC(=O)N3CCOCC3)noc12', 'Cc1nn(C)c2ncc(NC(=O)N3CCOCC3)cc12', 'Cc1cccc2cc(C#N)c(N3CCC(O)CC3)nc12', 'CCOC(=O)c1c(C)n(C)c2cc(Br)c(O)cc12', 'c1cc(-c2ccc(-n3cncn3)cc2)n2ncnc2n1', 'O=c1c(-c2ccccc2)c(O)n(O)c2ccccc12', 'c1ccc(Cc2noc(-c3ccc(Cn4ccnc4)cc3)n2)cc1', 'COc1ccccc1-c1cc(C(F)F)c2c(C)noc2n1', 'Nc1nc(CSc2nnc3n2CCCCC3)nc2ccccc12', 'COc1cccc2cc(C(=O)N3CCCC(C)C3)oc12']"
3006,1e-04,0.0,0.0,[]
3007,0.0077,0.3510087,0.6220431327819824,"['C=CCNC(=O)C(C)Sc1ccc(F)cc1N', 'C=CCn1nnnc1SCCOc1ccc(F)cc1', 'C=CCN(CCO)C(=O)Nc1ccc(Br)cc1Cl', 'C=CCN(CC=C)C(=O)CNc1ccc(C)c(C)c1', 'C=C(C)CN(CC)C(=O)c1cccc(NCc2ccccn2)c1C', 'C=CCNC(=O)N1CCN(c2ccccc2F)CC1', 'C=CCCCN(C)C(=O)c1cccc(OC)c1F', 'C=CCNC(=O)CCc1ccc(Br)cc1', 'C=CCN(Cc1nc(C2CC2)no1)Cc1cccs1', 'C=CCNC(=O)CN1CCN(C(=O)C2CCCO2)CC1']"
3008,1e-04,0.0,0.0,[]
3009,1e-04,0.0,0.0,[]
3010,0.0029,0.34041765,0.653129518032074,"['Cc1cc(C(F)F)n2ncc(C(=O)NCc3ccc(F)cc3)c2n1', 'CCn1nc(C)c(CN(C)S(=O)(=O)c2cccs2)c1C', 'CCCn1nc(C)c(CN2CCN(C(=O)CC(F)(F)F)CC2)c1C', 'CCn1nc(C)c(NC(=O)c2cc(OC)c3ccoc3c2)c1C', 'CCn1nc(C(F)(F)F)cc1CNc1cn(C)nc1C', 'CCCn1ncc(NC(=O)Cn2ccc(-c3ccsc3)n2)n1', 'CCn1ncc(CN2CCN(C(=O)c3ccc(Cl)cc3)CC2)c1C', 'CC(C)c1nnc(CNC(=O)c2cc(Cl)ccn2)n1C', 'CCn1nc(C)c(CNC(=O)C(c2ccc(F)cc2)N(C)C)c1C', 'Cc1ccc(-n2nnc(C(=O)Nc3nnc(C)s3)c2C)cc1']"
3011,0.0065,0.35767555,0.6663491725921631,"['COCC1(O)CCN(c2ccnc(SC)n2)CC1(C)C', 'CC1CCN(C(=O)C2CCCO2)C2CCCCC12', 'CC(C)C1(O)CN(C(=O)Cc2cscn2)CC1C', 'CN1CCN(C(=O)Cc2cccc3ccccc23)CCC1=O', 'COCCN1CCN(C(=O)Cn2ccnn2)CC1=O', 'CCCC1CN(Cc2cnc(N3CCOCC3)nc2)CC1NC(C)=O', 'CCC1CN(C(=O)C(C)Cc2cccc(F)c2)CC1N1CCOCC1', 'CC(O)CN1CCN(CC(=O)N(Cc2ccccc2)C2CC2)CC1C', 'CN1CCN(C(=O)c2csnn2)c2ccccc21', 'COCCN1CCN(C(=O)C2(CC(C)C)CCCC2)CC1=O']"
3012,0.0117,0.16499835,0.9389173984527588,"['COc1cccc(C(O)c2ccccc2F)c1F', 'CCCn1cc(C(O)Cc2ccccc2Br)cn1', 'COc1ccc(Br)cc1CC(O)CC(F)(F)F', 'CCCOc1ccc(C)cc1C(O)CCN1CCOCC1', 'OC(CC(O)(C(F)(F)F)C(F)(F)F)c1cccs1', 'COc1ccc(C(C)(CO)Cc2cccs2)cc1OC', 'COc1ccc(C(O)CCC2OCCO2)cc1OC', 'COc1cccc(C(O)Cn2nccc2-c2ccncc2)c1', 'COc1cc(NC(=O)C2CC2)c(C(O)C2CC2)cc1OC', 'CCC(C)NC(=O)CCC(O)c1ccc(Br)cc1']"
3013,1e-04,0.0,0.0,[]
3014,1e-04,0.0,0.0,[]
3015,1e-04,0.0,0.0,[]
3016,1e-04,0.0,0.0,[]
3017,1e-04,0.0,0.0,[]
3018,1e-04,0.0,0.0,[]
3019,0.0291,0.28495088,0.7326082587242126,"['O=C(NCCOc1ccc2ccccc2c1)c1ccccn1', 'CC1(C)CN(C(=O)CCNC(=O)c2ccc3ccccc3c2)CCO1', 'O=C(Nc1ccc2ccccc2c1)Sc1nc[nH]n1', 'CCn1nccc1NC(=O)c1ccc2ccccc2c1', 'Cc1csc(NC(=O)c2ccc3ccccc3c2)n1', 'O=C(COc1ccc2ccccc2c1)Nc1ccncc1', 'CCC(C)C(NC(=O)COc1ccc2ccccc2c1)C(N)=O', 'COC(=O)C1CC(NC(C)=O)CN1Cc1ccc2ccccc2c1', 'COc1ccc(C(=O)Nc2ccc3ccccc3c2)c(N)c1', 'Cc1ccn(C(=O)COc2ccc3ccccc3c2)n1']"
3020,1e-04,1.0,0.0,['O=C(C=c1[nH]c(=O)c(=Cc2cccnc2)s1)c1ccco1']
3021,1e-04,0.0,0.0,[]
3022,1e-04,0.0,0.0,[]
3023,1e-04,0.0,0.0,[]
3024,1e-04,0.0,0.0,[]
3025,0.0064,0.30717766,0.734826385974884,"['COc1ccc2cc(CNC(=O)CN3CCOCC3)ccc2c1', 'COc1ccc2cc(COC(=O)C3CCCO3)ccc2c1', 'COc1ccc2cc(CNC(=O)c3cccc(C#N)c3)ccc2c1', 'COc1ccc2c(CC(=O)N3CCc4ccccc4C3)coc2c1', 'c1cnc2c(CSc3nnc(N4CCCC4)s3)cccc2c1', 'COc1ccc2c(CC(=O)N3CCC(C(N)=O)C3)coc2c1', 'COc1ccc2cccc(CC(=O)N(C)Cc3cnccn3)c2c1', 'COc1ccc2c(C(=O)CN3CC(C)OC(C)C3)c[nH]c2c1', 'COc1ccc2c(CC(=O)N3CCC(C)CC3)cc(=O)oc2c1', 'Cc1ccc2c(CC(=O)Oc3ccc4c(c3)CCC(=O)N4)coc2c1']"
3026,1e-04,0.0,0.0,[]
3027,1e-04,0.0,0.0,[]
3028,1e-04,0.0,0.0,[]
3029,1e-04,0.0,0.0,[]
3030,0.2089,0.41356218,0.4549292325973511,"['COCCN(Cc1cc2cc3c(cc2n2nnnc12)OCO3)C(C)=O', 'Cc1cc(C(=O)N2CCOC3CCC2C3Oc2ncccc2F)no1', 'c1cc(-c2n[nH]cc2-c2ccc3nccn3c2)ccn1', 'Fc1ccc2c(c1)C(c1ccc3[nH]nnc3c1)NCC2', 'O=C(c1cccc2cc[nH]c12)N1CCCC1c1nnc2n1CCCCC2', 'Fc1ccc(-c2nc(NC3CC3)ncc2-c2ncc[nH]2)cc1', 'O=c1c(Cc2ccc(Cl)cc2)nn2cnnc2n1CCO', 'Cc1cc(Nc2cc(Cl)ccc2F)n2ncnc2n1', 'CCOC(=O)C(C)NC(=O)c1c(C)oc2ncn(C)c(=O)c12', 'CCOC1CCC2C1OCCN2Cc1c(C)noc1C']"
3031,0.0024,0.47707513,0.5482776165008545,"['N#Cc1ccc(C(=O)Nc2cccc(-c3noc(C4CC4)n3)c2)c(F)c1', 'COC(=O)C(c1c(C)[nH]c2ccccc12)(C(C#N)C#N)C(F)(F)F', 'CC(NC(=O)c1ccc(S(C)(=O)=O)cc1)c1ccc(F)cc1F', 'COC(=O)C1=C(C)N(C2CC2)C(=O)NC1c1ccc(F)cc1F', 'O=C(Nc1ccc(Oc2cccnc2)nc1)c1c(O)cc(F)cc1F', 'O=C(c1ccc(-n2cncn2)c(F)c1)N(CC1CC1)CC(F)(F)F', 'O=C(NCc1cc(=O)[nH]c2ccccc12)Nc1cc(F)c(F)cc1F', 'CC(=O)Nc1cc(NC(=O)N(C)C(C)c2cccc(O)c2)ccc1F', 'CC(=O)Nc1cccc(C(=O)OC(C)C(=O)c2ccc(F)c(F)c2)c1', 'COc1c(F)cc(NC(=O)Cc2nc3nc(C)cc(C)n3n2)cc1F']"
3032,1e-04,0.0,0.0,[]
3033,0.16,0.3093171,0.5098041892051697,"['CCC1CCCCC1Oc1nc2sccn2c1CO', 'OCCC1CCCCN1c1nc2ccccc2s1', 'Oc1ccccc1SCc1cn2ccccc2n1', 'CNC(=O)c1c[nH]c2ncc(Br)cc12', 'CC(CNC(=O)Cn1cnnn1)c1cccs1', 'Cc1ccccc1CCc1noc(N)c1-c1ccccn1', 'CCOC(=O)C1CC2CN(C(=O)OCC)CC2N1', 'Nc1ccccc1CCc1nnc(N2CCCC2)o1', 'O=C(CSc1ncnc2nc[nH]c12)Nc1nccs1', 'CN(CC(CCO)Cn1nnc2ccccc21)c1ccccc1']"
3034,1e-04,0.0,0.0,[]
3035,1e-04,0.0,0.0,[]
3036,1e-04,0.0,0.0,[]
3037,1e-04,0.0,0.0,[]
3038,0.0017,0.36922804,0.6053506731987,"['CCOc1c(Nc2ccc(Cl)cc2C)c(=O)c1=O', 'COc1cc(CNc2ccc(C)cc2)cc(Cl)c1OCC(N)=O', 'CC(=O)c1ccc(OCc2cc(=O)n3ccsc3n2)cc1F', 'N#Cc1ccccc1COc1ccc(C(=O)NCC2CC2)cc1', 'N#Cc1ccccc1COC(=O)CNC(=O)c1cccs1', 'N#CCCC(C#N)COc1ccccc1C(=O)NC1CCCC1', 'O=C(Nc1ccc(SCc2cccc(F)c2)nn1)c1ccco1', 'N#Cc1ccccc1CSc1n[nH]c(=O)n1CC1CCCO1', 'CCOc1cc(C#N)ccc1OCC(=O)Nc1cccc2cccnc12', 'O=C(N=c1sccn1CC(=O)N1CCCC1)c1ccccc1Cl']"
3039,1e-04,0.0,0.0,[]
3040,1e-04,0.0,0.0,[]
3041,0.0009,0.23624314,1.2667948007583618,"['CC1CN(C)CCN1C(=O)c1cc2sc(N(C)C)nc2s1', 'CC1(C)COCCN1C(=O)c1ccc(F)c(F)c1', 'CC1CN(Cc2ccccc2)CCN1C(=O)C(C)(C)C', 'CC1COCCN1C(=O)c1sccc1Br', 'CC1(C)COCCN1CC(O)COc1ccc(C#N)cc1', 'CC1(C)COCCN1C(=O)C1CC1c1ccccc1C(F)(F)F', 'CC1CC(C)CN(C(=O)C(C)NS(=O)(=O)c2cnn(C)c2)C1', 'CC1COCCN1C(=O)c1occc1COc1ccccc1', 'CC1COCC(C)N1C(=O)c1cccc(C(F)(F)F)c1']"
3042,1e-04,0.0,0.0,[]
3043,0.0035,0.33451095,0.830351710319519,"['c1ccc(-c2nn3c(Cn4nnc5ccccc54)nnc3s2)nc1', 'Cc1nnsc1-c1nn2c(C(C)C)nnc2s1', 'Cc1noc(C)c1Cc1nn2c(C3CC3)nnc2s1', 'C(=Cc1nn2c(-c3ccncc3)nnc2s1)c1cccs1', 'Cc1nn(C)c(-c2nn3c(C)nnc3s2)c1Cl', 'CCn1nc(C(C)C)cc1-c1nn2c(CC(C)C)nnc2s1', 'Cc1noc(C)c1Cc1nn2c(C(C)C)nnc2s1', 'COc1ccccc1OCc1nn2c(C#N)c(C(C)C)nc2s1', 'COc1ccc(-c2nn3c(=O)c4ccccc4nc3s2)cc1OC', 'COc1cc(OC)cc(-c2nn3cc(N)nc3s2)c1']"
3044,1e-04,0.0,0.0,[]
3045,0.0047,0.27825597,0.6722016930580139,"['CN(Cc1cc(=O)c(O)co1)Cc1cc(Br)cs1', 'Cc1cc(=O)c(CO)cn1-c1ccc(C(F)(F)F)cc1', 'Cc1cccc2c(=O)c(C(=O)N3CCOC(C(F)(F)F)C3)c[nH]c12', 'Cc1cc(=O)c(CO)cn1-c1cc(Cl)cc(Cl)c1', 'Cc1cc(=O)cc(C2CCCN(C(=O)c3cccc(F)c3)C2)[nH]1', 'CCn1c(=O)c(C(=O)NCc2ccc(OC)cc2)cc2cccnc21', 'Cc1cc(=O)c(C(=O)Oc2ccc3nccnc3c2)c[nH]1', 'CCOC(=O)CSc1nc(=O)cc(N)n1-c1ccc(C)cc1', 'Cn1c(=O)c(=O)n(C)c2cc3c(cc21)ncn3Cc1ccccc1', 'Cc1cc(=O)c(C(=O)N2CCn3cccc3C2c2ccccc2)c[nH]1']"
3046,1e-04,0.0,0.0,[]
3047,1e-04,0.0,0.0,[]
3048,0.0312,0.38580325,0.5854625105857849,"['CCCNC(=O)CNC(=O)c1cccnc1Sc1ccccc1', 'CCCCNC(=O)Cc1nc2ccc(CC)cc2c(=O)[nH]1', 'CCCNC(=O)COc1cccc2ccc(=O)[nH]c12', 'CCCCNC(=O)CC1CSc2ncc(C)c(=O)n21', 'CCCCCNC(=O)CSc1nc(N)cc(N)n1', 'C=CCNC(=O)C(C)Sc1ccc(F)cc1N', 'C#CCNC(=O)CSc1nnc(-c2ccccc2C)n1CC', 'CCCNC(=O)CNC(=O)NCc1nc(-c2ccccc2)cs1', 'CCNC(=O)CNC(=O)NCCOc1c(C)cccc1C', 'COCCNC(=O)Cc1ccc(NC(=O)c2snnc2C)cc1']"
3049,0.0096,0.36089006,0.6817741394042969,"['Cn1ncc2c1CCCN(C(=O)CCCOc1ccccc1F)C2', 'Nc1ncc2c(n1)CCN(C(=O)c1ccccc1)C2', 'CCc1ncc2c(n1)CN(C(=O)Cn1nc(C)c(CC)c1C)C2', 'Cn1cc2c3c(cccc31)CN(C(=O)c1cccs1)CC2', 'Cc1nc2c(s1)CN(S(=O)(=O)c1c(C)n[nH]c1C)CC2', 'COC(=O)c1cc2n(n1)CCCN(C(=O)CCc1[nH]nc(C)c1C)C2', 'Cn1nc2n(c1=O)CCN(CCC(=O)N1CCOCC1)C2', 'Cc1ncc2c(n1)CCN(C(=O)c1ccccc1C(F)(F)F)C2', 'Cc1ncnc2c1CN(C(=O)CCC1CCCCC1)CC2', 'COc1cccc(-c2nc3c([nH]2)CCN(C(=O)c2nc(C)c[nH]2)C3)c1']"
3050,0.0823,0.4285836,0.4594908356666565,"['CCc1cc(=O)oc2c(C)c3c(cc12)CN(CC(C)O)CO3', 'Nc1nonc1-c1c[nH]c2c(Br)cccc12', 'CCCOc1cccc(C(=O)Nc2nncs2)c1', 'O=C(CSc1nncs1)N(Cc1ccsc1)c1ccccc1', 'Clc1cc(NCc2nccs2)nc2[nH]ccc12', 'c1ccc2oc(CCNc3ncnc4[nH]cnc34)nc2c1', 'Clc1ccc(-n2nnnc2CSc2ncn[nH]2)cc1', 'O=C(NCC#CCOc1cccc2cccnc12)C1CCC1', 'c1cc(-c2ccc(-n3cncn3)cc2)n2ncnc2n1', 'CCCN(CCO)c1ccc2cccc(Br)c2n1']"
3051,1e-04,1.0,0.0,['COCC(=O)NC1CCC2(C)CCC3C(C)C(=O)OC3C2C1C']
3052,1e-04,0.0,0.0,[]
3053,0.0005,0.5297268,0.3469713628292084,"['C#Cc1cccc(N(CC(=O)NCCC#N)Cc2ccco2)c1', 'CCc1cccc2c1N(CC(=O)Nc1nncs1)CC2', 'CCc1ccccc1OC(C(=O)N1CCNCC1)C(C)C', 'CCN(CCCNC(=O)NC1CC1)S(C)(=O)=O', 'COc1ccccc1N(CCCO)S(C)(=O)=O']"
3054,1e-04,0.0,0.0,[]
3055,1e-04,0.0,0.0,[]
3056,1e-04,0.0,0.0,[]
3057,1e-04,0.0,0.0,[]
3058,1e-04,0.0,0.0,[]
3059,1e-04,0.0,0.0,[]
3060,0.0009,0.46359873,0.576510488986969,"['Cc1csc(C(C#N)C(=O)c2oc3ccc(Cl)cc3c2C)n1', 'COc1ccc(NC(=O)C(C#N)Cc2ccc(OC)cc2OC)cc1', 'CCC(CC)c1cc(C(=O)C(C#N)c2nc(C)cs2)on1', 'Cc1csc(C(C#N)C(=O)C(C)OCC2CC2)n1', 'CC(C)(C)CC(=O)NCC(=O)C(C#N)c1ccc2ccccc2n1', 'Cc1cc(C)nc(C(C#N)C(=O)CCCNC(=O)c2ccsc2)n1', 'Cc1cc(C)nc(C(C#N)C(=O)CCCOc2ccccc2)n1', 'Cc1ccc(NC(=O)COC(=O)C2(C#N)CCCC2)c(Cl)c1', 'Cc1csc(C(C#N)C(=O)CCCSc2ccccc2)n1']"
3061,0.0181,0.5244529,0.46946683526039124,"['Cc1noc(C)c1CCCNC(=O)c1cc(CC(C)C)no1', 'Cc1n[nH]c(C)c1CCOC(=O)CC1CCCC1', 'Cc1noc(C)c1CCCNC(=O)Nc1ccccc1OC(C)C', 'Cc1noc(C)c1CNC(=O)N1CCC(Cc2cnn(C)c2)C1', 'Cc1noc(C)c1CC(=O)Nc1cc(F)ccc1Cl', 'Cc1noc(C)c1CCCNC(=O)NC1CCC(=O)N(C)C1', 'Cc1n[nH]c(C)c1CCOC(=O)CCn1nnc2ccccc2c1=O', 'Cc1noc(C)c1CCCNC(=O)Nc1ccnc(C(=O)N(C)C)c1', 'Cc1noc(C)c1CCNCc1cc(-c2ccccc2)cn2nnnc12', 'Cc1noc(C)c1COc1ccccc1C(=O)N1CCCC(C)C1']"
3062,1e-04,0.0,0.0,[]
3063,1e-04,0.0,0.0,[]
3064,0.0003,0.5738414,0.22876477241516113,"['OCCc1cn(C2CCN(C3N=CN=C4N=CN=C43)CC2)nn1', 'CC(=O)NC1=NC(=O)C2=NCN(COCCO)C2=N1', 'O=C(NCC(O)c1ccccc1)c1ccccc1-n1cnnn1']"
3065,0.0166,0.31242925,0.7596815228462219,"['CCCc1[nH]nc(C(=O)N(CCCO)C(C)C)c1N', 'CCSc1nnc(SC(C)C(=O)N(C)CCC#N)s1', 'CSc1nnc(SC(C)C(=O)N(C)CCC#N)s1', 'Cc1cccc(OCC(=O)N(CCC#N)C(C)C)c1', 'CCc1cc(NC(=O)NC(C)CCC(C)(C)C)n(C)n1', 'COc1cccc(CC(=O)N(CCC#N)C(C)C)c1', 'COc1ccc(C(=O)N(C)CC(N)=O)cc1Br', 'Cc1cnn(CCC(=O)N(C)CCC(F)(F)F)c1', 'COc1nc(N(C)CC(=O)NC(C)C)ccc1N', 'CCc1ccc(O)c(C(=O)N(C)CCN(C)C(=O)OC(C)(C)C)c1']"
3066,1e-04,0.0,0.0,[]
3067,0.0021,0.5145682,0.5317596793174744,"['COC(=O)C(C)(C)NC(=O)C1CC(=O)N(C(C)C)C1', 'CCC(CC)C(=O)NCCS(=O)(=O)N1CCNCC1', 'COC(=O)C(C)NC(=O)C1CCCN(C(=O)C2CC2)C1', 'CC(C)C(C)(C#N)NC(=O)COC(=O)CN1CCCCCC1=O', 'COC(=O)C1CC(O)CN1CCC(=O)N1CCCCC1', 'CCC1C(=O)NCCN1C(=O)C1CCCN(C(=O)C2CC2)C1', 'CCC(C)N(C)C(=O)NC1CCN(C(=O)OC)CC1', 'CCCCS(=O)(=O)NCC(=O)N1CCOC(C)C1C', 'CCC(NC(=O)CCNS(C)(=O)=O)C1CCCCC1', 'O=C(CCN1CCOC1=O)NC1CCCNC1=O']"
3068,0.0032,0.26205462,0.8762282729148865,"['COc1ccccc1N1CCn2c1cc(C)c(C#N)c2=O', 'CC(=O)NC(C)C1NCCc2c1ccc(C)c2F', 'O=C1CCCc2c1c(Cc1ccccc1)nn2CCO', 'Cc1ccc(C(O)C2NCCc3c2ccc(F)c3O)cc1', 'O=C(Cc1csc(-n2cccc2)n1)N1CCn2c1nc1ccccc12', 'O=C1CCCc2c1c(C1CC1)nn2-c1c(F)cccc1F', 'O=C(CCNC(=O)N1CCn2c1nc1ccccc12)NC1CC1', 'Oc1ccc(CCC2NCCc3c2ccc(F)c3O)cc1', 'Cc1ccc(N2C(=O)Cn3c2nc2c3c(=O)n(C)c(=O)n2C)cc1F', 'COCCn1c(C(=O)N(C)C)cc2c1c1ccccc1n2C']"
3069,1e-04,0.0,0.0,[]
3070,1e-04,0.0,0.0,[]
3071,1e-04,0.0,0.0,[]
3072,1e-04,0.0,0.0,[]
3073,0.0006,0.3850523,0.8629864454269409,"['COc1ccc2c(C(=O)CN3CC(C)OC(C)C3)c[nH]c2c1', 'Cc1ccc2c(CCNC(=O)CCNC(=O)C(C)(C)C)c[nH]c2c1', 'c1ccc2c(CN3CCCC(c4cnccn4)C3)c[nH]c2c1', 'Cc1cccc2c(=O)c(C(=O)N3CCOC(C(F)(F)F)C3)c[nH]c12', 'Nc1cccc2c(-c3cccc(CN4CCOCC4)c3)n[nH]c12', 'COc1ccc2c(CC(=O)N3CCc4ccccc4C3)coc2c1']"
3074,0.002,0.34996802,0.671188473701477,"['CCc1ccc(C(=O)NCC2(O)CCc3ccccc32)cc1', 'O=C(NCCCc1ccccc1)NCC1(O)CCOc2ccccc21', 'COCC1(O)CCN(c2ccnc(SC)n2)CC1(C)C', 'Cc1ccoc1C(=O)NC1(C)Cc2ccccc2C1', 'CC(C)CC(=O)NCC1(O)CCOc2ccccc21', 'CC(NC(=O)C1(C)Cc2ccccc2C(=O)O1)c1ccncc1', 'COc1ccc(OCC(=O)NCC2(O)CCCC2)cc1', 'CN(C)S(=O)(=O)CCC(=O)NC1(C)Cc2ccccc2C1', 'O=C(NCc1cccs1)NCC1(O)CCOCC1', 'COCCCNC(=O)C1(C)CCC(=O)N1Cc1ccc(Cl)cc1']"
3075,0.0021,0.26548487,0.8559306859970093,"['NC(=O)CCN1C(=O)c2cc(N)ccc2S1(=O)=O', 'COCCCN1C(=O)c2ccccc2NC1c1cccnc1', 'COC(=O)C1OC(c2ccccc2)OC1C(=O)OC', 'Cc1ccccc1C1(C)Nc2ccccc2C(=O)N1C', 'COC(=O)CC1Nc2cc(Cl)ccc2NC1=O', 'Cc1ccccc1OCCCN1C(=O)c2ccccc2S1(=O)=O', 'O=C(NC1CC1)C1c2ccccc2C(=O)N2CCc3ccccc3C12', 'CC(C)C(=O)N1Cc2ccc(C(O)C(C)C)cc2C1', 'COCCNC(=O)C1(C)Oc2ccc(C)cc2NC1=O', 'CC1Cc2ccccc2N1C(=O)C1Cc2ccccc2C(=O)O1']"
3076,1e-04,0.0,0.0,[]
3077,1e-04,0.0,0.0,[]
3078,0.0302,0.3636355,0.5981448888778687,"['O=C(C1Cc2ccccc2O1)N1CCCC(c2ccn[nH]2)C1', 'O=C(c1c[nH]c2cccc(F)c12)N1CCC2(CCCC2)C1', 'O=C(CC1CCc2ccccc21)N1CCC2(CCCO2)CC1', 'O=C(c1c[nH]c2cccc(F)c12)N1CCCC(n2cccn2)C1', 'O=C(Cc1n[nH]c2ccccc12)N1CCCC(n2cccn2)C1', 'O=S(=O)(c1ccc2c(c1)CCO2)N1CCCC(C(F)(F)F)C1', 'O=C(COc1ccc(F)cc1)N1CCc2sccc2C1', 'O=S(=O)(c1ccc(F)cc1F)N1CCN(c2nccs2)CC1', 'O=C(CN1CCc2ccccc21)N1CCN(Cc2cscn2)CC1', 'O=C(CNCc1ccc2c(c1)OCCO2)N1CCc2sccc2C1']"
3079,1e-04,0.0,0.0,[]
3080,1e-04,1.0,0.0,['CC1(C)OCC2(CO1)CN(C(=O)c1cnccn1)C2']
3081,1e-04,0.0,0.0,[]
3082,1e-04,0.0,0.0,[]
3083,0.0022,0.28700063,0.9960740208625793,"['CC1COCCN1C(=O)c1sccc1Br', 'CC1COCCN1C(=O)c1cc(Br)cn1C(C)C', 'CC1COCCN1Cc1ncc(-c2ccccc2)o1', 'CC1COCCN1C(=O)c1occc1COc1ccccc1', 'CC1COCCN1CC(=O)N(Cc1cccc(F)c1)C(C)(C)C', 'CC1COCCN1CC1=Cc2cc(Cl)ccc2OC1', 'CC1COCC(C)N1C(=O)c1cccc(C(F)(F)F)c1', 'CC1COCC(C)N1C(=O)Cn1cc(Br)ccc1=O', 'CC1CCCCN1C(=O)C1CC(=O)N(C2CCOCC2)C1', 'CC1COCC(C)N1Cc1coc(-c2cccc(F)c2)n1']"
3084,1e-04,0.0,0.0,[]
3085,0.1724,0.19200449,0.6092610359191895,"['Cc1ccc(C(=O)CC2(O)C(=O)N(CC(N)=O)c3ccccc32)s1', 'O=C1CCC(C(=O)NCCCOCC2CCOC2)N1', 'CN(CCN1CCOCC1)C(=O)C1CC12CCCc1ccccc12', 'COc1ccccc1COc1ccc2cc(C(C)=O)c(=O)oc2c1', 'COC(=O)C1=C(C)N(c2ccc(S(N)(=O)=O)cc2)C(=O)C1', 'Cc1nn(C)c2sc(C(=O)N(C)C(C)C(C)(C)C)cc12', 'COCCOc1ncccc1NC(=O)c1cc(C(C)=O)c[nH]1', 'Cc1nn(-c2nc3ccccc3n2C)c2c1C(=O)CC(C)(C)C2', 'CC(C)N(Cc1ccccc1)C(=O)CSc1nnnn1C(C)(C)C', 'CC(C)(C)C(NCc1nc(N)nc(N)n1)c1ccc(F)cc1']"
3086,0.0029,0.33957312,0.8484193682670593,"['CC1CC(C)CN(C(=O)c2cc(=O)c3cc(N)ccc3o2)C1', 'Cc1nc2cccc(NC(=O)c3cc(=O)c4cc(C)c(C)cc4o3)c2[nH]1', 'CSc1nnc(NC(=O)c2cc(=O)c3cc(F)ccc3o2)s1', 'CC(=O)NC1CCCN(C(=O)c2cc(=O)c3ccccc3o2)C1', 'NC(=O)CCN(C(=O)c1cc(=O)c2ccccc2o1)c1ccccc1', 'COC(=O)c1cc(=O)c2cc(NC(=O)C(C)(C)C)ccc2o1', 'CCC(C)N(Cc1nc(=O)c2ccccc2[nH]1)CC1CCCO1', 'Cc1cc(=O)c2ccccc2n1CC(=O)N1CCC(C)(O)C(C)C1', 'COc1ccc(-c2nn3c(=O)c4ccccc4nc3s2)cc1OC', 'Cc1nc(=O)c2cccnc2n1C1=CCN(C(=O)c2ccccn2)CC1']"
3087,0.0102,0.34060952,0.6616122722625732,"['Cc1ccnc2c(OCCCC(N)=O)ccc(Br)c12', 'CC(C)c1nc2cc(C(O)C(=O)N(C)C)ccc2n1C', 'Cc1sc2[nH]c(SCCCC(=O)NCCO)nc(=O)c2c1C', 'Cc1ccc2oc(SCCS(N)(=O)=O)nc2c1', 'Cc1nc2ccc(NC(=O)N(C)C(C)CC#N)cc2o1', 'CCc1nc2cc(NC(=O)CNC(=O)OC)ccc2o1', 'CCOc1ccc2nc(NCCNC(=O)C(C)C)c(C)cc2c1', 'Cc1cccn2c(=O)c(C(=O)NCCC(C)C)cnc12', 'Cc1ccc2oc(SCC(=O)NC(C)(C)C)nc2c1', 'Cc1ccc2cccc(C(=O)NCCC(C)C)c2n1']"
3088,1e-04,0.0,0.0,[]
3089,1e-04,0.0,0.0,[]
3090,1e-04,0.0,0.0,[]
3091,0.0042,0.43060717,0.5457077622413635,"['CCCc1nnc2sc(-c3c(C)nc4ncccn34)nn12', 'Nc1ccc(-c2csc3nnc(C(F)(F)F)n23)cc1', 'N#CCc1nnc2scc(-c3cc(F)ccc3F)n12', 'CCCc1nnc2sc(Cc3ccc4c(c3)OCCO4)nn12', 'COc1ccc(-c2nnc3sc(C=Cc4cccnc4)nn23)cc1', 'CC1(C)Cc2c(sc3nnn(Cc4ccccc4)c(=O)c23)CO1', 'COc1ccc(-c2csc3nc(C)n(-n4cccc4)c(=O)c23)cc1', 'Cc1cc(-c2nnc3sc(-c4cn(C)nc4C)nn23)n(C)n1', 'CC(=O)c1nnc2scc(-c3cccc(OC(C)C)c3)n12', 'Fc1cccc(-c2nnc3sc(C=Cc4cccnc4)nn23)c1']"
3092,1e-04,0.0,0.0,[]
3093,1e-04,0.0,0.0,[]
3094,1e-04,0.0,0.0,[]
3095,1e-04,1.0,0.0,['O=C(Nc1nncs1)C1CCCN1C(=O)OCC(F)(F)F']
3096,1e-04,0.0,0.0,[]
3097,1e-04,0.0,0.0,[]
3098,0.0005,0.30420476,1.1377291679382324,"['CC(=O)NC(C)C1NCCc2c1ccc(C)c2F', 'Cc1cccc(C(=O)NCCCNc2ccc(N)cn2)c1', 'Cc1ccccc1C(=O)NCCNc1ccc(N)cn1', 'CCCCNC(=O)NCc1cc(N)ccc1OC', 'CCCNC(=O)NC(C)COc1ccc(F)cc1']"
3099,0.0029,0.24532096,0.7689990401268005,"['Nc1ccccc1NC(=O)C1CCc2ccccc2N1', 'CC1CCCCC1NC1=NS(=O)(=O)c2ccccc2N1', 'O=C1Cn2ncnc2-c2cc(Br)ccc2N1', 'COc1ccccc1OC(=O)C1Cc2ccccc2S1', 'COC(=O)CC1=CC(=O)N(CC(N)=O)c2ccccc2N1', 'Cc1ccc(C2=CC(=O)N(CC(N)=O)c3ccccc3N2)c(C)c1', 'NS(=O)(=O)c1ccc(CNC(=O)C2Cc3ccccc3S2)cc1', 'c1csc(C2CSc3nnc(C4CCCCC4)n3N2)c1', 'CN(Cc1ccccc1)C(=O)C1(C)Oc2ccc(Cl)cc2NC1=O', 'C=CCN1C(=O)C2(NC(=O)c3c(C)cccc3N2)c2ccccc21']"
3100,0.001,0.3656031,0.7231199145317078,"['Fc1cc(Br)cc2c1C(C1CNC1)NCC2', 'FC(F)(F)c1cccc2c1C(CC1CC1)NCC2', 'Cc1cccc2c1C(C(O)Cc1ccccc1)NCC2', 'Fc1c(Cl)ccc2c1C(c1nccs1)NCC2', 'COc1ccccc1C(CNC(=O)Nc1ccccc1C)OC', 'COc1c(O)ccc2c1C(c1ccc(F)cc1C)NCC2', 'CCN1CC2(CCC1=O)CCN(c1cc(C3CC3)ncn1)CC2', 'Cc1ccccc1C(C(=O)N(C)Cc1c(C)nn(C)c1C)N(C)C', 'COc1ccccc1C(CNC(=O)c1cccnc1SC)OC', 'Fc1ccc2c(c1F)C(CNCc1ccccc1)NCC2']"
3101,0.0007,0.49939626,0.7277751564979553,"['CNC(=O)C1CN(C(=O)c2ccc(F)cc2)CC12CCCC2', 'CNC(=O)C1CN(C(=O)NCCc2ccccc2)CC12CCCC2', 'CCOC1CC(NC2=NS(=O)(=O)c3ccccc32)C12CCC2', 'CCOC1CC(NC(=O)N(C)Cc2nnc3ccccn23)C12CCC2', 'Cc1ccc(S(=O)(=O)N(C)CC(N)=O)c2c1NCCC2', 'COCC(=O)N1CC(Nc2ccc(C(F)(F)F)cn2)C(C2CC2)C1', 'Cc1ncsc1CCC(=O)NCc1ncc2c(n1)CCC2']"
3102,1e-04,0.0,0.0,[]
3103,0.009,0.38677958,0.6414215564727783,"['Nc1cccc(OCCOc2ccccc2Cl)c1', 'Brc1ccc(NCCOCC2CCOCC2)cc1', 'Cc1nc(C2COCCN2CCOCc2ccccc2)cs1', 'Brc1cccc(OCCNc2ccc3nnnn3n2)c1', 'Fc1ccc(F)c(NCCCN2CCOCC2)c1', 'c1ccc(OCCCNc2ncnc3ccsc23)cc1', 'Fc1ccc(OCC=CCN2CCOCC2)cc1', 'c1cc2c(cc1OCCCN1CCOCC1C1CC1)OCO2', 'c1cnn(CCN2CCOC(Cn3cncn3)C2)c1', 'Clc1cccc(-c2nccn2CCNc2cccnc2)c1']"
3104,1e-04,1.0,0.0,['O=C(NCCC(=O)N1CCCC1)Nn1cnc2ccccc21']
3105,1e-04,0.0,0.0,[]
3106,1e-04,0.0,0.0,[]
3107,1e-04,0.0,0.0,[]
3108,0.0009,0.19457899,1.485647201538086,"['N#Cc1cccc(-n2c(N)nc3cc(Cl)ccc32)c1', 'CC(=O)OCCCn1c(C)nc2cc(Cl)ccc21', 'COC(=O)Cn1c(C(C)C)nc2ccc(F)cc21', 'CCCN1CCn2c(nc3cc(NC(=O)c4cccnc4)ccc32)C1', '[H]N=c1n(CC=C)c2ccccc2n1CC(=O)c1cccs1', 'CCc1ccccc1NC(=O)Cn1c(C)nc2c(N)cccc21', 'O=C(Nc1nc2ccc(F)cn2n1)c1cc(Cl)ccc1Cl', 'N#Cc1cccc(-n2c(C#N)nc3ccc(F)c(F)c32)c1', 'CCCNC(=O)Cn1c(=O)c(C)nc2ccccc21']"
3109,0.0059,0.32069358,0.8423470258712769,"['CSc1cc2c(cc1NC(=O)C1CC3C=CC1C3)OCCO2', 'CCc1nnc2n1CCN(C(=O)c1cc3cc(F)ccc3s1)C2', 'Oc1cc(O)c2c(c1)C(c1ccc3[nH]nnc3c1)NCC2', 'Cc1nnc2n1CCN(C(=O)c1cc3c(F)cccc3s1)C2', 'Cc1nc2c(c(=O)[nH]1)CN(C(=O)c1ccc3nc(C)c(C)nc3c1)C2', 'Cc1ccc(F)c2c1N(C(=O)c1nc3nccc(C)n3n1)CCC2', 'Cc1nc2n(n1)CC(Nc1ncnc3c1CCC3)CC2', 'Fc1ccc2c(c1)C(c1ccc3[nH]nnc3c1)NCC2', 'CC(C)c1nc2n(n1)CC(Nc1cnc3ccccc3n1)CC2', 'Cn1nc2c(c1NC(=O)Cc1cccc3ccccc13)CCC2']"
3110,1e-04,1.0,0.0,['Cc1ccc(NC(=O)C23CCC(C2)C(C)(C)C3=O)cc1']
3111,0.0002,0.5,0.0,"['OCCOc1cccc2sc(-c3cccs3)nc12', 'OCCOCCNc1cc(Cl)c2cc[nH]c2n1']"
3112,1e-04,0.0,0.0,[]
3113,1e-04,0.0,0.0,[]
3114,1e-04,0.0,0.0,[]
3115,1e-04,0.0,0.0,[]
3116,1e-04,0.0,0.0,[]
3117,0.0004,0.43493697,0.7849916815757751,"['CN(C)C(=O)Cn1cnc(NC(=O)N2CCc3cc(F)ccc3C2)n1', 'COc1ccc(NC(=O)N2CCN3C(=O)CNC(=O)C3C2)c(C)c1', 'C=CCN1CCn2ncc(C(=O)N3CCc4ccccc4C3)c2C1', 'COc1c(NC(=O)Nc2ccc(F)c(C(=O)N(C)C)c2)c(C)nn1C']"
3118,0.0785,0.4925916,0.405096173286438,"['CCCOC(=O)c1cc(-c2c(O)cc(O)cc2O)nn1CCO', 'CCNc1nc(-c2nnc3scc(C)n23)cs1', 'COc1ccccc1N(CCCO)S(C)(=O)=O', 'Cc1nnc(SC(C)c2nc(C(C)(C)C)no2)n1N', 'CC1CC(C)CN(C(=O)C2(C)CC2(Cl)Cl)C1', 'CC1COCCN1CC1=Cc2cc(Cl)ccc2OC1', 'CC1COCCN1C(=O)c1cc(Br)cn1C(C)C', 'COc1cc2cc(CC#N)c(N(C)C)nc2cc1Cl', 'COc1ccc(Br)c(CNc2cc(C)nc(C)n2)c1', 'O=C(NCc1cccs1)NCC1(O)CCOCC1']"
3119,0.0019,0.4001016,0.5630233287811279,"['N#CCCn1c(CC#N)nc2cc3c(cc21)OCCO3', 'CC(=O)OCCCn1c(C)nc2cc(Cl)ccc21', 'N#Cc1cccc(-n2c(C#N)nc3ccc(F)c(F)c32)c1', 'c1ccc(CCn2c(-c3ccccn3)nc3ccccc32)nc1', 'CCN(C(=O)Cn1c(NCCO)nc2ccccc21)C1CCCCC1', 'COC(=O)c1ccc(Cn2c(C#N)nc3cccnc32)cc1', 'COC(=O)Cn1c(C(C)C)nc2ccc(F)cc21', 'COC(C)(C)c1noc(Cn2c(C3CC3)nc3ccccc32)n1', 'COCc1noc(CCNc2cc(C(C)C)nc3ccnn23)n1', 'COCCOC(=O)Cn1c(CO)nc2ccccc21']"
3120,1e-04,0.0,0.0,[]
3121,0.001,0.24026594,1.0821263790130615,"['COc1ccc2c(c1)OCC(Cc1cnc(-n3cnnc3)c(C)c1)C2', 'COc1ccc(-c2nc3ccccc3s2)cc1-n1cnnc1', 'CC(C)Oc1ccc(C#N)cc1NC(=O)C1CCC(C(N)=O)CC1', 'C=CCCC(=O)N(CC)C(c1cccnc1)c1ccc2c(c1)CCO2', 'N#CCC1(COC(=O)C2CC2c2ccc(F)cc2)CC1', 'CCOC(=O)c1cn(CC)c2cc(OCC)c(F)cc2c1=O', 'CC(C)(C)OC(=O)N1CCC(CS(=O)c2cccc(N)c2)C1', 'CC(CC(=O)OCC(=O)N1CCOCC1)c1ccc(F)cc1', 'CC(O)c1cccc(OCCOc2ccc(S(C)(=O)=O)cc2)c1', 'CN(c1cccc(F)c1)S(=O)(=O)c1ccc(N)cc1']"
3122,0.0071,0.42471352,0.514769971370697,"['O=c1c(-c2ccccc2)c(N2CCN(c3ccccc3)CC2)c1=O', 'O=c1c(-c2ccccc2)c(O)n(O)c2ccccc12', 'Nc1oc(-c2ccncc2)cc1C(=O)c1ccncc1', 'Cc1oc(-c2ccccc2)nc1C(=O)N1CCc2ccccc2C1', 'Cc1nn(-c2ccccc2)nc1C(=O)N(C)Cc1ccco1', 'Nc1nc(-c2ccccc2)cc(-c2cc(-c3ccccc3)nc(N)n2)n1', 'Nc1nc(-c2ccccc2)cc(-c2ccccc2F)n1', 'Cn1c(-c2ccccc2)nnc1C(C#N)C(=O)c1ccoc1', 'Cc1oc(-c2ccsc2)nc1CC(=O)Nc1cnccc1C(N)=O', 'Nc1c(-c2cccnc2)nsc1C(=O)Nc1ccccn1']"
3123,1e-04,0.0,0.0,[]
3124,1e-04,0.0,0.0,[]
3125,0.0239,0.56948376,0.3469850420951843,"['Cc1csc(C(N)c2ccc(Br)cc2)n1', 'Cc1csc(Cn2c(=O)sc3ccccc32)n1', 'Cc1csc(C(C)CNC(=O)Nc2cccnn2)n1', 'Cc1csc(NC(=O)Nc2ccc(Cl)cc2)n1', 'Cc1csc(C2CCCN(Cc3cnnn3C)C2)n1', 'Nc1csc2nc(CCc3ccc(Cl)cc3)nn12', 'Cc1csc(CNc2nc3c(s2)c(C)nn3C)n1', 'Cc1csc2nc(CSc3ccccn3)cc(=O)n12', 'Cc1csc(NC(=O)CSc2ccc(Br)cc2)n1', 'Cc1csc(N(C)C(=O)CCCSc2ccccc2)n1']"
3126,1e-04,0.0,0.0,[]
3127,1e-04,0.0,0.0,[]
3128,0.0004,0.41317254,0.7251332402229309,"['CC1(C2CCCN(C(=O)Nc3ccsc3)C2)OCCO1', 'O=C(CC1(CC(=O)N2CCC2)CCCCC1)N1CCC1', 'CN1C(=O)C2(CCN(C(=O)C(C)(C)C)C2)c2ccccc21', 'CC(C#N)CN1C(=O)C2(CCCC2)Nc2cc(F)ccc21']"
3129,1e-04,0.0,0.0,[]
3130,1e-04,0.0,0.0,[]
3131,0.0046,0.248892,0.8679499626159668,"['O=C(Nc1ccc2[nH]ncc2c1)c1cc2ccccc2oc1=O', 'O=C1CC(c2ccccc2F)c2c(c3ccccc3oc2=O)O1', 'CC(=O)N(Cc1cc2ccc(C)cc2[nH]c1=O)c1ccccc1C', 'CCn1ccc(C(=O)Nc2cc3ccccc3oc2=O)n1', 'CCCCN(Cc1cc2cc(C)ccc2[nH]c1=O)S(C)(=O)=O', 'O=C(Cc1cc2ccccc2[nH]c1=O)N1CCc2cc(F)ccc2C1', 'Cc1ccc(C(NC(=O)c2cc3ccccc3[nH]c2=O)C2CC2)cc1', 'CCCCN(Cc1cc2cccc(C)c2[nH]c1=O)C(=O)c1ccco1', 'CC(C)N(Cc1cc2ccccc2[nH]c1=O)C(=O)c1cccs1', 'CC(C)CCOC(=O)Cc1cc2ccccc2[nH]c1=O']"
3132,1e-04,0.0,0.0,[]
3133,0.0002,0.5,0.0,"['Cn1cnnc1Sc1ccc(Br)cc1N', 'Cc1oncc1C(=O)Nc1cc(Cl)ccc1N']"
3134,1e-04,0.0,0.0,[]
3135,1e-04,0.0,0.0,[]
3136,1e-04,0.0,0.0,[]
3137,0.1503,0.48132557,0.4070867896080017,"['Cc1cnc2n(c1=O)CC(C(=O)Nc1nccs1)CS2', 'CCCn1c(SCC(=O)NC)nnc1C(C)C', 'CSc1c2c(oc(=O)c1C#N)CC(C)(C)CC2=O', 'COc1cccc2c(=O)n(CCN3CCOCC3)cnc12', 'CCc1nc(COC(=O)Cc2csc(CC)n2)cs1', 'CCc1nc(COC(=O)c2c(C)nsc2NC)cs1', 'COc1cc(CCC(=O)Nc2ccn(C)n2)on1', 'O=C(OCc1cc(=O)n2c3c(sc2n1)CCCC3)c1ccco1', 'CC1COCCN1C(=O)c1sccc1Br', 'Cc1ccc(CCC(=O)NCc2csc(=O)[nH]2)o1']"
3138,0.0044,0.40096375,0.6130651831626892,"['Cc1nc(-c2ccc3c(c2)CCC3)sc1CCO', 'Cc1nc(Nc2ccc3c(c2)OCO3)c2c(C)noc2n1', 'CCn1nc(-c2ccc3c(c2)CCCC3)cc(C(C)=O)c1=O', 'CCn1nc(-c2ccc3c(c2)OCO3)cc(CC#N)c1=O', 'c1nc(Nc2ccc3c(c2)OCCO3)c2ccsc2n1', 'CCCc1oc(-c2ccc3c(c2)OCO3)cc1CO', 'c1cc(-c2ccc3c(c2)OCCCO3)n2nc(C3CCC3)nc2n1', 'O=c1cc(-c2ccc3c(c2)OCCO3)oc2cc(O)ccc12', 'Cn1cc(CNc2ccc3c(c2)CCC(=O)N3)nn1', 'O=C1CCN(c2nc3c(s2)C(O)CCC3)CCN1']"
3139,1e-04,0.0,0.0,[]
3140,1e-04,1.0,0.0,['CC1CCCC(NS(=O)(=O)c2ccccc2)C1C']
3141,0.001,0.55213684,0.45542335510253906,"['Cc1cc(C)c2c(c1)C(N1CCOCC1)C(C)CN2', 'Cc1cc(C)c2c(c1)C(=O)C(=O)N2CC1CCCO1', 'Cc1c(N)cc2c(c1C)OC(c1cccs1)CC2=O', 'Cc1cc(N)c2c(c1)C(=O)CC(c1ccncc1)O2', 'Oc1cc(O)c2c(c1)C(c1ccc3[nH]nnc3c1)NCC2', 'Oc1cc(O)c2c(c1)C(C(O)c1ccccc1F)NCC2', 'Nc1cc(Cl)c2c(c1)NC(=O)C(c1ccccc1)O2', 'Fc1cc(Br)c2c(c1)CCNC2C1CC1', 'Cc1cc(=O)oc2c1c(C)nn2-c1ccc(C(N)=O)cc1', 'COc1c(O)ccc2c1C(c1ccc(F)cc1C)NCC2']"
3142,1e-04,0.0,0.0,[]
3143,1e-04,0.0,0.0,[]
3144,1e-04,0.0,0.0,[]
3145,0.0271,0.3364752,0.6792296171188354,"['CCC(NC(=O)NC(C)c1ccc(C#N)cc1)c1cc(F)ccc1F', 'CCOc1ncccc1C(=O)NC(C)c1ccc(C)o1', 'COc1ccc(C(=O)NC(C)c2cc(C)cc(C)c2)nn1', 'Cc1nc(CNC(=O)NC(C)c2cc(F)c(F)c(F)c2)sc1C', 'Cc1nc(CNC(C)c2ccc(S(C)(=O)=O)cc2)sc1C', 'CCC(C)NC(=O)NC(CC)c1cccc(Cl)c1', 'Cc1cc(C(=O)NC(C)c2cc(C)sc2C)no1', 'COCCNC(=O)NC(C)c1ccc(-n2ccnc2C)cc1', 'CC(NC(=O)NC(C)C(C)(C)c1ccccc1)c1nncn1C', 'CC(Sc1ccccc1)C(=O)NC(C)c1ccncc1']"
3146,0.0042,0.3387668,0.8720511794090271,"['CC1CCN(C(=O)Cn2cnc(C#N)n2)c2ccccc2S1', 'CC1CCN(C(=O)COC(=O)c2ccoc2)c2ccccc2S1', 'Cc1cnc2n(c1=O)CC(C(=O)Nc1nccs1)CS2', 'CC(=O)Nc1ccc2c(c1)C(=O)N(C)c1cccnc1S2', 'CC1CN(C(=O)c2cc3c([nH]c2=O)CCCC3)c2ccccc2S1', 'COc1ccccc1OC(=O)C1Cc2ccccc2S1', 'Cc1ccc(NC(=O)c2ccc3c(c2)NC(=O)C(C)S3)cc1F', 'Cc1cnc2n(c1=O)C(CC(=O)Nc1ccccc1C(N)=O)CS2', 'CCC(CC)c1nnc2n1NC(c1ccccc1)CS2', 'CC1CCCC(CNC(=O)c2ccc3c(c2)NC(=O)CS3)C1']"
3147,1e-04,0.0,0.0,[]
3148,0.0013,0.38737014,0.7353464365005493,"['O=C1NCCNC1c1ncccc1Br', 'NC(=O)Nc1ccccc1OCC1CCCCO1', 'NC(=O)Nc1cc(F)ccc1SCC(F)F', 'NS(=O)(=O)NCc1cnn(-c2ccccc2)c1', 'CC(=O)NCCNC(=O)NCCc1cc(C)cc(C)c1', 'O=S(=O)(NCc1cc(Br)ccc1F)c1cn[nH]c1', 'O=C1NCCN1CCNc1ccc(Cl)c(F)c1', 'CNC(=O)NC1CCSc2ccc(Cl)cc21', 'CNC(=O)NC1CCN(C(=O)c2ccco2)CC1', 'O=C(NCCO)Nc1ccc(COCC(F)(F)F)cc1']"
3149,0.0058,0.22304052,0.8593873977661133,"['CCC(CC)(CO)NC(=O)c1cc(F)c(F)cc1N', 'CC(C)(CO)NC(=O)Cc1ccc2cccc(N)c2n1', 'CCC(CCO)NC(=O)Nc1cccc(C(C)=O)c1', 'CC(CO)C(C)NC(=O)NC1CCC2(CC1)OCCO2', 'CCC(CCO)NC(=O)Nc1cccc(NC(C)=O)c1C', 'CC(CCCO)NC(=O)Nc1cccc(Cn2cccn2)c1', 'CCC(CC#N)NS(=O)(=O)Cc1ccccc1', 'COCC(O)CN(C)C(=O)c1ccc(Cl)cc1Cl', 'CC(CO)NC(=O)CN(C)S(=O)(=O)c1ccc(Cl)cc1', 'CC(O)CC(C)CNC(=O)Nc1cccc(SC(F)F)c1']"
3150,1e-04,0.0,0.0,[]
3151,1e-04,0.0,0.0,[]
3152,1e-04,0.0,0.0,[]
3153,1e-04,1.0,0.0,['Fc1ccccc1-c1nc2cc(-n3cnnc3)ccc2o1']
3154,0.007,0.32573086,0.769878625869751,"['CCNC(=O)c1cc(NCc2cccc(OC)c2)nc2ccccc12', 'NC(=O)COC(=O)c1cc(C2CC2)nc2ccccc12', 'O=c1[nH]c(-c2ccco2)nc2ccc(Br)cc12', 'O=c1[nH]c(-c2cncc(Br)c2)nc2ccsc12', 'O=c1cc(COc2nnc3ccccn23)nc2sccn12', 'CCNc1nc(SCCn2cccn2)nc2ccccc12', 'O=C(c1cc(NCc2cccnc2)nc2ccccc12)N1CCOCC1', 'O=c1[nH]c(CSc2ccccn2)nc2ccccc12', 'O=c1cc(COc2ccc(F)cc2)nc2sccn12', 'Nc1nc(CSc2nnc3n2CCCCC3)nc2ccccc12']"
3155,1e-04,0.0,0.0,[]
3156,0.0058,0.37417355,0.6291671991348267,"['CN1Cc2ccccc2CC1CNC(=O)c1n[nH]c2c1CCC2', 'Cc1cc(-c2n[nH]c3cc(N)ccc23)c(O)cc1Cl', 'C=CCC1(CO)CCCN(C(=O)CCc2n[nH]c3c2CCCC3)C1', 'Cc1n[nH]c(-c2ccc(NC(=O)c3n[nH]c4ccccc34)cc2)n1', 'CCOC(=O)N1CCN(C(=O)CCc2n[nH]c3c2CCCC3)CC1', 'CC(C)Oc1ccc(NC(=O)c2n[nH]c3c2CCc2ncccc2-3)cc1', 'COCCN(Cc1nccs1)C(=O)c1n[nH]c2c1CCCC2', 'CCOc1cccc(CNC(=O)c2n[nH]c3ccc(C)cc23)c1', 'CCC(C(=O)NCc1n[nH]c2c1CCCC2)n1cnc2ccccc21', 'CS(=O)(=O)NC1CCN(C(=O)c2n[nH]c3ccccc23)CC1']"
3157,1e-04,0.0,0.0,[]
3158,1e-04,0.0,0.0,[]
3159,0.0076,0.453382,0.5704766511917114,"['O=C(NC1CC1)c1cc(-n2cnnn2)ccc1Cl', 'O=C(NC1CC1)c1ccc2c(c1)nc1n2CCCC1', 'CCN(CC1CC1)C(=O)c1sc2nc(COC)nc(OC)c2c1C', 'CC(OCC1CC1)C(=O)N(CC1CCCO1)c1ccncc1', 'O=C(NC1CC1)c1cc(N2CCCCS2(=O)=O)ccc1Cl', 'O=C(NC1CC1)C(O)c1ccc(Cl)c(Cl)c1', 'CCN(CC1CC1)C(=O)Nc1cc2c(cc1SC)OCCO2', 'O=C(NC1CC1)c1cccc(OC(=O)c2ccccc2)c1', 'O=C(NC1CC1)c1cccc(OC(=O)c2ccncc2)c1', 'O=C(NC1CC1)C1CCCN1C(=O)Nc1cccc(Cl)c1']"
3160,1e-04,0.0,0.0,[]
3161,1e-04,1.0,0.0,['Cc1ccc(C(=O)CC2(O)C(=O)N(CC(N)=O)c3ccccc32)s1']
3162,0.0005,0.4173743,0.7903797626495361,"['O=c1c2cc3ccc(O)cc3oc-2nn1-c1ccc(F)cc1F', 'CCCc1nnc2c3cnn(-c4ccc(C)cc4C)c3ncn12', 'Cc1ccc2c(=O)nc(C)n(-c3ccccc3)c2n1', 'COc1cccc2c(=O)c(C(=O)Nc3ccccc3C#N)cn(C)c12', 'CNC(=O)CSc1nnc2c3ccccc3ccn12']"
3163,0.0045,0.50328493,0.6123307347297668,"['CN(C)C1=NC(C(F)(F)F)(C(F)(F)F)N=C(c2cccnc2)O1', 'C=CCN1C(=O)C2(NC(=O)c3c(C)cccc3N2)c2ccccc21', 'CCOC(=O)C1=C(C)Oc2ncn3nc(C)nc3c2C1c1ccco1', 'CC(O)(c1ccccc1)c1nc(-c2ccccc2)nn1-c1ccccn1', 'O=C(Nc1cccc(-c2cnco2)c1)C1CC(=O)N(c2ccccc2)C1', 'CC(C)(C)n1c(=NC(=O)c2cnn3cccnc23)[nH]c2ccccc21', 'CCC(OC(=O)c1ccc(NC(N)=O)cc1)C(=O)Nc1cc(C)on1', 'Cn1c(=O)c(=O)n(C)c2cc3c(cc21)ncn3Cc1ccccc1', 'CC1(NC(=O)C2CC(=O)N(Cc3ccccc3)C2)Cc2ccccc2C1', 'Cc1c(C(=O)N2CCC(Cc3ccccc3)C2)cnn1-c1ccncc1']"
3164,0.0009,0.3637767,0.8262228965759277,"['O=C1NCCNC1c1ncccc1Br', 'O=C1NCCN(C(=O)c2ccc(Cl)c(F)c2)C1Cc1ccccc1', 'CNCC1NCCc2cc(Cl)c(OC)c(OC)c21', 'CC1COCCN1C(=O)c1occc1COc1ccccc1', 'O=C1NCCN1CCNc1ccc(Cl)c(F)c1', 'CC1OCCC1C(=O)N1CCC(C(=O)Nc2cccc(F)c2)CC1', 'CC1CCCCC1NC(=O)COc1cccc(-c2cn[nH]c2)c1', 'CC1CCOC1C(=O)N1CCCSc2ccccc21', 'Cc1c(N)cccc1C(=O)N(CC(F)(F)F)C1CC1']"
3165,1e-04,0.0,0.0,[]
3166,0.0002,0.5,0.0,"['c1ccc(-c2cc(N3CCOCC3)nc(-c3ccncc3)n2)cc1', 'c1coc(-c2nc(NCc3ccncc3)ncc2-c2ccncc2)c1']"
3167,1e-04,0.0,0.0,[]
3168,1e-04,0.0,0.0,[]
3169,1e-04,0.0,0.0,[]
3170,1e-04,0.0,0.0,[]
3171,0.0008,0.5586409,0.4239000082015991,"['CCOC(=O)c1[nH]c(C)c(C(=O)OC2CC(C)OC2=O)c1C', 'CC(=O)c1[nH]c(C)c(C(=O)N(Cc2nccs2)C2CC2)c1C', 'CC(=O)c1c[nH]c(C(=O)N2CCCC2c2cccc3c2OCCO3)c1', 'CC(=O)c1c[nH]c(C(=O)NCCOc2ccc(C)cc2C)c1', 'CC(=O)c1c[nH]c(C(=O)NC2CCCN(c3ccc(C)cc3)C2=O)c1', 'CC(=O)c1c[nH]c(C(=O)N(C)Cc2ccccc2Cl)c1', 'COC(=O)c1c[nH]c(CNC(=O)OCc2ccccc2)n1', 'O=C1CCCc2[nH]c(=O)c(C(=O)NCc3ccccc3Cl)cc21']"
3172,1e-04,0.0,0.0,[]
3173,1e-04,0.0,0.0,[]
3174,1e-04,0.0,0.0,[]
3175,1e-04,0.0,0.0,[]
3176,0.01,0.26958,0.8502568006515503,"['Cc1ccccc1C(C(=O)N(C)Cc1c(C)nn(C)c1C)N(C)C', 'COCC(c1ccccn1)N(C)c1ncnc2oc(C)nc12', 'CC(c1cccc(O)c1)N(C)Cc1cnc2cnccn12', 'CC(c1ccccn1)N(C)Cc1nc2ccccc2n1C(C)C', 'CC(c1ccc(Cl)cc1Cl)N(C)C(=O)C1CCC(=O)N1', 'CC(c1cc2ccccc2o1)N(C)c1ccc2nnnn2n1', 'CC(Cc1ccccn1)N(C)C(=O)Cn1cnc2ccccc21', 'CC(c1ccncc1)N(C)C(=O)Nc1ccnc(C(=O)N(C)C)c1', 'CC(c1cccc(Cl)c1)N(C)C(=O)Cn1ccc(=O)n(C)c1=O', 'Cc1ccccc1C(C(=O)NCCc1ccco1)N(C)C']"
3177,0.0004,0.33912998,1.072110891342163,"['O=C(c1cc(-c2ccncc2)on1)N1CCC(=Cc2ccccc2)CC1', 'O=C(NC=Cc1ccco1)OCc1ccc(Cl)cc1', 'CC(=Cc1ccccc1)CN(C)Cc1nccs1', 'O=C(c1cccc(O)c1)N1CCN(CC=Cc2ccc(F)cc2)CC1']"
3178,1e-04,0.0,0.0,[]
3179,0.0008,0.5057406,0.7082252502441406,"['CCCCn1c(=O)[nH]c(=O)c2c1nc(-c1ccc(O)c(OC)c1)n2C', 'CCCCn1c(=O)[nH]c(=O)c2c1nc(CNc1ccc(F)cc1)n2C', 'CCCCn1c(=O)[nH]c(=O)c2c1nc(-c1cccc(F)c1)n2CC', 'Cn1c(=O)c(=O)n(C)c2cc3c(cc21)ncn3Cc1ccccc1', 'Cn1c(=O)[nH]c(=O)c2nc(-c3ccccc3)cnc21', 'CCCn1c(=O)n2c(-c3ccccc3N)nnc2c2c1ncn2C', 'Cn1c(=O)c2c(n(C)c1=O)n1c(-c3ccccc3)nnc1n2C', 'Cc1nn(Cc2ccccc2)c(=O)c2c1cnn2C(C)(C)C']"
3180,0.0042,0.5076057,0.4942592978477478,"['CCCOC(=O)c1ccc(Cc2nonc2N)cc1', 'CCCOC(=O)c1cccc(-n2nnc(C#N)c2C)c1', 'CCCOC(=O)c1ccc(OC(C)C)c(OC)c1', 'CCCOC(=O)c1cc(-c2c(O)cc(O)cc2O)nn1CCO', 'CCCOC(=O)Cn1cnc2sc(C(N)=O)c(C)c2c1=O', 'C=CCOC(=O)c1sc(NC(=O)c2snnc2C)nc1C', 'CCCOC(=O)CCC(=O)c1cc(F)c(F)c(F)c1', 'C#CCOC(=O)CCCC(=O)Nc1ccccc1C', 'CCCOC(=O)CC1C(=O)NCCN1C(=O)Cc1ccccc1C', 'CCCCOC(=O)C1=C(C)Nc2ncnn2C1c1cccc(F)c1']"
3181,0.0047,0.30223823,0.8515130281448364,"['CCCCc1c(C)nc(N)nc1N1CCC(NC(C)=O)CC1', 'C=CCn1c(N)nnc1SCc1nc(CC(C)C)no1', 'CC(C)n1c(N)nnc1SCc1nnnn1C1CC1', 'CCc1cnc(C)nc1N(C)Cc1cc(COC)[nH]n1', 'CCCn1c(C)nnc1SCC1CCCCO1', 'C=CCn1c(N)nnc1SCC(=O)N(C)CC1CCCCC1', 'C=CCn1c(C)nnc1SCC(=O)N(C)Cc1cnn(C)c1', 'CCCc1cnc(C)nc1NC1CCN(c2cc(=O)[nH]c(N)n2)CC1', 'CCCc1c(CO)nnn1-c1nc2c(s1)CCCC2', 'CCc1nc(C)ncc1C(=O)N1CCc2sccc2C1']"
3182,1e-04,0.0,0.0,[]
3183,1e-04,0.0,0.0,[]
3184,0.0058,0.26813814,0.5467570424079895,"['Cc1ccc(CNc2ccc(S(=O)(=O)N3CCCCC3)cn2)cc1', 'Cc1cccc(Nc2nc(C(=O)Nc3ccc(F)cc3)cs2)n1', 'CC(=O)N1CCCCC1c1ncc(C(=O)Nc2ccccc2)c(C)n1', 'Cc1cc(NC(=O)Cc2noc(C(=O)NC3CCCCC3)n2)no1', 'Cc1ccc(CNCc2cccc(C(=O)NCc3ccco3)c2)s1', 'Cc1cc(C)n(-c2ccc(C(=O)Nc3ccc(O)cc3)cn2)n1', 'COc1c(F)cc(NC(=O)c2cnn(-c3ccc(F)cc3)n2)cc1F', 'Cc1cc(N)c2ccnc(C(=O)NC(C)c3ccccc3)c2c1', 'Cc1cc(C)n(-c2ccc(C(=O)NCc3sc(C)nc3C)nn2)n1', 'Cc1cc(C)cc(NC(=O)Cc2nc(C)c(C(=O)NC3CC3)s2)c1']"
3185,1e-04,0.0,0.0,[]
3186,0.001,0.42987233,0.8046150803565979,"['CCCc1cc(=O)[nH]c2nnc(SC(C)C(=O)OCC)n12', 'CC1(C)Cc2nc3sc4c(=O)[nH]c(=O)[nH]c4c3cc2CO1', 'Cc1ccc(C)c(-c2csc3c(=O)[nH]c(C)nc23)c1', 'CC(C)OCCCn1c(=O)c2ccccc2n2c(=O)n(CC#N)nc12', 'CCc1ncc(C(=O)NCCc2cc(=O)[nH]c(C)n2)cn1', 'CCCCOc1ccc(C2CC(=O)Nc3nc(C)[nH]c(=O)c32)cc1', 'CCCn1c(=O)[nH]c(=O)c2c(C(=O)OCC)cc(C3CC3)nc21', 'CC(C)(C)n1ncc2c(=O)n(NC(=O)CCC3CCCCC3)cnc21', 'COc1ccc(NC(=O)c2cnn3c(=O)cc(C)[nH]c23)c(OC)c1', 'CCOc1ccc(C2CC(=O)Nc3nc(C)[nH]c(=O)c32)cc1']"
3187,1e-04,0.0,0.0,[]
3188,0.0005,0.38242453,0.7794284820556641,"['COCC(=O)NCC1(c2ccc3c(c2)OCO3)CCCCC1', 'O=C(NCC1(c2ccc3c(c2)OCO3)CCOCC1)N1CCC1', 'OC(c1ccc(F)cc1)(c1cncnc1)c1ccccc1Cl', 'CC(C)CNC(=O)C1(c2cccc(C(F)(F)F)c2)CCOCC1', 'N#CC1(c2ccccc2)CCC(=O)N1Cc1ccccc1']"
3189,1e-04,1.0,0.0,['CC1(C)C(C(=O)NCc2csc(=O)[nH]2)C1(C)C']
3190,1e-04,0.0,0.0,[]
3191,0.0006,0.30522707,1.0814852714538574,"['CCCCn1c(=O)c2sccc2n2c(CCC(=O)NC)nnc12', 'CC(C)OCCCn1c(=O)c2ccccc2n2c(=O)n(CC#N)nc12', 'Nc1cc(Br)cn2c(-c3cccc(F)c3)nnc12', 'COC(=O)c1ccc(C)n2nc(CCN3CCOCC3)nc12', 'Cc1ccnn2c(C(=O)c3ccccc3F)nnc12', 'CCn1c(CN)cc(=O)n2nc(-c3ccccc3)cc12']"
3192,0.32,0.21135303,0.6768762469291687,"['O=C(Nc1ccccn1)C12CC3CC(CC(Cl)(C3)C1)C2', 'CC(O)CN(C)C(=O)C12CC3CC(CC(C3)C1)C2', 'O=C(Cn1cnnn1)Nc1ccc(C23CC4CC(CC(C4)C2)C3)cc1', 'O=C(NCCO)C1CCCN1C(=O)C12CC3CC(CC(C3)C1)C2', 'Nc1ccc(NC(=O)C23CC4CC(CC(C4)C2)C3)nc1', 'COc1ccc(-c2cnc(Oc3ccc(NC(C)=O)cc3)nc2)cc1', 'Cc1noc(CNC(=O)C23CC4CC(CC(C4)C2)C3)n1', 'Cc1n[nH]c(-c2ccc(NCc3cccc4cn[nH]c34)cc2)n1', 'C=CCOc1ccc(CN2CCOC(C#N)C2)cc1Cl', 'COC1CCC(CC(=O)Oc2cccc(F)c2F)CC1']"
3193,1e-04,0.0,0.0,[]
3194,1e-04,0.0,0.0,[]
3195,0.0013,0.39805177,0.7570810914039612,"['CCc1nnc2c(NCc3ccco3)nc3ccccc3n12', 'Cn1nc2n(Cc3ccc(Cl)cc3)c(=O)c3sccc3n2c1=O', 'COC(=O)c1cc(=O)nc2sc3cc(C)ccc3n12', 'COC(=O)c1cc(=O)nc2sc3cc(OC)ccc3n12', 'Cc1ncc2c(N3CCCCCC3)nc3ccccc3n12', 'Cn1cccc1C=c1sc2nc3ccccc3n2c1=O', 'O=C(c1ccco1)N1CCC(c2ccnc3nc4ccccc4n23)CC1', 'Cc1nn(CC(=O)N2CCOCC2)c(=O)c2cc3sccc3n12', 'Cc1nc2nnc3c(=O)n(-c4cc(Cl)cc(Cl)c4)ccc3n2n1', 'Cc1nc2nnc3c(=O)n(-c4ccccc4C)ccc3n2n1']"
3196,1e-04,1.0,0.0,['CCOC(=O)N1CCC(Nc2ccc(Cl)cc2N)C(O)C1']
3197,1e-04,0.0,0.0,[]
3198,0.0003,0.4160435,0.8519175052642822,"['Brc1ccc(Br)c2nccnc12', 'Clc1ccc(Cl)c(CNc2cnns2)c1', 'Brc1ccc(Oc2cnccn2)cc1']"
3199,1e-04,0.0,0.0,[]
3200,1e-04,0.0,0.0,[]
3201,0.0039,0.3610194,0.6040060520172119,"['O=S(=O)(NCC1(CO)CC1)c1ccc(OC(F)(F)F)cc1', 'CCOc1ccc(S(=O)(=O)NCC2(CO)CC2)cc1', 'C#CCN1CCN(C(=O)NCC2(CCC)CC2)CC1', 'O=C(Cc1ccc(F)cc1)NCC1(CO)CCC1', 'O=C(NCC1(c2cccs2)CC1)c1cc(-c2ccco2)on1', 'COCCn1cc(NC(=O)N(C)C(C)C2(C)CC2)cn1', 'CC(C)(C)c1ccc(S(=O)(=O)NCC2(CO)CC2)cc1', 'COc1ccc(S(=O)(=O)NCC2(CO)CC2)cc1C', 'CCc1nccn1-c1ccc(CNC(=O)C2(c3ccccc3)CC2)cc1', 'COc1cccc(OC)c1C(=O)NCC1(c2ccc(F)cc2)CC1']"
3202,0.0002,0.5,0.0,"['COC(C)(C)CC(C)(NCC(F)(F)F)C(N)=O', 'CCC(NCc1ccc(OC)cc1F)C(=O)OC']"
3203,0.1093,0.31730694,0.4440777897834778,"['Fc1cc(F)cc(CNc2ccc3cn[nH]c3c2)c1', 'O=C(NCCCOCc1ccco1)c1n[nH]c2ccccc12', 'Brc1ccc2ncc(CN3CCOCC3)n2c1', 'Cc1ccc(NC(=O)C(C)Sc2n[nH]c(N)n2)c(F)c1', 'CCn1cc(CC(=O)NCCCc2cn[nH]c2C)c2ccccc21', 'CCNc1nc(-c2nnc3scc(C)n23)cs1', 'N#Cc1cccc(NC(=O)CSc2n[nH]c(N)n2)c1', 'O=C(CSc1nc(-c2ccco2)n[nH]1)N1CCCCC1', 'COCC1CN(Cc2cccs2)Cc2cn(C)nc21', 'CCn1cnnc1CNC(=O)CCc1c[nH]c2ccccc12']"
3204,1e-04,0.0,0.0,[]
3205,0.0124,0.29016522,0.6892117261886597,"['Cc1cnn(CCC(=O)N(C)CCC(F)(F)F)c1', 'COC(C)(C)CC(C)(NCC(F)(F)F)C(N)=O', 'CSc1ccc(NCCOCC(F)(F)F)cc1', 'CC(COCC(F)(F)F)NC(=O)Nc1nccs1', 'Cn1cnc(CNC(=O)NCCCCC(F)(F)F)n1', 'O=C(NCCO)Nc1ccc(COCC(F)(F)F)cc1', 'Cc1nc2ccc(NC(=O)NCCOCC(F)(F)F)cc2o1', 'COc1ccc(Br)cc1CC(O)CC(F)(F)F', 'Nc1ccc(C(=O)N(CC(F)(F)F)C2CC2)cc1', 'O=C(Nc1ccccc1C(F)(F)F)N(CC(F)F)C1CC1']"
3206,1e-04,0.0,0.0,[]
3207,1e-04,0.0,0.0,[]
3208,1e-04,0.0,0.0,[]
3209,1e-04,0.0,0.0,[]
3210,0.0002,0.5,0.0,"['CCOC(=O)C1=C(N)Oc2n[nH]c(C)c2C1c1ccccc1', 'CCOC(=O)C1=C(C)Oc2ncn3nc(C)nc3c2C1c1ccco1']"
3211,1e-04,0.0,0.0,[]
3212,1e-04,0.0,0.0,[]
3213,1e-04,0.0,0.0,[]
3214,1e-04,0.0,0.0,[]
3215,1e-04,0.0,0.0,[]
3216,1e-04,0.0,0.0,[]
3217,1e-04,0.0,0.0,[]
3218,0.0034,0.23891236,0.991374671459198,"['COc1cccc(CCC(=O)N2CCC(=O)CC2)c1', 'COc1cc2c(c(OC)c1OC)CCNC2C1CC(=O)C1', 'CCOC(=O)C1C2CCC(=O)C2CN1C(=O)OCc1ccccc1', 'CC(C)(C)OC(=O)NC1CCC(=O)c2ccccc21', 'CCc1nn(C)c(CC)c1CN1CCNC(=O)CC1c1ccccc1', 'CC1(C)C(=O)OCCN1C(=O)c1ccccc1Cl', 'CSc1c2c(oc(=O)c1C#N)CC(C)(C)CC2=O', 'CC(C)OC(=O)C1C(=O)CC(C)(O)CC1c1ccccc1', 'O=C(Nc1ccc2c(c1)CCO2)NC1CCC(O)CC1', 'CC1CC(N2CCc3nn(C)c(=O)cc3C2)C(=O)O1']"
3219,0.0009,0.33601716,0.9061932563781738,"['O=C1c2nccnc2C(O)N1c1ccc(Br)cn1', 'O=C1c2cccnc2CN1CCOCc1ccc(Cl)cc1', 'CN1c2ccccc2C(=O)NC1c1ccc(Br)cc1', 'O=C1c2ccccc2NC(c2cccs2)N1Cc1ccccc1', 'O=C1c2ccccc2NC(c2cccs2)N1C1CC1', 'CC1Cc2ccccc2N1C(=O)COC(=O)c1cnn(C(C)(C)C)c1', 'O=C1C2CC(O)CCN2C(=O)CN1CCCN1CCOCC1', 'CC1Cc2cc(F)ccc2C(C)N1Cc1cccc(C(=O)N(C)C)c1', 'CSc1nnc(C)c(=O)n1COC(=O)c1cc(C)cc(C)c1']"
3220,0.0132,0.17948245,0.7360126376152039,"['c1cncc(-c2n[nH]c(SCc3ncc(-c4cccs4)o3)n2)c1', 'c1cnc2c(Nc3ncnc4[nH]ncc34)cccc2c1', 'Cc1cccc(-c2cncc(C(=O)N3CCCC3CO)c2)c1', 'COc1cc2c(-c3cncc4cc(O)c(OC)cc34)cncc2cc1O', 'Cc1cc2c(N3CCN(C(=O)OC(C)(C)C)CC3)cccc2cn1', 'COc1ccc(O)cc1Cc1cnc2nc(N)nc(N)c2c1C', 'Clc1ccc(-n2nnnc2CSc2ncn[nH]2)cc1', 'O=c1ccc2ccc(OCc3cc(F)cc4cccnc34)cc2o1', 'Cc1cccc(COn2nnc3ccc(S(=O)(=O)N(C)C)cc32)c1', 'CCOC(=O)c1cnc2[nH]cc(-c3cn[nH]c3)c2c1']"
3221,1e-04,0.0,0.0,[]
3222,1e-04,0.0,0.0,[]
3223,0.0011,0.59486145,0.2912549674510956,"['FC(F)(F)CNCCOc1ccc(Cl)cc1', 'FC(F)(F)c1cccc2c1C(CC1CC1)NCC2', 'FC(F)(F)c1cccc(NCc2nnc(C3CCC3)o2)c1', 'FC(F)(F)c1nnc2sc(-c3cnccn3)nn12', 'FC(F)(F)CCc1ccnc(NC2COCC2N2CCCCC2)n1', 'FC(F)(F)Oc1ccccc1NCc1nnc(C2CCC2)o1', 'FC(F)(F)c1ccccc1-c1nc(-c2ncccn2)no1', 'FC(F)(F)c1ccccc1NCc1noc(-c2ccsc2)n1', 'FC(F)C(F)(F)CN1CCN(Cc2ccccn2)CC1', 'FC(F)(Cl)c1nnc2sc(-c3ccc4ccccc4n3)nn12']"
3224,0.0008,0.52633137,0.5567119121551514,"['CCc1ccc2c(c1)nc(CO)n2CC(=O)c1ccccc1', 'Nc1ccc2c(c1)nc(CO)n2-c1ccccc1F', 'COc1ccc2c(c1)nc(C)n2-c1cccc(F)c1', 'Nc1occ2c1nc(C1CC1)n2Cc1ccccc1', 'COc1ccc2c(c1)[nH]c(=O)n2-c1ccc(C#N)cc1', 'COCCn1cnc2c1c(=O)[nH]c(=O)n2Cc1ccccc1', 'Cc1ccc2c(c1)NCC(=O)N2Cc1ccccc1C', 'COC(=O)c1ccc2c(c1)nc(N)n2-c1ccccc1']"
3225,1e-04,0.0,0.0,[]
3226,1e-04,0.0,0.0,[]
3227,0.0616,0.24139774,0.5896825790405273,"['CCCOCC(=O)NC(c1cccs1)c1cccs1', 'O=C(NCC(c1cccs1)N1CCOCC1)c1cccs1', 'C1=C(c2cccs2)CCN(Cc2ccsc2)C1', 'O=C(NCC(O)c1cccs1)C1(c2cccs2)CCCC1', 'O=C(NCc1cccs1)c1cn[nH]c1-c1cccs1', 'CCc1[nH]nc(-c2cccs2)c1NC(=O)Cc1cccs1', 'O=C1c2ccccc2NC(c2cccs2)N1C1CC1', 'c1csc(CN2CCOC(c3cccs3)C2)c1', 'Cc1noc(CNC(c2cccs2)c2cccs2)n1', 'O=C(CCNC(=O)c1cccs1)Nc1nccs1']"
3228,0.0068,0.49392185,0.46947938203811646,"['C=CCN(Cc1ccccc1)C(=O)c1ccc2[nH]c(=O)c(=O)[nH]c2c1', 'C=CCN(c1ccc(C(=O)N2CCCC2)cc1)S(C)(=O)=O', 'C=CCN(Cc1ccc(OC)cc1)S(=O)(=O)N1CCOCC1', 'C=CCN(CCc1ccccc1)C(=O)Nc1ccc(F)c(C(N)=O)c1', 'C=CCNC(=O)CN1CCN(C(=O)C2CCCO2)CC1', 'C=CCNC(=O)N(Cc1ccccc1)C(C)c1ccccn1', 'C=CCNC(=O)c1ccccc1NC(=O)c1cc2c(F)cccc2[nH]1', 'C=CCNS(=O)(=O)c1cccc(C(=O)N2CCC2)c1', 'C=CCNC(=O)c1ccccc1NC(=O)C1CCCCC1', 'C=CCNC(=O)c1ccc(NC(=O)NCC2(O)CCCCCC2)cc1']"
3229,1e-04,0.0,0.0,[]
3230,1e-04,0.0,0.0,[]
3231,1e-04,0.0,0.0,[]
3232,1e-04,0.0,0.0,[]
3233,0.0063,0.33887586,0.6973358988761902,"['CCCC1CN(Cc2cccc3[nH]ccc23)CCO1', 'CCCC1CN(C(=O)c2occc2Br)CCO1', 'CCCC1CN(C(=O)c2cccnc2OCC(F)F)CCO1', 'CC1CN(C(C)C(=O)Nc2ccccc2C#N)CCO1', 'CCCC1CN(C(=O)C(NC(=O)c2ccccc2)C(C)C)CCO1', 'CC1CN(CC(=O)Nc2ccccc2Cl)CCO1', 'CCCC1CN(C(=O)Nc2cnccc2C)CCO1', 'CC1CN(C(=O)C2(C#N)CCCCCC2)CCCO1', 'CC1(C)CN(C(=O)NCc2cccc(OC(F)F)c2)CCO1', 'CC1(C)CN(C(=O)Nc2ccccc2N2CCCCC2)CCO1']"
3234,1e-04,0.0,0.0,[]
3235,1e-04,0.0,0.0,[]
3236,1e-04,0.0,0.0,[]
3237,1e-04,0.0,0.0,[]
3238,1e-04,0.0,0.0,[]
3239,1e-04,0.0,0.0,[]
3240,0.0004,0.48258027,0.6333746314048767,"['CC(C)C(C)(C#N)NC(=O)COC(=O)CN1CCCCCC1=O', 'CCN(CC)C(=O)CC(C#N)C(=O)N1CCCC1', 'COc1cccc(CC(=O)N(CCC#N)C(C)C)c1', 'Cc1cccc(OCC(=O)N(CCC#N)C(C)C)c1']"
3241,1e-04,0.0,0.0,[]
3242,1e-04,0.0,0.0,[]
3243,1e-04,1.0,0.0,['CCNc1ccc(S(=O)(=O)N(C)C)cc1NCc1cccc(C)c1']
3244,0.0095,0.3707575,0.611652672290802,"['CC(O)c1ccc(SCc2ccco2)c(F)c1', 'CN(Cc1ccco1)C(=O)CN1C(=O)C(C)(C)c2ccccc21', 'COc1ccc(C2CC(=O)Oc3c2c(=O)oc2ccccc32)cc1', 'Cc1c(C)c2cc(Cl)c3c(c2oc1=O)CN(C1CC1)CO3', 'COc1cc(C(=O)N(C2CC2)C(C)c2ccco2)cc(OC)c1OC', 'Cc1ccc(C)c(OC(=O)C2CC(=O)N(Cc3ccco3)C2)c1C', 'Cc1ccc(CN2CC3CC(C(=O)Nc4ccccc4)C(C2)O3)o1', 'O=C(NC=Cc1ccco1)OCc1ccc(Cl)cc1', 'CC(=O)N1CC(C)(C)c2cc(S(=O)(=O)NCc3ccco3)ccc21', 'Cc1ccc(CC(=O)N(Cc2ccco2)CC(F)(F)F)cc1']"
3245,1e-04,0.0,0.0,[]
3246,0.1199,0.41949505,0.46194905042648315,"['CCCN(CC1CC1)S(=O)(=O)c1cccc(S(N)(=O)=O)c1', 'CS(=O)(=O)c1cc(S(=O)(=O)NCC2CC2)ccc1F', 'CCCN(CC1CC1)S(=O)(=O)c1ccc(F)c(S(C)(=O)=O)c1', 'CCCS(=O)(=O)N1CCN(S(=O)(=O)C2CC2)CC1', 'CCS(=O)(=O)c1ccc(S(=O)(=O)N=c2[nH]cc(C)s2)cc1', 'CNS(=O)(=O)c1ccc(S(=O)(=O)N2CCCC2(C)C)cc1', 'CS(=O)(=O)c1ccc(OS(=O)(=O)c2cn[nH]c2)cc1', 'Cc1ccc(=NS(=O)(=O)C2CS(=O)(=O)c3ccccc32)[nH]c1', 'CCC(C)(C)NS(=O)(=O)c1cccc(S(=O)(=O)NC2CC2)c1', 'CC1CCCN(c2ccc(S(C)(=O)=O)cc2S(C)(=O)=O)CC1']"
3247,0.0021,0.39225298,0.8208390474319458,"['O=C1CCC2CN(c3ncccc3Cl)CCC2N1CCCCO', 'O=C1NCC(c2cccs2)N1c1ccc(F)cc1', 'O=C1CC2(CCN(c3cnccn3)C2)CN1c1ccccc1', 'O=C1COC2CN(Cc3cccnc3)CC2N1Cc1ccccn1', 'O=C1C(Sc2nc(-c3cccnc3)n[nH]2)CCN1CC(F)(F)F', 'O=C1COC2CN(Cc3ccccn3)CC2N1Cc1ccc(F)cc1', 'O=C1CNc2cccc(Cl)c2N1CCc1ccccc1', 'O=C1c2cccnc2CN1CCOCc1ccc(Cl)cc1', 'O=C1c2nccnc2C(O)N1c1ccc(Br)cn1', 'O=C1C(c2ccccc2)Nc2ccccc2N1CC(O)CO']"
3248,1e-04,0.0,0.0,[]
3249,1e-04,1.0,0.0,['O=C1OC2CC3CC2C1C3C(=O)N1CCN(c2ccccc2F)CC1']
3250,0.0045,0.39383078,0.5652359127998352,"['C#CCCOc1ccc(CNc2ncccn2)cc1', 'C#CCNC(=O)C(C)Nc1ccc(S(C)(=O)=O)cc1', 'C#CCC(N)c1nc(-c2ccc(O)cc2O)cs1', 'C#CCNC(=O)c1cccnc1SC1CCCC1', 'C#CCN1CCN(C(=O)NCC2(CCC)CC2)CC1', 'C#CCCNC(=O)c1ccc(S(=O)(=O)N2CCCC2)cc1', 'C#CCNc1ccccc1CS(=O)(=O)c1ccccc1', 'C#CCOC(=O)CCCC(=O)Nc1ccccc1C', 'C#CCSc1nnc(CNC(=O)c2ccccc2)o1', 'C#CCNC(=O)NCc1ccc(S(=O)(=O)N2CCCC2)cc1']"
3251,0.2762,0.22959791,0.7959631085395813,"['Clc1cccc(-c2nccn2CCNc2cccnc2)c1', 'CC12CCC(C(=O)NCCN3CCOCC3)(OC1=O)C2(C)C', 'c1ccc2c(CNCCN3CCOCC3)cccc2c1', 'CC12CCC(C(=O)Nc3ccc4c(c3)OCO4)(CC1O)C2(C)C', 'Fc1ccc(OCC=CCN2CCOCC2)cc1', 'Nc1cccc2ccnc(C(=O)Nc3cccnc3)c12', 'Clc1ccc(Cl)c(CNc2cnns2)c1', 'Nc1cccc(CCC(=O)NCC2CCCCO2)c1', 'Clc1ccc2c(c1)CCCN2Cc1ccccn1', 'CC(C)(C)c1ccc(NCC(O)c2ccncc2)cc1']"
3252,1e-04,0.0,0.0,[]
3253,0.0019,0.33533254,0.8098955750465393,"['Cc1nn(CC(=O)N2CCOCC2)c(=O)c2cc3sccc3n12', 'Cc1nn(CC(=O)N2CCCCCC2)c(=O)c2nc(C(C)C)sc12', 'Cn1cc(C(=O)N2CCCCC2)c2nn(-c3ccccc3)c(=O)c-2c1', 'Cc1c(C)n(-c2ccccn2)c2ncnc(NCc3ccccn3)c12', 'O=c1c(=CC=Cc2ccccc2)sc2nc(-c3ccncc3)nn12', 'N#Cc1c(-c2cccnc2)nc2sc(-c3ccccc3F)nn12', 'CC(O)CNC(=O)c1cc(C2CC2)nc2onc(CC(C)(C)C)c12', 'Cc1nn(C(=O)c2ccccc2)c2nc3ccccc3nc12', 'Cc1nn(-c2ccccc2)c2ncc(C(=O)N(C)CC(N)=O)cc12', 'CSc1nc(N2CCOCC2)c2cnn(-c3ccc(C)cc3)c2n1']"
3254,1e-04,0.0,0.0,[]
3255,1e-04,0.0,0.0,[]
3256,0.0196,0.69498897,0.3631216883659363,"['CCOC(=O)c1sc(C=Cc2cncnc2)nc1C', 'CCOC(=O)COc1ccc(CO)cc1Br', 'CCOC(=O)C=C(C)NC(=O)c1ccccc1Cl', 'CCOC(=O)c1ccc2nc(C(C)O)sc2c1', 'CCOC(=O)c1nc2ccccc2c(Cl)c1N', 'CCOC(=O)c1cnc2ccc(Cl)cc2c1N(C)C', 'CCOC(=O)c1nnsc1NC(=O)Nc1ccncc1', 'CCOC(=O)c1cnc(CCOc2ccccc2F)nc1N', 'CCOC(=O)C(N)Cc1c(F)ccc2cccnc12', 'CCOC(=O)c1cnc2[nH]cc(-c3cn[nH]c3)c2c1']"
3257,1e-04,0.0,0.0,[]
3258,1e-04,1.0,0.0,['COc1cccc2c(NC(=O)COC(C)C)cc(C)nc12']
3259,1e-04,0.0,0.0,[]
3260,0.0088,0.3598197,0.6010636687278748,"['CCCOc1ccc(C)cc1C(O)CCN1CCOCC1', 'C=CCc1cccc(Cl)c1OCCn1ccnc1', 'COc1c(Cl)cc(C)cc1-c1csc(CC#N)n1', 'CCn1nc(C)c(Cl)c1C(=O)Nc1cccc(C(N)=O)c1', 'CCc1nn(C)c(CC)c1CN1CCNC(=O)CC1c1ccccc1', 'Cc1nn(C)c(C)c1CC(C)NC(=O)NC(C)c1ccccn1', 'Cc1nn(C)c(C)c1CCC(=O)NCCSc1ccccn1', 'COc1cccc(OC)c1C(=O)N1CCCc2cccc(N)c21', 'CCc1nn(C)c(CC)c1CN1CC(C)OCC1c1ccccc1', 'COc1ncnc(OC)c1CNc1ccccc1C']"
3261,1e-04,0.0,0.0,[]
3262,1e-04,0.0,0.0,[]
3263,0.0005,0.44937396,0.6317251324653625,"['CCN1CC2(CCC1=O)CCN(c1cc(C3CC3)ncn1)CC2', 'CCN1CC2(CCC1=O)CCN(C(=O)NCc1ccccc1C)CC2', 'CC1(C)OCC2(CO1)CN(C(=O)c1cnccn1)C2', 'CN1CC2CCC(CC1=O)N2C(=O)c1cc(=O)[nH]c2ccc(F)cc12', 'COc1ccc2c(c1)CC(NCc1cccc(OCC(N)=O)c1)CC2']"
3264,0.0002,0.5,0.0,"['COc1ccc2[nH]c3c(c2c1)CCN1C(=O)CNC(=O)C31C', 'Cn1c(=O)c(=O)n(C)c2cc3c(cc21)ncn3Cc1ccccc1']"
3265,0.003,0.20721366,0.9153497815132141,"['N#CCCn1ccc(=O)c2ccc(C(F)(F)F)cc21', 'COC(=O)C(C)n1c(=O)cc(C)c2cccc(OC)c21', 'CCn1c(C(N)=O)cc2cc(NC(=O)c3cccs3)ccc21', 'C=C(C)n1c(=O)n(C2CCCCC2O)c2ccccc21', 'CCCCC(=O)NCCCn1ccc2cccnc21', 'CC(=O)OCCCn1c(C)nc2cc(Cl)ccc21', 'CCCc1ccccc1-n1cnc2cc(N)ccc21', 'COC(=O)CCn1c(=O)cc(C(F)F)c2cn(C(C)C)nc21', 'COC(=O)Cn1c(C(C)=O)nc2cc(OC)ccc21', 'O=C(Cn1ccc2cc(Cl)ccc21)N1CCCCC1']"
3266,1e-04,0.0,0.0,[]
3267,1e-04,0.0,0.0,[]
3268,0.0064,0.6092042,0.48941195011138916,"['CN1CCc2nc(SCC(N)=O)c(C#N)cc2C1', 'CN1CCOC(CNCc2ccc(OCc3ccncc3)cc2)C1', 'CN1CCOC(CNCc2ccccc2N2CCOCC2)C1', 'CN1C(=O)C2(OCCCO2)c2cccc(Cl)c21', 'CN1C(=O)C(C(=O)Nc2ccccc2Br)c2ccccc21', 'CN1C(=O)COc2ccc(-c3nccc(N)n3)cc21', 'CN1C(=O)C(O)(CC(=O)c2cccs2)c2ccccc21', 'CN1CCOC2CN(c3ccc(Br)cc3C#N)CC21', 'CN1C(=O)OC(C)(CC(C)(C)c2ccccc2)C1(C)O', 'CN1CCOc2ccc(S(=O)(=O)NC3CCCC3)cc21']"
3269,1e-04,0.0,0.0,[]
3270,1e-04,0.0,0.0,[]
3271,0.0066,0.5636361,0.44368669390678406,"['CCOCCCNc1ncnc2c1nc1n2CCCC1', 'CCOCCC(=O)Nc1ccc(C(=O)NC)c(Cl)c1', 'CCOCCc1nnc(NC(=O)c2ccc(OC)cc2)s1', 'CCOCCC(=O)N1CCCC(c2cc(C(F)(F)F)[nH]n2)C1', 'CCOCCCNS(=O)(=O)c1ccc2c(c1)CCN2C(C)=O', 'CCOCCc1nnc(NC(=O)c2ccccc2F)s1', 'CCOCCCn1c(=NC(=O)c2ccnc(C)n2)[nH]c2ccccc21', 'CCOCC(=O)Nc1ccnc2ccc(Cl)cc12', 'CCOCCOc1ccccc1C(=O)Nc1nccs1', 'CCOCCCC(=O)Nc1cccc(C(N)=O)c1C']"
3272,0.0035,0.296787,0.6433043479919434,"['CN1CCN(CC(=O)c2ccc(F)cc2F)C1=O', 'CCC1Nc2cc(Br)ccc2N(COC)C1=O', 'CCC1Oc2ccc(N)nc2N(CC(C)C#N)C1=O', 'COc1ccccc1N1CCN(CC(=O)Nc2cccc(C)n2)C1=O', 'CCC1Oc2ccc(C)cc2N(CC(=O)NCCCOC)C1=O', 'CCC1Oc2ccc(C)cc2N(CCC(=O)N2CCNCC2)C1=O', 'CCC1Oc2cccc(N)c2N(Cc2ccc(F)cc2)C1=O', 'COCCN1CCN(C(=O)Cn2ccnn2)CC1=O', 'O=C(C1CCN(c2ccc(Cl)cc2)C1=O)N1CCCCCC1', 'COc1ccc(N2CCN(CC(=O)Nc3ccccc3)C2=O)cc1']"
3273,1e-04,0.0,0.0,[]
3274,1e-04,0.0,0.0,[]
3275,0.0021,0.33210728,0.6177036166191101,"['Cn1c(=O)n(Cc2ccc(OC(F)(F)F)cc2)c2cncnc21', 'CC(C)CCNC(=O)c1cc(-c2ccco2)nc2c(C(N)=O)ncn12', 'CC(C)CNC(=O)CN1C(=O)C(C)Oc2ccc(N)nc21', 'Cc1nc(NC2c3ccccc3CC2O)c2c(C)nn(C)c2n1', 'CC(=O)Nn1ccc2c(cnc3c(-c4ccccc4)c(C)nn32)c1=O', 'COc1ccc(-c2ccccc2OC(C)C(N)=O)c2ccc(C)nc12', 'CN(Cc1ccc(C(C)(C)C)cc1)Cc1nc(N)nc(N)n1', 'COC(=O)CCn1c(=O)cc(C(F)F)c2cn(C(C)C)nc21', 'Cc1cc(C(=O)OCCCc2cccnc2)c2c(C)nn(C)c2n1', 'Cc1cc(C(=O)N2CCOCC2C2CC2)c2c(C)nn(C)c2n1']"
3276,0.0003,0.642373,0.05348360538482666,"['CCOC(=O)c1c(C)c(C(=O)Nc2cccc(F)c2)c(C)n1CC', 'COC(=O)c1c(C)c(C(=O)CN(C)C(=O)C2CCC2)c(C)n1C', 'CCOC(=O)c1c(C)c(C(=O)NC2CCCCCC2)c(C)n1C']"
3277,1e-04,0.0,0.0,[]
3278,0.0029,0.34224623,0.7025814056396484,"['C=CCN1CC2(CCN(S(C)(=O)=O)CC2)OCC1=O', 'COCCN1Cc2cc(Cl)ccc2OCC1=O', 'CC(C)=CCN1CC2(CCN(c3ncccn3)CC2)CC1=O', 'CCC1Oc2c(cccc2OCc2ccccc2)NC1=O', 'CN1CCN(C(=O)Cc2cccc3ccccc23)CCC1=O', 'CCCCCCN1CC2(CCN(C(=O)c3cccnc3)CC2)OC1=O', 'CCN1CC(c2nc3ccccc3n2CC(=O)OC)CC1=O', 'COCCN1CCN(C(=O)NCCC2CC3CCC2C3)CC1=O', 'CCN1CC(c2nc3ccccc3n2Cc2ccccc2F)CC1=O', 'CC(C)CN1Cc2cc(NC(=O)c3cccs3)ccc2OCC1=O']"
3279,1e-04,0.0,0.0,[]
3280,0.0016,0.4859702,0.6095401048660278,"['CC(C)(C)NC(=O)c1cc2c(ccc3ccccc32)oc1=O', 'O=C(NCc1cscn1)c1cc2c(ccc3ccccc32)[nH]1', 'CC(=O)Nn1ccc2c(cnc3c(-c4ccccc4)c(C)nn32)c1=O', 'O=C(Nc1nc2c(ccc3ccccc32)s1)c1ccno1', 'COCCCn1ccc2c(cnc3c(-c4ccccc4)c(C)nn32)c1=O', 'CC1(C)CN(Cc2nc3c(oc4ccccc43)c(=O)[nH]2)CCO1', 'CCOC(=O)C(O)Cc1nc2c(ccc3ccccc32)o1', 'CCn1ccc2c(cnc3c(-c4ccc(F)cc4)c(C)nn32)c1=O', 'Cc1ccccc1-n1ccc2c(nnc3nc(C(F)(F)F)nn32)c1=O', 'CCC(C(=O)NC1CCCCC1)n1ncn2c(cc3occc32)c1=O']"
3281,1e-04,0.0,0.0,[]
3282,1e-04,0.0,0.0,[]
3283,0.0021,0.43689182,0.6876031756401062,"['Cc1cccc(C(C)C)c1NC(=O)Cc1nonc1N', 'Cc1cccc(C(C)C)c1NC(=O)CS(=O)(=O)c1ccccc1F', 'CC(Cc1ccc(C(C)C)cc1)NC(=O)NCc1ncn(C)n1', 'Cc1cccc(C(C)C)c1NCc1nnc(-c2ccccc2)n1C', 'Cc1cccc(C(C)C)c1NC(=O)N(C)Cc1ccc(O)cc1', 'Cc1cc(O)c(C(C)C)cc1NC(=O)c1ccncc1F', 'CCc1cccc(CC)c1NC(=O)c1ccccc1NS(C)(=O)=O', 'COc1cc(C)c(C(C)C)cc1S(=O)(=O)NCCO', 'CCc1cccc(CC)c1NC(=O)CSc1nnc(C2CC2)n1N', 'CN(Cc1ccc(C(C)(C)C)cc1)Cc1nc(N)nc(N)n1']"
3284,1e-04,0.0,0.0,[]
3285,0.262,0.25868955,0.6375683546066284,"['Cc1nnc(SCc2nc(-c3cccs3)no2)s1', 'Cc1cc(C(=O)CCC(=O)Nc2nnc(C(C)C)s2)c(C)s1', 'Cc1nc(CSc2nnc(NC(=O)C3CCC3)s2)cs1', 'Cc1nc(CSc2nnc(SCC(N)=O)s2)cs1', 'Cc1ccc(CNC(=O)c2nc(-c3cccs3)cs2)o1', 'Cc1nnc(SCC(=O)N(C)c2nc3ccccc3s2)s1', 'CCOc1nnc(CN2CCOC(c3nc(CC)n[nH]3)C2)s1', 'Cc1nc(-c2nnc(NC(=O)Nc3cccc(Cl)c3)o2)cs1', 'CCc1nnc(-c2cc(NC(=O)c3ccc(F)cc3)c(C)s2)o1', 'Cc1nnc(NC(=O)CCCc2nc3ccccc3s2)o1']"
3286,1e-04,0.0,0.0,[]
3287,1e-04,0.0,0.0,[]
3288,1e-04,0.0,0.0,[]
3289,1e-04,0.0,0.0,[]
3290,1e-04,0.0,0.0,[]
3291,0.0003,0.5813744,0.2074764519929886,"['Cn1c(=O)c2c(n(C)c1=O)n1c(-c3ccccc3)nnc1n2C', 'COc1cc2c(c(O)c1OC)c(=O)c1cccc(O)c1n2C', 'Cc1nn(C)c(C)c1Nc1nc2c(s1)c(C)nn2C']"
3292,0.1304,0.42970356,0.40743544697761536,"['Cc1nn(C)c2nc(N3CCCC3c3nc(C(C)C)no3)sc12', 'C=CCc1c(OCC(=O)NC2CC2)ccc2nc3n(c(=O)c12)CCC3', 'Cc1nn(C)c2sc(C(=O)N(C)C(C)C(C)(C)C)cc12', 'Cc1cc(=O)oc2c1c(C)nn2-c1ccc(C(N)=O)cc1', 'Cc1noc(C)c1CCNCc1cc(-c2ccccc2)cn2nnnc12', 'CCOC(=O)c1c(C)oc2nc(C)nc(NCc3ccccc3)c12', 'O=C(OCn1nnc2ccccc2c1=O)C1(c2ccccc2)CC1', 'O=C(Nc1cnc2ccccc2c1)c1ccc(-n2cncn2)nc1', 'CC(Oc1ccccc1)C(=O)NCC1(N2CCOCC2)CCCCC1', 'Cc1noc2ncc(C(=O)Nc3ccnn3CCc3ccccc3)cc12']"
3293,0.6904,0.25233895,0.6384700536727905,"['Cc1nn(C)c(C)c1Nc1nc2c(s1)c(C)nn2C', 'CCn1ncc(Br)c1C(=O)Nc1nc(C)cs1', 'Cc1cc(NC(=O)N(C)Cc2cnn(C)c2)n(C)n1', 'CSc1ccccc1NC(=O)Nc1c(C)n[nH]c1C', 'COc1c(NC(=O)Nc2cccc(Cl)c2N(C)C)c(C)nn1C', 'Cc1[nH]c(NC(=O)CSc2nccn2C)c(C#N)c1C', 'Cc1nn(C)c(Nc2cc(Cl)cc(Cl)c2)c1N', 'COc1cc(C)c(NC(=O)Nc2cnn(C)c2)cc1OC', 'CCn1cc(NC(=O)Nc2cc(C)ccc2OC)cn1', 'Cc1ccc(CN(C)C(=O)c2[nH]nc(C)c2Br)o1']"
3294,1e-04,1.0,0.0,['O=C(C1CCCCC1)N1CCc2c(nc(N3CCOCC3)[nH]c2=O)C1']
3295,1e-04,0.0,0.0,[]
3296,0.0005,0.3282833,1.028089165687561,"['Cc1ccc(CN2CC3CC(C(=O)Nc4ccccc4)C(C2)O3)o1', 'Cc1ccc(CN2CC3CC(C(=O)NCC(C)C)C(C2)O3)cc1', 'NC(=O)Nc1ccc(C(=O)Nc2ccc3c4c(cccc24)CC3)cc1', 'Cc1cc(C(=O)OCC(=O)NC23CC4CC(CC(C4)C2)C3)on1', 'CC(=O)Nc1cccc(CNC(=O)NC23CC4CC(CC(C4)C2)C3)c1']"
3297,1e-04,0.0,0.0,[]
3298,1e-04,1.0,0.0,['Cc1ccc(N2CCC3(CC2)CC(c2ccccc2)C(=O)N3)nn1']
3299,1e-04,0.0,0.0,[]
3300,1e-04,0.0,0.0,[]
3301,1e-04,0.0,0.0,[]
3302,1e-04,0.0,0.0,[]
3303,1e-04,0.0,0.0,[]
3304,0.0004,0.5505269,0.31398406624794006,"['CCCOC(=O)c1cc(-c2c(O)cc(O)cc2O)nn1CCO', 'COC(=O)c1c(O)cc(O)cc1CCc1ccc(O)cc1', 'O=c1c(-c2ccccc2)c(O)n(O)c2ccccc12', 'CCCCCNC(=O)c1ccc2[nH]c(=O)c(=O)[nH]c2c1']"
3305,1e-04,0.0,0.0,[]
3306,1e-04,0.0,0.0,[]
3307,1e-04,0.0,0.0,[]
3308,1e-04,0.0,0.0,[]
3309,1e-04,0.0,0.0,[]
3310,1e-04,0.0,0.0,[]
3311,1e-04,0.0,0.0,[]
3312,0.0002,0.5,0.0,"['CCC1(CC)Oc2ccc(C(C)=O)cc2N(CCCC#N)C1=O', 'CC1(C(=O)Nc2cccc(Cl)c2)Oc2ccccc2NC1=O']"
3313,0.2501,0.18010247,0.6317119598388672,"['CCc1cccc2c1N(CC(=O)Nc1nncs1)CC2', 'Cc1cc(=O)[nH]c(NCCNC(=O)Nc2ccc(C(C)(C)C)cc2)n1', 'Cc1ccc(C(C)(C)C(=O)NCCNC(=O)c2cccnc2)cc1', 'CC(C)(C)c1ccc(NCC(O)c2ccncc2)cc1', 'COCCCNC(=O)NCC(C)(C)c1ccc(Cl)cc1', 'O=C1CN(C(=O)CNC(=O)CC23CC4CC(CC(C4)C2)C3)CCN1', 'O=C(NCCO)C1CCCN1C(=O)C12CC3CC(CC(C3)C1)C2', 'CN(CCN1CCOCC1)C(=O)C1CC12CCCc1ccccc12', 'CNc1nc(-c2ccc(OC)cc2)c(C(C)=O)s1', 'Cc1cc(C(=O)NCC(O)c2ccc(C(C)C)cc2)on1']"
3314,1e-04,0.0,0.0,[]
3315,1e-04,0.0,0.0,[]
3316,1e-04,0.0,0.0,[]
3317,0.0024,0.38639316,0.6762108206748962,"['O=C(Cn1cnnn1)N1CCCCCC1C=Cc1cccs1', 'CCc1nc(NC(=O)CCC2Cc3ccccc3NC2=O)sc1C', 'COc1ccc(-c2nnc3sc(C=Cc4cccnc4)nn23)cc1', 'CCOC(=O)c1sc(C=Cc2cncnc2)nc1C', 'N#Cc1ccc(OC2CCC(NC(=O)C#Cc3ccccc3)CC2)nc1', 'CCc1nc2c(NC(=O)CCc3cccc(OC)c3)cccn2n1', 'COC(=O)C(C)Sc1nc(C=Cc2cccs2)n[nH]1', 'CCOC(=O)C=C(C)NC(=O)c1ccccc1Cl', 'CC1(C)COCCN1C(=O)C1CC1c1ccccc1C(F)(F)F', 'CC(=O)c1ccc(NC(=O)COC(=O)Cc2ccsc2)cc1']"
3318,1e-04,0.0,0.0,[]
3319,0.0054,0.5807916,0.3456302285194397,"['CC1(C)CC(=O)c2cnc(NCc3ccco3)nc2C1', 'CC1(C)CC(=O)c2cc(Cc3ccco3)c(=O)[nH]c2C1', 'CC1(C)OCC2(COC(c3ccccn3)N2)CO1', 'CC1(C)CN(Cc2ccccc2)c2cc(N)ccc2O1', 'CC1(C)CNC(=O)c2nc(CCc3ccco3)[nH]c2C1', 'CC1(C)CC(=O)c2cnc3nc(C4CCCCC4)nn3c2C1', 'CC1(C)C(C(=O)NCc2csc(=O)[nH]2)C1(C)C', 'CC1(C)C(=O)OCCN1C(=O)c1ccccc1Cl', 'CC1(C)OC2C(O)CC(NC(=O)OCc3ccccc3)C2O1', 'CC1(C)CCCN(C(=O)c2coc(=O)c(Br)c2)C1']"
3320,1e-04,0.0,0.0,[]
3321,1e-04,0.0,0.0,[]
3322,0.1159,0.2365861,0.6831004619598389,"['Cn1cc(C(=O)NCc2noc(C(C)(C)C)n2)c(C(C)(C)C)n1', 'COC1(C)CC(NC(=O)CCNC(=O)C(C)(C)C)C1(C)C', 'Cc1cc(NC(=O)C(C)(C)C)ccc1C(=O)N(C)C', 'Cc1cc(NC(=O)CN2CCOC(C)(C)C2)n(C(C)(C)C)n1', 'COc1ccccc1SCCC(=O)OC(C)(C)C', 'Cc1nc(CSc2ncc(C(C)(C)C)o2)no1', 'CN(CC(=O)NC1CCC(C)(C)c2ccccc21)C(=O)OC(C)(C)C', 'CC(C)(CNC(=O)OC(C)(C)C)NC(=O)C1CC=CC1', 'CC(Sc1ccncc1N)C(=O)NC(C)(C)C', 'CC1CNc2cc(NC(=O)OC(C)(C)C)ccc2O1']"
3323,1e-04,0.0,0.0,[]
3324,1e-04,0.0,0.0,[]
3325,0.0004,0.54588526,0.4105153977870941,"['O=c1n(CCC2OCCO2)nc(C2CC2)n1-c1ccccc1', 'O=c1n(CCSc2nc3ncc(Cl)cc3[nH]2)nc2ccccn12', 'O=c1c(Cc2ccc(Cl)cc2)nn2cnnc2n1CCO', 'O=c1oc(-c2ccco2)nn1Cc1cnn(-c2ccccc2)n1']"
3326,1e-04,0.0,0.0,[]
3327,1e-04,0.0,0.0,[]
3328,1e-04,0.0,0.0,[]
3329,1e-04,0.0,0.0,[]
3330,1e-04,0.0,0.0,[]
3331,1e-04,0.0,0.0,[]
3332,1e-04,1.0,0.0,['COc1ccc(NC(=O)N2CCN3C(=O)CNC(=O)C3C2)c(C)c1']
3333,1e-04,1.0,0.0,['COCC(=O)NC1CCC2(C)CCC3C(C)C(=O)OC3C2C1C']
3334,0.0005,0.43775588,0.7597079873085022,"['O=c1c2nnc3c(-c4ccccc4)cnn3c2ncn1C1CC1', 'O=c1c2cnn(-c3ccccc3)c2ncn1Cc1ccon1', 'O=c1c2cc3ccc(O)cc3oc-2nn1-c1ccc(F)cc1F', 'O=c1c2cc3ccccc3cc2ncn1CC(O)c1ccccc1F', 'O=c1c2cnc3ccnn3c2ccn1CCC1=CCCCC1']"
3335,0.0012,0.34506312,0.8537182211875916,"['CCOC(=O)c1cnn(-c2ccccc2)c1-n1cccc1', 'O=c1c(-c2ccccc2)c(O)n(O)c2ccccc12', 'CNC(=O)c1cnc(OC(C)(C)C)c(OC2CC2)c1', 'CC(C)n1c(-c2ccc(F)cc2)ccc(CO)c1=O', 'O=c1c2ccccc2c(-c2cccs2)nn1Cc1ccon1', 'CC(O)c1nc2cc(O)ccc2n1-c1ccccc1', 'CCn1c(-c2cccc(OC)c2)ccc(C(C)=O)c1=O', 'CC(=O)c1cn(-c2ccc(C)c(Cl)c2)c(C)cc1=O', 'CNC(=O)c1cn(Cc2ccccc2)c2ccccc12', 'COC(=O)c1nc2ccccc2c(C)c1C(=O)OC']"
3336,1e-04,0.0,0.0,[]
3337,1e-04,0.0,0.0,[]
3338,0.0207,0.22716966,0.8939626812934875,"['Cc1c(F)c(F)c(C(=O)N2CCN(C)CC2)c(C)c1Cl', 'CC(C)(C)Oc1c(F)cc(NC(=O)CCn2cccn2)cc1F', 'CCC1C(=O)Nc2c(F)cc(C(O)Cc3ccccc3)cc21', 'Nc1cc(F)c(S(=O)(=O)N2CCC(O)C2)c(F)c1', 'CCOc1ccc(F)c(C(=O)NCCC(=O)OC)c1F', 'Cc1ccc(F)c(C(=O)N(CC(N)=O)CC(C)C)c1', 'Cc1cc(F)c(S(=O)(=O)NC(C)CC2CCOC2)cc1F', 'Cc1ccc(F)c(NC(=O)N(C)CCCNC(=O)OC(C)(C)C)c1', 'CCOc1ccc(F)c(C(=O)Nc2ccccc2CC(=O)OC)c1F', 'Cc1ccc(F)c(S(=O)(=O)NC(C2CC2)C2CC2)c1']"
3339,1e-04,0.0,0.0,[]
3340,0.008,0.38319534,0.5993086695671082,"['CNc1nc(-c2ccc(OC)cc2)c(C(C)=O)s1', 'Cc1nc(-c2cc(Cl)ccc2N)sc1CCO', 'CCn1nc(-c2ccc(C)c(Cl)c2)cc(N)c1=O', 'COCCn1c(-c2ccc(C)c(C)c2)ccc(N)c1=O', 'CCn1c(-c2cccc(OC)c2)ccc(C(C)=O)c1=O', 'Nc1c(-c2ccc(Cl)cc2)noc1C(=O)N1CCOCC1', 'N#Cc1c(-c2ccc(Cl)cc2)ccnc1N1CCOCC1', 'COc1cn(-c2ccc(F)cc2)nc1C(=O)NCc1ccccc1', 'COCc1nc(-c2cc(OC)ccc2OC)sc1C#N', 'CCc1sc(-c2ccc(S(C)(=O)=O)cc2)cc1N']"
3341,1e-04,0.0,0.0,[]
3342,0.0073,0.77129257,0.15297158062458038,"['C#CCOC(=O)CCCC(=O)Nc1ccccc1C', 'C#CCC(OC(=O)c1ccc(NC(C)=O)cc1)c1ccccn1', 'C#CCNc1ccccc1CS(=O)(=O)c1ccccc1', 'C#Cc1cccc(NC(=O)NC2CCC(O)CC2)c1', 'C#CCC(N)c1nc(-c2ccc(O)cc2O)cs1', 'C#CCOc1cccc(NC(=O)NCC(O)c2ccccc2Cl)c1', 'C#CCOC(=O)c1cccc(NC(=O)NC2CC2)c1', 'C#CCCOc1ccc(CNc2ncccn2)cc1', 'C#Cc1cccc(N(C(=O)CCNC(=O)c2cccs2)C(C)C)c1', 'C#CCOc1ccc(C(=O)Nc2c(C)cccc2CC)cc1']"
3343,1e-04,0.0,0.0,[]
3344,1e-04,0.0,0.0,[]
3345,1e-04,0.0,0.0,[]
3346,1e-04,0.0,0.0,[]
3347,0.0113,0.43158358,0.6330415606498718,"['N#CC1(NC(=O)Cn2c(-c3ccccn3)noc2=O)CCCCCC1', 'N#CC1(NC(=O)CN2CCOC(c3nccs3)C2)CCCCCC1', 'CCNC(=O)C1(NC(=O)Cc2ccsc2)CCCCC1', 'CCOC(=O)C1(NC(=O)Cc2ccsc2)CCCCC1', 'NC(=O)C1(NCc2csc(Cc3ccccc3)n2)CCCCC1', 'CCNC(=O)C1(NC(=O)c2cnc3snc(C)c3c2)CCCCC1', 'N#CC1(C(=O)N2CCC(C(N)=O)CC2)CCCCC1', 'CCOC(=O)C1(N(C)Cc2ccc(C(=O)N(C)C)[nH]2)CCCCC1', 'COCCC1(CNC(=O)c2ccc(-n3ccnn3)cc2)CCCC1', 'COC(=O)C1(N(C)C(=O)c2ccc3cc[nH]c3c2)CCCCC1']"
3348,1e-04,0.0,0.0,[]
3349,0.0004,0.35493237,1.049933671951294,"['O=C(c1cccc(OCC(F)F)n1)N1CCOC(c2ccco2)C1', 'CN(CCOc1ccccc1F)c1cccnc1C#N', 'CSc1ccc(NCCOCC(F)(F)F)cc1', 'O=C(CCc1ccccc1F)OCc1ccccn1']"
3350,1e-04,0.0,0.0,[]
3351,0.0002,0.5,0.0,"['COC(=O)C(c1c(C)[nH]c2ccccc12)(C(C#N)C#N)C(F)(F)F', 'C=CCN(CC=C)C(=O)c1nn(-c2ccc(F)cc2)c2ncccc12']"
3352,0.0002,0.5,0.0,"['CC(C)Oc1ccccc1CN1CCOCC1C1CC1', 'CC1CC1CNS(=O)(=O)c1ccc(Br)cc1']"
3353,0.0043,0.39810416,0.6606506705284119,"['CCc1ccc2nc(NC(=O)c3cnccn3)sc2c1', 'CCc1ccc2nc(NC(=O)c3ccncc3)sc2c1', 'CCc1ccc2nc(NC(=O)c3ccc(C)[nH]c3=O)sc2c1', 'CC(=O)Nc1ccc2nc(SCC(=O)N3CCCCC3)sc2c1', 'CC(=O)Nc1ccc2nc(NC(=O)c3cc(C)cc(C)c3)sc2c1', 'Nc1ccc2nc(NC(=O)C3CCCO3)sc2c1', 'CC(=O)Nc1ccc2nc(NC(=O)CCc3ccccc3)sc2c1', 'CC(C)(C)c1cn2nc(Oc3cncc(C(N)=O)c3)sc2n1', 'CCC(=O)Nc1nc2cc3nc(NC(=O)CC)sc3cc2s1', 'COC(C)C(=O)Nc1ccc2nc(C3CC3)sc2c1']"
3354,0.2098,0.18423884,1.140186071395874,"['O=S1(=O)N=C(NC2CCc3ccccc32)c2ccccc21', 'O=C(Cn1ncc2ccc(Cl)cc21)NC1CCCc2ccccc21', 'COCCn1cc(CCNC(=O)C(C)C)c2cccnc21', 'Cn1c(-c2cccc(N)c2)nc2cc(Cl)cnc21', 'CCOC(=O)Cn1cc(C#N)c2c(C(F)(F)F)ccnc21', 'O=C(NC1CCSc2ccc(F)cc21)N1CCc2ccccc21', 'CN1C(=O)C2(N=C(N)NC(N3CCc4ccccc43)=N2)c2ccccc21', 'Cn1c(C(=O)NCC(=O)N2CCOCC2)cc2ccc(Cl)cc21', 'CC1CN(C(=O)c2ccc[nH]c2=O)c2ccccc21', 'Cn1ccc2cc(C(=O)NCc3cccnc3)ccc21']"
3355,1e-04,0.0,0.0,[]
3356,1e-04,0.0,0.0,[]
3357,0.0004,0.4186546,0.8255362510681152,"['CCOc1ccccc1OCCOc1cccc(C#N)c1', 'Cc1ccccc1S(=O)(=O)CCC(C)(C)C#N', 'C#CCCOc1ccc(CNc2ncccn2)cc1', 'CCc1ccccc1C(=O)OCC1(C#N)CCOCC1']"
3358,1e-04,0.0,0.0,[]
3359,0.0119,0.38899207,0.6019822955131531,"['CC(C)CNC(=O)NCc1cccc2cccnc12', 'O=C(NCc1cccc2cccnc12)c1ccncc1', 'CN(C)C(=O)CCOc1ccc(N)c2cccnc12', 'CCOC(C)C(=O)Nc1cc(C)cc2cccnc12', 'Cc1ncc(CNC(=O)COc2ccc(Cl)c3cccnc23)s1', 'CCc1cccc(C)c1NC(=O)NCc1cccc2cccnc12', 'CCCS(=O)(=O)NCc1cccc2cccnc12', 'O=C(COc1cccc2cccnc12)c1ccccc1', 'COC(=O)C(C)CNC(=O)Nc1cc(C)cc2cccnc12', 'CC(=O)NCCCNC(=O)Nc1cc(C)cc2cccnc12']"
3360,1e-04,0.0,0.0,[]
3361,0.0006,0.50487924,0.6583405137062073,"['O=C(NCC1CC1)C1CC2(CCCN(c3ncccn3)C2)CO1', 'CCN1CC23CN(C(=O)c4ccccc4)CC(CC2S1(=O)=O)O3', 'O=C(Nc1cccnc1)C1CC2CN(c3ncc(F)cn3)CC1O2', 'O=C(NCC1CC1)C1CCC2(CCN(C(=O)c3cccs3)CC2)O1', 'CN(C)C(=O)C1CC2CN(Cc3ccc(F)cc3)CC1O2', 'CNC(=O)C1CC2CN(Cc3ccc(F)cc3)CC1O2']"
3362,1e-04,0.0,0.0,[]
3363,1e-04,0.0,0.0,[]
3364,1e-04,0.0,0.0,[]
3365,1e-04,0.0,0.0,[]
3366,1e-04,0.0,0.0,[]
3367,0.0043,0.35694423,0.7745420336723328,"['COc1cc(C#N)ccc1OCCOc1ccc(C#N)cc1', 'COc1cc(CO)ccc1OCC(=O)OC(C)C', 'COc1cc(C#N)ccc1OCCn1nnnc1C(C)(C)C', 'COc1cc(C#N)ccc1OCCn1cnc(C2CCC2)cc1=O', 'COc1cc(C#N)ccc1OC(=O)c1cc(F)c(F)c(F)c1F', 'COc1cc(CO)ccc1OCC(=O)Nc1ccccc1', 'COc1cc(C#N)ccc1OCC(=O)NCc1cccs1', 'Cc1ccc(C#N)cc1NC(=O)c1ncccc1OCc1ccncc1', 'CCOc1cc(C#N)ccc1OCC(=O)N1CCCCC1', 'COc1cc(CO)cc2c1OC(C(C)C)C(=O)N2CC(C)C']"
3368,1e-04,0.0,0.0,[]
3369,0.0017,0.2720573,0.9991992115974426,"['OCc1cc2c(cc1OCc1cccnc1)OCO2', 'Nc1cc2c(cc1OCC1CCCCO1)OCCO2', 'Nc1cc2c(cc1Sc1ccccn1)OCCO2', 'CCCNC(=O)c1cc(Cl)c2c(c1)OCCO2', 'CCN(CC)C(=O)NCc1ccc2c(c1)OCO2', 'N#Cc1ccccc1OCc1cc(F)cc2c1OCOC2', 'CCC(=O)c1ccc2c(c1)N(CC(C)C)C(=O)CO2', 'O=C(NCCO)c1cc(Cl)c2c(c1)OCCO2', 'CC1CCC(Oc2cc3c(cc2N)OCCO3)CC1', 'CCCc1oc(-c2ccc3c(c2)OCO3)cc1CO']"
3370,1e-04,0.0,0.0,[]
3371,1e-04,0.0,0.0,[]
3372,1e-04,0.0,0.0,[]
3373,1e-04,1.0,0.0,['COC(=O)COc1cc2c(Cl)c(C#N)cnc2cc1OC']
3374,0.0003,0.3585366,1.2153897285461426,"['Cc1cc(CNc2cc(C(=O)N(C)C)ccn2)ccc1-n1cncn1', 'Cn1ncc(C(=O)Nc2ccnc3ccnn23)c1-n1cccc1', 'Cn1ncc(C(=O)NC2CCCc3occc32)c1-n1cccc1']"
3375,1e-04,0.0,0.0,[]
3376,1e-04,0.0,0.0,[]
3377,0.0026,0.3707703,0.7041965126991272,"['Cc1nc(=O)c2cccnc2n1C1=CCN(C(=O)c2ccccn2)CC1', 'COc1ccc2cnccc2c1N1CCN(C(=O)OC(C)(C)C)CC1', 'Cn1c(Cn2cccn2)nnc1C1CCCN(C(=O)c2ccoc2)C1', 'Cn1c(Cn2cncn2)nnc1C1CCN(C(=O)CO)CC1', 'Cc1cc(C)nc(Nc2nccnc2C2CCCN2C(=O)C(C)C)n1', 'O=C(Nc1nc2ncccn2n1)C1CCN(C(=O)c2ccco2)CC1', 'Cc1ccc(F)c(-n2nnnc2CN2CCN(C(=O)C(C)C)CC2)c1', 'Cc1cc(-c2cn(C)nc2C2CCCCN2C(=O)C2CCC2)on1', 'CCc1nc2ccccc2n1C1CCN(C(=O)Nc2ccncc2)CC1', 'Cc1cc(-c2c(C#N)c(N)nc3c2C2CCC(C3)N2C)ccc1F']"
3378,1e-04,0.0,0.0,[]
3379,1e-04,0.0,0.0,[]
3380,1e-04,1.0,0.0,['COc1ccc2[nH]c3c(c2c1)CCN1C(=O)CNC(=O)C31C']
3381,1e-04,0.0,0.0,[]
3382,1e-04,0.0,0.0,[]
3383,0.0018,0.5283057,0.5878109931945801,"['CCOC(=O)c1cccc2nc(C)n(-c3cccc(N)c3)c12', 'COc1cc(OC)c2nc(C)n(-c3ccccc3)c2c1', 'COc1cc2nc(-c3ccccn3)n(CCO)c2cc1OC', 'CCOC(=O)c1cccc2nc(C)n(CC(=O)OC)c12', 'Cc1cc2nc(SCC#N)n(C(C)C)c(=O)c2[nH]1', 'Cc1ccc2c(=O)nc(C)n(-c3ccccc3)c2n1', 'Cc1nc2ncnn2c2ccn(Cc3ccccn3)c(=O)c12', 'CCn1nc(C)c2nc(C)nc(Nc3cccc(C(N)=O)c3)c21', 'CC(=O)c1cc(-c2cc(C)n(C(C)C)c2C)n(C2CC2)c1C', 'COC(=O)c1cnc(C)n(Cc2cc(F)ccc2F)c1=O']"
3384,1e-04,0.0,0.0,[]
3385,0.0058,0.33724993,0.7499954700469971,"['COC(=O)C1(Nc2cccc(F)c2)CCOCC1', 'COC(=O)C1(CNC(=O)N(C)CC2CCC2)CCCC1', 'CN(C)C(=O)CC1(CC(=O)Nc2nccs2)CCCCC1', 'CCOC(=O)C1(NC(=O)C2CC=CC2)CCCCC1', 'CCOC(=O)C1(NC(=O)Cc2ccsc2)CCCCC1', 'CCNC(=O)C1(NC(=O)Cc2ccsc2)CCCCC1', 'COC(=O)C1(NC(=O)Nc2ccc(Cl)cc2Br)CC1', 'CCOC(=O)C1(N(C)Cc2ccc(C(=O)N(C)C)[nH]2)CCCCC1', 'COc1ccccc1C1(CCC#N)CCCCC1=O', 'N#CCC1(COC(=O)C2CC2c2ccc(F)cc2)CC1']"
3386,1e-04,0.0,0.0,[]
3387,1e-04,0.0,0.0,[]
3388,1e-04,0.0,0.0,[]
3389,1e-04,0.0,0.0,[]
3390,1e-04,0.0,0.0,[]
3391,0.0004,0.2562456,1.6687452793121338,"['CC1c2ccc3c(c2CN2CCc4cc5c(cc4C12)OCO5)OCO3', 'CCN1CC23CN(C(=O)c4ccccc4)CC(CC2S1(=O)=O)O3', 'CCc1noc(C)c1C(=O)Nc1cc2c(cc1C(C)=O)OCO2', 'CCc1nc2cc3c(cc2n1Cc1cccc(C#N)c1)OCO3']"
3392,1e-04,0.0,0.0,[]
3393,0.0068,0.3089415,0.7541167736053467,"['CC(C)C(C)NC(=O)CN(C)c1ccc(Cl)cn1', 'CC(C)C(C)(C#N)NC(=O)COC(=O)CN1CCCCCC1=O', 'CC(O)CC(C)(C)CNC(=O)c1ccnc(OC2CCC2)c1', 'CC(O)CC(C)CNC(=O)Nc1ccc2oc(C(F)(F)F)nc2c1', 'CC(C)C(C)(C#N)NC(=O)CSc1cccc2cccnc12', 'CC(C)(C)C(C#N)NC(=O)c1ccnc(OC2CCC2)c1', 'CC(C)CC(C)Nc1ccc(S(C)(=O)=O)cc1N', 'CC(O)CC(C)CNC(=O)c1ccnc(OC2CCC2)c1', 'CC(C)C(C)NC(=O)c1cn(-c2ccccc2)nn1', 'CC(O)CC(C)(C)CNC(=O)c1c[nH]c2cccc(F)c12']"
3394,0.1003,0.40664297,0.4409116804599762,"['O=C(Nc1cn[nH]c1)C1CC1c1ccc(Cl)cc1', 'O=C(Nc1cn[nH]c1)c1ccn(-c2ccccc2F)n1', 'O=C(Nc1nc[nH]n1)c1cc(-n2cnnn2)ccc1F', 'O=C(Nc1cc[nH]n1)c1cnc(Cc2ccccc2)s1', 'c1cc(-c2n[nH]cc2-c2ccc3nccn3c2)ccn1', 'O=C(Nc1cn[nH]c1)N1CCN(c2ccccc2)CC1', 'O=C(CCc1c[nH]c2ccccc12)N1CCOCC1', 'CCOc1ccc(N)cc1COCC1CCOC1', 'Cn1ccsc1=NC(=O)CNC(=O)c1cc(F)cc(F)c1', 'O=C(NCC1CN2CCCC2CO1)c1ccccn1']"
3395,1e-04,0.0,0.0,[]
3396,1e-04,0.0,0.0,[]
3397,0.0438,0.39522767,0.4894827604293823,"['Cn1ncc2c(N3CCC4(CC3)OCCO4)ncnc21', 'O=C(NCC1CN2CCCC2CO1)c1ccccn1', 'COc1cc(CNc2cc(C)no2)ccc1Cl', 'O=C(Nc1nnc(C2CC2)s1)C1CCOCC1', 'CCC(C)N(Cc1nc(C)no1)Cc1nc(C)no1', 'CN(Cc1ccc2c(c1)OCO2)C(=O)CC1(O)CCCCC1', 'O=C(OCc1nc2ccccc2o1)C1(O)CCCC1', 'O=C(c1ccc2c(c1)OCO2)N1CCCCC1CO', 'O=C(CCc1nc2ccccc2[nH]1)CCc1nc2ccccc2[nH]1', 'O=C(CCC(=O)Nc1nccs1)NCC1CCC1']"
3398,0.0071,0.42295095,0.7555428147315979,"['Cc1cc(CNC(=O)CCNC(=O)Cc2ccccc2)c(C)o1', 'Cc1cc(C(C)Nc2ccc(C#N)cc2Cl)c(C)o1', 'Cc1cc(C(=O)CCC(=O)NC2CCC(C)CC2)c(C)s1', 'Cc1cc(S(=O)(=O)NCCc2cnn(C)c2)c(C)s1', 'Cc1cc(C(=O)N2CCN(Cc3ccncc3)CC2)c(C)o1', 'Cc1cc(C(=O)CCC(=O)Nc2nnc(C(C)C)s2)c(C)s1', 'Cc1cc(C(=O)N(C)CCc2ccc(F)cc2)c(C)s1', 'Cc1nc(CNC(=O)CCc2ccccc2)c(C)s1', 'Cc1cc(S(=O)(=O)N2CCC(C(N)=O)CC2)c(C)s1', 'Cc1cc(C(=O)NC2CCCN(c3ncccn3)C2)c(C)s1']"
3399,0.0002,0.5,0.0,"['CCOc1c(Nc2ccc(Cl)cc2C)c(=O)c1=O', 'COCCCNc1c(-c2cc(C)c(C)cc2C)c(=O)c1=O']"
3400,1e-04,0.0,0.0,[]
3401,1e-04,0.0,0.0,[]
3402,0.0008,0.39990777,0.8503360748291016,"['CC1CCCC(NC(=O)CSc2nnc(-c3ccco3)n2N)C1C', 'CC1CCCC(NC(=O)N(C)Cc2ccccn2)C1C', 'CC1CCCC(NS(=O)(=O)c2ccccc2)C1C', 'CC(=O)N1c2ccc(NC(=O)CN3CC(C)OC(C)C3)cc2CC1C', 'CC1CCCN(C(=O)Nc2cc(F)c(F)c(F)c2)C1CO', 'CC(O)CN1CCN(CC(=O)N(Cc2ccccc2)C2CC2)CC1C', 'CC1CCC(COC(=O)CN2CCOCC2)C(C)C1', 'CC1CCN(C(=O)CCc2nc(-c3cccnc3)no2)C(C)C1']"
3403,0.0052,0.29147962,0.7949743866920471,"['O=c1ccnc(Cc2ccc(Br)cc2)[nH]1', 'Cc1cc(=O)cc(C2CCCN(C(=O)c3cccc(F)c3)C2)[nH]1', 'O=c1nncc(N2CCN(C(c3ccccc3)c3ccccc3)CC2)[nH]1', 'CCOC(=O)c1csc(=NC(=O)C2CC(=O)N(C(C)(C)C)C2)[nH]1', 'Cc1cccc(=NS(=O)(=O)Cc2ccccc2Cl)[nH]1', 'O=C(CSc1ncc(-c2ccc(F)cc2)[nH]1)NCc1ccccc1', 'O=c1cc(-c2ccncc2)nc(Nc2ccccc2)[nH]1', 'COC(=O)c1cc(CNc2ccc3c(c2)COC3)c[nH]1', 'O=c1ncc(-c2ccc(OCc3ccccc3)cc2)c[nH]1', 'Cc1csc(=NC(=O)c2cc(-n3cnnn3)ccc2Cl)[nH]1']"
3404,1e-04,0.0,0.0,[]
3405,1e-04,0.0,0.0,[]
3406,1e-04,0.0,0.0,[]
3407,1e-04,0.0,0.0,[]
3408,1e-04,0.0,0.0,[]
3409,1e-04,0.0,0.0,[]
3410,0.0003,0.4610835,0.6305550336837769,"['CC(C)(C)c1nnc(NCCN2CCNC2=O)o1', 'CC(C)c1c(C(=O)NCCO)nnn1-c1ccc(Cl)cc1', 'Cc1ccc(CNC(=O)c2ccc(CNC(N)=O)cc2)c(C)c1']"
3411,0.0034,0.36887917,0.6646710634231567,"['COc1cc(OC)cc(C(C(C#N)C#N)C2NC(C)=NC2=O)c1', 'COc1ccc(C(O)C(C)NC(=O)Nc2cc(C)ccc2OC)cc1', 'COc1cc(N2CCC3(CC2)NC(=O)CC3c2cnn(C)c2)ncn1', 'CCc1ccc(O)c(C(=O)N(C)CCN(C)C(=O)OC(C)(C)C)c1', 'COc1cc(F)c(C(C)NC(=O)Cc2c(C)nn(C)c2C)cc1OC', 'Cc1cccc(OCC(O)CNC(=O)Nc2ccc3c(c2)COC3)c1', 'Nc1cc(N2CCC(CO)(CCOc3ccccc3)CC2)nc(N)n1', 'COc1ccc(OC(C)CNC(=O)Nc2ccc3c(c2)COC3)cc1', 'COc1ccc2c(c1)N(Cc1cccc(C(N)=O)c1)CC(C)O2', 'CC1(C)CN(C(=O)CCNC(=O)c2ccc3ccccc3c2)CCO1']"
3412,1e-04,0.0,0.0,[]
3413,0.0039,0.28612864,0.734264612197876,"['CCn1nnc2cc(C(=O)NC3(C(=O)OC)CCCC3)ccc21', 'COC(C)c1nc(CNC2(C(N)=O)CCCCC2)cs1', 'CCOc1cc(C(=O)N(C)C2(C(=O)OC)CCCCC2)ccn1', 'CN(C)c1cc(C(F)(F)F)nc(NCC2(C(N)=O)CCOCC2)n1', 'Cc1noc(C)c1CN(C)C(=O)C1(NS(C)(=O)=O)CCCCC1', 'N#Cc1ccc(O)c(NC(=O)C2(C#N)CCCCC2)c1', 'CCNC(=O)NC1(C(=O)Nc2nccs2)CCCC1', 'N#Cc1cc(F)ccc1CNC1(C(=O)NCC2CC2)CCCC1', 'COc1ccc(F)cc1NC(=O)C1(C#N)CCCCC1', 'Cc1csc(N2CCN(C(=O)C3(C#N)CCCCC3)CC2)n1']"
3414,1e-04,0.0,0.0,[]
3415,1e-04,0.0,0.0,[]
3416,0.0002,0.5,0.0,"['CC1(C(=O)NCc2cccs2)CC1(Cl)Cl', 'O=C1NCCNC1c1ncccc1Br']"
3417,0.1557,0.46293104,0.41315796971321106,"['C=CCOCC12CCCOC1CCN(C(=O)c1ccco1)C2', 'Cn1cccc1C=c1sc2nc3ccccc3n2c1=O', 'Cc1c(Br)cccc1Cn1nnnc1C', 'N#Cc1ccccc1CSc1n[nH]c(=O)n1CC1CCCO1', 'Cc1ncnc(N(C)Cc2n[nH]c3c2CCCCC3)c1C', 'CCCCn1nnnc1CSc1nc2ccccc2o1', 'O=C(Nc1ccccc1C1=NCCO1)c1ccccc1O', 'CC1(C(=O)NCCSc2cn[nH]n2)CCCCO1', 'Clc1cccc2c1CCNC2c1ccc2nc[nH]c2c1', 'Fc1cccc2c1CCNC2CCc1ccccc1']"
3418,0.0005,0.27508137,1.2725484371185303,"['CC1=CC(C)C2(CO)COC(c3ccco3)C1C2C', 'CC1(C)CN(C(=O)NCc2cccc(OC(F)F)c2)CCO1', 'O=C1CC(=O)CC(c2ccccc2C(F)(F)F)C1', 'CC1(C)CN(Cc2ccccc2)c2cc(N)ccc2O1', 'CC1CN(CCOc2ccccc2)CCN1CC(O)c1ccccc1']"
3419,0.0034,0.4411744,0.5643436312675476,"['CCN(CC(C)(C)O)C(=O)Cc1cccc(Cl)c1', 'CCN(CC(C)C#N)C(=O)CSc1nccc(C(F)(F)F)n1', 'Cc1cnc2n(c1=O)C(CC(=O)Nc1ccccc1C(N)=O)CS2', 'CCN(CC(=O)OC)S(=O)(=O)c1cc(N)cs1', 'Cc1cc(CCC(N)=O)nc2cc(C(F)(F)F)ccc12', 'Cc1cc(CC(N)=O)nc2cc(C(F)(F)F)ccc12', 'CCC(NC(N)=O)C(=O)Nc1ccc2ccccc2n1', 'CN(CC(N)=O)S(=O)(=O)Cc1cccc2cccnc12', 'N#CCCN(CCC#N)c1ncnc(Sc2ccccc2)c1N', 'CCN(CC(F)(F)F)C(=O)c1cnc2ccccn2c1=O']"
3420,1e-04,0.0,0.0,[]
3421,1e-04,0.0,0.0,[]
3422,0.0525,0.32368684,0.4758913516998291,"['Cc1ccc(CCc2nc3ncc(N)cc3[nH]2)cc1', 'Cc1ccc(C(O)C2NCCc3c2ccc(F)c3O)cc1', 'Cc1ccc(CNC(=O)Nc2c(C)noc2C)cc1', 'Cc1ccc(CNC(=O)CCC(C#N)c2ccco2)cc1', 'Cc1ccc(Cn2nnc3c(NC4CC4)nc(C)nc32)cc1', 'Cc1ccc(CNC(=O)CN2CCOCC2C2CC2)cc1', 'Cc1ccc(CCC2CCN(S(C)(=O)=O)CC2)cc1', 'Cc1ccc(CCCC(=O)N2CCN(C(=O)N(C)C)CC2)cc1', 'Cc1ccc(CNC(=O)C2COc3ccccc3C2)cc1', 'Cc1ccc(Cn2cc(NC(=O)c3ccn(C)n3)cn2)cc1']"
3423,0.0006,0.27101377,1.235838770866394,"['COc1cc(N)c2ncccc2c1Br', 'COCCCCNc1cc(Br)ccc1OC', 'Cn1cnnc1Cc1ccc(Br)cc1', 'Cn1cnnc1Cc1cccc(Br)c1', 'Cc1ccc(OCCCCO)c(Br)c1', 'Brc1ccc(Oc2cnccn2)cc1']"
3424,0.0002,0.5,0.0,"['CCN1CC23CN(C(=O)c4ccccc4)CC(CC2S1(=O)=O)O3', 'CC(=O)OC1CC2CCC1N(Cc1ccccc1)C2=O']"
3425,1e-04,0.0,0.0,[]
3426,0.0369,0.27739206,0.5509650111198425,"['Cc1nccn1-c1ccc(Br)c(N)c1', 'CC(=O)NC1=NC(=O)C2=NCN(COCCO)C2=N1', 'Oc1ccc(CCCNc2ccc3cn[nH]c3c2)cc1', 'COCCC(=O)N(C)Cc1cc(N)ccc1Cl', 'Clc1cc(NCc2nccs2)nc2[nH]ccc12', 'Cc1ccc(-c2nnco2)cc1NCc1ccsc1', 'CCC1CCCN(C(=O)c2nc(N)ccc2Cl)C1', 'CN(C)C(=O)CCOc1ccc(N)c2cccnc12', 'COC(CNC(=O)Nc1c(C)n[nH]c1C)c1ccccc1', 'CC(C)c1ccc(CNc2c(C#N)cnn2C)cc1']"
3427,1e-04,0.0,0.0,[]
3428,1e-04,0.0,0.0,[]
3429,1e-04,0.0,0.0,[]
3430,0.0266,0.27829045,0.6673285365104675,"['CC(CNC(=O)c1csnn1)c1nc2ccccc2s1', 'CC(NC(=O)c1cccs1)c1nc2ccccc2o1', 'O=C(NCCc1ccccc1)c1nc2c(F)cccc2s1', 'O=C(OCCc1cccs1)c1cnc2n(c1=O)CCS2', 'O=C(NCCCOCc1ccco1)c1n[nH]c2ccccc12', 'CC(NC(=O)c1ccco1)c1nc2ccccc2n1C', 'O=C(NCCCn1cccn1)c1nc2ncccn2n1', 'CC(NC(=O)Cc1c[nH]c2ccccc12)c1nc2ccccc2[nH]1', 'CC(NCc1c(F)cccc1Cl)c1nnc2ccccn12', 'CC(NC(=O)c1cc[nH]n1)c1noc(Cc2ccccc2)n1']"
3431,1e-04,0.0,0.0,[]
3432,0.0002,0.5,0.0,"['COC(=O)C1OC(c2ccccc2)OC1C(=O)OC', 'O=C(COc1ccc(F)cc1)N1CC2COCC2(COCC2CC2)C1']"
3433,1e-04,1.0,0.0,['O=C(Cn1cc2ccccc2n1)NC1CC2C(=O)NCC(=O)N2C1']
3434,1e-04,0.0,0.0,[]
3435,0.004,0.20916376,1.092578411102295,"['N#Cc1c(N)nc(N2CCOCC2)c(C#N)c1C(=O)c1ccccc1', 'CCOc1nc(N)c(C#N)c(-c2ccc(C(F)(F)F)cc2)c1C#N', 'COCc1cc(C)nc(SCC(=O)N2CCCC2)c1C#N', 'CCOc1nc(N)c(C#N)c(-c2ccccc2Cl)c1C#N', 'CCSc1nc(N)c(C#N)c(-c2ccc(C)cc2)c1C#N', 'COC(=O)c1c(C)nn(-c2ccc(F)cc2)c1-n1cccc1', 'Cc1nc(N)n(CC(=O)NC2CCCCC2)c(=O)c1C', 'Cc1sc(NC(=O)c2ccc3c(c2)OCO3)c(C(N)=O)c1C', 'Cc1nc(C(F)(F)F)nc(N2Cc3cnn(CCO)c3C2)c1C', 'Cc1nnc(NCc2ccccc2F)c(C#N)c1C']"
3436,1e-04,0.0,0.0,[]
3437,0.0011,0.51687014,0.49592819809913635,"['Cn1c(=O)c2[nH]c(C3CCCCC3)nc2n(C)c1=O', 'Cn1c(=O)c2c(nc(C3CCCCC3)n2C)n(C)c1=O', 'Cn1c(=O)c2c(nc(N3CCCC3)n2CC(O)CO)n(C)c1=O', 'Cn1c(=O)c2c(nc(N)n2Cc2cccc3ccccc23)n(C)c1=O', 'C=CCn1c(=O)c2c(nc(-c3ccccc3)n2C)n(C)c1=O', 'CCn1c(=O)c2c(ncn2Cc2ccccc2)n(-c2ccccc2)c1=O', 'Cn1c(=O)c2c(n(C)c1=O)n1c(-c3ccccc3)nnc1n2C', 'Cc1cccc(Cn2c(=O)c3c(nc4[nH]c(C)cn43)n(C)c2=O)c1', 'CCCn1c(=O)c2c(nc3n(C)c(C)c(C)n23)n(C)c1=O', 'Cn1nc2n(Cc3ccc(Cl)cc3)c(=O)c3sccc3n2c1=O']"
3438,1e-04,0.0,0.0,[]
3439,1e-04,1.0,0.0,['Cc1cc(C(F)(F)F)nn1CC(C)C(=O)Nc1ccn(C)n1']
3440,1e-04,0.0,0.0,[]
3441,1e-04,0.0,0.0,[]
3442,0.0178,0.2995819,0.7222782373428345,"['CC(C)C(CNC(=O)Cc1ccc[nH]1)c1cccnc1', 'Cc1ccc(Br)cc1S(=O)(=O)NCc1ncc[nH]1', 'O=C(COc1ccc(Br)cc1F)c1ccc[nH]1', 'O=C(COC(=O)c1cc2c(s1)CCC2)c1ccc[nH]1', 'O=C(CCCc1cccs1)N1CCCC(c2ccn[nH]2)C1', 'CC(C)Oc1ccc(NC(=O)NCc2ncc[nH]2)c(C(F)(F)F)c1', 'CCN(CC1COc2ccccc2O1)C(=O)Cc1ccc[nH]1', 'O=C(CN1CCN(c2ccc(O)cc2)CC1)c1ccc[nH]1', 'CN(CCOc1ccccc1F)C(=O)c1ccc[nH]1', 'Cc1cc(C(=O)N2CCOCC2)ccc1NC(=O)NCc1ncc[nH]1']"
3443,1e-04,0.0,0.0,[]
3444,1e-04,0.0,0.0,[]
3445,1e-04,0.0,0.0,[]
3446,0.0002,0.5,0.0,"['C#CCNC(=O)c1ccc2c(c1)S(=O)(=O)N=C1CCCCCN12', 'CC1CCN(C(=O)c2ccc3c(c2)NC(=O)C2CCCCN32)CC1']"
3447,1e-04,1.0,0.0,['CC(C)NC(=O)C1Cc2cc(C(F)(F)F)ccc2N2CCCC12']
3448,0.3205,0.19340068,0.8965111374855042,"['N#Cc1c(N)nc2c(c1N)CC(=O)N2c1ccccc1', 'N#CCCN(CCC#N)c1ncnc(Sc2ccccc2)c1N', 'N#Cc1c(N)nc2c(c1N)CC(=O)N2c1ccc(F)cc1', 'Cc1ccc(-c2nnc(-c3ccc(C)c(N)c3)o2)cc1N', 'Nc1ncnc(Nc2cccc(Br)c2)c1N', 'N#Cc1cnc(CCOc2ccccc2Cl)nc1N', 'Nc1cc(N)nc(SCCCc2ccccc2)n1', 'N#Cc1cnc(CCOc2cccc(Cl)c2)nc1N', 'Cc1nnc(Sc2ccc(C(N)=O)cc2N)n1N', 'N#CCSc1nnc(COc2ccc(F)cc2)n1N']"
3449,0.0016,0.51035035,0.47838351130485535,"['Cc1cnnn1CC1CCC2C1OCCN2Cc1ccco1', 'CN(C)C(=O)C1CC2CN(Cc3ccc(F)cc3)CC1O2', 'CNC(=O)C1CC2CN(Cc3ccc(F)cc3)CC1O2', 'O=C(c1ccoc1)N1CC2CC1CC2NS(=O)(=O)c1ccccc1', 'CCOC(=O)C1CC2CN(C(=O)OCC)CC2N1', 'C=CCOC1CCC2C1OCCN2C(=O)c1ccoc1', 'Cc1nccn1Cc1cccc(CNC(=O)C2CC3CCC2O3)c1', 'CC(=O)OC1CC2CCC1N(Cc1ccccc1)C2=O', 'O=C(Nc1ncc(Cc2ccccc2F)s1)C1CC2CCC1O2', 'O=C(Nc1ccc(OCC2CCOCC2)cc1)C1CC2CCC1O2']"
3450,0.0003,0.5096193,0.4358125329017639,"['COC(=O)C1=C(C)NC(=O)NC1c1ccsc1', 'COC(=O)C1=C(C)NC(=O)NC1c1cccc(C)c1', 'COC(=O)C1=C(C)N(C2CC2)C(=O)NC1c1ccc(F)cc1F']"
3451,1e-04,0.0,0.0,[]
3452,0.0029,0.34183893,0.6352434158325195,"['CN(C)C(CNCc1cccc2c1OCO2)c1ccccc1', 'CN(C)c1cccc(OCCc2nnc(CCO)o2)c1', 'CCN(CC)c1ncnc2c1c(N)nn2CCO', 'CN(C)c1cccc(OCC(CC#N)N2CCOCC2)c1', 'CN(C)c1c(Cl)cccc1NC(=O)c1cnns1', 'CN(C)S(=O)(=O)NC(Cc1ccccc1)C1CC1', 'CN(C(=O)NCc1ccccc1F)C1CCCC1', 'CN(C)C(CNC(=O)c1ccc(F)cc1F)c1cccs1', 'CN(C)S(=O)(=O)NCc1ccnc(OC2CCC2)c1', 'CN(C)c1cccc(OCCC(=O)N2CCNCC2)c1']"
3453,0.0015,0.33663028,0.7684774994850159,"['CCc1nn2c(N)c(-c3nc(N)cs3)nnc2c1-c1ccccc1', 'Cc1nc2c(c(=O)c3ccccc3n2C)c(=O)n1Cc1ccco1', 'Cc1cn2c3c(=O)n(C)c(=O)n(C)c3nc2n1C1CCCCC1', 'O=c1[nH]c2scc(-c3ccco3)c2c(=O)n1CCCO', 'Cc1[nH]c2c(-c3cccnc3)cnn2c(=O)c1C1CCCC1', 'COC(=O)c1cc2c(=O)n(-n3cnnc3)ccc2nc1C=CN(C)C', 'Cn1nc2n(Cc3ccc(Cl)cc3)c(=O)c3sccc3n2c1=O', 'Cc1nn2c(NCCc3cnccn3)cc(-c3ccccc3)nc2c1C', 'Cc1oc2c(C(=O)OCCN3CCOCC3)cccc2c(=O)c1C', 'CCc1c(C)nc2cc(-c3ccoc3C)nn2c1NCCOC']"
3454,0.0129,0.3251981,0.8545963764190674,"['O=C(CCc1nc2ccccc2s1)Nc1nccs1', 'N#Cc1nccnc1Sc1nc2ccccc2s1', 'CC(=O)N1CCCC1C1CCCN1c1nc2ccccc2s1', 'Cn1ccc(C(=O)Nc2nc(-c3nc4ccccc4s3)cs2)n1', 'COc1ccc(C2NC(=O)NC=C2c2nc3ccccc3s2)cc1', 'OCCC1CCCCN1c1nc2ccccc2s1', 'CC(=O)NCC(=O)N1CCCC1c1nc2ccccc2s1', 'COc1ccccc1NCC(=O)NCCc1nc2ccccc2s1', 'N#CCCCOc1cccnc1NC(=O)c1nc2ccccc2s1', 'O=C(c1cccnc1)N1CCCCC1c1nc2ccccc2s1']"
3455,1e-04,0.0,0.0,[]
3456,0.0194,0.3410299,0.7253717184066772,"['CC(Oc1cccc(F)c1)C(=O)Nc1nccs1', 'CC(Cc1ccccc1F)C(=O)Nc1ccc(N2CCOCC2)cn1', 'CC(Sc1ccccc1)C(=O)NCC(C)N1CCOCC1', 'CC(Oc1ccc(Cl)cc1)C(=O)N1CCCCC1', 'CCC(OC1CCCCC1)C(=O)Nc1cnn(-c2ccccn2)c1', 'CC(Oc1ccc(Cl)cc1Cl)C(=O)Nc1ccncc1', 'CC(Oc1ccc(F)cc1)C(=O)Nc1nnc(C(C)C)s1', 'CC(Oc1ccccc1Cl)C(=O)N1CCN(CCC#N)CC1', 'CCC(Oc1ccccc1Cl)C(=O)N1CCC(C(N)=O)CC1', 'CC(Sc1ccccn1)C(=O)Nc1nc(C(C)C)cs1']"
3457,1e-04,0.0,0.0,[]
3458,1e-04,0.0,0.0,[]
3459,1e-04,0.0,0.0,[]
3460,1e-04,1.0,0.0,['O=C(NCCO)c1cc(Cl)c2c(c1)OCCO2']
3461,0.0002,0.5,0.0,"['CCCn1ccnc1-c1nccn1Cc1ccccc1-n1cncn1', 'Cc1nc[nH]c1-c1nccn1-c1ccc(-n2cncn2)cc1']"
3462,1e-04,0.0,0.0,[]
3463,1e-04,0.0,0.0,[]
3464,0.0034,0.28251633,0.7325952649116516,"['COc1cc(NC(=O)C2CC2)c(C(O)C2CC2)cc1OC', 'COC(=O)c1cc(NC(=O)NCc2ccccc2F)c(F)cc1F', 'Nc1cc(Cl)c(NC(=O)Cn2ccsc2=O)c(Cl)c1', 'Cc1cc(-c2n[nH]c3cc(N)ccc23)c(O)cc1Cl', 'Cc1cc(C(=O)Cn2cncn2)c(C)n1CCC(C)C', 'CC(C)c1cc(C(=O)N2CCC(C(N)=O)CC2)c(O)c(C(C)C)c1', 'COc1cc(NC(=O)c2ccc(N)nn2)c(OC)cc1Cl', 'CCCc1cc(NC(=O)c2cccnc2OCC(F)F)n[nH]1', 'COc1cc(OC)c(NC(=O)NCCc2ccccc2F)cc1F', 'COc1c(NC(=O)Nc2cccc(Cl)c2N(C)C)c(C)nn1C']"
3465,1e-04,0.0,0.0,[]
3466,1e-04,0.0,0.0,[]
3467,0.0021,0.63145614,0.3231979012489319,"['COc1ccc2c(c1)OCC(Cc1cnc(-n3cnnc3)c(C)c1)C2', 'COc1ccc2c(c1)CCc1c(C(=O)N3CCCC3)noc1-2', 'COc1ccc2c(c1)C(c1ccc3c(c1)OCO3)NCC2', 'COc1ccc2c(c1)N(Cc1cccc(C(N)=O)c1)CC(C)O2', 'COc1ccc2c(c1)c(C(=O)Nc1ccn(C)n1)cn2C(C)C', 'COc1ccc2c(c1)NC(C)C(=O)N2CC(=O)OC(C)C', 'CCc1ccc2c(c1)C(O)(CC(=O)c1ccccn1)C(=O)N2', 'COc1ccc2c(c1)CC(NCc1cccc(OCC(N)=O)c1)CC2', 'CCc1ncc2c(n1)CN(c1cc(C)c3cc(F)ccc3n1)C2', 'COc1ccc2c(c1)nc(C)n2-c1cccc(F)c1']"
3468,1e-04,0.0,0.0,[]
3469,1e-04,0.0,0.0,[]
3470,1e-04,0.0,0.0,[]
3471,1e-04,0.0,0.0,[]
3472,1e-04,0.0,0.0,[]
3473,0.0009,0.3877296,0.8434173464775085,"['OC(CC(O)(C(F)(F)F)C(F)(F)F)c1cccs1', 'O=C(CN1CCN(CC(F)(F)C(F)F)CC1)NCc1ccccc1', 'FC(F)C(F)(F)CN1CCN(Cc2ccccn2)CC1', 'Cc1cn(C2(F)OC(CO)C(O)C2(F)F)c(=O)[nH]c1=O', 'O=C(Nc1ccccc1)c1c(F)c(F)c(F)c(F)c1F', 'O=C(Nc1ccc2c(c1)COC2)C1CCC(F)(F)CC1', 'O=C(C1CCC(F)(F)CC1)N1CCC(c2cnccn2)CC1', 'CC(=O)Nc1ccc(Cl)cc1OCC(F)(F)F', 'Nc1ccc(C(=O)N(CC(F)(F)F)C2CC2)cc1']"
3474,1e-04,0.0,0.0,[]
3475,0.0016,0.50608534,0.40510132908821106,"['OCCCc1nc2ccccc2n1-c1ccncc1', 'OCCCNc1ncnc2scc(-c3ccc(F)cc3)c12', 'OCCCc1nc(-c2ccc(Br)cc2)cs1', 'OCCCn1nc(CO)cc1-c1cccc(Cl)c1', 'OCCc1nc2ccc(F)cc2n1CCN1CCOCC1', 'OCCCOC1CCN(Cc2cnc(C3CC3)s2)CC1', 'OCCSc1ccc2nnc(-c3ccccc3)n2n1', 'OCCc1cn(C2CCN(C3N=CN=C4N=CN=C43)CC2)nn1', 'OCCN(CCO)c1ccc2ccc(F)cc2n1', 'OCCC1CCCCN1c1nc2ccccc2s1']"
3476,1e-04,0.0,0.0,[]
3477,0.0002,0.5,0.0,"['Cc1ccc(C2C(C(=O)N3CCC(C)CC3)CCC(=O)N2C)cc1', 'COc1ccc(CC2CN(S(=O)(=O)N(C)C)CCC2OC)cc1']"
3478,1e-04,0.0,0.0,[]
3479,1e-04,0.0,0.0,[]
3480,1e-04,0.0,0.0,[]
3481,0.0875,0.40897104,0.46203771233558655,"['C1=C(c2cccs2)CCN(Cc2ccsc2)C1', 'Nc1ccc(OCCc2cccs2)c2nonc12', 'O=C(c1nc2ccccn2c1-c1ccsc1)N1CCOCC1', 'c1cnc(N2CCCC(c3n[nH]c4ncccc34)C2)nc1', 'O=c1c2ccccc2nnn1CSc1nncs1', 'CCCCc1ccc(CC(=O)NCc2cn[nH]c2)cc1', 'Cc1cccc2c1C(C(O)Cc1ccccc1)NCC2', 'Cc1ccc(NC(=O)C(C)Sc2ncn[nH]2)cc1F', 'Cc1cc(C(=O)Nc2ccc3sccc3c2)on1', 'N#CCCC(C#N)CN1CCN(c2nccs2)CC1']"
3482,1e-04,1.0,0.0,['CC1CCN(C(=O)c2cccc(C3OCCO3)c2)c2ccccc21']
3483,1e-04,0.0,0.0,[]
3484,0.0003,0.4926302,0.49961352348327637,"['CCOC(=O)N1CCN(c2c(-c3ccc(C)c(C)c3)c(=O)c2=O)CC1', 'COCCCNc1c(-c2cc(C)c(C)cc2C)c(=O)c1=O', 'CCOc1c(Nc2ccc(Cl)cc2C)c(=O)c1=O']"
3485,1e-04,0.0,0.0,[]
3486,1e-04,0.0,0.0,[]
3487,1e-04,0.0,0.0,[]
3488,1e-04,0.0,0.0,[]
3489,1e-04,0.0,0.0,[]
3490,1e-04,0.0,0.0,[]
3491,1e-04,0.0,0.0,[]
3492,1e-04,1.0,0.0,['Cc1cc(C(=O)NCc2ccc(F)cc2)nc2nccn12']
3493,0.0065,0.5967759,0.3545551300048828,"['O=c1ncc(-c2ccc(OCc3ccccc3)cc2)c[nH]1', 'O=c1ccnc(Cc2ccc(Br)cc2)[nH]1', 'O=c1cc(CSc2ncccn2)nc2n1CCS2', 'O=c1cc(-c2ccncc2)nc(Nc2ccccc2)[nH]1', 'O=c1cc(CN2CCOCC2)n(C2CCCCCC2)cc1O', 'O=c1cc(COc2ccc(F)cc2)nc2sccn12', 'O=c1ccc2ccc(OCc3cc(F)cc4cccnc34)cc2o1', 'O=c1c(-c2ccccc2)c(O)n(O)c2ccccc12', 'O=c1ccc2c(n1CC1CC1)CCC(NS(=O)(=O)C1CC1)C2', 'O=c1ccccn1CCCCNS(=O)(=O)c1ccccc1']"
3494,1e-04,0.0,0.0,[]
3495,1e-04,0.0,0.0,[]
3496,1e-04,0.0,0.0,[]
3497,1e-04,0.0,0.0,[]
3498,1e-04,0.0,0.0,[]
3499,1e-04,0.0,0.0,[]
3500,1e-04,0.0,0.0,[]
3501,0.0007,0.6495872,0.2216196060180664,"['CN(C)C1=NC(C(F)(F)F)(C(F)(F)F)N=C(c2cccnc2)O1', 'O=C1NC2=C(C(=O)N(CCO)C2)C(c2ccc3c(c2)OCO3)N1', 'O=C(NC1=CC2N=CC=C2C=C1)c1cc(-n2cccc2)ccc1Cl', 'O=C(NC1=CC2N=CC=C2C=C1)c1csc(NCC2CCCO2)n1', 'Cc1csc(=NC(=O)c2cc(-n3cnnn3)ccc2Cl)[nH]1', 'Cc1ccc(=NS(=O)(=O)C2CS(=O)(=O)c3ccccc32)[nH]c1', 'C=CCNc1ncc(C(=O)N2CCc3cccc(F)c3C2)s1']"
3502,1e-04,0.0,0.0,[]
3503,1e-04,1.0,0.0,['O=C(OCC1OC(n2ccc(=O)[nH]c2=O)CC1O)Oc1ccccc1']
3504,1e-04,0.0,0.0,[]
3505,0.0318,0.33050013,0.6541696190834045,"['CC(=O)NCCNC(=O)NCCc1cc(C)cc(C)c1', 'O=C(NCCc1cc(Cl)cc(Cl)c1)N(CCO)C1CC1', 'O=C(NCCCc1ccc(Cl)c(Cl)c1)C1COCCO1', 'CCc1ncc(C(=O)NCCc2cc(=O)[nH]c(C)n2)cn1', 'O=C(NCCc1cccc(Cl)c1)NC(CCO)c1ccccc1', 'COc1ccc(C(=O)OCCCc2cccc(C)n2)nn1', 'O=C(NCCC(=O)N1CCCC1)NCCc1c(F)cccc1F', 'CN(CCOc1ccccc1F)C(=O)NCCc1ccccn1', 'Cc1cc(NCCCc2ccc(OC(C)C)c(N)c2)no1', 'CNC(=O)CNC(=O)NCCc1ccccc1Cl']"
3506,0.3014,0.20836166,0.7245631814002991,"['CCN(CCNC(=O)Cn1cc2c(n1)CCCC2)c1ccccc1', 'CCN(CCNC(=O)c1c(C)c(C)nn(C)c1=O)c1ccccc1C', 'CCOC(=O)c1sc2c(c1NC(C)=O)CCC2', 'COC1C2CCC1N(C(=O)c1sc3ccccc3c1C)CCO2', 'COC(=O)C(C)Sc1nc2c(cc1C#N)CCCC2', 'CC(C)(CNC(=O)Cn1nc2n(c1=O)CCCCC2)c1cccs1', 'Nc1nc2c(cc1C(=O)N1CCc3ccccc31)CCC2', 'COCCn1c2c(ccc1=O)CCN(C(=O)Cc1ccsc1)CC2', 'Cc1noc(C)c1CCC(=O)Nc1sc2c(c1C#N)CCCCC2', 'Cc1ccc2c(c1)c(CNc1nnc(C(C)(C)C)o1)nn2C']"
3507,0.0004,0.5472304,0.5203347206115723,"['N#CC(C(=O)CCC(=O)c1ccc(F)cc1F)c1ccccn1', 'CCc1nc2cc3c(cc2n1Cc1cccc(C#N)c1)OCO3', 'N#CC(CCC(=O)NC1CCCCCC1)c1ccco1', 'CC1(C)C(C(=O)N2CCC(C(N)=O)CC2)C1(C)C']"
3508,0.0037,0.3895199,0.6440609693527222,"['CC(C)(C)OC(=O)Nc1nccc(Cl)c1Cl', 'CC(C)(C)OC(=O)C(N)Cc1ccc(CO)cc1', 'CC(C)(C)OC(=O)N1CCCC1COC(F)(F)F', 'CC(C)(C)NS(=O)(=O)c1ccc(Cl)cc1F', 'CC(C)(C)CC1NCCc2c(F)cc(F)c(F)c21', 'CC(C)(C)OC(=O)N1CCCC1C1CCCC1=O', 'CC(C)(C)C(NC(=O)NC1CC1)c1cccs1', 'CC(C)(C)c1nc(Cc2nc3ccccc3[nH]2)no1', 'CC(C)CCOCCS(=O)(=O)c1ccccc1F', 'CC(C)(C)NC(=O)CSc1n[nH]c(=O)n1Cc1ccccc1']"
3509,0.0102,0.28795874,0.7560957670211792,"['CCC1CCC(NS(=O)(=O)N2CCCCCC2)CC1', 'CC1CCCC(NS(=O)(=O)c2ccccc2)C1C', 'Cc1cccc(S(=O)(=O)N2CCCCCC2)c1', 'CCOC(=O)c1ccc(Br)c(OC)c1', 'CCNC(=O)c1ccc(S(=O)(=O)N(CC)CC)cc1', 'Cc1ccc(N2CCOCC2)c(Br)c1', 'COc1ccc(S(=O)(=O)N2CCCC2(C)C)cc1', 'CCC(CC)NS(=O)(=O)c1ccc(F)c(F)c1', 'COc1cccc(S(=O)(=O)CCOC(C)C)c1', 'CCOc1ccc(S(=O)(=O)N2CCCCC2)cc1C']"
3510,1e-04,0.0,0.0,[]
3511,0.0045,0.21896799,0.8841832876205444,"['Cc1cn(C2(F)OC(CO)C(O)C2(F)F)c(=O)[nH]c1=O', 'Fc1ccc2nc(COC3CN(Cc4ccccc4)CC3F)[nH]c2c1', 'CC=CCC(=O)N1CC(F)CC1CNC(=O)CC1CCCC1', 'CCC1c2cccn2CCN1C(=O)c1nc2ccc(C)cn2c1F', 'O=C1CSc2ccc(C(=O)OCc3nccn3C(F)F)cc2N1', 'Cc1c(O)ccc2c(CN(C)Cc3nccn3C(F)F)cc(=O)oc12', 'FC1(F)CCN(Cc2ccsc2)CC12CCN(c1cccnc1)C2', 'COc1ccccc1-c1cc(C(F)F)c2c(C)noc2n1', 'Nc1cc(F)cc2c1CCNC2c1[nH]c(=O)[nH]c(=O)c1F', 'CC1CCN(C(=O)NCCc2nccn2C(F)F)CC1']"
3512,1e-04,0.0,0.0,[]
3513,1e-04,0.0,0.0,[]
3514,0.0435,0.3480049,0.5838800072669983,"['Cc1nnc(Sc2ccc3scnc3c2N)o1', 'Cc1ccccc1OCCc1nnc(SCC#N)o1', 'Cc1nnc(C(C)Sc2nnc(COc3ccc(F)cc3)o2)o1', 'C#CCNC(=O)CSc1nnc(-c2ccccc2C)n1CC', 'COCCc1ccc(OCc2nc(C3CC3)no2)cc1', 'C#CCNC(=O)CSc1nc2ccccc2n1-c1ccccc1', 'N#Cc1nccnc1Sc1nc2ccccc2s1', 'Cc1cccc2nc(-c3nc(C4CC4)n[nH]3)c(F)n12', 'N#CCCCCS(=O)c1nc2ccc(N)cc2o1', 'N#CC(C(=O)CCc1nc2ccccc2[nH]1)c1ccccc1Cl']"
3515,1e-04,0.0,0.0,[]
3516,0.1452,0.21630082,0.6893633008003235,"['CC(c1nc2c3cnn(C)c3ncn2n1)n1cc(Br)cn1', 'Cc1cc(-c2nnc3sc(-c4cn(C)nc4C)nn23)n(C)n1', 'CCNc1nc(OC)nc(-n2cnc(SC)n2)n1', 'Cc1cccc(-n2cc(-c3cn(CCCn4cncn4)nn3)cn2)c1', 'Cc1cc(C)nc(-n2ncc3c2ncn2nc(C(C)C)nc32)n1', 'CNc1cc(N2CCCC2CNc2ncnc3c2cnn3C)ncn1', 'Cc1cc(C)n2nc(Cc3nc(-c4ccncc4)no3)nc2n1', 'COc1cc(N2CCC3C2CCN3c2ncccn2)ncn1', 'Cc1nc[nH]c1-c1nccn1-c1ccc(-n2cncn2)cc1', 'c1cc(-c2ccc(-n3cncn3)cc2)n2ncnc2n1']"
3517,0.0002,0.5,0.0,"['CC(C)Cc1ccc(C2(CCCO)OCCO2)cc1', 'CCCCCNC(=O)N1CCCCC1CN1CCOCC1']"
3518,0.0406,0.33139575,0.5285158753395081,"['Cc1cccc(C(CNC(=O)N2CCOCC2)N2CCOCC2)c1', 'O=C(c1nc2ccccn2c1CN1CCCOCC1)N1CCOCC1', 'COc1ccc(C2(CNC(=O)C3CCOCC3)CCOCC2)cc1', 'Cc1cc(C)n(-c2nc(N3CCOCC3)nc(N3CCOCC3)n2)n1', 'CC1OCCC1C(=O)Nc1ccc(CN2CCOCC2)c(Cl)c1', 'Brc1ccccc1-n1cc(NCC2CCOCC2)cn1', 'CC(c1ccccn1)N(Cc1ccccc1)C(=O)C1CCOCC1', 'Cc1cc(-c2ccccc2F)c(C#N)c(N2CCOCC2)n1', 'Cc1ccc(N2CCOCC2)c(Br)c1', 'CCc1ccccc1C(=O)OCC1(C#N)CCOCC1']"
3519,1e-04,0.0,0.0,[]
3520,1e-04,1.0,0.0,['Nc1ncc(Br)c(Cl)c1Br']
3521,1e-04,0.0,0.0,[]
3522,0.0006,0.40141204,0.679113507270813,"['CC(C)n1cc2c(n1)C(NS(=O)(=O)N1CCOCC1)CCC2', 'Cc1cc[nH]c(=NS(=O)(=O)c2cnn(C)c2)c1', 'Fc1ccc(C(Nn2cncn2)C2CCCCC2)cc1', 'C#CCOC(=O)Cc1csc(-n2c(C)ccc2C)n1', 'COc1ccc(CC(=O)Nn2cnc3ccccc32)cc1', 'CCn1nc(CC(C)C)cc1C(=O)Nn1cnnc1']"
3523,1e-04,0.0,0.0,[]
3524,0.0048,0.2543899,1.0483508110046387,"['Cc1n[nH]c(=O)c(C(=O)N2CCCC3CC(C)CCC32)c1C', 'NC(=O)c1ccccc1NCC(=O)N1CCCC2CCCCC21', 'O=S(=O)(c1cn[nH]c1)N1CCOC2CCCC21', 'COc1ccc(CN2CCOC3CCCC32)cc1Br', 'O=C(c1ccc(Br)cc1)N1CCOC2CCCC21', 'O=S(=O)(CCN1CCOC2CCCCC21)c1ccccc1', 'COc1cccc(F)c1C(=O)NC1CCC2CCCC21', 'O=C(c1cc(-c2ccccc2)on1)N1CCOC2CCCCC21', 'O=C1CN(C(=O)CN2CCOC3CCCCC32)c2ccccc2N1', 'CCc1onc(C)c1NC(=O)N1CCC2OCCCC2C1']"
3525,0.1515,0.34312683,0.5737524032592773,"['CCN(Cc1cccs1)C(=O)COc1ccc2ccc(=O)oc2c1', 'Cc1nc(-c2cncc(-c3ccccc3)c2)cc(=O)[nH]1', 'COc1ccccc1COc1ccc2cc(C(C)=O)c(=O)oc2c1', 'CCOC(=O)C12CCC(=O)N1c1ccccc1C(=O)N2C', 'Cc1cn(C2(F)OC(CO)C(O)C2(F)F)c(=O)[nH]c1=O', 'O=C(CCc1ccsc1)Nc1ccc2c(c1)OCC(=O)N2', 'CN(CC(N)=O)c1c(C#N)c(=O)n(C)c(=O)n1C', 'CC(=O)Nc1cc2c(s1)C1(CCCCC1)CC(=O)N2', 'Cc1c(Cl)cccc1NC(=O)C(C)Sc1nncc(=O)n1N', 'COc1ccc(F)cc1CCN1C(=O)C(C)CS1(=O)=O']"
3526,1e-04,0.0,0.0,[]
3527,1e-04,0.0,0.0,[]
3528,1e-04,0.0,0.0,[]
3529,1e-04,0.0,0.0,[]
3530,0.0005,0.24982288,1.4833163022994995,"['O=C1NCCNC1c1ncccc1Br', 'CNCC1NCCc2cc(Cl)c(OC)c(OC)c21', 'COc1ccc(N)cc1OCCN1CCNC1=O', 'COc1cc(OC)c(OC)cc1CC1NCCNC1=O', 'O=C1NCCN1CCNc1ccc(Cl)c(F)c1']"
3531,1e-04,0.0,0.0,[]
3532,1e-04,0.0,0.0,[]
3533,1e-04,0.0,0.0,[]
3534,1e-04,0.0,0.0,[]
3535,0.0088,0.43919814,0.6138575077056885,"['CC(C)CN1C(=O)C2(OCCCO2)c2cc(Cl)ccc21', 'CCCCN1C(=O)C(C)S(=O)c2ccc(N)cc21', 'CCCN1C(=O)C(O)(CC(=O)c2cccs2)c2cc(Cl)ccc21', 'C=C(C)CN1C(=O)C(C)Nc2cc(F)c(F)cc21', 'CCCN1C(=O)C(C(C)C)Oc2ccc(CO)cc21', 'CCCN1C(=O)C(O)(C(C)C(=O)c2ccccc2)c2ccccc21', 'Cc1ccccc1CN1C(=O)C(N)Sc2ccccc21', 'CN1C(=O)C(O)(CC(=O)c2cccs2)c2ccccc21', 'CCCCOC(=O)CN1C(=O)C(C)Oc2cccc(N)c21', 'CCCC1CN(C(=O)CN2C(=O)C(C)Oc3ccccc32)CCO1']"
3536,1e-04,0.0,0.0,[]
3537,1e-04,0.0,0.0,[]
3538,1e-04,1.0,0.0,['Cc1cc(CN2C(=O)c3ccccc3S2(=O)=O)no1']
3539,1e-04,0.0,0.0,[]
3540,1e-04,0.0,0.0,[]
3541,1e-04,1.0,0.0,['O=C(OC(C(=O)c1ccccc1)c1ccccc1)c1cccnc1']
3542,0.0344,0.34410316,0.6571552753448486,"['CCc1ccc(CNC(=O)c2scnc2C2CC2)s1', 'Cc1ccc(CNC(=O)NCCCc2cn[nH]c2C)s1', 'Cc1ccc(C(C)NC(=O)NCCc2ccccn2)s1', 'Cc1ccc(C(=O)NCC(=O)NC2CCCCC2)s1', 'CCc1ccc(C(=O)N2CC(C)OCC2C)s1', 'Cc1nc(C)c(C(C)Nc2ncc(Br)cc2N)s1', 'Cc1ccc(C(=O)OCC(=O)Nc2cc(F)ccc2Cl)s1', 'Cc1ccc(C(C)N(C)C(=O)c2ccccc2F)s1', 'Cc1ccc(CN(C)Cc2ccccc2C#N)s1', 'Cc1ccc(C(=O)Nc2ncccc2OCCCC#N)s1']"
3543,0.0002,0.5,0.0,"['Cn1c2c(c(=O)[nH]c1=O)C(c1ccccc1)C1=C(COC1=O)N2', 'Cn1cc2c3c(cccc31)CN(C(=O)c1cccs1)CC2']"
3544,1e-04,0.0,0.0,[]
3545,1e-04,0.0,0.0,[]
3546,1e-04,0.0,0.0,[]
3547,0.005,0.39610136,0.5968214273452759,"['COCCNC(=O)C1(C)CCC(=O)N1Cc1ccccc1Cl', 'COCCCNC(=O)C1(C)CCC(=O)N1Cc1ccc(Cl)cc1', 'Cn1cnc(CNC(=O)C2(C)CCCN2C(=O)c2ccccc2)n1', 'Cc1cc(Cl)ccc1NC(=O)C1(C)Oc2ccccc2NC1=O', 'Cc1ccc(CNC(=O)C2(C)Oc3cccnc3N(C)C2=O)cc1', 'CN(Cc1ccccc1)C(=O)C1(C)Oc2ccc(Cl)cc2NC1=O', 'Cc1cccc(C(=O)NCC(C)CC2(C)OCCO2)c1', 'COCCN1CCN(C(=O)C2(C)CC2(Cl)Cl)CC1=O', 'Cc1cn(-c2ccccc2Cl)nc1NC(=O)NC1(C)CCOC1', 'Cc1nc2ccc(NC(=O)NCC(C)CC3(C)OCCO3)cc2o1']"
3548,1e-04,0.0,0.0,[]
3549,1e-04,0.0,0.0,[]
3550,0.0003,0.659468,0.015437424182891846,"['O=C(NCC1CN2CCCCC2CO1)C1CC=CCC1', 'CCOC1CCN(C(=O)C2CC=CC2)C1Cc1ccccc1', 'CCOC(=O)C1(NC(=O)C2CC=CC2)CCCCC1']"
3551,0.0006,0.41590706,0.696470320224762,"['Fc1cc(Br)c2c(c1)CCNC2C1CC1', 'CCNC(=O)c1oc2c(c1C)-c1nn(CC)cc1CC2', 'Cc1occc1C(=O)Nc1nc2c(s1)CCCCC2', 'Fc1cc(Br)cc2c1C(C1CNC1)NCC2', 'Cn1nc2c(c1C(=O)Nc1ccccc1)CCCC2', 'COc1cc(OC)c2c(c1)C(C(=O)c1ccccc1)NCC2']"
3552,1e-04,1.0,0.0,['O=c1[nH]cc(-c2cccc(OC(F)(F)F)c2)c(=O)[nH]1']
3553,0.0005,0.60154146,0.30556610226631165,"['COCC(NC(=O)NC1CCCc2c1cnn2C)c1ccc(C)o1', 'COc1ccc(CCC(=O)NC2CCCc3c2cnn3C)cc1', 'O=C1CCCc2c1c(C1CC1)nn2-c1c(F)cccc1F', 'O=C1CCCc2c1c(Cc1ccccc1)nn2CCO', 'CCOC1CCC2C1OCCN2Cc1c(C)noc1C']"
3554,0.0005,0.6177662,0.46356669068336487,"['O=C(OCC1CCCO1)C1(c2ccc(F)cc2)CC1', 'COCC(=O)NCC1(c2ccc3c(c2)OCO3)CCCCC1', 'CC(C)(C)Nc1nc(C2(c3ccccc3)CC2)no1', 'O=C(c1ccc[nH]1)N1CCC(c2ccc(O)cc2)CC1', 'COCCCC(=O)NCC1(c2ccccc2C)CCOCC1']"
3555,0.0034,0.2843599,0.7976193428039551,"['Cc1ccc(C(=O)N2CCCc3cc(S(C)(=O)=O)ccc32)cc1F', 'Cc1noc(CN2CCCc3c(NC(=O)OC(C)(C)C)cccc32)n1', 'C#CCN1CCC(C(=O)N2CCCc3c(C)ccc(OC)c32)CC1', 'CCOc1ccc(C2CC(=O)Nc3nc(C)[nH]c(=O)c32)cc1', 'COc1cc(C2CC(=O)Nc3nc(N)[nH]c(=O)c32)ccc1O', 'CCCCOc1ccc(C2CC(=O)Nc3nc(C)[nH]c(=O)c32)cc1', 'Cc1nnc(C2CCOC3CCN(c4cccc(F)c4)CC32)o1', 'Fc1ccc(C2NCCc3cc4[nH]ccc4cc32)nc1', 'Cc1nc(C(F)(F)F)nc(N2Cc3cnn(CCO)c3C2)c1C', 'Oc1cccc(C2NCCc3c(F)cc(O)cc32)c1']"
3556,1e-04,0.0,0.0,[]
3557,1e-04,0.0,0.0,[]
3558,1e-04,0.0,0.0,[]
3559,1e-04,0.0,0.0,[]
3560,1e-04,0.0,0.0,[]
3561,1e-04,0.0,0.0,[]
3562,0.0162,0.81523097,0.16322878003120422,"['Cc1ccc(C(C)Nc2c(N)cccc2Cl)o1', 'CC1(C(=O)NCCSc2cn[nH]n2)CCCCO1', 'Nc1ccccc1CCc1nnc(N2CCCC2)o1', 'CCCC1CN(Cc2cccc3[nH]ccc23)CCO1', 'C=CCSc1nc(-c2cccnc2)ccc1C#N', 'Cc1ccc(CSc2nnc(N)n2C(C)C)o1', 'Cc1nc(CSc2nnnn2C2CCCCC2)cs1', 'Cc1cccc(N)c1NCc1cccc2cc[nH]c12', 'Cc1cccc(OCCc2nnc(CCO)o2)c1C', 'CCc1ccc(OCCCc2nc(CO)cs2)cc1']"
3563,0.0055,0.47309244,0.5733417868614197,"['CCc1nc2n(n1)CCCC2NC(=O)N(CC)CC(C)CC', 'COc1ccc(C)cc1C(O)CNS(=O)(=O)N(C)C', 'CSc1nc(C)nc(C)c1C(=O)NC(C)CO', 'COc1cccc(OC)c1COC(=O)CC(C)C', 'COc1ccc(F)cc1NC(=O)N(C)CCCNC(C)=O', 'COc1cc(CO)ccc1OCC(=O)OC(C)C', 'CCc1nc2n(n1)CCCC2NC(=O)CCOCC(C)C', 'Cc1cc(Br)ccc1C(=O)NCCCO', 'CCc1nc2n(n1)CCCC2NS(=O)(=O)CCCOC', 'Cc1noc(C)c1S(=O)(=O)NC(CO)CC(C)C']"
3564,1e-04,1.0,0.0,['CC1c2ccc3c(c2CN2CCc4cc5c(cc4C12)OCO5)OCO3']
3565,0.0037,0.33819976,0.7737465500831604,"['Cc1nn2c(NCCc3cnccn3)cc(-c3ccccc3)nc2c1C', 'COCc1nn2c(C)c(-c3ccc(C)c(C)c3)nc2s1', 'CCCc1nn2c(C#N)c(-c3ccc(NC(C)=O)cc3)nc2s1', 'Cc1ccn2cc(C(=O)Nc3cccc(C(=O)NC4CC4)c3)nc2c1', 'Cc1nn2c(S(=O)(=O)NCc3cccc(F)c3)c(C)nc2s1', 'NC(=O)c1cnn2c(C(F)(F)F)cc(-c3ccc(F)cc3)nc12', 'Cc1nn2c(CO)c(-c3ccc(F)cc3)nc2s1', 'Cc1ccnn2c(C(=O)c3ccccc3F)nnc12', 'CCc1nn2c(N)c(-c3nc(N)cs3)nnc2c1-c1ccccc1', 'OCc1cnn2cccc(CN3CCN(c4ccccc4)CC3)c12']"
3566,1e-04,0.0,0.0,[]
3567,0.0131,0.3220664,0.5972967743873596,"['OCCC1CCCCN1c1nc2ccccc2s1', 'COCCNC(c1cnn(C)c1)c1nccs1', 'CCCOCC(=O)NC(c1cccs1)c1cccs1', 'CCOc1cc(F)ccc1NCc1nc(C)cs1', 'OCCCc1nc(-c2ccc(Br)cc2)cs1', 'CCOC(=O)N(C)CC(=O)NCCc1nc(C)cs1', 'Cc1nn(C)c(C)c1Nc1nc2c(s1)c(C)nn2C', 'CCOc1ccccc1OCc1nc(CC)c(CO)s1', 'CCC(c1ccccc1)c1nc(C)c(CCO)s1', 'CN(C)c1c(Cl)cccc1NC(=O)c1cnns1']"
3568,1e-04,1.0,0.0,['C=CCOC(=O)N1CCC23C=CC(O)CC2Oc2c(O)ccc(c23)C1']
3569,0.0531,0.41082323,0.5088657736778259,"['Cc1nn(C)c(-c2nn3c(C)nnc3s2)c1Cl', 'Cc1cc(NC(=O)CCc2c(C)nn(CCC#N)c2C)[nH]n1', 'CCc1nc(COC(=O)c2c(C)nsc2NC)cs1', 'CCC(c1ccccc1)c1nc(C)c(CCO)s1', 'COc1ncccc1-c1cc(C(C)=O)ccc1N1CCOCC1', 'CCOc1ccc(C2OC(C)C(C)O2)cc1OC', 'Cc1nnsc1-c1nn2c(C(C)C)nnc2s1', 'Cc1cnn(CC2CN(c3cc(C)nc(N)n3)CCO2)c1', 'CCSc1cc(C(=O)Nn2c(C)nc3sccc3c2=O)ccn1', 'Cc1cc(CN2CCN(c3oc(C4CC4)nc3C#N)CC2)no1']"
3570,0.0013,0.38720354,0.6599195599555969,"['CCOc1ccccc1OCCn1ncc2cccnc2c1=O', 'Cc1cc(C)cc(OCC(=O)OC2CCOC2=O)c1', 'CCOC(=O)CNc1nnnn1C1OC(CO)C(O)C1O', 'COc1cc(OC)c(OC)cc1CC1NCCNC1=O', 'CCOC(=O)COc1ccc(CO)cc1Br', 'COc1cc(C(C)O)ccc1OCC1CCOCC1', 'COc1ccc(N)cc1OCCN1CCNC1=O', 'COc1cc(C)ccc1OCCOc1ccccc1N', 'COc1ccc(C(O)CCC2OCCO2)cc1OC', 'CCOC(=O)Nc1cccc(NC(=O)OCC)n1']"
3571,1e-04,1.0,0.0,['CC(C)(C)OC(=O)N1CCc2[nH]c3ccc(Cl)cc3c(=O)c2C1']
3572,1e-04,0.0,0.0,[]
3573,0.0023,0.39386004,0.6303861141204834,"['Cc1ccc(CCC2CCN(S(C)(=O)=O)CC2)cc1', 'COc1ccc(CC2CN(S(=O)(=O)N(C)C)CCC2OC)cc1', 'O=C1OCCN1CCS(=O)(=O)c1ccc(O)cc1', 'CC(c1cccc(S(N)(=O)=O)c1)N(C)c1ncnc2c1cnn2C', 'C=CCN1CC2(CCN(S(C)(=O)=O)CC2)OCC1=O', 'Cc1ccc(Cl)cc1S(=O)(=O)N=c1[nH]cccc1C', 'COCCOc1ccc(S(=O)(=O)Oc2ccccc2F)cc1', 'N#Cc1ccc(S(=O)(=O)Oc2ccc(F)cc2)cc1', 'Cc1ccc(CC2COCCC2S(=O)(=O)NC(C)C)cc1', 'COc1ccccc1N(CCCO)S(C)(=O)=O']"
3574,1e-04,0.0,0.0,[]
3575,1e-04,0.0,0.0,[]
3576,1e-04,0.0,0.0,[]
3577,1e-04,0.0,0.0,[]
3578,1e-04,0.0,0.0,[]
3579,1e-04,0.0,0.0,[]
3580,1e-04,0.0,0.0,[]
3581,1e-04,0.0,0.0,[]
3582,1e-04,0.0,0.0,[]
3583,1e-04,0.0,0.0,[]
3584,1e-04,0.0,0.0,[]
3585,1e-04,0.0,0.0,[]
3586,0.001,0.33419794,0.9154561161994934,"['OC(c1ccc(F)cc1)(c1cncnc1)c1ccccc1Cl', 'NC(c1cccc(-c2ccncc2)c1)C(F)(F)F', 'COCCNC(c1cnn(C)c1)c1nccs1', 'NC(c1cccs1)c1cc(-c2ccc(F)cc2)n[nH]c1=O', 'OC(c1ccccc1)(c1ccccn1)C(F)(F)F', 'CN(C(=O)c1ccc(=O)n(C)n1)c1ccc(Br)cc1F', 'CC(c1ccc(F)c(F)c1)N1CCN(CCO)CC1', 'O=C(Nc1ccc(CN2CCOC2=O)cc1)c1cc(Cl)ccn1', 'CC(c1ccc(F)cc1)N1CCN(c2nccs2)CC1', 'NC(C(=O)NCc1cccnc1)c1ccc(F)cc1']"
3587,0.0021,0.59034985,0.43691205978393555,"['Cc1noc2ncc(C(=O)NCc3ccc(-n4cncn4)nc3)cc12', 'Cc1noc2ncc(C(=O)Nc3ccnn3CCc3ccccc3)cc12', 'Cc1noc2ncc(NC(=O)CNC(=O)c3ccccc3)cc12', 'Cc1n[nH]c2ncc(C(=O)NC(C)c3ccc(F)c(Cl)c3)cc12', 'Cc1n[nH]c2ncc(C(=O)NCCc3ccc(F)cc3)cc12', 'Cc1noc2nc(C(C)C)cc(C(=O)Nn3cnc4ccccc43)c12', 'Cc1noc2ncc(C(=O)N3CCC(N4CCNC4=O)CC3)cc12', 'Cc1noc2nc(-c3ccccc3)cc(C(=O)N3CCCC3(C)C)c12', 'Cc1n[nH]c2ncc(C(=O)NCCc3ccc(-n4cccn4)cc3)cc12', 'Cc1n[nH]c2ncc(C(=O)NC(C)c3ccccc3)cc12']"
3588,1e-04,0.0,0.0,[]
3589,1e-04,0.0,0.0,[]
3590,0.0018,0.4770029,0.7107875347137451,"['Cc1sc2nc(CN3CC(C)OC(C)C3)[nH]c(=O)c2c1C', 'Cc1sc2ncnc(NCCn3cccn3)c2c1C', 'Cc1sc2ncn(CC(=O)c3ccc(F)c(F)c3)c(=O)c2c1C', 'Cc1sc2ncnc(OCC(=O)N3CCCCC3)c2c1C', 'Cc1sc2ncnc(Sc3nc(C(C)C)n[nH]3)c2c1C', 'Cc1sc2ncnc(N3CCCC3Cn3cncn3)c2c1C', 'Cc1sc2[nH]c(SCCCC(=O)NCCO)nc(=O)c2c1C', 'Cc1sc2[nH]c(CCC(=O)NC(C)CCC(C)C)nc(=O)c2c1C', 'Cc1sc2nc(-c3ccccc3)nc(N(C)CC(N)=O)c2c1C', 'Cc1oc2ncnc(NC(=O)c3cnc4n3CCCC4)c2c1C']"
3591,1e-04,0.0,0.0,[]
3592,1e-04,0.0,0.0,[]
3593,1e-04,0.0,0.0,[]
3594,0.1264,0.31173417,0.5697574019432068,"['OC(CC(O)C(Cl)(Cl)Cl)c1ccccc1', 'CC1(C(=O)NCc2cccc(Cl)c2)CC1(Cl)Cl', 'O=C(NCCNC(=O)C1CC1(Cl)Cl)c1ccccc1Cl', 'CCCS(=O)(=O)NC1CCN(C(=O)C2CC2(Cl)Cl)CC1', 'CC1CC(C)CN(C(=O)C2(C)CC2(Cl)Cl)C1', 'Nc1nonc1-c1noc(C(Cl)(Cl)Cl)n1', 'CNC(=O)CN1CCN(C(=O)C2(C)CC2(Cl)Cl)CC1', 'CC1(C(=O)NCc2cccs2)CC1(Cl)Cl', 'O=S(=O)(c1ccc(Cl)c(Cl)c1Cl)N(CCO)CCO', 'O=C(Cc1cccc(F)c1)NCC(=O)OCC1CC1(Cl)Cl']"
3595,0.1501,0.4309772,0.3890145719051361,"['N#Cc1c(=O)c2c(=O)oc3ccccc3c2n2nc3n(c12)CCCCC3', 'O=C(COc1ccccc1)Nc1ccc2c(c1)nc1n2CCOC1', 'CCOC(=O)c1cccc2nc(C)n(-c3cccc(N)c3)c12', 'COc1ccc(C)cc1NC(=O)c1cnn2c(C)cc(C)nc12', 'CCOC(=O)CC(C)CNC(=O)Nc1cccc2ccc(C)nc12', 'CN1CCc2c(sc3ncn4nc(-c5ccc(N)cc5)nc4c23)C1', 'COc1ccccc1OC(C)C(=O)Nc1cccc2ccc(C)nc12', 'CC(Cc1ccco1)NC(=O)c1ccc(N2CCNC2=O)cc1', 'CC(C)Sc1ccc(C(=O)Nc2c3c(nn2C)CCC3)cc1', 'NC(=O)c1ccccc1NC(=O)C1(c2cccs2)CCOCC1']"
3596,1e-04,0.0,0.0,[]
3597,0.1168,0.36942467,0.4194435775279999,"['Cc1ccc(-c2n[nH]cc2CN(C)CC(F)F)o1', 'O=C(CSc1ncn[nH]1)Nc1ccc(F)cc1', 'O=C(CSc1ncn[nH]1)c1ccc(OC(F)F)cc1', 'N#CC(NCCc1c[nH]c2ccccc12)c1ccccn1', 'c1cncc(-c2n[nH]c(SCc3ncc(-c4cccs4)o3)n2)c1', 'COCCNC(c1cnn(C)c1)c1nccs1', 'O=C1CN(Cc2c[nH]nc2-c2ccccc2)C2CCCCC2N1', 'O=C(Nc1ccc2[nH]c(CO)nc2c1)C1CCCCC1', 'CCOc1cccc2n[nH]c(=NC(=O)Nc3ccc(C)cc3)n12', 'Cc1ccc(-c2n[nH]cc2C2Nc3ccccc3C(=O)N2C2CC2)o1']"
3598,0.0148,0.36558944,0.6407328248023987,"['CCn1cc(Cl)c(C(=O)NCc2ccccc2OC)n1', 'CCCn1nccc1CNc1cc(OC)ccc1OC', 'CCCCNC(=O)NCc1cc(N)ccc1OC', 'CCN(CC(=O)Nc1ccccc1OC)C(=O)c1ccccc1C', 'CCNC(=O)C1CCCN(C(=O)c2cccnc2OC)C1', 'CCn1cc(C(=O)NCc2cc(Br)ccc2OC)cn1', 'COCCCCNc1cc(Br)ccc1OC', 'COC(=O)CN1CCN(C(C)c2ccccc2OC)CC1', 'COCC(=O)Nc1cc(Br)ccc1OC', 'COc1ccccc1C(CNC(=O)c1cccnc1SC)OC']"
3599,1e-04,0.0,0.0,[]
3600,0.1051,0.3941922,0.40562108159065247,"['O=C(CSc1ncnc2nc[nH]c12)Nc1nccs1', 'Cc1nc(NC(=O)c2n[nH]c3ccccc23)n(C)n1', 'CCOC(=O)c1c(C)n[nH]c1S(=O)(=O)N(C)C1CCCCC1', 'COc1ccc(CCNCc2c[nH]nc2-c2ccc(F)cc2)cc1O', 'CN(CCCNC(=O)c1n[nH]c(=O)[nH]1)c1ccccc1', 'CCCN(C)C(=O)c1c[nH]c(C(=O)N2CCCC2)c1', 'CN(Cc1cc(C2CC2)[nH]n1)C(=O)C(c1ccccc1F)N(C)C', 'O=C(c1cc(C2CC2)[nH]n1)N1CCCC(N2CCNC2=O)C1', 'Cc1cccc(CNc2nccn(C3CC3)c2=O)c1', 'CCNC(=O)c1cc2cnn(-c3ccc(C)cc3C)c2nc1N']"
3601,1e-04,0.0,0.0,[]
3602,1e-04,0.0,0.0,[]
3603,1e-04,0.0,0.0,[]
3604,1e-04,0.0,0.0,[]
3605,0.0007,0.46187684,0.502186119556427,"['CC1=C(C(=O)OC(C)(C)C)C(c2ccc(F)cc2)NC(=O)N1', 'O=C1CCC(C(=O)NCCCOCC2CCOC2)N1', 'CC1CC(N2CCc3nn(C)c(=O)cc3C2)C(=O)O1', 'CC(C)c1ccc(-c2nc(-c3cccnn3)no2)c(=O)[nH]1', 'CCCC1=C(C(=O)OCC)C(c2ccccc2OC)NC(=O)N1', 'COC(=O)C1=C(C)N(c2ccc(S(N)(=O)=O)cc2)C(=O)C1', 'O=C1CCC(C(=O)N2CCCC2c2cccs2)N1']"
3606,1e-04,0.0,0.0,[]
3607,0.0117,0.3458756,0.6214072108268738,"['COc1c(NC(=O)Nc2ccc(F)c(C(=O)N(C)C)c2)c(C)nn1C', 'CCOC(=O)C1=C(C)C(S(=O)(=O)NC2CCCCCC2)C(C)=N1', 'Cc1nn(C)c(C)c1-c1cc(C(=O)N2CCN(C(C)C)CC2)[nH]n1', 'Cc1cc(C)c(C(=O)N2CCN(c3ccc(Cl)cn3)CC2)c(=O)[nH]1', 'CC(C)CCNC(=O)c1cc(-c2ccco2)nc2c(C(N)=O)ncn12', 'Cc1cc(C)c(CNC(=O)CC2CCCC(C(F)(F)F)C2)c(=O)[nH]1', 'COC(=O)c1cc(S(=O)(=O)Nc2ccc(NC(C)=O)cc2)c[nH]1', 'CCn1cc(NC(=O)C(C)(C)Oc2ccc3c(c2)CCCC3=O)cn1', 'Cc1cc(C)c(CNC(=O)Cc2c(C)nc3ccccc3c2C)c(=O)[nH]1', 'Cc1cc(C)c(C(=O)NCc2nc3ccccc3n2C(C)C)c(=O)[nH]1']"
3608,1e-04,0.0,0.0,[]
3609,1e-04,0.0,0.0,[]
3610,1e-04,1.0,0.0,['Cc1cnc2n(c1=O)CC(C(=O)Nc1nccs1)CS2']
3611,0.0101,0.2977335,0.7085999846458435,"['CCOC(=O)c1nc(COc2ccccc2Cl)no1', 'COCCNC(=O)c1nc(-c2ccc(Cl)cc2)no1', 'N#CCc1nnc(C(N)c2c(F)cccc2F)o1', 'O=C(NCC1CC1)c1nc(Cc2c[nH]c3ccccc23)no1', 'CC(C)(C)c1nc(Cc2nc3ccccc3[nH]2)no1', 'Nc1ccccc1-c1nc(-c2cccc(F)c2)no1', 'CC(C)(CO)c1nc(-c2cc(N)ccc2F)cs1', 'CC(O)C(N)c1nc(-c2cc(F)ccc2O)cs1', 'CCCCc1nc(CN2CCc3cc(F)ccc3C2)no1', 'C=CCNC(=O)c1cc(OCc2ccccc2)no1']"
3612,1e-04,0.0,0.0,[]
3613,0.001,0.33890888,0.7255226969718933,"['Cc1nc2cccc(NC(=O)c3cc(=O)c4cc(C)c(C)cc4o3)c2[nH]1', 'CN(CC12CC3CC(CC(C3)C1)C2)C(=O)c1ccc(C(N)=O)cn1', 'CC(C)Cc1cc(C(=O)N2CCN(C(=O)c3c[nH]c(=O)[nH]3)CC2)[nH]n1', 'CC(Cn1ccnc1)NC(=O)c1ccc2c(=O)n(C)c(=O)n(C)c2n1', 'Cc1cc(N)n(CC(=O)N2CCC3(CCCN(CC4CC4)C3=O)C2)n1', 'Nc1nc(-c2ccccc2)cc(-c2cc(-c3ccccc3)nc(N)n2)n1', 'Cc1cc(C(=O)Nc2ccc(-c3nnnn3C(C)C)c(F)c2)n(C)n1', 'Cc1ccc(NC(=O)c2cncc(OC(C)C)c2)cc1S(C)(=O)=O', 'CCc1ccc(C(=O)N2CCN(C(C#N)c3ccc(F)cc3)CC2)o1', 'Cc1ccc(C(=O)N2CCN(C(=O)Nc3ccc(F)cc3)CC2)n1C']"
3614,1e-04,0.0,0.0,[]
3615,1e-04,0.0,0.0,[]
3616,0.0006,0.41557375,0.8326904773712158,"['COc1cc2c(c(OC)c1OC)CCNC2C1CC(=O)C1', 'COc1cc2c(c(O)c1OC)c(=O)c1cccc(O)c1n2C', 'CSc1c2c(oc(=O)c1C#N)CC(C)(C)CC2=O', 'Fc1cc2c(c(F)c1Cl)CCNC2c1cncnc1', 'Cc1cc2c(cc1-c1ncnc(C)c1N)OCCO2', 'COc1cc2nc3c(c(N)c2cc1OC)CCCC3']"
3617,1e-04,0.0,0.0,[]
3618,1e-04,0.0,0.0,[]
3619,0.0084,0.39555117,0.6768532395362854,"['O=C(CN1CCN(c2nccs2)CC1)NCc1ccccc1', 'O=C(CN1CCN(CC(O)c2ccccc2Cl)CC1)NC1CC1', 'O=C(CN1CCN(c2ccc(O)cc2)CC1)c1ccc[nH]1', 'O=C(CCC1CCN(C(=O)c2ccsc2)CC1)NC1CC1', 'O=C(NC1CCCN(C(=O)c2csnn2)CC1)c1cnccn1', 'O=C(CN1CCN(C(=O)CCSc2ccccn2)CC1)NC1CC1', 'O=C(CN1CCN(Cc2cccc(Cl)c2)CC1)NCC(F)(F)F', 'O=C(NC1CCN(c2ccccc2)CC1)c1ccnc(-n2ccnc2)c1', 'O=C(NCC1CCN(c2ccccc2)C1)c1ccc2[nH]cnc2c1', 'CN(CC1CCCN(c2ccc3nccn3n2)C1)C(=O)OC(C)(C)C']"
3620,0.0244,0.33064315,0.5215784311294556,"['CCCOc1ccc2cc(C(=O)C3=NC=CC3)oc2c1', 'Cc1cc(C(=O)OCc2nc(C3CC3)cs2)cc(=O)[nH]1', 'Nc1cccn2cc(-c3ccc4c(c3)OCCCO4)nc12', 'COc1cccc(-c2nc3c([nH]2)CCN(C(=O)c2nc(C)c[nH]2)C3)c1', 'Cc1ccc(C(=O)Nc2nnc(CC(C)C)s2)c(=O)[nH]1', 'CC(=O)N1CCN(C(=O)c2n[nH]nc2Nc2ccc(Cl)cc2)CC1', 'Nc1cccc2c(-c3cccc(CN4CCOCC4)c3)n[nH]c12', 'CCN(Cc1ccc2c(c1)OCO2)C(=O)c1ccc2[nH]nnc2c1', 'Cc1ccc(CN(C(=O)c2n[nH]cc2N)C(C)C)o1', 'CC(C)c1nc(Cn2ccnc2S(C)(=O)=O)no1']"
3621,1e-04,0.0,0.0,[]
3622,1e-04,0.0,0.0,[]
3623,0.0037,0.32986024,0.6683996915817261,"['CCN(C(C)C)S(=O)(=O)c1ccc2c(c1)CCCN2', 'O=C(Nc1ccccc1)c1ccc2c(c1)CCCN2', 'Fc1ccc2c(c1F)C(CNCc1ccccc1)NCC2', 'CCC(NCC1CCCO1)C(=O)c1ccc2c(c1)CCN2', 'Fc1cc(Br)cc2c1C(C1CNC1)NCC2', 'Clc1ccccc1OCc1nc2c(s1)CCCN2', 'Fc1c(Cl)ccc2c1C(c1nccs1)NCC2', 'Cc1cccc2c1C(C(O)Cc1ccccc1)NCC2', 'O=C(Nc1ccc(F)cc1F)c1cccc2c1NCC2', 'Cc1c(O)ccc2c1C(C(O)Cc1ccccc1)NCC2']"
3624,0.0536,0.24544072,0.6337831020355225,"['CCc1nc(CC(=O)OCC2CCCC2)cs1', 'Cc1n[nH]c(C)c1CCOC(=O)CC1CCCC1', 'O=C(Nc1nnc(CC2CCCC2)s1)N1CCCC1', 'Nc1ccc(C(=O)NCCC2CCCC2)c(Cl)c1', 'CC(C)NC(=O)CNc1nccc(C2CCCC2)n1', 'O=C(Nc1cccc(C(=O)N2CCCCC2)c1)C1CCCC1', 'CCOc1ccc(NC(=O)CC2CCCC2)cc1CO', 'CC(NC(=O)NCCNC(=O)CC1CCCC1)c1nccs1', 'Nc1cc(C(=O)NCCC2CCCC2)ccc1Cl', 'CCCNc1ccc(C(=O)N(C)C2CCCC2)nn1']"
3625,1e-04,1.0,0.0,['C=C1C2(C(=O)Nc3ccc(NC(C)=O)cc3)CCC(C2)C1(C)C']
3626,0.0039,0.50249475,0.40365317463874817,"['Cc1ccc2cc3c(nc2c1)OC(=O)N(Cc1ccc(C)o1)C3', 'Cc1c(C)c2cc(Cl)c3c(c2oc1=O)CN(C1CC1)CO3', 'CCNC(=O)CNc1nc2sc3c(c2c(=O)n1C(C)C)CCCC3', 'CCc1cc(=O)oc2c(C)c3c(cc12)CN(CC(C)O)CO3', 'COc1ccc2nc3c(nc2c1)C(=O)c1ccccc1-3', 'COc1cc2nc3c(c(N)c2cc1OC)CCCC3', 'COC(=O)Cn1c(=O)[nH]c2sc3c(c2c1=O)CCCC3', 'Cn1c(SCC2CCCO2)nc2sc3c(c2c1=O)CCC3', 'COc1ccccc1OCCn1cnc2cc3c(cc21)OCCO3', 'CC(C)c1nc2sc3c(c2c(=O)n1N)CCCC3']"
3627,1e-04,1.0,0.0,['CC1(C)OC2C(O)CC(NC(=O)OCc3ccccc3)C2O1']
3628,0.0002,0.5,0.0,"['O=C(c1nc(-c2ccccc2)n2c1CCCCC2)N1CC(O)C1', 'Cc1nc(C(=O)N2CC(C)C(N3CCOCC3)C2)c2ccccn12']"
3629,0.0009,0.3617186,0.711951494216919,"['CCOc1ccc2oc(C(=O)N3CC(C)OC(C)C3)c(C)c2c1', 'Cc1oc2c(C(=O)OCCN3CCOCC3)cccc2c(=O)c1C', 'COc1nn(C)c2nc(C)c(CCc3nc(C4CC4)no3)c(C)c12', 'COc1ccc2oc(C(=O)NCCC(=O)N3CCOCC3)cc2c1', 'Cc1cc(=O)oc2c(C)c(OCC(=O)Nc3ncccn3)ccc12', 'Cc1ccc2c(CC(=O)Oc3ccc4c(c3)CCC(=O)N4)coc2c1', 'Cc1cc2occ(CC(=O)NCC3CCCO3)c2cc1C(C)C', 'COc1ccc2oc(C)c(C(=O)Nc3ccc(F)c(C#N)c3)c2c1', 'COc1ccc2c(CC(=O)N3CCc4ccccc4C3)coc2c1']"
3630,1e-04,0.0,0.0,[]
3631,0.0005,0.52848154,0.5090507864952087,"['O=C(Cn1nnc2cc3c(cc2c1=O)OCCO3)NCc1ccco1', 'O=C(COc1ccc2c3c(c(=O)oc2c1)CCC3)NCC1CCCO1', 'O=C(COc1ccc2oc3c(c2c1)CCCC3)NCC1CCCO1', 'O=C(OCc1cc(=O)n2c3c(sc2n1)CCCC3)c1ccco1', 'O=C(CSc1ncnc2sc3c(c12)CCCC3)N1CCCC1']"
3632,0.0214,0.27396658,0.649754524230957,"['COc1ncc(C(F)(F)F)cc1Br', 'CN(Cc1ccncc1)c1ncc(Br)cc1N', 'CCC(CC)C(=O)NCc1ncc(C)c(OC)c1C', 'CNc1ncc(S(=O)(=O)N2CCC(C)CC2)cc1C', 'CC(C)(C)c1nccc(N2CCC(C(=O)N3CCOCC3)CC2)n1', 'Nc1ncc(Br)c(Cl)c1Br', 'Cc1nc(C)c(C(C)Nc2ncc(Br)cc2N)s1', 'O=C(CSc1ncc(F)c(N2CCCC2)n1)NC1CC1', 'NC(=O)C(Cc1ccccc1)Nc1ncc(Br)cn1', 'COc1ccc(NC(=O)N(C)Cc2ncc(C)c(OC)c2C)cn1']"
3633,0.0003,0.5421877,0.32468441128730774,"['CCOC(=O)CC(c1oc(CO)cc(=O)c1O)C(C)C', 'COc1cc(OC)cc(C(C(C#N)C#N)C2NC(C)=NC2=O)c1', 'COC(=O)CC(CC(C)C)c1c(C)c(C)cc(C)c1C']"
3634,0.1655,0.43102342,0.4219726026058197,"['Cn1ccn(-c2cc(O)c(Cl)cc2Cl)c1=O', 'Cc1csc(Cn2c(=O)sc3ccccc32)n1', 'Nc1ccccc1OCC(O)CN1CCOCC1', 'CC(O)c1nc2cc(O)ccc2n1-c1ccccc1', 'O=C(NCCCn1cc(Br)cn1)c1ccco1', 'Cc1nc2nnc3c(=O)n(-c4ccccc4C)ccc3n2n1', 'O=C(NCc1cccc(O)c1)c1ccccc1Br', 'Cc1nc2nnc3c(=O)n(-c4cc(Cl)cc(Cl)c4)ccc3n2n1', 'Cc1ccccc1OCC(O)CN1CC(C)OC(C)C1', 'O=C(CCc1cccc(O)c1)Nc1cccc(C(=O)C2CC2)c1']"
3635,0.0933,0.32841888,0.5268225073814392,"['CC(=O)c1sc(C)nc1-c1cccc(Cl)c1C', 'CC(=O)c1cn(C)c2ccc(Br)cc12', 'CN1C(=O)OC(C)(CC(C)(C)c2ccccc2)C1(C)O', 'COc1c(Cl)cc(C)cc1-c1csc(CC#N)n1', 'COc1cc(COC(C)=O)c(O)c2c1CCCC2', 'COc1cc(Cl)c(C)cc1-n1nncc1CO', 'Nc1ncc(Br)c(Cl)c1Br', 'COc1cc(Cl)c(C)cc1-n1cc[nH]c(=O)c1=O', 'COC(=O)c1c(C)c(C)c(C)c(C)c1C(=O)OC', 'CC1(C)OCC2(COC(c3ccccn3)N2)CO1']"
3636,1e-04,0.0,0.0,[]
3637,0.0004,0.41800058,0.713563859462738,"['CC(=O)NCCn1ncc2c(NCCc3ccccc3)ncnc21', 'Cn1ncc2c(SCc3cccc4c3OCCO4)ncnc21', 'Cc1ccc(Cn2nnc3c(NC4CC4)nc(C)nc32)cc1', 'N#CCCn1ncc2c(N3CCCC(CO)C3)ncnc21']"
3638,0.0062,0.34143674,0.8210832476615906,"['CC1CCCCN1C(=O)NCC(=O)N(C)CCc1ccccn1', 'CC1CCCCC1NC(=O)CSc1nc(N)c(C#N)cc1C#N', 'CC1CCCCN1C(=O)NCCCn1cccn1', 'CCC1CCCCN1C(=O)CSc1ccc(N)nc1', 'CCC1CCCCN1C(=O)c1csc(-c2cnccn2)n1', 'CCC1CCCCN1C(=O)COc1ccc(C(C)=O)cc1OC', 'CC1CCCCC1NC(=O)Nc1cc(S(C)(=O)=O)ccc1Cl', 'CC1CCCCN1C(=O)NCCc1ccc(S(N)(=O)=O)cc1', 'CC1CCCCC1NC(=O)NCc1cccc(CN2CCCC2=O)c1', 'CC1CCCCC1NC(=O)COc1cccc(-c2cn[nH]c2)c1']"
3639,1e-04,0.0,0.0,[]
3640,1e-04,0.0,0.0,[]
3641,1e-04,0.0,0.0,[]
3642,1e-04,0.0,0.0,[]
3643,0.0135,0.50101614,0.5043095350265503,"['O=C(Cc1csc(-n2cccc2)n1)N1CCn2c1nc1ccccc12', 'Cn1cc(C(=O)NCC(C)(C)c2ccncc2)c(-c2cccs2)n1', 'CC(C(=O)NCc1nnc2ccccn12)n1c(=O)oc2ccccc21', 'Cn1cc(CNc2ccc(S(C)(=O)=O)nc2)c(-c2ccccc2)n1', 'O=C(NCc1noc(-c2ccco2)n1)c1ccnc(-n2cncn2)c1', 'CCc1nn2c(N)c(-c3nc(N)cs3)nnc2c1-c1ccccc1', 'O=S(=O)(c1ccc(OC(F)(F)F)cc1)n1nnc2ccccc21', 'CC(C)CCNC(=O)CN1C(=O)C2=C(CCC2)Nc2ccccc21', 'CC(c1ccncc1)N(C)C(=O)CCN1C(=O)COc2ccccc21', 'O=C(OCC1OC(n2ccc(=O)[nH]c2=O)CC1O)Oc1ccccc1']"
3644,1e-04,0.0,0.0,[]
3645,1e-04,0.0,0.0,[]
3646,1e-04,0.0,0.0,[]
3647,1e-04,0.0,0.0,[]
3648,1e-04,0.0,0.0,[]
3649,1e-04,0.0,0.0,[]
3650,0.0037,0.35506064,0.8729445338249207,"['COc1ccc2[nH]cc(CC(=O)Nc3cc(F)cc(F)c3)c2c1', 'Cc1ccc2[nH]nc(C(=O)N3CCN(c4ncccc4C#N)CC3)c2c1', 'COc1ccc2[nH]c(=O)c(CCC(=O)N3CCOCC3)cc2c1', 'Cc1cccc2[nH]c(C3CCN(C(=O)C(C)n4ccnc4)CC3)nc12', 'COc1ccc2[nH]c(=O)c(CN(C)C(=O)c3cccs3)cc2c1', 'CCc1ccc2[nH]c(=O)c(CN(Cc3ccc(C)cc3)C(C)=O)cc2c1', 'Cc1ccc2[nH]nc(C(=O)Nc3ccc4c(c3)COC4)c2c1', 'Cc1ccc2[nH]c(=O)c(CN(C)C(=O)c3cccs3)cc2c1', 'Cc1ccc2[nH]nc(C(=O)NC3CCC(C)CC3)c2c1', 'Clc1ccc2[nH]c(CN3CCOCC3)nc2c1']"
3651,1e-04,0.0,0.0,[]
3652,1e-04,0.0,0.0,[]
3653,1e-04,0.0,0.0,[]
3654,1e-04,0.0,0.0,[]
3655,1e-04,0.0,0.0,[]
3656,0.1158,0.17923518,0.5511399507522583,"['CCN(CC)C(=O)NC1C(NC(=O)N(CC)CC)N(C)C(=O)N1C', 'O=c1c2ccccc2nnn1Cc1cccc(Br)c1', 'CCCOC(=O)c1ccc(Cc2nonc2N)cc1', 'CC(C)CCOCCS(=O)(=O)c1ccccc1F', 'CN1C(=O)c2cccc3c(S(=O)(=O)N4CCOCC4)ccc1c23', 'Cc1ccc(C(=O)N2CCC(n3c(=O)[nH]c4ccccc43)CC2)cc1', 'O=C1c2nccnc2C(O)N1c1ccc(Br)cn1', 'CCN1CCC2(CN(S(=O)(=O)c3ccc(F)cc3)CC2C)C1=O', 'CN(c1ccccc1C(N)=O)S(=O)(=O)c1cccc(Cl)c1F', 'O=c1c2ccccc2nnn1CSc1nncs1']"
3657,1e-04,0.0,0.0,[]
3658,0.0018,0.31766286,0.8305214047431946,"['CN(C)C(=O)C1CCC2C(CCN2Cc2cnn(C)c2)O1', 'Fc1ccc(N2CCN(CC3COC4(CCCC4)O3)CC2)cc1', 'CC1CN(C(=O)c2ncccn2)CC(c2ccccc2)O1', 'OCC1CN(c2ccc(F)cc2)C(c2cccc(O)c2)O1', 'Cc1ccc(OCC2Cn3c(nc4c3c(=O)n(C)c(=O)n4C)O2)cc1', 'O=C(NCC1CC1)C1CCC2(CCN(C(=O)c3cccs3)CC2)O1', 'O=C1CC(c2ccccc2F)c2c(c3ccccc3oc2=O)O1', 'O=C(Cc1cccnc1)NCC1COC2(CCCCC2)O1', 'CC1CN(C(=O)Nc2ccc3c(c2)COC3)CC(c2ccsc2)O1', 'O=C1CCC(C(=O)Nc2ccn(-c3cccc(C(F)(F)F)c3)n2)N1']"
3659,1e-04,0.0,0.0,[]
3660,1e-04,0.0,0.0,[]
3661,1e-04,1.0,0.0,['CCC(C(=O)NC1CCCCC1)n1ncn2c(cc3occc32)c1=O']
3662,1e-04,0.0,0.0,[]
3663,1e-04,0.0,0.0,[]
3664,1e-04,0.0,0.0,[]
3665,0.0097,0.5072938,0.4826815128326416,"['O=C(NCCc1nc2ccccc2[nH]1)c1cc2ccccc2c(=O)[nH]1', 'Cc1nc(Cc2nc3ccc(Br)cc3c(=O)[nH]2)cs1', 'Nc1nc(Oc2ccccc2)c(Br)c(=O)[nH]1', 'CC(c1nc2ccccc2c(=O)[nH]1)N1CCCC2(C1)OCCO2', 'CCCCNC(=O)Cc1nc2ccc(CC)cc2c(=O)[nH]1', 'CC1CN(Cc2nc3cc(Cl)ccc3c(=O)[nH]2)CC(C)O1', 'O=C(NCC1(O)CCCc2ccccc21)c1cc2ccccc2c(=O)[nH]1', 'CC(C)c1ccc(-c2nc(-c3cccnn3)no2)c(=O)[nH]1', 'CC(CC1CCCCC1)C(=O)N(C)Cc1nc2ccsc2c(=O)[nH]1', 'CC(C)c1noc(C(C)NC(=O)c2nc3ccccc3c(=O)[nH]2)n1']"
3666,0.03,0.32011175,0.6519836187362671,"['O=C(NCC(O)COc1cccc(Cl)c1Cl)c1ccoc1', 'Cc1ccsc1C(O)CNC(=O)c1cccc(Cl)c1', 'CC(C)c1ccc(C(O)CNCc2ccncc2)cc1', 'COc1cc(OC)cc(C(O)CNC(C)c2sccc2C)c1', 'Cc1ccccc1OCC(O)CN1CC(C)OC(C)C1', 'O=C(NCC(O)c1ccoc1)c1ccc(-c2ccccc2)cc1', 'CC(C)OCC(O)CN1CCN(c2cccc(Cl)c2)CC1', 'CCCNC(=O)NCC(O)COc1ccc(F)cc1', 'Cc1ccc(C(O)CNC(=O)CCc2c(C)noc2C)cc1', 'Cc1ccsc1C(O)CNS(=O)(=O)c1cccc(Cl)c1']"
3667,1e-04,0.0,0.0,[]
3668,1e-04,0.0,0.0,[]
3669,0.0583,0.363983,0.45361414551734924,"['COCC1c2c(cnn2C)CCN1S(=O)(=O)Cc1ccccc1', 'CC(=O)Nc1ccc2c(c1)nc1n2CCN(c2ccc3[nH]ccc3c2)C1', 'CC1COCCN1CC1=Cc2cc(Cl)ccc2OC1', 'O=C(NC1c2ccccc2CC1O)c1c[nH]nc1C1CCCCC1', 'Cc1ccc(C)n1-c1c(C(=O)NCCCO)cnn1C', 'CCn1c(-c2cnn(C)c2N)nc2ccc(F)cc21', 'CCc1onc(C)c1NC(=O)c1cc(-c2ccc(C)cc2)no1', 'Nc1cc(=O)[nH]c(CCNC(=O)c2cccc3ccnn23)n1', 'Cc1ccnc(N2Cc3cnn(Cc4ccc(F)cc4)c3C2)n1', 'CCN(Cc1nc2c(cnn2C)c(=O)[nH]1)c1cc(C)ccc1C']"
3670,0.0005,0.5110308,0.48883378505706787,"['CCC(Nc1ccc2cc[nH]c2n1)c1ccncc1', 'CC1(C)CCC(CN(CCC#N)Cc2ccccn2)CC1', 'Cc1ccc(CC(C)N(C)Cc2c[nH]nc2C)cc1', 'Cc1ncsc1CCNc1ccc2c(c1)CCC2', 'CC(c1ccccn1)N(C)Cc1nc2ccccc2n1C(C)C']"
3671,1e-04,0.0,0.0,[]
3672,0.0012,0.35386825,0.707755446434021,"['[H]N=c1n(CC=C)c2ccccc2n1CC(=O)c1cccs1', 'CC1CCCN(c2ncnc(NCC3CCCO3)c2N)C1', 'CC1CCC(Oc2cc3c(cc2N)OCCO3)CC1', 'CSc1nc(N2CCCC2)c2c(c1C#N)CC(C)(C)OC2', 'COc1cccc(N=c2oc3ccccc3cc2C(N)=O)c1', 'Cc1cc(N)cc(-c2nc3cc(-n4cnnc4)ccc3o2)c1O', 'Cc1ccc(Nc2ncnc(N3CCOCC3)c2N)cc1Cl', 'CSc1ccc(C)c(C(=O)Nc2cccn(C)c2=O)c1', 'CCN(C)c1ccc(C(=O)NCc2cccc(-c3n[nH]c(C)n3)c2)cc1', 'Cc1n[nH]c(C)c1N1CCN(C(=O)NCc2ccccc2)CC1']"
3673,0.0005,0.40814328,0.9741649627685547,"['CC1CCc2c(sc3ncnc(NCc4nccs4)c23)C1', 'CN1CCc2c(sc3ncn4nc(-c5ccc(N)cc5)nc4c23)C1', 'CC1(C)Cc2c(sc3nc(=O)n(Cc4ccco4)c(N)c23)CO1', 'CC1(C)Cc2c(sc3nnn(Cc4ccccc4)c(=O)c23)CO1', 'C=CCNc1ncnc2sc(C(=O)NCC3CC3)c(C)c12']"
3674,0.0507,0.46682107,0.4839968681335449,"['COc1cc(-c2cc(N)on2)c(OC)cc1Br', 'O=C(CSc1ncnc2nc[nH]c12)Nc1nccs1', 'COc1ccc2nc3c(nc2c1)C(=O)c1ccccc1-3', 'O=C(CCc1c[nH]c2ccccc12)NCc1nnc2ccccn12', 'O=C(NCc1cnn2ccccc12)c1cccc(Cl)c1', 'CC1(C(=O)NCc2cccs2)CC1(Cl)Cl', 'O=C(CNC(=O)c1ccsc1)NCCC1CCCC1', 'O=C(Nc1ccc2[nH]ccc2c1)c1cn2cc(Cl)ccc2n1', 'COCCSc1cc(N2CCOCC2)ncn1', 'O=C(NCCc1cccc(O)c1)Nc1nc2ccccn2n1']"
3675,0.0019,0.3501169,0.7619876861572266,"['O=C1CCC2CN(c3ncccc3Cl)CCC2N1CCCCO', 'CC1=CCC2CN(c3nc(C)ccc3C(N)=O)CC2C1', 'CCCCN1C(=O)CCC2CN(C(=O)c3cccnn3)CCC21', 'CC(=O)N1CCOC2CN(c3ncccn3)CCC2C1', 'COCC(=O)NC1CCC2(C)CCC3C(C)C(=O)OC3C2C1C', 'CCOC1CC2CN(C(=O)c3ccnnc3)CCN2C1', 'CN1CCN2CCN(C(=O)CCOc3ccccc3)CC2C1=O', 'CN1CCOC2CN(c3ccc(Br)cc3C#N)CC21', 'CC(O)C1NC(=O)C2CC(NC(=O)NC3CCCCC3)CN2C1=O', 'CN1CC(=O)N2CC(NC(=O)CSc3ccncc3)CC2C1=O']"
3676,0.0014,0.40000752,0.8008630275726318,"['N#Cc1cnn2cc(-c3cc(NC4CCCC4)nc4[nH]ccc34)cnc12', 'CCc1nc2ncc(-c3cc(NCCO)nc4[nH]ccc34)cc2[nH]1', 'NC(=O)c1cc2c(cc1-c1cc(NCCO)nc3[nH]ccc13)OCO2', 'CN(CC(=O)N(Cc1ccccn1)C1CC1)c1ncnc2[nH]cnc12', 'CCC(C(=O)NC1CCCCC1)n1ncn2c(cc3occc32)c1=O', 'O=C(NC(C(=O)N1CCCC1)c1ccccc1)c1cnc2[nH]ccc2c1', 'CCCC1CN(Cc2cccc3[nH]ccc23)CCO1', 'CN(CC(=O)Nc1nnc(C2CC2)s1)c1ncnc2[nH]cnc12', 'O=C(c1ccco1)N1CCC(c2ccnc3nc4ccccc4n23)CC1', 'COc1ccc2c(c1OC)C(=O)OC2Nc1ncnc2[nH]cnc12']"
3677,1e-04,0.0,0.0,[]
3678,1e-04,0.0,0.0,[]
3679,1e-04,0.0,0.0,[]
3680,0.0425,0.5442713,0.4266122877597809,"['Cn1ncc(C(=O)Oc2cccc(Cl)c2)c1-n1cccc1', 'C=CCOC(=O)N1CCC23C=CC(O)CC2Oc2c(O)ccc(c23)C1', 'O=C(OCc1cccc2cccnc12)C1CCCN(c2ncccn2)C1', 'CC(C)=CCC1(CO)CCCN(C(=O)C2(Cn3cccn3)CC2)C1', 'COc1cc(O)ccc1C1Nc2c(C)cccc2-c2cc(C)nn21', 'CCCn1ccnc1-c1nccn1Cc1ccccc1-n1cncn1', 'CN(C)S(=O)(=O)N1CCC2OCCC2(COc2cccnc2)C1', 'O=C(Cn1ncc(=O)c2ccccc21)OCCNc1ncccn1', 'O=C1OC2CC3CC2C1C3C(=O)N1CCN(c2ccccc2F)CC1', 'COc1ccc(Cl)cc1NC(=O)c1cccnc1-n1cncn1']"
3681,0.0179,0.5954343,0.4009920656681061,"['O=C(NCc1cc(F)ccc1Br)NCC1CCC1', 'O=C(NCc1nncn1C1CC1)Nc1ccn(Cc2ccccc2)n1', 'O=C(NCC1COc2ccccc2C1)N1CCCCC1', 'O=C(NCCc1cscn1)N1CCOCC1C1CC1', 'O=C(Nc1ccc2c(c1)COC2)N1CCc2ccccc2C1', 'O=C(NCc1cscn1)Nc1ccccc1Cl', 'O=C(NCCC1CC2CCC1C2)Nc1cccc(N2CCOC2=O)c1', 'O=C(NCc1ccncc1)NC1CCCC1Oc1ccccc1', 'O=C(NCCc1cccc2ccccc12)N1CCCC(O)C1', 'O=C(NCc1cccs1)NCC1(O)CCOCC1']"
3682,0.0009,0.3413997,0.8968672156333923,"['CCN(Cc1cccs1)C(=O)COc1ccc2ccc(=O)oc2c1', 'COc1cccc2cc(C(=O)Nc3ccc4c(C)cc(=O)[nH]c4c3)oc12', 'COc1ccc(C(=O)Oc2ccc3cc(C(N)=O)c(=O)oc3c2)cc1', 'COc1ccccc1COc1ccc2cc(C(C)=O)c(=O)oc2c1', 'CCCNC(=O)COc1cccc2ccc(=O)[nH]c12', 'COc1ccc2c(C(=O)Nc3cccc4ncccc34)cc(=O)oc2c1', 'O=C(Nc1ccc2oc(=O)ccc2c1)c1ccc[nH]c1=O', 'COc1ccc2c(=O)cc(C(=O)NCCO)oc2c1', 'C=CCCOC(C)C(=O)Nc1ccc2nc(C)oc2c1']"
3683,0.0014,0.3250076,0.9995148181915283,"['OCCn1c(-c2cccc(F)c2)nc2cc3c(cc21)OCCO3', 'COc1ccccc1OCCn1cnc2cc3c(cc21)OCCO3', 'N#CCCn1c(CC#N)nc2cc3c(cc21)OCCO3', 'CC1c2ccc3c(c2CN2CCc4cc5c(cc4C12)OCO5)OCO3', 'COCCN(Cc1cc2cc3c(cc2n2nnnc12)OCO3)C(C)=O', 'Cn1c(=O)c(=O)n(C)c2cc3c(cc21)ncn3Cc1ccccc1', 'Nc1nccnc1C(=O)Nc1nc2cc3c(cc2s1)OCCO3', 'CC(=O)N1CCCC(=O)c2ccc3c(c21)OC(C)C3', 'CCc1cc(=O)oc2c(C)c3c(cc12)CN(CC(C)O)CO3', 'CC(=O)N(Cc1cccnc1)c1nc2cc3c(cc2s1)OCCO3']"
3684,1e-04,0.0,0.0,[]
3685,0.0027,0.55712974,0.5284335017204285,"['CC(Sc1ccccn1)C(=O)Nc1nc(C(C)C)cs1', 'CC(Sc1ccccc1Cl)C(=O)OCC(N)=O', 'CC(Sc1ccccc1)C(=O)NCC(C)N1CCOCC1', 'CC(Sc1ccccc1F)C(=O)Nc1cccc(N)c1', 'CC(Sc1ccccc1)C(=O)NC(C)c1ccncc1', 'CC(Sc1ccncc1N)C(=O)NC(C)(C)C', 'CC(Sc1ncccn1)C(=O)N1CCCc2ccccc21', 'CC(Sc1nncs1)C(=O)N1CCCCCC1', 'CC(Sc1ccccn1)C(=O)N1CCC(C)(C)C1', 'CC(Sc1nncs1)C(=O)Nc1cccc2cn[nH]c12']"
3686,1e-04,0.0,0.0,[]
3687,0.0032,0.41105908,0.5997576117515564,"['COC(=O)c1cc2n(n1)CCCN(C(=O)c1cc(C(C)C)on1)C2', 'N#Cc1cccc(-c2cn3c(n2)N(C(=O)Cc2ccsc2)CCC3)c1', 'CC(C)c1nc2n(n1)CC(Nc1cnc3ccccc3n1)CC2', 'CCc1nc2n(n1)CCCC2NC(=O)CCCc1ccccc1', 'CCc1nc2n(n1)CCCC2NC(=O)N(CC)CC(C)CC', 'COC(=O)c1cc2n(n1)CCCN(C(=O)CCc1[nH]nc(C)c1C)C2', 'CCc1nc2n(n1)CCCC2NC(=O)CCOCC(C)C', 'CCc1nc2n(n1)CCCC2NC(=O)CCCNC(=O)c1ccco1', 'COc1ccc(NC(=O)c2cn3c(n2)CN(CC(C)C)CC3)cc1', 'CCc1nc2n(n1)CC(NCc1ccc(C#N)cc1F)CC2']"
3688,1e-04,1.0,0.0,['CCOC(=O)Cc1c(C(F)(F)F)nc2ccccn2c1=O']
3689,1e-04,0.0,0.0,[]
3690,1e-04,0.0,0.0,[]
3691,0.0397,0.67338073,0.25695040822029114,"['CC(=O)c1ccccc1Sc1nnc2ccccn12', 'CC(=O)c1ccc(CNc2nccnc2C#N)nc1C', 'CC(=O)c1c(C)[nH]c(C(=O)NCc2ncoc2C)c1C', 'CC(=O)c1c(F)cccc1SCc1ccco1', 'CC(=O)c1c(C)[nH]c(C(=O)CSc2ncccn2)c1C', 'CC(=O)c1cccc(COC(=O)c2cccnc2)c1', 'CC(=O)c1sc(CCNc2ccc(F)cc2)nc1C', 'CC(=O)c1cccc(NCc2cc(Cl)cc3c2OCOC3)c1', 'CC(=O)NC(C)C1NCCc2c1ccc(C)c2F', 'CC(=O)OCCCn1c(C)nc2cc(Cl)ccc21']"
3692,0.005,0.3824469,0.6986067891120911,"['CN1C(=O)COc2ccc(-c3nccc(N)n3)cc21', 'CCC1C(=O)Nc2c(F)cc(C(O)Cc3ccccc3)cc21', 'CN1C(=O)C(C)(C)c2cc(-c3nccnc3C#N)ccc21', 'O=C1CCCc2[nH]c(=O)c(-c3nc(-c4ccncc4)no3)cc21', 'CN1C(=O)Cc2cc(S(=O)(=O)Nc3cccc(Cl)c3)ccc21', 'O=C1CCCc2[nH]c(=O)c(C(=O)Nc3ccccc3-n3cccn3)cc21', 'CCN1C(=O)C(C)(C)c2cc(NC(=O)c3ccco3)ccc21', 'CCN1C(=O)Cc2cc(C(=O)N3CCOCC3)ccc21', 'O=C1CCCc2[nH]c(=O)c(C(=O)NCCOc3ccccc3)cc21', 'CC(=O)N1CCc2ccc(NC(=O)CC(C)(C)C)cc21']"
3693,1e-04,0.0,0.0,[]
3694,1e-04,0.0,0.0,[]
3695,1e-04,0.0,0.0,[]
3696,1e-04,0.0,0.0,[]
3697,1e-04,0.0,0.0,[]
3698,1e-04,0.0,0.0,[]
3699,1e-04,0.0,0.0,[]
3700,0.0107,0.69423336,0.23123347759246826,"['CC(NC(=O)c1cccn1C)c1ccccc1Br', 'CC(NC(=O)c1cccs1)c1nc2ccccc2o1', 'CC(NC(=O)CCc1cccc(F)c1)C1CCCO1', 'CC(NC(=O)C1CC(=O)N(C)C1)c1cccc(Br)c1', 'CC(NC(=O)CN1C(C)COCC1C)c1ccccc1Cl', 'CC(NC(=O)N1CCC(CO)CC1)C1CCCO1', 'CC(NC(=O)c1cnccn1)c1ccc(Cl)cc1Cl', 'CC(NC(=O)Nc1ccccc1Br)C1CCCO1', 'CC(NC(=O)Nc1ccncc1)c1cccc(Cl)c1', 'CC(NC(=O)Nc1cccc(OCC(F)F)n1)c1cccnc1']"
3701,1e-04,0.0,0.0,[]
3702,1e-04,0.0,0.0,[]
3703,1e-04,0.0,0.0,[]
3704,1e-04,0.0,0.0,[]
3705,1e-04,0.0,0.0,[]
3706,1e-04,0.0,0.0,[]
3707,1e-04,0.0,0.0,[]
3708,1e-04,0.0,0.0,[]
3709,0.0029,0.53805363,0.594104528427124,"['CC(=O)c1c(C)[nH]c(C(=O)COc2ccc(C#N)cc2Cl)c1C', 'CC(=O)c1c(C)[nH]c(C(=O)OCC(=O)c2ccc(Cl)cc2)c1C', 'COC(=O)c1c(C)[nH]c(C(=O)C(C)Oc2cccc(C#N)c2)c1C', 'CC(=O)c1c(C)[nH]c(C(=O)CSc2ncccn2)c1C', 'CCOC(=O)c1c(C)[nH]c(C(=O)OCC(=O)N2CCCC2)c1C', 'COC(=O)c1c(C)[nH]c(C(=O)CSc2nncs2)c1C', 'CC(=O)c1c(C)[nH]c(C(=O)NCc2ccccc2F)c1C', 'COC(=O)c1c(C)[nH]c(C(=O)CN2CC(C)c3ccccc32)c1C', 'COC(=O)c1c(C)[nH]c(C(=O)COc2ccccc2C)c1C', 'CC(=O)c1c(C)[nH]c(C(=O)OCc2cccc(F)c2)c1C']"
3710,1e-04,0.0,0.0,[]
3711,1e-04,0.0,0.0,[]
3712,1e-04,0.0,0.0,[]
3713,1e-04,0.0,0.0,[]
3714,1e-04,0.0,0.0,[]
3715,1e-04,0.0,0.0,[]
3716,1e-04,0.0,0.0,[]
3717,1e-04,0.0,0.0,[]
3718,1e-04,0.0,0.0,[]
3719,1e-04,0.0,0.0,[]
3720,0.5242,0.3487136,0.5914090275764465,"['C=CCN(CC=C)C(=O)CNc1ccc(C)c(C)c1', 'C=CCC(O)(CC=C)CNC(=O)c1cc(C)nc2cc(C)ccc12', 'C=CCn1nnc(CO)c1Cc1ccc(OCC)cc1', 'C=CCNC(=O)CSc1nnc(C)n1-c1ccc(OC)cc1', 'C=CC(CC(=O)Nc1cc(C)nn1-c1ccc(C)nn1)c1ccccc1', 'C#CCN1CCC(C(=O)N2CCCc3c(C)ccc(OC)c32)CC1', 'C=CCn1c(C)nnc1SCC(=O)N(C)Cc1cnn(C)c1', 'C=CCCCN(C)C(=O)Nc1ccc(C(=O)NC)cc1', 'C=CCNC(=O)c1ccc(NC(=O)C(CC)CC)cc1', 'CCNc1nc(OC)nc(-n2cnc(SC)n2)n1']"
3721,0.0076,0.2509172,0.9249520301818848,"['COC(=O)C1(NC(=O)Nc2ccc(Cl)cc2Br)CC1', 'Cc1ccccc1C1(CNC(=O)c2cccc(S(C)(=O)=O)c2)CC1', 'COCCC1(CNC(=O)c2cccc(-c3ccoc3)c2)CC1', 'CCC1(CNC(=O)c2cccc(-c3ccoc3)c2)CC1', 'N#CCC1(COC(=O)C2CC2c2ccc(F)cc2)CC1', 'CCC1(CNC(=O)NC2C3CCOC3C2(C)C)CC1', 'N#CC1(NS(=O)(=O)c2cnn(Cc3ccccc3)c2)CC1', 'N#CC1(NC(=O)C2CC2c2ccc(OCc3ccccc3)cc2)CC1', 'NC(=O)C1CN(C(=O)C2(c3cccc(C(F)(F)F)c3)CC2)CCO1', 'COc1ccc(C2(C(=O)Nc3ccc(Cn4cncn4)cc3)CC2)cc1']"
3722,0.0002,0.5,0.0,"['CC(O)C(NC(=O)OCc1ccccc1)C(N)=O', 'COC(=O)C(Cc1ccccc1)NC(=O)Nc1ccccc1OC']"
3723,0.0004,0.49213958,0.7120496034622192,"['Cc1cc2c(o1)CC(C)(C)CC2NC(=O)CCNc1ncccn1', 'Cc1nc2c(s1)CN(S(=O)(=O)c1c(C)n[nH]c1C)CC2', 'CC(c1ccco1)N(C)Cc1ccc(S(=O)(=O)N2CCCC2)o1', 'CC(c1ccco1)N(C(=O)c1cccc(OCC(F)F)n1)C1CC1']"
3724,1e-04,0.0,0.0,[]
3725,1e-04,0.0,0.0,[]
3726,1e-04,0.0,0.0,[]
3727,0.0004,0.41587755,0.6978834867477417,"['OCc1cccc(-n2cc(-c3ccccc3)cn2)n1', 'C=Cc1cccc(CN2CCN(c3ncc(F)cn3)CC2)c1', 'Oc1cccc(-n2nnnc2SCc2ccccc2F)c1', 'O=C(c1ccccc1)c1ccc(CN2CCOCC2)cc1']"
3728,1e-04,0.0,0.0,[]
3729,0.0004,0.36130285,1.017295241355896,"['COc1ccc(-c2cc(N3CCN(C(=O)C(C)C)CC3)ncn2)cc1', 'Cc1ccc(Oc2ccc(NC(=O)Nc3cn[nH]c3)cn2)cc1', 'Cc1cc(NC(=O)c2cccc(NC(=O)c3cccnc3)c2)ccn1', 'CCN1CCN(c2ccc(NC(=O)c3cccnc3)cn2)C1=O']"
3730,0.0002,0.5,0.0,"['CC#Cc1cn(C2OC(CO)C(O)C2OC)c(=O)[nH]c1=O', 'Cc1cn(C2(F)OC(CO)C(O)C2(F)F)c(=O)[nH]c1=O']"
3731,0.0008,0.803469,0.10178931802511215,"['CC(C)(O)CCc1cccc(C(=O)NCc2cnn3ccccc23)c1', 'CC(C)(O)c1sc(C2CCCCC2)nc1C1CC1', 'CC(C)(O)CN1CCN(C(=O)CC2C=CCC2)CC1', 'CC(C)(O)c1ccc(OCC(=O)Nc2ccc(F)cc2F)cc1', 'CC(C)(O)CSc1nnc(NCc2ccco2)s1', 'CC(C)(O)c1nc(-c2ccc(F)cc2F)cs1', 'CC(C)(O)CN1CCN(C(=O)c2ccc(-n3cnnc3)cc2)CC1', 'CN(CC(O)C1CC1)C(=O)CCC(=O)N1CCc2sccc2C1']"
3732,1e-04,0.0,0.0,[]
3733,1e-04,0.0,0.0,[]
3734,1e-04,0.0,0.0,[]
3735,0.0006,0.39821282,0.828267514705658,"['CCOC(=O)C(CC)N1C(=O)C(C(C)C)Oc2ccc(C(C)=O)cc21', 'CCC(c1nc(C(C)C)no1)N1Cc2ccccc2C1=O', 'COC(=O)C(NC(=O)c1ccccc1)c1nnc(C(F)(F)F)o1', 'CC(C)N1CC(C(=O)Nc2ccccc2C(N)=O)CC1=O', 'CC(C)(C)N1CC(C(=O)NCCCc2ccc(Cl)cc2)CC1=O', 'CN1C(=O)C(C(=O)Nc2ccccc2Br)c2ccccc21']"
3736,0.0024,0.3481379,0.7582019567489624,"['Fc1cc2c(c(F)c1Cl)CCNC2c1cncnc1', 'Nc1ncc(Br)c(Cl)c1Br', 'Fc1c(Cl)ccc2c1C(c1nccs1)NCC2', 'Fc1cc(Br)c2c(c1)CCNC2C1CC1', 'Fc1cc(CN2CCN(CC(F)F)CC2)ccc1Cl', 'Fc1ccc(Oc2ncnc3ccsc23)cc1F', 'Fc1ccc2c(c1F)C(CNCc1ccccc1)NCC2', 'Nc1cc(F)c(S(=O)(=O)N2CCC(O)C2)c(F)c1', 'Fc1ccc(F)c(NCCCN2CCOCC2)c1', 'Clc1cc(Cl)cc(CNCCc2nccs2)c1']"
3737,1e-04,0.0,0.0,[]
3738,1e-04,0.0,0.0,[]
3739,0.0005,0.3611918,0.8157427310943604,"['Cc1ccc(NC(=O)C23CCC(C2)C(C)(C)C3=O)cc1', 'Cc1cc(C)c(S(=O)(=O)N2CCC3(CC2)OCCCO3)c(C)c1', 'CCCc1nnc(N2CC3CCC(C2)C3OC)o1', 'COc1ccc(C(=O)C2C3C(=O)C4OCC(O4)C23)cc1', 'Cc1ccc(CN2CC(C(=O)N3CC(CO)C3)CC2=O)cc1']"
3740,1e-04,0.0,0.0,[]
3741,1e-04,1.0,0.0,['Cc1ccc(NC(=O)C23CCC(C2)C(C)(C)C3=O)cc1']
3742,1e-04,1.0,0.0,['O=C(NCCN1CCOCC1)NCC(O)c1ccccc1F']
3743,1e-04,0.0,0.0,[]
3744,0.0262,0.2366112,0.5876783132553101,"['O=C(NCCOc1cccnc1)c1ccc(SC(F)F)cc1', 'CC(C)Sc1ccccc1C(=O)NCC(C)(C)N1CCOCC1', 'COCc1nn2c(C)c(-c3ccc(C)c(C)c3)nc2s1', 'CNC(=O)Cn1cc(NC(=O)CN(C)S(C)(=O)=O)cn1', 'COCCn1cc(NC(=O)Nc2ccc(C)cc2Cl)cn1', 'CC(O)CC(C)CNC(=O)Nc1cccc(SC(F)F)c1', 'CCOC(=O)N1CCN(C(=O)NC(C)c2cccc(Cl)c2)CC1', 'c1ccc(-c2nnc3ccc(NCc4ccoc4)nn23)cc1', 'O=C(NCCCOc1ccc(F)cc1)Nc1nccs1', 'C=CCSc1ccccc1NC(=O)c1ccc(CNC(C)=O)cc1']"
3745,1e-04,0.0,0.0,[]
3746,1e-04,0.0,0.0,[]
3747,1e-04,0.0,0.0,[]
3748,1e-04,0.0,0.0,[]
3749,0.0133,0.36259824,0.5988121032714844,"['CCNc1ccc(S(=O)(=O)N(CC)CC(C)C)cn1', 'Cc1nc(C2CCCN(C(=O)C3CC(=O)N(CC(C)C)C3)C2)no1', 'CCC1CCCN(C(=O)c2nc(N)ccc2Cl)C1', 'CC(C)N(CC1CC1)S(=O)(=O)c1ccc(Br)cc1N', 'CC(CNC(=O)N1CCN(CC(=O)NC2CC2)CC1)Cn1cccn1', 'CN(C(=O)CCc1cccc(N)c1)C1CCOCC1', 'COc1ccc(N)cc1CNS(=O)(=O)N1CCCCC1C', 'Cc1noc(C2CCCN(C(=O)Cc3csc(C)n3)C2)n1', 'O=C(CC1COCC2CN(C(=O)c3ccoc3)CC12)NCC1CC1', 'Cc1noc(C)c1S(=O)(=O)NC(CO)CC(C)C']"
3750,0.2946,0.16950583,0.7613694667816162,"['O=C(CCCOCC1CCOCC1)c1ccccc1', 'CCOCCCNc1ncnc2c1nc1n2CCCC1', 'COCCCNc1c(-c2cc(C)c(C)cc2C)c(=O)c1=O', 'Cc1ccc(OCCCCO)c(Br)c1', 'O=c1ccccn1CCCCNS(=O)(=O)c1ccccc1', 'Cn1c(SCCCC#N)nnc1-c1ccncc1', 'Cc1sc2[nH]c(SCCCC(=O)NCCO)nc(=O)c2c1C', 'O=C(NCCCOC1CCCCC1)c1ccccc1F', 'O=C(NCCCC1CCOC1)c1[nH]nc2c1CCCCC2', 'CCCCCNS(=O)(=O)c1cc2c3c(c1)CC(=O)N3CCC2']"
3751,1e-04,0.0,0.0,[]
3752,1e-04,0.0,0.0,[]
3753,1e-04,0.0,0.0,[]
3754,1e-04,0.0,0.0,[]
3755,1e-04,0.0,0.0,[]
3756,1e-04,0.0,0.0,[]
3757,1e-04,0.0,0.0,[]
3758,1e-04,0.0,0.0,[]
3759,0.008,0.31313515,0.7005462646484375,"['O=c1cc(COc2nnc3ccccn23)nc2sccn12', 'O=C(CCc1c[nH]c2ccccc12)NCc1nnc2ccccn12', 'N#Cc1c(F)cccc1N1CCC(c2nnc3ccccn23)CC1', 'CC(C)(C)CC1CCCN1C(=O)NCc1nnc2ccccn12', 'O=C(CSc1ncc2ccccn12)N1CCc2ccccc21', 'O=C(NCCc1nnc2ccccn12)NCC(F)(F)F', 'CC(=O)c1ccccc1Sc1nnc2ccccn12', 'CCCc1nnc2sc(-c3c(C)nc4ncccn34)nn12', 'O=C(CC1CCc2ccccc21)NCCCc1nnc2ccccn12', 'CC(NCc1c(F)cccc1Cl)c1nnc2ccccn12']"
3760,1e-04,0.0,0.0,[]
3761,1e-04,0.0,0.0,[]
3762,1e-04,0.0,0.0,[]
3763,0.0013,0.60643524,0.3756314814090729,"['CC(CO)NS(=O)(=O)c1c[nH]c2ncccc12', 'CC(CO)NC(=O)c1cccnc1Sc1ccccc1', 'CC(CO)NC(=O)NCc1cccc(NC(=O)c2ccncc2)c1', 'CC(CO)NC(=O)CN(C)S(=O)(=O)c1ccc(Cl)cc1', 'CC(CO)NC(=O)c1ccc(COc2ccc3ccccc3c2)o1', 'CC(CO)C(C)NC(=O)NC1CCC2(CC1)OCCO2', 'CC(CO)CNC(=O)NCC1(c2ccc3c(c2)OCO3)CCCCC1', 'CC(CO)CNC(=O)NCC1(c2cccc(Cl)c2)CCOCC1', 'CC(CO)NC(=O)NCC1(c2ccc3c(c2)OCO3)CCCCC1', 'CC(CC#N)N1CCN(c2cccc(Cl)c2)CC1']"
3764,0.001,0.54643476,0.46848228573799133,"['C#CCCOC(=O)Cc1c(C)nc2c(c1C)c(=O)[nH]n2C', 'Cc1ccc(-c2nc(C)c3c(n2)N(CC2CCCO2)C(=O)C3)cc1', 'CCOc1ccc2[nH]cc(C(=O)c3cccc(OC)c3)c(=O)c2c1', 'CCc1ccc(-c2ccn(C3CC3)c(=O)c2C#N)cc1', 'COc1ccc(S(=O)(=O)c2nnn(-c3cccc(C)c3)c2C)cc1', 'Cc1cccc(-c2ncc(S(=O)(=O)C(C)(C)C)c(N)n2)c1', 'CC(C)OC(=O)c1cc(-c2ccc3c(c2)CC(=O)N3C)on1', 'COc1ccc(-c2cc(-c3ccc(OC)c(OC)c3)[nH]n2)cc1OC', 'CCc1ccc(-n2cc(C(C)=O)c(=O)cc2C)cc1', 'CCOc1ccc(NC(=O)c2cc(=O)oc3cc(OC)ccc23)cc1']"
3765,0.0012,0.29774943,0.9748629927635193,"['CSc1nnc(CSc2nc3ccccc3s2)n1C', 'CSc1nnc(-c2ccc(Cl)cc2)n1CCO', 'CSc1nnc(NC(=O)c2ccccc2O)s1', 'CSc1ccccc1NC(=O)Nc1c(C)n[nH]c1C', 'CSc1nnc(-c2cccnc2)n1Cc1ccco1', 'CSc1ccc(NCCOCC(F)(F)F)cc1', 'CSc1ccc(C)cc1-c1csc(CC#N)n1', 'CSc1ccccc1C(=O)Nc1cccc(C)n1', 'CSc1nnc(NC(=O)c2cccc(F)c2)s1', 'CSc1ccccc1NC(=O)NC1CCCNC1=O']"
3766,1e-04,1.0,0.0,['C=CCCC(=O)Nc1ccc(Cc2ccncc2)cc1']
3767,1e-04,0.0,0.0,[]
3768,0.0097,0.40372396,0.632903516292572,"['CN(Cc1ccc(F)cc1)C(=O)CC1Sc2ccccc2NC1=O', 'O=C(c1ccc(Cl)cc1)C1CCN(C(=O)c2ccccc2)CC1', 'O=C(c1ccc(Br)cc1)N1CCOC2CCCC21', 'CN(Cc1ccc(Cl)cc1)C(=O)Cc1ccc(O)cc1', 'O=C(c1cccc(Cl)c1)N1CCn2nc(-c3ccccn3)nc2C1', 'CN(Cc1ccc(Cl)cc1)C(=O)Cn1cnc2ccccc2c1=O', 'CC(Oc1ccc(F)cc1)C(=O)OCc1cc(=O)n(C)c(=O)n1C', 'CC(c1cccc(Cl)c1)N(C)C(=O)Cn1ccc(=O)n(C)c1=O', 'CC(Cc1ccc(O)cc1)NC(=O)NCC(O)c1ccco1', 'CN(Cc1ccc(Cl)cc1)C(=O)Cc1cccc(OCC#N)c1']"
3769,0.0005,0.31267932,1.062586784362793,"['COc1ccccc1SCCC(=O)OC(C)(C)C', 'COc1ccccc1OCC(=O)N(C(C)C)C(C)C', 'CC1CNc2cc(NC(=O)OC(C)(C)C)ccc2O1', 'CSc1ncccc1C(=O)N(CC1CC1)C(C)C', 'COCC(=O)Nc1cc(Br)ccc1OC']"
3770,0.03,0.44005087,0.4451964497566223,"['CC1=CC(C)C2(CO)COC(c3ccco3)C1C2C', 'CCn1nc(C)nc1CCCc1c[nH]c2ccccc12', 'CC(CNS(C)(=O)=O)OC(=O)Cc1cccc2cccnc12', 'CCc1nc(C)ncc1C(=O)N1CCc2sccc2C1', 'CC(C)C(C)NC(=O)CN(C)c1ccc(Cl)cn1', 'COCCCN(C)C(=O)Nc1snc(C)c1C(=O)OC', 'CC(C)N(C)C(=O)CNc1ccc(F)c(F)c1F', 'COC(C)(C)CC(C)(NCC(F)(F)F)C(N)=O', 'CSc1nc(C)nc(C)c1C(=O)NC(C)CO', 'CCc1nc(C)sc1CNC(=O)Nc1ccc2c(cnn2C)c1']"
3771,1e-04,0.0,0.0,[]
3772,1e-04,0.0,0.0,[]
3773,1e-04,0.0,0.0,[]
3774,0.0149,0.27696326,0.7810407280921936,"['Cc1nn(CC(=O)NCC2CCCCO2)c(C)c1N', 'Cc1nn(CC(=O)N2CCOCC2)c(C)c1Cl', 'Cc1nn(CCC(=O)NC(C)Cc2ccccn2)c(C)c1Cl', 'Cc1nn(CC(=O)N2CCOCC2CC(C)C)c(C)c1Cl', 'Cc1nn(C2CCCCO2)c(C)c1Br', 'Cc1nn(CCc2cc(C)n(C(C)C)c2C)c(C)c1N', 'CCc1nn(CC(O)c2ccc(Cl)cc2)c(=O)c(C#N)c1CC', 'Cc1cnn(CCC(=O)N(C)CCC(F)(F)F)c1', 'Cc1nn(CC(O)c2cc(F)ccc2F)c(=O)c2ccccc12', 'Cc1nn(CC(=O)NCC2CC2)c(=O)c2ccccc12']"
3775,1e-04,0.0,0.0,[]
3776,0.0024,0.3307458,0.6744968295097351,"['CCOc1ccc(C(=O)NCC(=O)Nc2ccc3c(c2)OCO3)cc1', 'COc1ccc(C(=O)NCC(=O)NCCc2ccc(F)cc2C)cc1', 'COc1ccc(C(=O)NCC(=O)Nc2ccc(C)cc2C)cc1OC', 'COc1ccc(C(O)C(C)NC(=O)Nc2cc(C)ccc2OC)cc1', 'CCOc1cccc(C(C)NC(=O)C(C)NC(=O)c2ccco2)c1', 'COc1cccc(CC(NC(C)=O)C(=O)NC(C)C2CCCO2)c1', 'CCOc1ccc(NC(=O)NCC(O)c2ccc(OC)cc2)cc1', 'COc1ccc(-n2nnnc2SCC(=O)NC2CCCCC2)cc1', 'Cc1ccc(C(NC(=O)NCCC(=O)N2CCCCC2)C2CC2)cc1', 'Cc1cccc(OCC(C)NC(=O)NC2c3ccccc3CC2O)c1']"
3777,1e-04,0.0,0.0,[]
3778,0.0006,0.4954543,0.7638967037200928,"['O=c1c(-c2ccccc2)c(O)n(O)c2ccccc12', 'O=C(Cn1nc(-c2cccnc2)oc1=O)N1CCCC1', 'Cc1cc2c(nc1C)oc1c(=O)n(Cc3ccc(F)cc3)cnc12', 'CCn1c(=O)cc(OCC(=O)Nc2ccccc2C#N)c2ccccc21', 'Nn1c(SCC(=O)NC2CCCC2)nc2ccccc2c1=O', 'O=C(COc1nc(-c2ccccc2Cl)no1)N1CCOCC1']"
3779,1e-04,0.0,0.0,[]
3780,0.021,0.29683784,0.6784530878067017,"['Cn1nc(C(=O)NCCn2ncccc2=O)ccc1=O', 'CC(Cc1ccccc1F)NC(=O)Cn1ccccc1=O', 'CSc1ccsc1C(=O)NCCCCn1ccccc1=O', 'O=C(CCn1ccccc1=O)Nc1cccnc1-n1cccn1', 'CC(CNC(=O)Cn1cccnc1=O)c1c(Cl)cccc1Cl', 'CCN(C(=O)Cn1cc(Br)ccc1=O)C1CC1', 'O=C(CCn1ccccc1=O)NC(c1ccccc1)C1CCCC1', 'Cc1cccc(C)c1OC1CN(C(=O)CCn2ccccc2=O)C1', 'CC(C(=O)Nc1c[nH]ccc1=O)n1cnc2ccccc21', 'COc1cc(C)ccc1NC(=O)Cn1ccccc1=O']"
3781,1e-04,0.0,0.0,[]
3782,1e-04,0.0,0.0,[]
3783,1e-04,1.0,0.0,['O=C1CC(c2ccccc2F)c2c(c3ccccc3oc2=O)O1']
3784,1e-04,0.0,0.0,[]
3785,0.0096,0.70817786,0.1679448038339615,"['CS(=O)(=O)c1cc(Br)ccc1C1OCCO1', 'CS(=O)(=O)c1ccc(OCCOc2ccccc2Cl)cc1', 'CS(=O)(=O)c1nncc(N)c1Nc1ccccc1', 'CS(=O)(=O)N(CCO)c1cccc(Br)c1', 'CS(=O)(=O)NCCCn1nc2ccccn2c1=O', 'CS(=O)(=O)c1ccc(C(=O)NCCCOC2CCCCC2)cc1', 'CS(=O)(=O)c1cc(C(=O)Nc2ccc(F)cc2)ccc1Cl', 'CS(=O)(=O)c1ccc(OCc2noc(C3CC3)n2)cc1', 'CS(=O)(=O)c1ccc(NC(=O)CCCc2cccs2)cn1', 'CS(=O)(=O)c1cccc(OCc2ccc(OC(F)(F)F)cc2)c1']"
3786,1e-04,0.0,0.0,[]
3787,0.0004,0.5403585,0.583461582660675,"['COc1cccc(SCCOc2cccc(S(C)(=O)=O)c2)c1', 'CC(C)OC(=O)c1ccc(OCc2ccc(C(N)=O)cc2)cc1', 'CC(O)c1cccc(OCCOc2ccc(S(C)(=O)=O)cc2)c1', 'COc1ccccc1SCCOc1ccc(S(N)(=O)=O)cc1']"
3788,1e-04,0.0,0.0,[]
3789,0.1055,0.48679626,0.38579925894737244,"['CCC1CCCCC1Oc1nc2sccn2c1CO', 'CCOc1c(Br)cc(CNc2nnnn2C)cc1OC', 'Cc1ccc(C(=O)NCc2nnc3n2CCCC3)s1', 'C#CCCOc1ccc(CNc2ncccn2)cc1', 'Cc1sc2ncnc(NCCn3cccn3)c2c1C', 'CC1c2ccc3c(c2CN2CCc4cc5c(cc4C12)OCO5)OCO3', 'OCc1cc2c(cc1OCc1cccnc1)OCO2', 'CC1COCCN1CC1=Cc2cc(Cl)ccc2OC1', 'CCOc1ccccc1OCCn1ncc2cccnc2c1=O', 'O=c1[nH]ccc2ccc(-n3ncc4cccnc43)cc12']"
3790,1e-04,0.0,0.0,[]
3791,1e-04,0.0,0.0,[]
3792,1e-04,0.0,0.0,[]
3793,0.0022,0.57547396,0.3755132853984833,"['CC(C)S(=O)(=O)N1CCN(c2cc(-c3ccccc3)ncn2)CC1', 'CC(C)S(=O)(=O)c1ccccc1C(=O)Oc1ccc(C#N)cc1', 'CN(C)S(=O)(=O)N1CCC2OCCC2(COc2cccnc2)C1', 'CN(C)S(=O)(=O)N1CCN(CCOc2ccccc2Cl)CC1', 'CN(C)S(=O)(=O)N1CCC(Oc2ccccc2Cl)CC1', 'CN(C)S(=O)(=O)c1ccccc1-c1c[nH]c(=O)[nH]c1=O', 'CN(C)S(=O)(=O)N1CCOC2CN(c3cccc(F)c3)CC21', 'CN(C)S(=O)(=O)NCc1cccc(C#CCO)c1', 'CN(C)S(=O)(=O)c1ccc(-c2nc(-c3ccccc3)no2)o1', 'CN(C)S(=O)(=O)Nc1ccccc1CCC(F)(F)F']"
3794,1e-04,0.0,0.0,[]
3795,1e-04,0.0,0.0,[]
3796,0.0726,0.41117728,0.471270889043808,"['COC(=O)c1cc(F)ccc1NCc1c[nH]nc1C', 'CSc1nsc(NC(=O)c2cccc3cc[nH]c23)n1', 'Cc1cnn(CC2CCN(C(=O)c3cn[nH]n3)CC2)c1', 'O=C(NC1c2ccccc2CC1O)c1c[nH]nc1C1CCCCC1', 'c1cn2cnnc2c(N2CCOC(c3ccsc3)C2)n1', 'O=C(NCC(O)Cc1ccccc1)c1c[nH]nc1-c1ccccc1', 'CCOC(=O)c1cnc2[nH]cc(-c3cn[nH]c3)c2c1', 'Cc1cccc(N)c1NCc1cccc2cc[nH]c12', 'CCC(=O)Nc1cccc(NC(=O)c2snnc2CC)c1', 'Cc1oc2ncnc(NC(=O)c3cnc4n3CCCC4)c2c1C']"
3797,1e-04,0.0,0.0,[]
3798,1e-04,0.0,0.0,[]
3799,0.0002,0.5,0.0,"['CC#CC(=O)N1CC(=O)N(C(C)C)CC(OCc2ccc(F)cc2)C1', 'CC#Cc1cn(C2OC(CO)C(O)C2OC)c(=O)[nH]c1=O']"
3800,1e-04,0.0,0.0,[]
3801,1e-04,0.0,0.0,[]
3802,0.0187,0.37558925,0.5582430362701416,"['c1ccc(Cc2noc(-c3ccc(Cn4ccnc4)cc3)n2)cc1', 'COc1ccc(Cc2c(CO)nnn2CC(O)CO)cc1', 'CCc1ccc(Cc2nnc(NC(=O)c3cccs3)o2)cc1', 'COc1ccc(Cc2nc(C(=O)N3CCOCC3)cs2)cc1', 'O=c1c(Cc2ccc(Cl)cc2)nn2cnnc2n1CCO', 'O=C(Nc1ccc(Cc2nnc3ccccn23)cc1)c1ccncc1F', 'Cn1nncc1CNc1ncc(Cc2ccc(C#N)cc2)s1', 'CCCOC(=O)c1ccc(Cc2nonc2N)cc1', 'Nc1cc(Cc2nc(-c3cccnc3)cs2)ccc1OCCO', 'COc1ccc(Cc2nnc(NC(=O)c3ccco3)o2)cc1']"
3803,1e-04,0.0,0.0,[]
3804,1e-04,0.0,0.0,[]
3805,1e-04,0.0,0.0,[]
3806,1e-04,0.0,0.0,[]
3807,1e-04,0.0,0.0,[]
3808,0.0003,0.6565185,0.02186027728021145,"['Oc1ccc(CCC2NCCc3c2ccc(F)c3O)cc1', 'N#Cc1cccc(C(=O)NC2C(c3cccnc3)CC(O)C2O)c1', 'COc1cc2c(c(OC)c1OC)CCNC2C1CC(=O)C1']"
3809,1e-04,0.0,0.0,[]
3810,1e-04,0.0,0.0,[]
3811,0.0069,0.23772605,0.6576135158538818,"['Nc1cccc(-c2nnc3scc(-c4cccs4)n23)c1', 'Nc1nonc1-c1nc2ccccc2n1Cc1ccncc1', 'Cc1cc(-c2ccc3ccccc3n2)cn2nc(N)nc12', 'CCc1nn2c(N)c(-c3nc(N)cs3)nnc2c1-c1ccccc1', 'CCCc1ccccc1-n1cnc2cc(N)ccc21', 'CCn1cnc2cc(-c3csc(NC)n3)ccc21', 'Nc1nc(CSc2nnc(-c3ccccc3)o2)nc2ccccc12', 'c1ccc(-c2nnc3ccc(NCc4ccoc4)nn23)cc1', 'Nc1onc(-c2ccccn2)c1Cc1ccccc1', 'CCC(Nc1ccc2cc[nH]c2n1)c1ccncc1']"
3812,0.0004,0.46545854,0.5332800149917603,"['O=S1(=O)c2ccc(O)cc2CC1c1ccccc1', 'O=S1(=O)N=C(NC2CCc3ccccc32)c2ccccc21', 'O=S1(=O)c2ccccc2C(O)C(Cc2cccnc2)N1CCO', 'O=S1(=O)c2ccccc2-c2cc3cc(F)c(F)cc3cc21']"
3813,1e-04,0.0,0.0,[]
3814,1e-04,0.0,0.0,[]
3815,1e-04,1.0,0.0,['Cc1cn(C2(F)OC(CO)C(O)C2(F)F)c(=O)[nH]c1=O']
3816,1e-04,0.0,0.0,[]
3817,1e-04,0.0,0.0,[]
3818,1e-04,0.0,0.0,[]
3819,1e-04,0.0,0.0,[]
3820,1e-04,1.0,0.0,['CC(=O)NC1=NC(=O)C2=NCN(COCCO)C2=N1']
3821,0.0002,0.5,0.0,"['Cc1cccn2c(=O)c(C(=O)NCCC(C)C)cnc12', 'Cc1ccn2c(=O)c(C(=O)Nc3cccnc3-n3cccn3)cnc2c1']"
3822,1e-04,0.0,0.0,[]
3823,1e-04,0.0,0.0,[]
3824,1e-04,0.0,0.0,[]
3825,1e-04,0.0,0.0,[]
3826,0.0101,0.44899908,0.5762762427330017,"['N#Cc1ccccc1NC(=O)CCn1cnc2cc(F)ccc2c1=O', 'CCOC(=O)c1cn(Cc2ncccc2C)c2nc(C)ccc2c1=O', 'COc1ccccc1NC(=O)Cn1nc(C)c2ccccc2c1=O', 'COCCCn1c(-c2ccco2)nc2ccccc2c1=O', 'COCCn1cc(C(=O)NCc2ccccn2)c2ccccc2c1=O', 'CCOc1ccccc1NC(=O)c1nn(C)c2ccccc2c1=O', 'Nn1c(SCC(=O)NC2CCCC2)nc2ccccc2c1=O', 'O=C(NCc1cccnc1)c1c[nH]c2cc(C(F)(F)F)ccc2c1=O', 'Cc1ccn2c(=O)cc(Cn3cnc4ccccc4c3=O)nc2c1', 'CCOC(=O)c1nn(-c2ccc(Cl)cc2C)c2ccccc2c1=O']"
3827,0.0003,0.3411905,1.3490787744522095,"['COc1ccc(C2NC(=O)NC=C2c2nc3ccccc3s2)cc1', 'CCOc1ccc(C)cc1S(=O)(=O)N1CCN=C1c1ccccc1', 'Cc1cc(S(=O)(=O)N2CCN=C2c2ccccc2)ccc1F']"
3828,1e-04,1.0,0.0,['CC1=CC(C)=NC(=O)C1S(=O)(=O)c1ccc(CC(C)C)cc1']
3829,0.0022,0.45613715,0.5902969837188721,"['CNc1ccc(Cl)c(C(=O)NCCCC(C)C)n1', 'CCn1cc(Br)cc1C(=O)NCCCC(C)C', 'CC(C)Cn1nccc1NC(=O)CCC(C)(C)C', 'Cn1cnc(CNC(=O)NCCCCC(F)(F)F)n1', 'CC(C)c1ccc(C(O)CNCc2ccncc2)cc1', 'CC(C)COc1ccc(C(C)O)cc1OCC(C)C', 'CCc1cc(NC(=O)NC(C)CCC(C)(C)C)n(C)n1', 'Cc1ccccc1C(C(=O)NCCc1ccco1)N(C)C', 'Cc1ccc(S(=O)(=O)NC(C)CCC(C)C)cc1N', 'CNC(=O)c1cccc(NC(=O)NCCCC(C)C)c1']"
3830,1e-04,0.0,0.0,[]
3831,0.0202,0.27376434,0.6737486124038696,"['CCc1nc(CNCCc2cscn2)cs1', 'Cc1ccc(CNCc2ccc(S(=O)(=O)N(C)C)cc2)s1', 'Oc1ccc(CNCCc2ccccc2F)c(F)c1', 'COc1cc(CNc2cc(C)no2)ccc1Cl', 'Cc1ccc(CNCc2cccc(C(=O)NCc3ccco3)c2)s1', 'Cc1cc(C)c(CNc2ccc(=O)n(C)c2)cc1C', 'COc1ccc(CNCCc2nc(C)cs2)cc1OC', 'Clc1cc(Cl)cc(CNCCc2nccs2)c1', 'COC(=O)c1cc(CNc2ccc3c(c2)COC3)c[nH]1', 'Cc1ccc(CNc2cccc(Br)c2)o1']"
3832,1e-04,0.0,0.0,[]
3833,0.0007,0.5786098,0.29524368047714233,"['COCc1nn(Cc2nc(N)c3c(C)c(C)oc3n2)c(=O)o1', 'CCCN1CCN(C(=O)c2cc3c(C)cc(C)cc3[nH]2)CC1', 'COC(=O)CCc1cc(C)c2c(OC)ccc(OC)c2n1', 'COc1ccc(OC(=O)c2cc3c(C)nn(C)c3s2)cc1', 'Cc1ccc(C)c(NC(=O)C2(C)Oc3ccc(C)cc3NC2=O)c1', 'COCC(C)NC(=O)CCn1cnc2sc(C)c(C)c2c1=O', 'Cc1ccc(CNC(=O)C2(C)Oc3cccnc3N(C)C2=O)cc1']"
3834,0.0004,0.4265077,0.6576793193817139,"['Cc1n[nH]c(=O)c(C(=O)N2CCCC3CC(C)CCC32)c1C', 'Cn1cc(C(=O)N2CCC(Oc3ccccn3)C3OCCC32)cn1', 'COc1ccc2[nH]c3c(c2c1)CCN1C(=O)CNC(=O)C31C', 'COc1ccc(S(=O)(=O)N2CC(OC)C3COCC32)cc1']"
3835,1e-04,1.0,0.0,['O=C(NCCC1=C2C=CC(F)C=C2N=C1)c1ccc2[nH]nnc2c1']
3836,1e-04,0.0,0.0,[]
3837,0.0002,0.5,0.0,"['O=C(Nc1ccccn1)C12CC3CC(CC(Cl)(C3)C1)C2', 'COCCNC(=O)C1C2CCC3(CC(=O)c4ccccc4O3)C21']"
3838,0.0132,0.26650205,0.766511857509613,"['O=C(c1nc(-c2ccccc2)oc1C1CC1)N1CCOCC1C1CC1', 'CC(C)(O)c1sc(C2CCCCC2)nc1C1CC1', 'N#CCSc1nnc(-c2ccccc2F)n1C1CC1', 'CCC(C)n1ncc(C(=O)NCC2CCCC(O)C2)c1C1CC1', 'O=C(NC1(c2cccc(F)c2)CCOCC1)c1scnc1C1CC1', 'Cc1cc(C(=O)Nc2ccc(Cl)cc2)c(C)n1C1CC1', 'Cn1c(SCC(=O)Nc2ccc(F)cc2Cl)nnc1C1CC1', 'N#Cc1nnn(Cc2c(F)cccc2Cl)c1C1CC1', 'Cc1nnc(COC(=O)c2ccc(N(C)C)cc2F)n1C1CC1', 'O=c1c2nnc3c(-c4ccccc4)cnn3c2ncn1C1CC1']"
3839,1e-04,0.0,0.0,[]
3840,1e-04,0.0,0.0,[]
3841,0.1018,0.43088973,0.4351258873939514,"['c1nc(NCCN2CCOCC2)c2c3c(sc2n1)CCCC3', 'c1cn2cnnc2c(N2CCOC(c3ccsc3)C2)n1', 'COCCCOc1c(C(C)O)ccc2ccccc12', 'Nc1coc2c(-c3cccc(Br)c3)noc12', 'Clc1cccc(-n2ncc3c2ncn2cnnc32)c1', 'Cc1occc1C(=O)NCC1(c2ccncc2)CCCCC1', 'Cc1cccc(N)c1NCc1cccc2cc[nH]c12', 'Fc1ccccc1-c1nc2cc(-n3cnnc3)ccc2o1', 'O=C(CCCNC(=O)c1ccc2sncc2c1)Nc1ccccc1', 'N#Cc1cccc(Nc2nc3cc4c(cc3[nH]2)OCO4)c1']"
3842,0.0007,0.4128386,0.5962861180305481,"['CC12CN(C(=O)C3CCCC3)CC1NC(=O)c1ccccc1C2=O', 'CN(CCCc1cc(-c2ccc(F)cc2)n(C)n1)c1ccc(C#N)cn1', 'CCN(Cc1cccc(C)c1)C(=O)NC1CCN(C(=O)OC)CC1', 'Cc1ccc(C(=O)NC2CC2)cc1NC(=O)NC1(CCO)CCC1', 'CCN1CC(C(=O)NCCNc2ccc(C(F)(F)F)cn2)CC1=O', 'Cn1c(CCCNc2ccccc2S(C)(=O)=O)nc2ccccc21', 'CC(C)Nc1cccc(CNC(=O)c2ccc(C(=O)N(C)C)cc2)c1']"
3843,0.0007,0.47142085,0.5958846807479858,"['CC1(C)C(C(=O)NCc2csc(=O)[nH]2)C1(C)C', 'CC(C)C1(O)CN(C(=O)Cc2cscn2)CC1C', 'CC1(C)C(C(=O)N2CCC(C(N)=O)CC2)C1(C)C', 'CC1(C)C(NC(=O)NCCc2ccc3c(c2)CCO3)C2CCOC21', 'CC1(C)C(NC(=O)c2csc(-c3ccoc3)n2)C2CCOC21', 'COC1(C)CC(NC(=O)CCNC(=O)C(C)(C)C)C1(C)C', 'CC1(C)CN(C(=O)Cc2ccc(S(C)(=O)=O)cc2)CC1(C)O']"
3844,0.0583,0.43562737,0.3654148280620575,"['CCC1COC2(CCN(c3ccc(C#N)cc3)C2)C1', 'O=C1NCC2(CCCN(c3nc4ccccc4s3)CC2)O1', 'NC(=O)C1(NCc2csc(Cc3ccccc3)n2)CCCCC1', 'COC1COC2(CCN(C(=O)COc3ccccc3C)C2)C1', 'Cc1nc2sc(=Cc3cccc(Cl)c3Cl)c(=O)n2n1', 'COC1COC2(CCN(C(=O)Cc3ccc(F)cc3C)CC2)C1', 'Cc1nc2sc(=Cc3ccc(Br)cc3)c(=O)n2n1', 'CCN1CCC2(CN(C(=O)c3cncc(C)c3)CC2C)C1=O', 'O=c1ccnc(Cc2ccc(Br)cc2)[nH]1', 'N#Cc1cnc(CCOc2ccccc2Cl)nc1N']"
3845,1e-04,0.0,0.0,[]
3846,1e-04,0.0,0.0,[]
3847,1e-04,0.0,0.0,[]
3848,1e-04,0.0,0.0,[]
3849,1e-04,0.0,0.0,[]
3850,0.0056,0.36752686,0.6354175209999084,"['COC(=O)CC(CC(C)C)c1c(C)c(C)cc(C)c1C', 'CC(=O)Nc1cccc(NC(=O)NC(CC(C)C)c2ccccc2)c1', 'CC(=O)Nc1ccc(NC(=O)NC(CC(C)C)c2ccccc2)cc1', 'CCc1cc(NC(=O)C(CC(C)C)N2CCCCC2=O)[nH]n1', 'CC(C)CN(CC(C)C)C(=O)c1nc(-c2cnccn2)no1', 'CCOC(=O)C(CC)N1C(=O)C(C(C)C)Oc2ccc(C(C)=O)cc21', 'CC(C)CN(CC(C)C)C(=O)CS(=O)(=O)c1nncn1C', 'COc1cc(CO)cc2c1OC(C(C)C)C(=O)N2CC(C)C', 'COc1ccc(C(=O)N(CCC(C)C)C2CC2)cc1OC', 'Cc1csc(NC(=O)C(C(C)C)n2nnc(-c3ccccc3)n2)n1']"
3851,0.0009,0.40743598,0.8115790486335754,"['CC(Nc1ncnc2c1cnn2C)c1cccc(Br)c1', 'CC(Sc1ncnc2c1cnn2C)C(=O)N(C)CCC#N', 'CCOCCCNc1ncnc2c1nc1n2CCCC1', 'COCC(C)Nc1ncnc2c1cnn2-c1ccc(C)cc1', 'CCN(CC)c1ncnc2c1c(N)nn2CCO', 'CC(=O)Nc1cccc2c1ccn2CC(=O)Nc1ccc(F)cc1', 'COCCn1cnc2c1c(=O)[nH]c(=O)n2Cc1ccccc1', 'Cc1ccc2c(c1)nc1n2C(CNCc2ccc(C#N)cc2)COC1', 'Nc1occ2c1nc(C1CC1)n2Cc1ccccc1']"
3852,1e-04,0.0,0.0,[]
3853,0.0086,0.42223042,0.6883333325386047,"['Cc1ccc(Cl)cc1N1CC(C(=O)OCC(N)=O)CC1=O', 'CC(C)(C)N1CC(C(=O)NCCCc2ccc(Cl)cc2)CC1=O', 'CC(C)N1CC(C(=O)NCCSc2cn[nH]n2)CC1=O', 'CC(C)(C)N1CC(C(=O)Nc2cc(Cl)ccc2Cl)CC1=O', 'COc1ccccc1N1CC(C(=O)Nc2cccc(C)c2)CC1=O', 'COc1ccc(C)cc1N1CC(C(=O)Nc2ccc(C)cc2)CC1=O', 'Cc1cccc(N2CC(C(=O)Nc3cccc(Cl)c3)CC2=O)c1', 'CCOc1ccccc1N1CC(C(=O)Nc2ccccc2O)CC1=O', 'CCN1CC(C(=O)NCCOc2cccc3cccnc23)CCC1=O', 'COc1ccc(CN2CC(C(=O)Nc3nc(C)cs3)CC2=O)cc1']"
3854,1e-04,0.0,0.0,[]
3855,1e-04,0.0,0.0,[]
3856,1e-04,0.0,0.0,[]
3857,1e-04,0.0,0.0,[]
3858,1e-04,0.0,0.0,[]
3859,1e-04,0.0,0.0,[]
3860,0.0011,0.4526909,0.6424242854118347,"['Cc1ncn(-c2cc(N3CCN(C(=O)CC(C)C)CC3)ncn2)c1C', 'CCc1cc2c(=O)n(NC(=O)C3CCN(C(C)=O)CC3)cnc2s1', 'Cc1cc(C)n2nc(C(=O)N3CCCC(C(N)=O)C3)nc2n1', 'Cc1ccc2ncc(C(=O)N3CCCN(C(N)=O)CC3)n2c1', 'Cc1ccc2oc(N3CCN(C(=O)CC(C)(C)C)CC3)nc2n1', 'COc1ccc2c(=O)cc(C(=O)N3CCC(C(N)=O)CC3)oc2c1', 'Cc1ccc(F)c(-n2nnnc2CN2CCN(C(=O)C(C)C)CC2)c1', 'Cc1cc(N)n(CC(=O)N2CCC3(CCCN(CC4CC4)C3=O)C2)n1', 'Cc1nc(C2CCCN(C(=O)C3CC(=O)N(CC(C)C)C3)C2)no1', 'Cc1ccc(-c2nc(CC(=O)N3CCC(C(N)=O)C3)cs2)o1']"
3861,0.0059,0.4139799,0.7801843285560608,"['Cc1cc(C)c(C(=O)NCc2ccc(F)c(C)c2)c(=O)[nH]1', 'Cc1ccc(C(=O)NC2CCC(C(F)(F)F)CC2)c(=O)[nH]1', 'Cc1ccc(C(=O)N(C)Cc2nc3ccccc3s2)c(=O)[nH]1', 'Cc1ccc(C(=O)Nc2nnc(CC(C)C)s2)c(=O)[nH]1', 'Cc1cc(C)c(C(=O)NCc2ccc3c(c2)OCCCO3)c(=O)[nH]1', 'Cc1ccc(C(=O)N2CCN(Cc3ccc(Cl)cc3)CC2)c(=O)[nH]1', 'Cc1cc(C)c(CNC(=O)C(C)Oc2ccc3c(c2)CCC3)c(=O)[nH]1', 'Cc1cc(C)c(CNC(=O)C2CCCN(c3ncccn3)C2)c(=O)[nH]1', 'Cc1cc(C)c(C(=O)N2CCN(c3ccc(Cl)cn3)CC2)c(=O)[nH]1', 'Cc1cc(C)c(CNC(=O)N(C)C2CCCc3ccccc32)c(=O)[nH]1']"
3862,1e-04,0.0,0.0,[]
3863,0.0054,0.33582938,0.6169984340667725,"['CCCc1nnc2sc(Cc3ccc4c(c3)OCCO4)nn12', 'Cc1ccc(NC(=O)c2ccc3c(c2)NC(=O)C(C)S3)cc1F', 'c1cnc(-c2nc(-c3ccc4c(c3)OCCO4)cs2)cn1', 'CCc1[nH]c(C(=O)Nc2ccc3c(c2)COC3)c(C)c1C(=O)OC', 'COCCCC(=O)N(Cc1ccc2c(c1)CCO2)C1CCCC1', 'COCC(=O)NCC1(c2ccc3c(c2)OCO3)CCCCC1', 'c1cncc(CNCC2(c3ccc4c(c3)OCCO4)CCCC2)c1', 'CCOCCNC(=O)Nc1ccc2c(c1)CCC(=O)N2', 'NC(=O)C(NCc1cc(Cl)c2c(c1)OCCCO2)c1ccccc1', 'Cc1nnc(SCc2cc(=O)n3c(n2)SCC3)s1']"
3864,1e-04,0.0,0.0,[]
3865,0.0026,0.2748752,0.983121931552887,"['Cc1nn(-c2nc3ccccc3n2C)c2c1C(=O)CC(C)(C)C2', 'COCC(C)NC(=O)c1oc2c(c1C)C(O)CC(C)(C)C2', 'Cc1c(C(=O)N(Cc2ccco2)C2CC2)[nH]c2c1C(=O)CC(C)(C)C2', 'COc1cc(OC)c(-c2[nH]nc3c2C(=O)CC(C)(C)C3)cc1OC', 'C=CCNc1ncnc2c1sc1nc(C)c3c(c12)CC(C)(C)OC3', 'CSc1nc(N2CCCC2)c2c(c1C#N)CC(C)(C)OC2', 'Cc1ccccc1NC(=O)c1noc2c1CC(C)CC2', 'Cc1nn(-c2ccccc2)c2c1C(NS(C)(=O)=O)CC(C)(C)C2', 'Cc1ccc(OCC(=O)NCc2ccc(F)cc2)c2c1C(C)CC2=O', 'CCOc1ccc(C(=O)Nc2ccc3c(c2)NC(=O)C(C)(C)O3)cc1']"
3866,0.0152,0.6280761,0.2884438633918762,"['CCn1ccc2c(Br)c(N)ccc2c1=O', 'CCn1c(O)c(C=C2C=Nc3ccccc32)sc1=O', 'CCn1cc(Br)cc1C(=O)NCCCC(C)C', 'CCn1cnc2cc(-c3csc(NC)n3)ccc21', 'CCn1c(C)cc(C(=O)NCc2ccc(C)s2)c1C', 'CCn1cc(CNc2nnc(C(C)C)s2)cn1', 'CCn1cc(NC(C)c2ccc3c(c2)CCO3)cn1', 'CCn1cc(C(=O)NCc2cc(Br)ccc2OC)cn1', 'CCn1c(-c2cnn(C)c2N)nc2ccc(F)cc21', 'CCn1ncc(Br)c1C(=O)Nc1nc(C)cs1']"
3867,1e-04,0.0,0.0,[]
3868,1e-04,0.0,0.0,[]
3869,1e-04,0.0,0.0,[]
3870,1e-04,0.0,0.0,[]
3871,1e-04,0.0,0.0,[]
3872,0.0097,0.36792326,0.6994307041168213,"['Cc1c(NCc2nc(C3CC3)no2)cccc1C(N)=O', 'Cc1ccc(NC(=O)NC2CCCCC2C)cc1C(N)=O', 'CCc1[nH]c(C(=O)N2CCCC2(C)C)c(C)c1C(=O)OC', 'CCc1[nH]c(C(=O)N(CC)CC)c(C)c1C(=O)OC', 'Cc1[nH]c(C(=O)N2CCOC(C)(C)C2)c(C)c1C(=O)OC(C)C', 'Cc1cccc(NC(=O)CNC(=O)CC2CCCCC2)c1C(N)=O', 'Cc1ccc(NC(=O)C2CCNC(=O)C2)cc1S(C)(=O)=O', 'Cc1ccc(NC(=O)NCC(C)(O)c2ccc(F)cc2)cc1C(N)=O', 'CCCNc1nc2nc3ccc(C)cn3c(=O)c2cc1C(=O)NC', 'Cc1cc(NC(=O)Nc2ccccc2OCC2CC2)ccc1C(N)=O']"
3873,1e-04,0.0,0.0,[]
3874,0.0015,0.38619703,0.9198583364486694,"['CC(C)Cc1cc(C(=O)N2CCN(C(=O)c3c[nH]c(=O)[nH]3)CC2)[nH]n1', 'Cc1cc(C)c(CNC(=O)C(C)Oc2ccc3c(c2)CCC3)c(=O)[nH]1', 'CCOC(=O)c1csc(=NC(=O)C2CC(=O)N(C(C)(C)C)C2)[nH]1', 'O=C1CN(C(=O)CNC(=O)CC23CC4CC(CC(C4)C2)C3)CCN1', 'O=C1CCC(C(=O)Nc2ccn(-c3cccc(C(F)(F)F)c3)n2)N1', 'COC(=O)C1C(C(=O)N2CCOCC2)C1(C)C(=O)c1ccccc1N', 'Cc1ccc(C(=O)CC2(O)C(=O)N(CC(N)=O)c3ccccc32)s1', 'Cc1cc(C(=O)Nc2ccc(-c3nnnn3C(C)C)c(F)c2)n(C)n1', 'Cc1nc2cccc(NC(=O)c3cc(=O)c4cc(C)c(C)cc4o3)c2[nH]1', 'CC1CN(C(=O)C2CC(=O)N(CCc3ccc(F)cc3)C2)CC(C)O1']"
3875,0.0061,0.4043997,0.608362078666687,"['Cc1cc(N)cc2c(CC(=O)N3CCCCC3C)noc12', 'Cc1cc(N)cc(-c2nc3cc(-n4cnnc4)ccc3o2)c1O', 'Cc1ccc(N)c(NS(=O)(=O)c2cn[nH]c2)c1C', 'Cc1ccc(N)c(OCC(=O)Nc2ccccc2)c1', 'Cc1cc(N)c2ccnc(C(=O)NC(C)c3ccccc3)c2c1', 'Cc1cnc(N)c(C(=O)C2CCN(C(=O)C3CCC3)CC2)c1', 'Cc1c(N)cccc1C(=O)N(CC(F)(F)F)C1CC1', 'Cc1c(N)cccc1NC(=O)CN1CCOC(C)C1', 'Nc1cc(N)nc(SCCCc2ccccc2)n1', 'COc1nc(N)c(-c2cccc(C(F)(F)F)c2)c(N)n1']"
3876,1e-04,0.0,0.0,[]
3877,1e-04,0.0,0.0,[]
3878,1e-04,0.0,0.0,[]
3879,0.0043,0.6500482,0.40444642305374146,"['CCCCN(Cc1ccccc1C)C(=O)c1cnc(N)nc1C', 'C=CCN(CC=C)C(=O)CNc1ccc(C)c(C)c1', 'C=CCN(Cc1nc(C2CC2)no1)Cc1cccs1', 'CCCCN(Cc1cc2cccc(C)c2[nH]c1=O)C(=O)c1ccco1', 'C=CCN(Cc1cccc(OCC)c1)C(=O)c1ccc(=O)[nH]c1', 'C=CCN(CC=C)C(=O)c1ccnc(OC2CCC2)c1', 'COCCN(Cc1cc(Cl)cc(Cl)c1)C(C)C(N)=O', 'COCCN(CC(C)C)C(=O)c1cnc(C2CCCO2)s1', 'COCCN(CC(C)C)C(=O)c1ccc(C#N)cc1', 'C=CCN(Cc1ccccc1F)C(=O)Cc1c(C)n[nH]c1C']"
3880,1e-04,0.0,0.0,[]
3881,1e-04,0.0,0.0,[]
3882,1e-04,0.0,0.0,[]
3883,1e-04,0.0,0.0,[]
3884,1e-04,0.0,0.0,[]
3885,0.0127,0.42587033,0.5710766911506653,"['COC(=O)c1cc2c(=O)n(-n3cnnc3)ccc2nc1C=CN(C)C', 'CC(Cn1ccnc1)NC(=O)c1ccc2c(=O)n(C)c(=O)n(C)c2n1', 'C=CCn1c(Oc2ccccc2F)nc2c1c(=O)n(C)c(=O)n2C', 'CC1(C)CN(C(=O)Cc2ccc(S(C)(=O)=O)cc2)CC1(C)O', 'Cc1c(Cl)c(NC(=O)c2cc(C3CC3)nc3c2cnn3C)nn1C', 'Cc1ccc2c(c1)c(=O)c(C(=O)Nc1c(C)noc1C)nn2C', 'COc1ccc(-c2cc(-c3ccc(OC)c(OC)c3)[nH]n2)cc1OC', 'CC1CN(C(C(=O)N2CCc3cc(F)ccc3C2)C(C)C)CC(C)O1', 'Cc1nn(-c2ccccc2)c2c1C(NS(C)(=O)=O)CC(C)(C)C2', 'CC1CN(c2ccc(C(=O)N(C)c3ccc(F)cc3)cn2)CC(C)O1']"
3886,1e-04,0.0,0.0,[]
3887,1e-04,0.0,0.0,[]
3888,0.0039,0.35103464,0.7416737079620361,"['CC(Sc1ccccc1Cl)C(=O)OCC(N)=O', 'CC(Sc1ccncc1N)C(=O)NC(C)(C)C', 'OC(c1ccccc1)(c1ccccn1)C(F)(F)F', 'CN(Cc1cnn(C)c1)C(=O)CN(C)S(C)(=O)=O', 'CCN(Cc1ccccc1C)C(=O)C(C)NS(C)(=O)=O', 'NC(c1cccc(-c2ccncc2)c1)C(F)(F)F', 'CCC(NCc1ccc(OC)cc1F)C(=O)OC', 'CN(Cc1nc(-c2cccnc2)cs1)C(=O)OC(C)(C)C', 'CCN(Cc1ccc2c(c1)OCO2)CC(F)(F)F', 'COCCN(Cc1cc(Cl)cc(Cl)c1)C(C)C(N)=O']"
3889,1e-04,0.0,0.0,[]
3890,1e-04,1.0,0.0,['CCOC1CCC2C1OCCN2Cc1c(C)noc1C']
3891,1e-04,0.0,0.0,[]
3892,0.0003,0.535163,0.3475096821784973,"['Cn1nc(C(=O)Nc2ccncc2)c(=O)c2ccccc21', 'Cn1c(=O)n(Cc2nc(-c3ccccc3)no2)c(=O)c2ccccc21', 'Cc1nn(CC(=O)N2CCOCC2)c(=O)c2cc3sccc3n12']"
3893,1e-04,0.0,0.0,[]
3894,1e-04,0.0,0.0,[]
3895,0.0002,0.5,0.0,"['C=CCOC(=O)N1CCC23C=CC(O)CC2Oc2c(O)ccc(c23)C1', 'CCN1CC23CN(C(=O)c4ccccc4)CC(CC2S1(=O)=O)O3']"
3896,1e-04,0.0,0.0,[]
3897,1e-04,0.0,0.0,[]
3898,0.0003,0.419606,0.8326776623725891,"['Cc1cn(C2(F)OC(CO)C(O)C2(F)F)c(=O)[nH]c1=O', 'CC#Cc1cn(C2OC(CO)C(O)C2OC)c(=O)[nH]c1=O', 'Cc1cnn(C2CN(CC=CCN3CC(n4cc(C)cn4)C3)C2)c1']"
3899,1e-04,0.0,0.0,[]
3900,1e-04,0.0,0.0,[]
3901,1e-04,0.0,0.0,[]
3902,1e-04,0.0,0.0,[]
3903,1e-04,0.0,0.0,[]
3904,1e-04,0.0,0.0,[]
3905,1e-04,0.0,0.0,[]
3906,1e-04,0.0,0.0,[]
3907,1e-04,0.0,0.0,[]
3908,1e-04,0.0,0.0,[]
3909,0.0002,0.5,0.0,"['CC(C)CCNC(=O)CN1C(=O)C2=C(CCC2)Nc2ccccc21', 'CCOC(=O)C1=C(CNC(C)c2cccc(F)c2)NC(=O)NC1']"
3910,1e-04,0.0,0.0,[]
3911,0.0007,0.3334354,0.8613581657409668,"['CCOC(=O)N1CCN(c2c(-c3ccc(C)c(C)c3)c(=O)c2=O)CC1', 'Cc1nc2c(c(=O)[nH]1)CN(C(=O)c1ccc3nc(C)c(C)nc3c1)C2', 'N#Cc1ccc(C(=O)Nc2cccc(-c3noc(C4CC4)n3)c2)c(F)c1', 'Cc1c(C(=O)N(Cc2ccco2)C2CC2)[nH]c2c1C(=O)CC(C)(C)C2', 'CN1C(=O)C2(N=C(N)NC(N3CCc4ccccc43)=N2)c2ccccc21', 'Cc1cc(C)c(CNC(=O)c2cc(C3CC3)nn2C(C)(C)C)c(=O)[nH]1', 'Cc1ccc2c(c1)NC(=O)C(C)(C(=O)Nc1cc(C)nn1C(C)C)O2']"
3912,0.0021,0.3344412,0.9169135689735413,"['COc1cc(N2CCC3(CC2)NC(=O)CC3c2cnn(C)c2)ncn1', 'COc1cc(N2CCC3C2CCN3c2ncccn2)ncn1', 'CCc1cnc(N2CCC3C2CCC(=O)N3c2ccccc2)nc1', 'Cc1cc(C(=O)N2CCOC3CCC2C3Oc2ncccc2F)no1', 'c1ccc(-c2ncc3c(n2)CCCC3NCc2cccnc2)cc1', 'COc1ccc(-n2cnc3c2N=C(O)CC3c2cccc(F)c2)cc1', 'COc1ccc(-n2nc(C)c3c2N=C(O)CC3c2ccccc2)nn1', 'c1cnc(OCC2CCC3C2OCCN3Cc2ccco2)nc1', 'Cc1cccc(C(=O)Nc2ccc3c(c2)oc(=O)n3C(C)C)c1', 'COc1cccc(C(=O)Nc2ncnc3c2ncn3CCC(N)=O)c1']"
3913,0.0115,0.4683478,0.501019299030304,"['O=C(Cc1ccc(F)cc1F)N(CC1CC1)CC1CC1', 'O=C(Cc1ccccc1Cl)Nc1nnc(-c2ccsc2)o1', 'O=C(Cc1ccccc1F)NCc1ccccc1F', 'O=C(Cc1ccc2ccccc2c1)Nc1ccnc2ccnn12', 'O=C(Cc1cccc2ccccc12)N1CCOCC1C1CC1', 'O=C(Cc1ccc(Cl)cc1)Nc1nc2ccccc2[nH]1', 'O=C(Cc1cccc(F)c1F)NCCCN1CCOCC1', 'O=C(Cc1cccs1)Oc1ccc(N2CCCC2=O)cc1', 'O=C(Cc1ccc(F)cc1F)NCCCc1nnc2ccccn12', 'O=C(Cc1ccc(F)cc1)NCc1ccc(F)cc1']"
3914,1e-04,0.0,0.0,[]
3915,1e-04,0.0,0.0,[]
3916,1e-04,0.0,0.0,[]
3917,1e-04,0.0,0.0,[]
3918,1e-04,0.0,0.0,[]
3919,0.0072,0.4193713,0.7146203517913818,"['Cn1c(CNCc2ccc(Cl)cc2)nc2ccccc21', 'CCCn1c(CNc2cn[nH]c2)nc2ccccc21', 'CCn1c(-c2cnn(C)c2N)nc2ccc(F)cc21', 'CCCn1c(C2CC(=O)N(C3CC3)C2)nc2ccccc21', 'CCn1c(CNC(=O)Cc2ccccc2OC)nc2ccccc21', 'Cn1c(-c2cccc(N)c2)nc2cc(Cl)cnc21', 'Cn1c(C2CCCN2C(=O)N2CCOCC2)nc2ccccc21', 'O=C(Cn1c(C=Cc2ccco2)nc2ccccc21)N1CCCC1', 'CCCNC(=O)Cn1c(-c2cscn2)nc2ccccc21', 'O=C(Cn1c(-c2cscn2)nc2ccccc21)Nc1nccs1']"
3920,1e-04,1.0,0.0,['O=C1C(=O)N(Cc2cccs2)c2cc(F)ccc21']
3921,1e-04,0.0,0.0,[]
3922,1e-04,0.0,0.0,[]
3923,0.002,0.69033194,0.36067119240760803,"['CNc1cccc(-c2nnc(N3CCCC3)s2)c1', 'CNc1nc(C)cc(C)c1S(=O)(=O)c1ccccc1C', 'CNc1ccc(Cl)c(C(=O)NCCCC(C)C)n1', 'CNc1nc(-c2ccc(OC)cc2)c(C(C)=O)s1', 'CNc1nc(-c2ccc3[nH]c(C(C)C)nc3c2)cs1', 'CNc1nc(-c2ccccc2)c(C(C)=CC(=O)OC)s1', 'CNc1ncc(S(=O)(=O)N2CCC(C)CC2)cc1C', 'CNc1cc2c(nn1)CCN(C(=O)C1Cc3cc(Cl)ccc3O1)C2', 'CNc1cc(N2CCCC2CNc2ncnc3c2cnn3C)ncn1', 'CNc1ncc(C(=O)NCc2cc(F)cc(C(F)(F)F)c2)cn1']"
3924,1e-04,0.0,0.0,[]
3925,1e-04,1.0,0.0,['Cn1cnc(CNC(=O)NCC2C3Cc4ccccc4C23)n1']
3926,0.0099,0.37454543,0.49942508339881897,"['Cc1cc(C)cc(CCNC(=O)c2ccc(F)nc2)c1', 'Cc1cc(-c2ccc(S(C)(=O)=O)cc2)nc(-c2ccccc2O)n1', 'OCc1nnn(-c2cccc(F)c2)c1-c1ccc(F)c(F)c1', 'Nc1ccc2[nH]nc(-c3ccc(F)c(F)c3F)c2c1', 'Oc1cc2c(cc1F)CCNC2c1ccncc1Cl', 'NC(c1cccc(-c2ccncc2)c1)C(F)(F)F', 'COc1ccc(S(=O)(=O)c2nnn(-c3cccc(C)c3)c2C)cc1', 'Nc1nc(-c2ccccc2)cc(-c2ccccc2F)n1', 'Cc1nn(CC(O)c2cc(F)ccc2F)c(=O)c2ccccc12', 'Cc1cc(NC(=O)c2cccnc2C)c2ncccc2c1']"
3927,1e-04,0.0,0.0,[]
3928,1e-04,0.0,0.0,[]
3929,1e-04,0.0,0.0,[]
3930,1e-04,0.0,0.0,[]
3931,1e-04,1.0,0.0,['C=CCN1CC2=C(C1=O)C(c1ccc(O)cc1)NC(=O)N2C']
3932,1e-04,0.0,0.0,[]
3933,1e-04,0.0,0.0,[]
3934,1e-04,0.0,0.0,[]
3935,0.0152,0.2860348,0.6436834931373596,"['Cc1csc(C(N)c2ccc(Br)cc2)n1', 'Cc1nn(C)c(Nc2cc(Cl)cc(Cl)c2)c1N', 'CCNc1ncnc(Nc2ccc(Cl)cc2C)c1N', 'Cc1nn(C)c(Oc2ccc(Cl)cc2Cl)c1N', 'Cc1cnc(NCc2ccc(F)c(Cl)c2)nc1', 'CCc1noc(COc2ccc(F)c(Cl)c2)n1', 'OCCCc1nc(-c2ccc(Br)cc2)cs1', 'N#CCc1nnc(C(N)c2c(F)cccc2F)o1', 'Nc1csc2nc(CCc3ccc(Cl)cc3)nn12', 'Cn1ccc(NC(=O)c2cc(Cl)cc(Cl)c2)n1']"
3936,1e-04,0.0,0.0,[]
3937,0.001,0.4700378,0.6585964560508728,"['CC=CCn1c(N2CCC(C)CC2)nc2c1c(=O)[nH]c(=O)n2C', 'CC(O)Cn1c(NCCCO)nc2c1c(=O)[nH]c(=O)n2C', 'CC(C)n1c(N2CCCCC2)nc2c1c(=O)[nH]c(=O)n2C', 'C=CCNC(=O)c1cc(C2CC2)nc2c1c(=O)[nH]c(=O)n2CC(C)C', 'COCCn1cnc2c1c(=O)[nH]c(=O)n2Cc1ccccc1', 'C#CCCOC(=O)Cc1c(C)nc2c(c1C)c(=O)[nH]n2C', 'CCN(CC(F)(F)F)C(=O)Cc1c(C)nc2c(c1C)c(=O)[nH]n2C', 'C=CCn1c(NCCc2ccccc2)nc2c1c(=O)n(C)c(=O)n2C', 'COc1ccc(C2CC(=O)Oc3c2c(=O)[nH]c2ccccc32)cc1', 'C=CCCCN(C)C(=O)c1ccc2c(c1)[nH]c(=O)c(=O)n2CC']"
3938,1e-04,0.0,0.0,[]
3939,1e-04,0.0,0.0,[]
3940,1e-04,0.0,0.0,[]
3941,1e-04,0.0,0.0,[]
3942,0.0277,0.30488995,0.6108982563018799,"['Cc1ccc(SCc2noc(CC(C)C)n2)c(N)c1', 'Cc1nn(C)c(Oc2ccc(Cl)cc2Cl)c1N', 'COc1ccc(CSc2cc(C)nn2C)cc1N', 'CCS(=O)(=O)c1ccccc1Oc1cccc(N)c1', 'COc1ccc(CN2CCc3ccccc32)cc1N', 'CCCOc1ccc(-c2csc(CC)n2)cc1N', 'CCN(CC(=O)OC)S(=O)(=O)c1cc(N)cs1', 'CN(Cc1cscn1)C(=O)c1ccc(Br)c(N)c1', 'C=CCNC(=O)C(C)Sc1ccc(F)cc1N', 'CC(C)Sc1nnc(-c2cccc(Cl)c2)n1N']"
3943,1e-04,0.0,0.0,[]
3944,1e-04,0.0,0.0,[]
3945,1e-04,0.0,0.0,[]
3946,1e-04,0.0,0.0,[]
3947,0.0018,0.33714294,0.7591871023178101,"['COc1ccc(-c2cc(-c3ccc(OC)c(OC)c3)[nH]n2)cc1OC', 'Cc1ccc(-c2nc(-c3ccc(=O)n(C)c3)no2)cc1F', 'COc1ccc(Cn2cc(-c3ccc(-c4ncccn4)cn3)cn2)cc1', 'CSc1ccc(-c2nc(-c3ccc(C#N)cn3)no2)cc1', 'C=CCOC(=O)c1cnn(-c2ccc(OC)nn2)c1C(F)(F)F', 'Cc1ccnc2nc(C(=O)Oc3ccc(C(C)(C)C)cc3)nn12', 'COC(=O)Cc1ccc(-n2cnc3cc(C(=O)OC)ccc32)cc1', 'Cn1cc(-c2noc(-c3cc(F)ccc3F)n2)ccc1=O', 'COc1cc(-c2nc3[nH]c(C)cc(=O)n3n2)cc(OC)c1OC', 'CCOc1ccc(-c2nc(C(=O)N(CC)CC)cs2)cc1OC']"
3948,0.0222,0.38034782,0.5647774338722229,"['CCOC(=O)N1CCN(c2cc(-c3ccccc3F)nc(C)n2)CC1', 'CCOC(=O)N1CCN(c2c(-c3ccc(C)c(C)c3)c(=O)c2=O)CC1', 'CCOC(=O)N1CCN(C(=O)c2cc3ccc(F)cc3n2C)CC1', 'CCCC(=O)N1CCN(c2cc(-n3cnc(C)c3C)nc(C)n2)CC1', 'CCOC(=O)N1CCN(C(=O)CCc2n[nH]c3c2CCCC3)CC1', 'CCOC(=O)N1CCC(N(C)CC(=O)Nc2ccc(C)cn2)CC1', 'CCNC(=O)N1CCN(C(=O)c2cc(-c3ccc(C)cc3)n[nH]2)CC1', 'CCOC(=O)N1CCN(Cc2nnc(-c3ccccc3C)o2)CC1', 'CCNC(=O)N1CCC(NC(=O)c2ccnc(C(C)C)n2)CC1', 'CC(=O)N1CCCN(C(=O)CCc2ccc(-c3ccccc3)o2)CC1']"
3949,1e-04,0.0,0.0,[]
3950,1e-04,0.0,0.0,[]
3951,1e-04,0.0,0.0,[]
3952,0.01,0.29591775,0.6550222635269165,"['Cc1cnnn1CC1CCC2C1OCCN2Cc1ccco1', 'CCOC1CCC2C1OCCN2Cc1c(C)noc1C', 'COCc1ccccc1CNC(=O)NCc1ccccc1Cl', 'FC(F)(F)CNCCOc1ccc(Cl)cc1', 'Cc1cnn(C(C)C(C)NCc2ccccc2C#N)c1', 'Cc1ccccc1CCNCc1cc(C#N)n(C)c1C', 'COC(=O)c1sccc1NCc1ccccc1F', 'CCCn1nccc1CNc1cc(OC)ccc1OC', 'CCCC(=O)NCc1ccccc1OC(F)(F)F', 'CC(C)OCc1ccccc1CNc1ncccn1']"
3953,1e-04,0.0,0.0,[]
3954,0.3852,0.11047365,0.8039276003837585,"['CC#Cc1cn(C2OC(CO)C(O)C2OC)c(=O)[nH]c1=O', 'Cc1cn(C2(F)OC(CO)C(O)C2(F)F)c(=O)[nH]c1=O', 'O=C(OCC1OC(n2ccc(=O)[nH]c2=O)CC1O)Oc1ccccc1', 'CC(O)Cn1c(NCCCO)nc2c1c(=O)[nH]c(=O)n2C', 'COCCn1cnc2c1c(=O)[nH]c(=O)n2Cc1ccccc1', 'Cn1c(=O)c2c(nc(N3CCCC3)n2CC(O)CO)n(C)c1=O', 'CC=CCn1c(N2CCC(C)CC2)nc2c1c(=O)[nH]c(=O)n2C', 'CCCCn1c(=O)[nH]c(=O)c2c1nc(CNc1ccc(F)cc1)n2C', 'CC1(C)OC2C(O)CC(NC(=O)OCc3ccccc3)C2O1', 'C=CCN(C)C(=O)CC1OC(CNC(=O)c2ccccc2)C(O)C1O']"
3955,0.0013,0.36172882,0.9459707140922546,"['Cc1[nH]c(=O)c(C#N)c(C)c1CCC(=O)N(C)Cc1cscn1', 'Cc1[nH]c(=O)[nH]c(=O)c1CCC(=O)Nc1cccc(F)c1', 'Cc1[nH]c(=O)[nH]c(=O)c1CCC(=O)NCc1ccc2c(c1)OCCO2', 'Cc1[nH]c(=O)ccc1C(=O)N(C)C(C)c1ccc(-n2cncn2)cc1', 'Cc1n[nH]c(=O)c(C(=O)N2CCCC3CC(C)CCC32)c1C', 'CCCn1c(=O)[nH]c(=O)c2c(C(=O)OCC)cc(C3CC3)nc21', 'Cc1cc(=O)[nH]cc1C(=O)N(C)CCN(C)C(=O)OC(C)(C)C', 'Nc1cc(F)cc2c1CCNC2c1[nH]c(=O)[nH]c(=O)c1F', 'CC1CCc2[nH]c(=O)c(C(=O)NC3CCCCC3C)cc2C1', 'COc1ccc2[nH]c(=O)c(CCC(=O)N3CCOCC3)cc2c1']"
3956,1e-04,0.0,0.0,[]
3957,1e-04,0.0,0.0,[]
3958,1e-04,0.0,0.0,[]
3959,0.0482,0.35107765,0.4352602958679199,"['OCCc1nc2ccc(F)cc2n1CCN1CCOCC1', 'O=C(Cc1cccnc1)NCC1COC2(CCCCC2)O1', 'CCN(Cc1noc(C)n1)C(=O)CCc1scnc1C', 'CCOC1CC(NC2=NS(=O)(=O)c3ccccc32)C12CCC2', 'CCC(CC)c1cc(C(=O)C(C#N)c2nc(C)cs2)on1', 'O=C(CSc1ncc(F)c(N2CCCC2)n1)NC1CC1', 'CCCN1C(=O)c2ccccc2NC1c1csc(C)n1', 'CC(C)CC1COCCN1C(=O)NCCc1nccn1C(F)F', 'O=C(NCc1ccc2ccccc2c1)C1CC(=O)N(C2CCCC2)C1', 'Cc1cccc(NC(=O)NCCc2cscn2)c1C#N']"
3960,1e-04,0.0,0.0,[]
3961,1e-04,0.0,0.0,[]
3962,1e-04,0.0,0.0,[]
3963,1e-04,0.0,0.0,[]
3964,1e-04,0.0,0.0,[]
3965,1e-04,0.0,0.0,[]
3966,1e-04,0.0,0.0,[]
3967,1e-04,0.0,0.0,[]
3968,1e-04,0.0,0.0,[]
3969,0.1612,0.16894859,0.8300602436065674,"['COC(=O)CC(CC(C)C)c1c(C)c(C)cc(C)c1C', 'COC(=O)c1c(C)c(C)c(C)c(C)c1C(=O)OC', 'O=c1c(-c2ccccc2)c(O)n(O)c2ccccc12', 'COc1ccc(C(=O)Oc2ccccc2OC)cc1', 'COc1cc2c(c(O)c1OC)c(=O)c1cccc(O)c1n2C', 'CN1C(=O)OC(C)(CC(C)(C)c2ccccc2)C1(C)O', 'CCOC(C)C(=O)Oc1ccc(C(C)C)c(C)c1', 'COc1ccc2c(Br)cc(C)nc2c1', 'COc1cc2nc(C)c(C)c(Cl)c2cc1OC', 'COc1ccc(Br)c2ccc(C)nc12']"
3970,0.0713,0.37349382,0.5330544710159302,"['Cc1cccc(C(=O)NCCNc2ccc(C)nn2)c1', 'Cc1cccc(C(C)(C)CNC(=O)Nc2nncs2)c1', 'Cc1cccc(NCC(=O)N(C)Cc2ccco2)c1', 'Cc1cccc(OCCNc2ncc(Br)cc2N)c1', 'COc1cccc(CCC(=O)NCCc2ccccn2)c1', 'Cc1cccc(C(=O)Nc2ccc3c(c2)oc(=O)n3C(C)C)c1', 'Cc1cccc(-n2nc(C)nc2COc2cccnc2)c1', 'Cc1cccc(CCNC(=O)NCC(O)c2c(F)cccc2F)c1', 'Cc1cccc(C(=O)NCCCNc2ccc(N)cn2)c1', 'COc1cccc(NC2CCN(C(=O)CCn3cc(C)cn3)CC2)c1']"
3971,0.0089,0.4642684,0.5127285122871399,"['CCCN1CNc2c(c(=O)[nH]c(=O)n2Cc2ccccc2)C1', 'CC1CCc2c(sc(NC(=O)C(C)(C)C)c2C(N)=O)C1', 'CS(=O)(=O)N1CCc2c(cccc2NCc2cccc(F)c2)C1', 'O=C(C1CC1)N1CCc2c(ncnc2NCc2cnc3ccccn23)C1', 'CCCN(CCC)C(=O)CN1CCn2c(nn(C)c2=O)C1', 'CC1CCc2c(sc3ncnc(NCc4nccs4)c23)C1', 'C=CCn1c(=O)c2c(nc(-c3ccccc3)n2C)n(C)c1=O', 'CCC1Oc2c(cccc2OCc2ccccc2)NC1=O', 'CCc1nnc(NC(=O)N2CCn3c(nn(C)c3=O)C2)s1', 'COCCCn1ccc2c(cnc3c(-c4ccccc4)c(C)nn32)c1=O']"
3972,0.0003,0.5343966,0.35003626346588135,"['CC1=CC(C)C2(CO)COC(c3ccco3)C1C2C', 'CN1C(=O)OC(C)(CC(C)(C)c2ccccc2)C1(C)O', 'COC(=O)C1=C(C)N(C2CC2)C(=O)NC1c1ccc(F)cc1F']"
3973,0.0094,0.27550134,0.7270503044128418,"['CCN(C(=O)c1cc(S(N)(=O)=O)c(C)o1)C1CCCCC1', 'CCCCNC(=O)C1CCC(C)N(C(=O)c2ccc(COC)o2)C1', 'CCn1c(SCc2ccc(C(=O)OC)o2)nnc1C1CC1', 'CNC(=O)c1nc(C(=O)NCc2ccc(C)o2)cs1', 'COCc1c(C(=O)N(C)Cc2ccc(C)o2)noc1C', 'CCC1CN(C(=O)c2ccc(S(=O)(=O)NC)o2)CCO1', 'NS(=O)(=O)c1ccc(C(=O)NCC2CCOC2)o1', 'CC(c1ccco1)N(C)Cc1ccc(S(=O)(=O)N2CCCC2)o1', 'Cc1cc(C(=O)Nc2nc(C(=O)NCC(F)(F)F)co2)no1', 'COC(=O)C(C)CN(C)Cc1cc(C(N)=O)cs1']"
3974,1e-04,0.0,0.0,[]
3975,1e-04,0.0,0.0,[]
3976,1e-04,0.0,0.0,[]
3977,1e-04,1.0,0.0,['N#Cc1ccc2c(c1)C1(CCN(C(=O)OCc3ccccc3)CC1)CN2']
3978,1e-04,0.0,0.0,[]
3979,1e-04,0.0,0.0,[]
3980,1e-04,0.0,0.0,[]
3981,0.0253,0.73271585,0.1741418093442917,"['Cn1cnnc1Sc1ccc(Br)cc1N', 'Cn1cnnc1Cc1cccc(Br)c1', 'Cn1ccn(-c2cc(O)c(Cl)cc2Cl)c1=O', 'Cn1cnnc1Cc1ccc(Br)cc1', 'Cn1cc(CCC(=O)Nc2cc(Cl)cc(Cl)c2)cn1', 'Cn1cnnc1SCC(=O)OCc1ccccc1', 'Cn1cnc(CNC(=O)c2cccnc2-n2cccn2)n1', 'Cn1ccnc1Sc1ccc(F)cc1NC(=O)c1ccncc1', 'Cn1cnc(CNC(=O)c2c[nH]nc2-c2ccccc2)n1', 'Cn1ccnc1NCc1ccc(Cl)c(Cl)c1']"
3982,0.0535,0.4889994,0.4169355034828186,"['O=C(NCCOc1cccc2cccnc12)c1n[nH]c2ncccc12', 'CNC(=O)c1cc2c(nc1N(C)C)CCN(c1ncc(C)cn1)CC2', 'CCOC(=O)c1cnn(-c2ccccc2)c1-n1cccc1', 'O=S(=O)(c1ccc(F)cc1F)N1CCN(c2nccs2)CC1', 'Cc1ccc(C(=O)N2CCC3(CC2)CC(Oc2cccnc2)C3)cc1', 'COc1ccc(-c2nc3ccccc3s2)cc1-n1cnnc1', 'CC(C)N1CCN(C(=O)c2cccnc2)C(c2nc3ccccc3[nH]2)C1', 'CN(c1cc(NCC2CC2)ncn1)C1CCN(c2ncccn2)CC1', 'COc1ccc(-c2nc3ncccc3o2)cc1-n1cnnc1', 'O=C(CSc1nnc(-c2ccccc2F)o1)Nc1ncccn1']"
3983,0.0007,0.26281792,1.1783802509307861,"['CC1(Cc2ccc3c(c2)OCO3)CCCN(C(=O)c2cc(N)[nH]n2)C1', 'C1=C(c2cccs2)CCN(Cc2ccsc2)C1', 'CC(=O)NC1Cc2ccccc2N(C(=O)OC(C)(C)C)C1', 'Cn1c(Cn2cccn2)nnc1C1CCCN(C(=O)c2ccoc2)C1', 'Cn1c(Cn2cncn2)nnc1C1CCN(C(=O)CO)CC1', 'Cc1ncc(-c2onc(C)c2C)c(CCNC(=O)c2cccnc2)n1', 'CN(C(=O)OC(C)(C)C)C1CCCN(CC(=O)c2ccc[nH]2)C1']"
3984,0.0027,0.28332192,0.8876381516456604,"['CCN1CC(CN(C)C(=O)c2ccccn2)Oc2ccccc21', 'CCCN1C(=O)C(C(C)C)Oc2ccc(CO)cc21', 'O=C(NCc1cc[nH]n1)NC1CC2(CCC2)Oc2ccccc21', 'COCC(=O)N1CC(c2ccccc2)OC(c2ccc(F)cc2)C1', 'CCOC(=O)C(CC)N1C(=O)C(C(C)C)Oc2ccc(C(C)=O)cc21', 'CC1(C(=O)Nc2cccc(Cl)c2)Oc2ccccc2NC1=O', 'CC(C)CN1C(=O)C(CC(=O)N2CCCC2)Sc2ncccc21', 'CC(C#N)CN1C(=O)C2(CCCC2)Nc2cc(F)ccc21', 'Cc1ccc(CNC(=O)C2(C)Oc3cccnc3N(C)C2=O)cc1', 'CCCCNC(=O)C1CC(c2ccco2)NS(=O)(=O)N1C']"
3985,1e-04,1.0,0.0,['CCCOC(=O)c1cc(-c2c(O)cc(O)cc2O)nn1CCO']
3986,0.0093,0.5180103,0.5959569811820984,"['COC(=O)C1C2CCC(C2)C1NC(=O)c1ncn(-c2ccccc2)n1', 'CCC(=O)N(C)C1CCC2(CC1)CN(C(C)=O)Cc1ccccc1O2', 'CC(Nc1cccc(C(=O)NC2CC2)c1)c1nnc(-c2ccccc2)o1', 'O=C(Nc1cccc(N2CCCC2=O)c1)c1c[nH]nc1-c1ccccc1', 'CC(C)CC(NC(=O)CC(C)(C)C)C(=O)N1CCc2ncccc2C1', 'O=C(c1ccoc1)N1CC2CC1CC2NS(=O)(=O)c1ccccc1', 'Nc1ncc(C(=O)N2Cc3ccccc3C(O)C2)c(-c2ccccc2)n1', 'CC(C)(CNC(=O)Cn1nc2n(c1=O)CCCCC2)c1cccs1', 'CN1C(=O)CN(C(=O)c2cnc(C3CCCO3)s2)c2ccccc21', 'O=C(Cn1nnc(-c2ccccc2)n1)Nc1cccc(-c2ccn[nH]2)c1']"
3987,0.0002,0.5,0.0,"['O=S1(=O)c2ccc(O)cc2CC1c1ccccc1', 'CSc1nc(C)nc(C)c1C(=O)NC(C)CO']"
3988,1e-04,0.0,0.0,[]
3989,0.0003,0.46150115,0.6287044882774353,"['Cc1noc(CNC(=O)C23CC4CC(CC(C4)C2)C3)n1', 'O=C(Nc1ccccn1)C12CC3CC(CC(Cl)(C3)C1)C2', 'CCc1nnc(CNC(=O)C2CCN(C(=O)C3CC3)CC2)s1']"
3990,0.0007,0.6033464,0.5344948768615723,"['FC1(F)CCN(Cc2ccsc2)CC12CCN(c1cccnc1)C2', 'C=CCN1C(=O)C(C)NC12CCN(C(=O)C1CCC1)CC2', 'O=C1N(c2cccnc2)CCC12CCCN(c1ncc(F)cn1)C2', 'COCCN1C(=O)CCC12CCC(NC(=O)c1c(C)noc1C)CC2', 'COC1CCCOC12CCN(C(=O)c1cc3ncccn3n1)CC2', 'CN(CCN1CCOCC1)C(=O)C1CC12CCCc1ccccc12', 'C=CCOCC12CCCOC1CCN(C(=O)c1ccco1)C2']"
3991,1e-04,0.0,0.0,[]
3992,1e-04,0.0,0.0,[]
3993,1e-04,0.0,0.0,[]
3994,1e-04,0.0,0.0,[]
3995,1e-04,0.0,0.0,[]
3996,0.0011,0.4166029,0.7716843485832214,"['CCc1ccccc1NC(=O)CC1CSc2nc(C)c(C)c(=O)n21', 'CCc1ccc(NC(=O)CC2CSc3ncc(C)c(=O)n32)cc1', 'Cc1c(Cl)cccc1NC(=O)CC1CSc2ncc(C)c(=O)n21', 'Cc1ccc(NC(=O)CC2CSc3nccc(=O)n32)cc1', 'CCCCNC(=O)CC1CSc2ncc(C)c(=O)n21', 'CCNC(=O)NCC1COCc2nc3c(C)cccc3n21', 'CCc1ccc(NC(=O)C2CC(=O)Nc3ncnn32)cc1', 'CCCCOc1ccc(C2CC(=O)Nc3nc(C)[nH]c(=O)c32)cc1', 'CCOc1ccc(C2CC(=O)Nc3nc(C)[nH]c(=O)c32)cc1', 'O=C(NCCC1=CCCCC1)C1CSc2nccc(=O)n2C1']"
3997,1e-04,0.0,0.0,[]
3998,1e-04,0.0,0.0,[]
3999,0.0076,0.26735118,0.7236815094947815,"['CCC(OC)C(=O)NC1CCN(C(=O)C(C)(C)C)CC1', 'CCN(CC1CC1)C(=O)c1sc2nc(COC)nc(OC)c2c1C', 'CCCc1nnc(N2CC3CCC(C2)C3OC)o1', 'COc1cc2nc3c(c(N)c2cc1OC)CCCC3', 'CCN(C(=O)c1ccc(NC(=O)NC2CC2)cc1)C(C)COC', 'O=c1c(-c2ccccc2)c(N2CCN(c3ccccc3)CC2)c1=O', 'CCCOC(=O)c1sc2nc(COC)nc(OC)c2c1C', 'CCC(OC)C(=O)NCc1nc(-c2ccccc2)cs1', 'CCOc1ccc(-c2csc(CCCOC)n2)cc1', 'COc1ccc(S(=O)(=O)N2CC(OC)C3COCC32)cc1']"
4000,1e-04,0.0,0.0,[]
4001,1e-04,0.0,0.0,[]
4002,0.0033,0.44121206,0.5304365754127502,"['Cc1ccc(-c2nc3n(c2C(N)=O)CCS3)cc1', 'Cc1ccc(NCc2nnc3n2CCCCC3)cc1Cl', 'COc1cc(CNC(=O)c2cn3c(n2)CCCC3)cc(OC)c1', 'Cc1cccc(CNC(=O)c2cn3c(n2)CCCC3)c1', 'Cc1ccc(C(=O)NCc2nnc3n2CCCC3)s1', 'Cc1nnc(SCc2cc(=O)n3c(n2)SCC3)s1', 'N#Cc1cccc(NC(=O)c2cnn3c2OCCC3)c1', 'Cc1occc1C(=O)Nc1nc2c(s1)CCCCC2', 'O=C(OCc1cc(=O)n2c3c(sc2n1)CCCC3)c1ccco1', 'Cc1ccc(-c2c(C#N)c(N)nc3c2CNCC3)cc1C']"
4003,0.0016,0.526995,0.48229536414146423,"['CN(CCNS(C)(=O)=O)c1ccc2ccc(F)cc2n1', 'CC(CNS(C)(=O)=O)OC(=O)Cc1cccc2cccnc12', 'Cc1ccc(S(C)(=O)=O)cc1C(=O)N1CCC(C(N)=O)CC1', 'CC(C)c1cnc(S(N)(=O)=O)cc1OC1CC1', 'Cc1ccc(S(C)(=O)=O)cc1C(=O)N(C)c1ccccc1', 'CC(=O)N1CN(S(C)(=O)=O)c2ccccc2N(S(C)(=O)=O)C1', 'Cc1ccc(S(C)(=O)=O)cc1C(=O)NCCCc1ccccc1', 'Cc1cc(C)c(S(N)(=O)=O)cc1C(=O)NCCC1CCCC1', 'CC(Nc1cc(S(N)(=O)=O)ccc1Cl)c1ccco1', 'Cc1ccc(S(C)(=O)=O)c(NC(=O)NCCO)c1']"
4004,0.0004,0.45365542,0.5924921631813049,"['COc1c(NC(=O)Nc2ccc(F)c(C(=O)N(C)C)c2)c(C)nn1C', 'CN(CC(=O)NC1CCC(C)(C)c2ccccc21)C(=O)OC(C)(C)C', 'C=CCNC(=O)c1cc(C2CC2)nc2c1c(=O)[nH]c(=O)n2CC(C)C', 'CCOC(=O)N1CCN(c2c(-c3ccc(C)c(C)c3)c(=O)c2=O)CC1']"
4005,0.0039,0.30582643,0.9264191389083862,"['O=C1CCCN1CCNc1ccnc(C(F)(F)F)n1', 'O=C1NCCN1CCNc1ccc(Cl)c(F)c1', 'O=C1CCCN1c1cccc(NCc2ccc(F)cc2)c1', 'O=C1CCCN1Cc1nnc2n1CCN(C(=O)c1ccnnc1)CC2', 'O=C1CCCN1c1cccc(NCc2ccccc2OC(F)F)c1', 'O=C1OCCC1N1CCN(c2ccc(O)cc2)CC1', 'O=C1NCCNC1c1ncccc1Br', 'O=C1CCN(c2nc3c(s2)C(O)CCC3)CCN1', 'O=c1ccccn1CCCCNS(=O)(=O)c1ccccc1', 'O=C1OCCN1CCS(=O)(=O)c1ccc(O)cc1']"
4006,1e-04,0.0,0.0,[]
4007,1e-04,0.0,0.0,[]
4008,1e-04,0.0,0.0,[]
4009,1e-04,0.0,0.0,[]
4010,1e-04,0.0,0.0,[]
4011,0.0002,0.5,0.0,"['CCc1cccc(C)c1NC(=O)NCCc1ccc(OC)c(OC)c1', 'COCc1ccc(CNC(=O)NCc2cccc(OC)c2)cc1']"
4012,1e-04,0.0,0.0,[]
4013,1e-04,0.0,0.0,[]
4014,1e-04,0.0,0.0,[]
4015,1e-04,0.0,0.0,[]
4016,1e-04,0.0,0.0,[]
4017,1e-04,0.0,0.0,[]
4018,0.187,0.49105412,0.4133426249027252,"['Cc1nccc(CN2CC3CC(C2)c2cccc(=O)n2C3)n1', 'Fc1cc(Br)c2c(c1)CCNC2C1CC1', 'c1cc2c(cc1OCCCN1CCOCC1C1CC1)OCO2', 'Cc1c(CCC(=O)N2CC(C)Oc3ncccc32)cnn1C', 'Nc1c(NC2CCCC2)ncnc1-n1nnc2ccccc21', 'Cc1ccncc1NC(=O)N(C)Cc1nccs1', 'O=C(N=c1[nH]c2ccccc2[nH]1)c1noc2c1CCCCC2', 'CCCc1n[nH]c(C2CN(CC(O)Cn3cccn3)CCO2)n1', 'Oc1ccccc1SCc1cn2ccccc2n1', 'N#Cc1ccc(Sc2ncnc3nc[nH]c23)cc1Cl']"
4019,1e-04,0.0,0.0,[]
4020,0.0003,0.62084705,0.10437153279781342,"['CC1(C)Cc2c(sc3nc(=O)n(Cc4ccco4)c(N)c23)CO1', 'CC1(C)Cc2c(sc3nnn(Cc4ccccc4)c(=O)c23)CO1', 'CC1(C)Cc2nc3sc4c(=O)[nH]c(=O)[nH]c4c3cc2CO1']"
4021,1e-04,0.0,0.0,[]
4022,0.0096,0.48553482,0.5725802183151245,"['Cc1ncsc1-c1nc(CNc2cc(F)c(F)cc2F)no1', 'Cc1ncsc1CCNc1ccc2c(c1)CCC2', 'Cc1ncsc1CCC(=O)NCCc1ccccn1', 'Cc1ccsc1CCCC(=O)N1CCOCC1C1CC1', 'Cc1ncsc1C(=O)NCc1ccccc1Cl', 'Cc1ncsc1CN1CCOC(c2ccc(F)c(Cl)c2)C1', 'Cc1ccsc1C(=O)NCC1COc2ccccc2O1', 'Cc1ncsc1CNc1cc(N2CCCC2CO)ncn1', 'Cc1ccsc1C(O)CNS(=O)(=O)c1cccc(Cl)c1', 'Cc1ccsc1CNC(=O)COc1ccccc1C(N)=O']"
4023,1e-04,0.0,0.0,[]
4024,1e-04,0.0,0.0,[]
4025,1e-04,0.0,0.0,[]
4026,1e-04,0.0,0.0,[]
4027,1e-04,0.0,0.0,[]
4028,1e-04,0.0,0.0,[]
4029,1e-04,0.0,0.0,[]
4030,1e-04,0.0,0.0,[]
4031,1e-04,0.0,0.0,[]
4032,1e-04,1.0,0.0,['CCCCC(CC)C(=O)C(C#N)c1nc(C)cs1']
4033,0.0028,0.3755327,0.7463739514350891,"['Cc1cc(CN2CCc3ccccc3C2CO)ccc1F', 'Clc1cc(CN2CCc3cncnc3C2)cc2c1OCCCO2', 'Cc1cc(NCC2Cc3ccccc3CN2C)n2nc(C)c(C)c2n1', 'Brc1ccc(N2CCOc3ccccc3C2)nc1', 'COc1ccc(CN2CCc3ccccc32)cc1N', 'COc1cc(C2NCCc3ccc(F)cc32)ccn1', 'Fc1cc(CN2CC(n3cccn3)C2)c2ncccc2c1', 'CCCc1nc(NC2c3ccccc3CC2O)c2cnn(C)c2n1', 'Cn1c(CN2CCc3ccc(Br)cc32)nnc1C1CC1', 'COc1cc(CN2CCNc3ccccc32)cc(OC)c1OC']"
4034,1e-04,0.0,0.0,[]
4035,1e-04,0.0,0.0,[]
4036,0.0143,0.34853056,0.627155065536499,"['Cc1ccccc1-n1ccc2c(nnc3nc(C(F)(F)F)nn32)c1=O', 'CN1CC(C(=O)N2CCC(c3nn(C)c4ncccc34)CC2)CC1=O', 'CC(C)(C)N1CC(C(=O)N2CC(OCc3ccccc3F)C2)CC1=O', 'CC(C)NC(=O)Cn1nc(-c2nc(-c3cccnc3)no2)ccc1=O', 'Cn1c(=O)c2c(nc(N)n2Cc2cccc3ccccc23)n(C)c1=O', 'COC(=O)C(c1c(C)[nH]c2ccccc12)(C(C#N)C#N)C(F)(F)F', 'Cc1noc(C)c1CN1CC2(CCN(C(=O)c3cc[nH]n3)C2)CC1=O', 'CCN1CCN(C2CCN(C(=O)c3ccc4c(c3)OCO4)CC2)C1=O', 'Cc1nn(C)c(C)c1C(=O)NC1CCN(c2c(F)cccc2F)C1=O', 'CN(CC(=O)NC1CCC(C)(C)c2ccccc21)C(=O)OC(C)(C)C']"
4037,0.0007,0.28446427,1.2384071350097656,"['CC1CCC(CO)(Nc2ncc(Cl)cc2Cl)CC1', 'CC1CCCC(CO)(Nc2ccnc(C(N)=O)c2)C1', 'COCC1(C(=O)N2CCC(C#N)(c3ccccc3)CC2)CCC1', 'CC1CCC(O)(Cn2cnc3cc(F)c(F)cc3c2=O)CC1', 'CCCC1CCC(=O)C(CN2CCOCC2CC)C1', 'CC(C)(C)OC(=O)N1CCC(O)(c2ccccn2)CC1', 'COc1ccc(C(=O)N2CCC(O)(c3nccn3C)CC2)cc1']"
4038,1e-04,0.0,0.0,[]
4039,1e-04,0.0,0.0,[]
4040,1e-04,0.0,0.0,[]
4041,1e-04,0.0,0.0,[]
4042,0.0084,0.33384016,0.6129324436187744,"['COc1ccc(C)cc1C(O)CNCc1ccncc1', 'Cc1ccsc1C(O)CNC(=O)c1cccc(Cl)c1', 'COc1ccccc1C(NCc1ccc(C#N)cc1)c1ccccn1', 'Cc1ccccc1CCc1noc(N)c1-c1ccccn1', 'CCCOc1ccc(C)cc1C(O)CCN1CCOCC1', 'COc1ccccc1C(N)c1nc(-c2cccs2)cs1', 'Fc1cccc2c1CCNC2CCc1ccccc1', 'Cc1noc(C)c1C(C)NC(=O)Nc1c(C(C)C)cccc1C(C)C', 'Cc1cccc2c1C(C(O)Cc1ccccc1)NCC2', 'CCc1ccccc1C(=O)NCc1nc(C)sc1C']"
4043,1e-04,0.0,0.0,[]
4044,1e-04,0.0,0.0,[]
4045,0.1762,0.20832661,0.5702023506164551,"['O=c1c(-c2ccccc2)c(N2CCN(c3ccccc3)CC2)c1=O', 'O=C(CNc1cccc(F)c1)NCC1CCCO1', 'O=C(CNCc1ccc(Cl)cc1)NCc1ccccc1F', 'Cc1cccc(C(=O)NCCNc2ccc(C)nn2)c1', 'O=C1CCCc2c1c(Cc1ccccc1)nn2CCO', 'O=C(CNc1cncc(Br)c1)N1CCCCC1', 'OC(CNCc1ccc(F)c(F)c1)c1cccc(C(F)(F)F)c1', 'O=C(NCCNc1cc(-n2cccc2)ncn1)c1cccnc1', 'O=C(NCCNC(=O)c1ccc(F)cc1)c1ccccc1', 'O=C1NCCNC1c1ncccc1Br']"
4046,0.0002,0.5,0.0,"['COCC(=O)NC1CCC2(C)CCC3C(C)C(=O)OC3C2C1C', 'CCOC(=O)c1sc(S(C)=O)c2c1CCc1conc1-2']"
4047,0.0053,0.32808003,0.7286407351493835,"['CC(=O)NCC(c1cccs1)S(=O)(=O)c1ccc(C)cc1', 'CC(=O)NCC(c1cccnc1)S(=O)(=O)c1ccc(F)cc1', 'COC(=O)CC(CC(C)C)c1c(C)c(C)cc(C)c1C', 'CC(=O)NCC(c1cccs1)S(=O)(=O)c1ccc(Cl)cc1', 'c1cncc(C(c2cc3ccccc3[nH]2)C2OCCO2)c1', 'COC(=O)C(c1ccc(Cl)cc1)c1nc(OC)cc(OC)n1', 'CCOC(=O)CC(c1oc(CO)cc(=O)c1O)C(C)C', 'CCCNC(=O)C(Cc1ccccc1)NC(=O)c1ccccc1', 'COc1ncccc1CNC(=O)CC(c1ccccc1)C(F)(F)F', 'O=C(OC(c1ccccc1)c1ccccn1)C1CCOCC1']"
4048,1e-04,0.0,0.0,[]
4049,1e-04,0.0,0.0,[]
4050,1e-04,0.0,0.0,[]
4051,1e-04,0.0,0.0,[]
4052,0.0006,0.53524,0.52870112657547,"['Nc1c(NCCN2CCOCC2)c2ccccc2oc1=O', 'Cc1nc2c(c(=O)c3ccccc3n2C)c(=O)n1Cc1ccco1', 'Cc1c(C)c2cc(Cl)c3c(c2oc1=O)CN(C1CC1)CO3', 'Cn1nc2n(Cc3ccc(Cl)cc3)c(=O)c3sccc3n2c1=O', 'Cc1nc2cc(C(N)=O)ccc2n1-c1ccccc1', 'CC(NC(=O)c1ccco1)c1nc2ccccc2n1C']"
4053,0.0008,0.35070938,0.84749436378479,"['CC(=O)Nc1cccc(CNC(=O)NC23CC4CC(CC(C4)C2)C3)c1', 'O=C(Cn1ccc(=O)c2ccccc21)N1CC2C3CCC(CC3)C2C1', 'O=C(NCCO)C1CCCN1C(=O)C12CC3CC(CC(C3)C1)C2', 'Cc1cc(=O)n(C)cc1NC(=O)NC1C2CCc3ccccc3C21', 'N#Cc1cccnc1NCCNC(=O)N1CC2CC3CC(C2)CC1C3', 'O=C1CN(C(=O)CNC(=O)CC23CC4CC(CC(C4)C2)C3)CCN1', 'O=C(Nc1ccccc1)NC1CCN(C(=O)C2CC3CCC2C3)CC1', 'O=C(NCc1ccnc(OC2CCOCC2)c1)C1CC2C=CC1C2']"
4054,0.018,0.29272273,0.662308931350708,"['C=CCn1c(SC2CCCCC2O)n[nH]c1=O', 'CC(C)n1c(N2CCCCC2)nc2c1c(=O)[nH]c(=O)n2C', 'CC(Sc1nnc(C2CCCCC2)o1)C(=O)OC(C)(C)C', 'O=C(Nc1cc(C2CCOCC2)[nH]n1)c1cc[nH]n1', 'O=C(c1csc(C2CCCO2)n1)N1CCCc2cccc(O)c21', 'Cc1ncc2c(N3CCCCCC3)nc3ccccc3n12', 'N#CC(C(=O)C1CCCC1)c1ncc(C(F)(F)F)cc1Cl', 'O=C(Cn1cnc(C2CCC2)cc1=O)N(C1CCCC1)C1CC1', 'O=C(c1cnc(C2CCCO2)s1)N(CC1CC1)c1ccccc1', 'O=C(c1scnc1C1CCCC1)N1CCCCC1C1OCCO1']"
4055,0.0003,0.61237794,0.12537330389022827,"['CCS(=O)(=O)N1CCC2C1CC(=O)N2Cc1csc(C)n1', 'COc1cc(CO)cc2c1OC(C(C)C)C(=O)N2CC(C)C', 'CC(C)(C)OC(=O)N1CCC2(CC1)C(=O)NC2c1ccccc1']"
4056,0.0005,0.46539488,0.6141812801361084,"['CC1=NS(=O)(=O)c2cccnc2N1c1ccc(Cl)cc1', 'O=C1C(c2ccccc2)Nc2ccccc2N1CC(O)CO', 'O=C1CC(c2ccsc2)c2cnn(Cc3ccccc3Cl)c2N1', 'CC(C)C1(C)C(=O)N(CCCO)c2cc(N)ccc2N1C', 'O=C1CNc2cccc(Cl)c2N1CCc1ccccc1']"
4057,0.0002,0.5,0.0,"['O=C(NC=Cc1ccco1)OCc1ccc(Cl)cc1', 'O=C(Nn1cnc2ccccc21)c1n[nH]c2ccccc12']"
4058,1e-04,0.0,0.0,[]
4059,1e-04,0.0,0.0,[]
4060,0.0021,0.30296496,0.7522415518760681,"['O=C1COc2cc(C(=O)Nc3ccc4[nH]ncc4c3)ccc2N1', 'O=C(Nc1ccc2[nH]ncc2c1)c1cc2ccccc2oc1=O', 'Cn1cc(C2CC2C(=O)Nc2ccc3[nH]ncc3c2)cn1', 'Nc1cccc2c1OCCN2C(=O)c1ccc2[nH]cnc2c1', 'O=C(Nc1ccc2[nH]ncc2c1)c1ccc(-n2cncn2)nc1', 'Fc1ccc(C2NCCc3cc4[nH]ccc4cc32)nc1', 'c1ccc2oc(CCNc3ncnc4[nH]cnc34)nc2c1', 'O=C(c1cc2ncccn2n1)N(Cc1ccc2[nH]ccc2c1)C1CC1', 'O=C(c1ccc2[nH]ncc2c1)N(Cc1cccnc1)Cc1ccco1', 'COC(=O)c1sccc1NC(=O)c1ccc2[nH]ncc2c1']"
4061,1e-04,1.0,0.0,['C=CCc1ccc2nc(C(F)(F)F)c(C#N)c(N)c2c1']
4062,1e-04,0.0,0.0,[]
4063,1e-04,0.0,0.0,[]
4064,0.0003,0.6438566,0.05010177195072174,"['Cc1ccc(-n2c(=O)c3ccccc3n(CC#N)c2=O)cc1C', 'CCn1c(=O)c2sccc2n(Cc2ccc3c(c2)OCCO3)c1=O', 'CCn1c(=O)c2c(ncn2Cc2ccccc2)n(-c2ccccc2)c1=O']"
4065,1e-04,1.0,0.0,['C#CCN1CCN(CC(=O)Nc2ccccc2SCC=C)CC1']
4066,1e-04,0.0,0.0,[]
4067,1e-04,0.0,0.0,[]
4068,1e-04,0.0,0.0,[]
4069,1e-04,0.0,0.0,[]
4070,0.0018,0.2049962,1.028976559638977,"['COc1ccc2c(Br)cc(C)nc2c1', 'Cc1cc(Br)c2ncc(C(N)=O)cc2c1', 'COc1ccc(Br)c2ccc(C)nc12', 'COc1ccc2c(=O)cc(C(=O)NCCO)oc2c1', 'CCn1ccc2c(Br)c(N)ccc2c1=O', 'Cc1ccc2oc(SCCS(N)(=O)=O)nc2c1', 'Clc1cccc2c1CCNC2c1ccc2nc[nH]c2c1', 'Cc1ccc2c(c1O)CCNC2c1ccc2[nH]nnc2c1', 'CCOC(=O)c1ccc2nc(C(C)O)sc2c1', 'C=CCc1ccc2nc(C(F)(F)F)c(C#N)c(N)c2c1']"
4071,0.0012,0.6038068,0.505132257938385,"['CC(NC(=O)Cn1cnc2c(cnn2C)c1=O)c1ccccc1Cl', 'Cc1ccccc1-n1ccc2c(nnc3nc(C(F)(F)F)nn32)c1=O', 'Cc1ccc(OCC(O)Cn2cnc3c(cnn3C)c2=O)c(C)c1', 'CCc1nc(Cn2cnc3c(nnn3-c3ccccc3)c2=O)cs1', 'COCCCn1ccc2c(cnc3c(-c4ccccc4)c(C)nn32)c1=O', 'CCn1ccc2c(cnc3c(-c4ccc(F)cc4)c(C)nn32)c1=O', 'CC(=O)Nn1ccc2c(cnc3c(-c4ccccc4)c(C)nn32)c1=O', 'CCC(C(=O)NC1CCCCC1)n1ncn2c(cc3occc32)c1=O', 'Cc1cccc(C2=CCN(C(=O)c3c[nH]c4c(cnn4C)c3=O)CC2)c1', 'Cc1cccc(Cn2c(=O)c3c(nc4[nH]c(C)cn43)n(C)c2=O)c1']"
4072,1e-04,0.0,0.0,[]
4073,1e-04,0.0,0.0,[]
4074,0.0115,0.3594964,0.638496458530426,"['CC1CC(OC(=O)c2ccccc2SCc2ccsc2)C(=O)O1', 'COc1ccc(C(C)=O)c(OC(=O)c2ccncc2F)c1', 'CC1(OC(=O)CCCNC(=O)C2CC2)CCCC1', 'C#CCC(OC(=O)c1ccc(NC(C)=O)cc1)c1ccccn1', 'COc1cc(COC(C)=O)c(O)c2c1CCCC2', 'COC1CCCC(OC(=O)CC2c3ccccc3CCN2C(C)=O)C1', 'COC(=O)c1cc(OC(=O)c2ccncc2)cc(C(=O)OC)c1', 'Cc1nc(COC(=O)c2cc(C(N)=O)cn2C)sc1C', 'CC(OC(=O)C1CC=CCC1)C(=O)Nc1ccccc1F', 'COc1ccccc1OC(=O)C1Cc2ccccc2S1']"
4075,1e-04,0.0,0.0,[]
4076,1e-04,0.0,0.0,[]
4077,1e-04,0.0,0.0,[]
4078,0.0048,0.32415017,0.6995548605918884,"['CCC(C)C(Nc1nc(C)cc(C2CCC2)n1)C(N)=O', 'Cc1nc(C(N)c2cncc(Br)c2)sc1C', 'CCCn1cc(C(O)Cc2ccccc2Br)cn1', 'Cc1cc(C)c(C(=O)Nc2nnc(C)s2)c(C)c1', 'CC(C)(O)c1nc(-c2ccc(F)cc2F)cs1', 'CC(C)(CO)c1nc(-c2cc(N)ccc2F)cs1', 'Cc1cc(Br)ccc1C(=O)N(C(C)C)C1CCC1', 'Cc1csc(C(N)c2ccc(Br)cc2)n1', 'CCc1noc(C)c1C(=O)N1CCc2cc(Br)ccc21', 'Cc1nn(C2CCCCO2)c(C)c1Br']"
4079,1e-04,0.0,0.0,[]
4080,1e-04,0.0,0.0,[]
4081,0.0028,0.17463146,1.1060550212860107,"['Cc1nnc(NCc2ccccc2F)c(C#N)c1C', 'CS(=O)(=O)c1nncc(N)c1Nc1ccccc1', 'CCc1ccc(-c2cnnc(N)c2C(=O)N(CC)CC)cc1', 'CCOc1cccc(-c2cnnc(N)c2C(N)=O)c1', 'Cc1ccc(-c2cnnc(N)c2C(=O)NC(C)(C)C)cc1', 'Cc1cc(-c2cnnc(N)c2C(=O)NC(C)(C)C)ccc1F', 'Cc1ccccc1OCCc1nnc(SCC#N)o1', 'Cc1cccc(OCCc2nnc(CCO)o2)c1C', 'N#CCSc1nnc(COc2ccc(F)cc2)n1N', 'CN(Cc1cc(=O)c(O)co1)Cc1cc(Br)cs1']"
4082,1e-04,0.0,0.0,[]
4083,0.0047,0.36065754,0.7606908082962036,"['CSc1nc2nc(C)c(CC(=O)NC3CC3)c(C)n2n1', 'Cc1nc2sc(=Cc3cccc(Cl)c3Cl)c(=O)n2n1', 'Cc1nc2sc(=Cc3ccc(Br)cc3)c(=O)n2n1', 'Cc1nc2nnc3c(=O)n(-c4ccccc4C)ccc3n2n1', 'CCc1nc2c(NC(=O)CCc3cccc(OC)c3)cccn2n1', 'COc1ccc(-c2cc3nccc(-c4cccnc4)n3n2)cc1', 'Cc1nc2nnc3c(=O)n(-c4cc(Cl)cc(Cl)c4)ccc3n2n1', 'CSc1nc2ncc3c(=O)n(Cc4cccnc4)ccc3n2n1', 'COc1ccc(CCc2nc3nccc(-c4ccsc4)n3n2)cc1', 'CCOc1ncccc1CNC(=O)c1nc2nc(C)cc(C)n2n1']"
4084,1e-04,0.0,0.0,[]
4085,1e-04,1.0,0.0,['Cc1cn(-c2ccccc2Cl)nc1NC(=O)NC1(C)CCOC1']
4086,1e-04,0.0,0.0,[]
4087,1e-04,1.0,0.0,['CN1C(=O)c2cccc3c(S(=O)(=O)N4CCOCC4)ccc1c23']
4088,1e-04,0.0,0.0,[]
4089,0.004,0.3157091,0.8607096672058105,"['c1nc(Nc2ccc3c(c2)OCCO3)c2ccsc2n1', 'Cc1nc(NCCSc2ccccn2)c2c(C)noc2n1', 'Nc1ccc(OCCc2cccs2)c2nonc12', 'Cc1nc(Nc2ccc3c(c2)OCO3)c2c(C)noc2n1', 'c1nc(N2CCCC2c2ccc3c(c2)OCCO3)c2ccsc2n1', 'Cc1ccc(NC(=O)CCn2cncn2)c2[nH]ncc12', 'Cc1cc(C(=O)NC2CCC(=O)NC2)c2c(C)noc2n1', 'Cc1nc(NCC(CO)Cc2ccsc2)c2c(C)nn(C)c2n1', 'Nc1nc(N2CCCC(c3nc4ccccc4o3)C2)c2nc[nH]c2n1', 'c1nc(NCCN2CCOCC2)c2c3c(sc2n1)CCCC3']"
4090,1e-04,1.0,0.0,['Nc1ccc(NC(=O)C23CC4CC(CC(C4)C2)C3)nc1']
4091,0.0052,0.27289546,0.8361398577690125,"['Cc1n[nH]c(C(=O)N(Cc2ccccc2)C2CC2)c1Br', 'Cc1n[nH]c(C(=O)NC2CCCNC2=O)c1Br', 'Cc1n[nH]c(C(=O)N2CCCC(C)CC2)c1Br', 'CCNC(=O)Cc1cc(OCC)c(OCC)cc1Br', 'COc1ccc(S(=O)(=O)NCC2CC2C)cc1Br', 'COc1ccc(C(=O)Nc2cnoc2)cc1Br', 'Cc1ccc(CN(C)C(=O)c2[nH]nc(C)c2Br)o1', 'COc1ccc(C(=O)N(C)CC(N)=O)cc1Br', 'NS(=O)(=O)c1ccc(NC(=O)C2CCCC2)cc1Br', 'Cc1nn(C2CCCCO2)c(C)c1Br']"
4092,1e-04,0.0,0.0,[]
4093,0.0027,0.2771133,0.9466761946678162,"['COc1cc(C2CC(=O)Nc3nc(N)[nH]c(=O)c32)ccc1O', 'CCOc1ccc(C2CC(=O)Nc3nc(C)[nH]c(=O)c32)cc1', 'CCCCOc1ccc(C2CC(=O)Nc3nc(C)[nH]c(=O)c32)cc1', 'COc1ccc(CC2C(=O)Nc3ccccc32)cc1Cl', 'COc1ccc(C2CC(=O)Oc3c2c(=O)oc2ccccc32)cc1', 'COc1ccc(C2CC(=O)Oc3c2c(=O)[nH]c2ccccc32)cc1', 'CCCn1c(C2CC(=O)N(C3CC3)C2)nc2ccccc21', 'Oc1cccc(C2NCCc3c(F)cc(O)cc32)c1', 'CCc1ccc(NC(=O)C2CC(=O)Nc3ncnn32)cc1', 'Cc1ccc(CCNC(=O)C2CC(=O)Nc3ccc(F)cc32)o1']"
4094,1e-04,1.0,0.0,['N#Cc1cnn2cc(-c3cc(NC4CCCC4)nc4[nH]ccc34)cnc12']
4095,1e-04,0.0,0.0,[]
4096,1e-04,0.0,0.0,[]
4097,1e-04,0.0,0.0,[]
4098,0.001,0.6380395,0.34761616587638855,"['CCc1nc(CNCCc2cscn2)cs1', 'N#Cc1ccsc1C(=O)Nc1cc(Cl)cc(Cl)c1O', 'O=C(Nc1nnc(-c2ccsc2)o1)c1cnc2ccccc2n1', 'CC1COCCN1C(=O)c1sccc1Br', 'O=C(Nc1nccs1)c1cc(-c2cccs2)on1', 'COc1ccsc1C(=O)N1CCOCC1CC(C)C', 'COc1ccc(-c2csc(CO)n2)cc1Br', 'O=C(COC(=O)c1ccsc1)NCc1ccccc1F', 'COc1ccccc1-c1csc(C(C)CCO)n1', 'COc1ccc(C(=O)Nc2cnoc2)cc1Br']"
4099,1e-04,0.0,0.0,[]
4100,1e-04,0.0,0.0,[]
4101,1e-04,0.0,0.0,[]
4102,0.0124,0.3088688,0.6533052921295166,"['COc1cc(C(C)Nc2ncnc3oc(C)c(C)c23)ccc1F', 'O=C(Cc1noc2ccccc12)Nc1nc(-c2ccco2)cs1', 'CCn1ncnc1C(NC(=O)c1oc2ccc(C)cc2c1C)C1CC1', 'COc1c(C)cnc(CNC(=O)c2cnc3onc(C)c3c2)c1C', 'OCCC1(Nc2ncnc3c2oc2ccccc23)CCC1', 'CCN(CC)C(=O)CCC(=O)Nc1ccc2oc(C)nc2c1', 'CC1(C)CN(Cc2nc3c(oc4ccccc43)c(=O)[nH]2)CCO1', 'O=C(CCOc1ccccc1F)Nc1ccc2oc(=O)[nH]c2c1', 'Cc1nnc(CN2CCN(c3oc(C4CC4)nc3C#N)CC2)n1C', 'Cc1cc(NC(=O)Cc2noc3c(N)cc(F)cc23)no1']"
4103,0.0005,0.33833998,0.9296779632568359,"['Cc1ccccc1CN1CC2CC(C(=O)N(C)C)C(C1)O2', 'CC12CN(C(=O)C3CCCC3)CC1NC(=O)c1ccccc1C2=O', 'CC1CC2(CCCCC2)N2C(=O)C(=O)c3cccc1c32', 'Cc1ccc(CN2CC3CC(C(=O)NCC(C)C)C(C2)O3)cc1', 'CCOC(=O)C12CCC(=O)N1c1ccccc1C(=O)N2C']"
4104,1e-04,0.0,0.0,[]
4105,1e-04,0.0,0.0,[]
4106,1e-04,0.0,0.0,[]
4107,1e-04,0.0,0.0,[]
4108,1e-04,0.0,0.0,[]
4109,0.0098,0.45218414,0.5433175563812256,"['CC(=O)OCCCn1c(C)nc2cc(Cl)ccc21', 'CC(=O)OCCc1sc(=O)n(Cc2cnc(C)nc2N)c1C', 'CC(=O)OC1CC2CCC1N(Cc1ccccc1)C2=O', 'CC(=O)Oc1cc2oc(=O)cc(C)c2cc1C(=O)c1ccccc1', 'CC(C)COCC(C)NC(=O)c1cccc(-c2ccoc2)c1', 'CC(C)COc1ccc(C(C)O)cc1OCC(C)C', 'CC(=O)Oc1cccc(C(=O)Nc2cccnc2)c1', 'CCC(C)Oc1cc(C(=O)Nc2cccn(C)c2=O)ccn1', 'Cc1cc(OCCNC(=O)C(C)(C)C)ccc1N', 'CC1(C)OCC2(CO1)CN(C(=O)c1cnccn1)C2']"
4110,1e-04,0.0,0.0,[]
4111,1e-04,0.0,0.0,[]
4112,1e-04,0.0,0.0,[]
4113,0.0029,0.41192606,0.6883718371391296,"['CCS(=O)(=O)c1ccccc1C(=O)Nc1ncnc2sccc12', 'CCS(=O)(=O)c1ccc(CC(=O)Nc2ccccc2Cl)cc1', 'CCS(=O)(=O)c1ccccc1NC(=O)Cc1ccccc1Cl', 'CCS(=O)(=O)N1CCCC2(COCCN(c3cnccn3)C2)C1', 'CCS(=O)(=O)N1CCC2(CC1)CN(c1cccc(F)c1)C2=O', 'CCS(=O)(=O)c1ccccc1Oc1cccc(N)c1', 'CCS(=O)(=O)c1ccc(S(=O)(=O)N=c2[nH]cc(C)s2)cc1', 'CCS(=O)(=O)N1CCCn2nnc(Cn3cccc3)c2C1', 'CCS(=O)(=O)NC1(c2ccc(F)cc2)CCCC1', 'CCS(=O)(=O)N(C)Cc1ccc(OC(F)(F)F)cc1']"
4114,1e-04,0.0,0.0,[]
4115,1e-04,0.0,0.0,[]
4116,0.0005,0.41178447,0.6636791229248047,"['COc1cc(OC)c2nc3n(c(=O)c2c1)CCCCC3', 'COc1ccc2nc3c(nc2c1)C(=O)c1ccccc1-3', 'Cc1c(C(=O)NCC2CCCO2)sc2nc3n(c(=O)c12)CCC3', 'N#Cc1c(=O)c2c(=O)oc3ccccc3c2n2nc3n(c12)CCCCC3', 'C=CCc1c(OCC(=O)NC2CC2)ccc2nc3n(c(=O)c12)CCC3']"
4117,1e-04,0.0,0.0,[]
4118,1e-04,1.0,0.0,['CCCc1cnc(C)nc1NC1CCN(c2cc(=O)[nH]c(N)n2)CC1']
4119,0.004,0.29115897,0.8267762660980225,"['CCC(=O)c1ccc2c(c1)N(CC(=O)OC)C(=O)C(C(C)C)O2', 'COc1cc(CO)cc2c1OC(C(C)C)C(=O)N2CC(C)C', 'Cc1nn(-c2ccccc2)c2c1C(NS(C)(=O)=O)CC(C)(C)C2', 'CCCCc1ccc2c(c1)S(=O)(=O)N=C(NCC(C)O)N2', 'CCc1nc2n(n1)CCCC2NS(=O)(=O)CCCOC', 'CCOc1cc2c(cc1NC(=O)CCCC(=O)N(C)C)OC(C)C2', 'Cc1nc(N2CCOCC2)nc2c1CCN(C(=O)CC(C)(C)C)CC2', 'CCOC(=O)c1c(N)oc2c1CN(C(C)=O)CC2', 'CCc1nc2n(n1)CCCC2NC(=O)N(CC)CC(C)CC', 'Cc1cccc2c1N(C(=O)CNC(=O)C(C)(C)C)CCC2']"
4120,0.002,0.34381008,0.599435567855835,"['N#Cc1ccc(-c2noc(-c3cccc4ccccc34)n2)nc1', 'N#Cc1ccc(-c2noc(C3CC3c3cccc4ccccc34)n2)nc1', 'N#Cc1cccc(-n2c(N)nc3cc(Cl)ccc32)c1', 'N#Cc1c(-c2cccnc2)nc2sc(-c3ccccc3F)nn12', 'N#Cc1cc(-c2ccco2)n(-c2cccc3cccnc23)n1', 'N#Cc1ccc(-n2cnc3ccc(F)c(F)c32)cc1', 'N#Cc1cccc(-n2c(C#N)nc3ccc(F)c(F)c32)c1', 'N#Cc1ccc(-c2noc(-c3cc4cc(Cl)ccc4o3)n2)nc1', 'N#Cc1nc2cc(F)ccc2n1-c1cccc(F)c1', 'N#Cc1nnn(-c2ccccc2)c1-c1ccccc1F']"
4121,1e-04,0.0,0.0,[]
4122,1e-04,0.0,0.0,[]
4123,0.0451,0.4546309,0.4007052481174469,"['Fc1c(Cl)ccc2c1C(c1nccs1)NCC2', 'COc1cc(OC)cc(OCCSc2ccc(N)cc2)c1', 'COc1cc(C)ccc1OCCSc1ccc(N)cc1', 'CC(C)C(=O)Nc1nc(-c2ccc(N)cc2)cs1', 'Cn1cccc1C(=O)N1CCCC2(CCN(c3ccsc3)C2=O)C1', 'Cc1ccc(-n2nnnc2-c2cccc(N)c2)cc1', 'CCCCSc1nc(N)cc(N2CCC3(CN(C)C(=O)O3)C2)n1', 'CN(C)C(=O)c1cc(Nc2cccc(N)c2)ccn1', 'O=C(c1cccnc1)N1CCC2(CC(Nc3ncc(F)cn3)CO2)C1', 'Cc1ccsc1CN(C)C(=O)C1CCCN(c2cnccn2)C1']"
4124,1e-04,0.0,0.0,[]
4125,1e-04,1.0,0.0,['CC12CN(C(=O)C3CCCC3)CC1NC(=O)c1ccccc1C2=O']
4126,0.4467,0.16595349,0.7642242908477783,"['CCCn1c(C)nnc1SCC(=O)Nc1ccc(C)c(F)c1', 'Cc1ccc(-n2nnnc2SCC(=O)NC(C)C(C)C)c(C)c1', 'CCCn1c(C)nnc1SCCC(=O)Nc1ccc(F)cc1', 'COc1ccc(-n2nnnc2SCC(=O)NC2CCCCC2)cc1', 'Cn1c(SCC(=O)Nc2ccc(Cl)cc2)nnc1-c1ccco1', 'Cc1ccc(NC(=O)CSc2nnc(-c3ccco3)n2C)cc1C', 'Cc1cc(C)c(C#N)c(SCC(=O)N2CCc3ccccc3C2)n1', 'Cc1occc1-c1nnc(SCC(=O)NCCC(C)(C)C)n1N', 'CCc1nnc(SCC(=O)Nc2ccc(Cl)cc2Cl)o1', 'Cc1csc(SC(C)C(=O)NCCc2ccccc2C)n1']"
4127,0.0004,0.48761216,0.8390194773674011,"['CS(=O)(=O)NCCNC(=O)c1c2c(nc3ccccc13)CCC2', 'CNC(=O)COC(=O)c1c2c(nc3ccccc13)CCCCC2', 'Cc1cc(C)c(NC(=O)Cn2cc3c(n2)CCC(C)C3)c(C)c1', 'CCNC(=O)c1cccc(NC(=O)c2cc(C)nc3ccccc23)c1']"
4128,1e-04,1.0,0.0,['COc1cc(N2CCC3(CC2)NC(=O)CC3c2cnn(C)c2)ncn1']
4129,1e-04,0.0,0.0,[]
4130,0.017,0.34170637,0.7158516645431519,"['NC(=O)c1cnc(NCc2ccc(Cl)cc2Cl)c(Cl)c1', 'O=S(=O)(c1ccc(Cl)c(Cl)c1Cl)N(CCO)CCO', 'Cc1nnsc1NC(=O)OCc1ccc(Cl)cc1Cl', 'O=C(NCCc1cc(Cl)cc(Cl)c1)N(CCO)C1CC1', 'Cc1cc(=O)c(CO)cn1-c1cc(Cl)cc(Cl)c1', 'O=C(Cn1cnnn1)Nc1cc(-c2cc(Cl)cc(Cl)c2)[nH]n1', 'O=C(Nc1nncs1)c1cc(F)c(Cl)cc1Cl', 'Nc1c(Cl)cc(NC(=O)c2cnn3cccnc23)cc1Cl', 'Cn1ccnc1NCc1ccc(Cl)c(Cl)c1', 'Cc1nn(C)c(Nc2cc(Cl)cc(Cl)c2)c1N']"
4131,0.0023,0.33417663,0.7339820861816406,"['COc1cc2nc(C)c(C)c(Cl)c2cc1OC', 'COc1cc2nc3c(c(N)c2cc1OC)CCCC3', 'COc1cc2ccncc2cc1OCC(=O)Nc1ccc(F)c(F)c1', 'COc1cc2cc(CC#N)c(N(C)C)nc2cc1Cl', 'Cc1cc2oc(=O)cc(C)c2cc1NC(=O)C(O)Cc1ccccc1', 'COC(=O)COc1cc2c(Cl)c(C#N)cnc2cc1OC', 'COc1cc2ncn(-c3cccc(N)c3)c2cc1OC', 'Cc1nc2cc(Cl)ccc2cc1C(=O)NC(C)C', 'CC(=O)Oc1cc2oc(=O)cc(C)c2cc1C(=O)c1ccccc1', 'COCCNc1nc2nonc2nc1N(C)Cc1ccncc1C']"
4132,1e-04,0.0,0.0,[]
4133,0.0011,0.5631519,0.48689138889312744,"['CC(C)=CC1C(C(=O)Nc2cccnc2-n2ccnc2C)C1(C)C', 'CC(C)C1(O)CN(C(=O)Cc2cscn2)CC1C', 'COc1ccc(S(=O)(=O)N2CC(OC)C3COCC32)cc1', 'O=C(c1cccs1)N1CC(OCC2CCOCC2)C2COCC21', 'Cn1cc(C(=O)N2CCC(Oc3ccccn3)C3OCCC32)cn1', 'COCCN1C(C)CN(C(=O)c2scnc2C2CC2)CC1C', 'CCN(CC)C(=O)NC1C(NC(=O)N(CC)CC)N(C)C(=O)N1C', 'C=CCN1C(=O)COC2CN(C(=O)c3cscn3)CC21', 'Cc1cnc(C(=O)N2CCOC3C(Oc4ccccn4)CCC32)cn1', 'NC(=O)C1CN(Cc2c3ccccc3cc3ccccc23)CCO1']"
4134,1e-04,0.0,0.0,[]
4135,0.001,0.385446,0.8300460577011108,"['Cc1c(C(=O)NCC2CCCO2)sc2nc3n(c(=O)c12)CCC3', 'Cc1c(C(=O)NCc2ccc(F)cc2)sc2nc(C)n(C)c(=O)c12', 'Cc1c(C(=O)NCCCC(N)=O)sc2nc(C(F)(F)F)ccc12', 'Cc1c(C(N)=O)sc2nc(-c3cc4ccccc4o3)[nH]c(=O)c12', 'Cc1c(C(=O)N(C)CCOCC2CC2)sc2ccc(F)cc12', 'C=CCc1c(OCC(=O)NC2CC2)ccc2nc3n(c(=O)c12)CCC3', 'COc1c(C(=O)N2CCOCC2C)sc(C)c1Br', 'Cc1c(C(=O)N2CCN(C)CC2)nnc2nc(C(F)(F)F)nn12', 'COC(=O)c1c(NC(=O)C(C)C)sc2c1C(C(=O)OC)CC2', 'Cc1nc(NC(=O)c2ccnn2C)sc1C(=O)N(C)C']"
4136,1e-04,0.0,0.0,[]
4137,1e-04,0.0,0.0,[]
4138,0.0005,0.57630086,0.342889666557312,"['CCn1nc(C)c2nc(C)nc(Nc3cccc(C(N)=O)c3)c21', 'COc1nn(C)c2nc(C)c(CCc3nc(C4CC4)no3)c(C)c12', 'Cc1cc(=O)oc2c1c(C)nn2-c1ccc(C(N)=O)cc1', 'CCc1nn(C)c2[nH]nc(NC(=O)COc3ccc(C)cc3OC)c12', 'Cc1nn(C)c2nc(N3CCCC3c3nc(C(C)C)no3)sc12']"
4139,0.0057,0.25528786,0.8950082063674927,"['CC1(C(=O)NCc2cccs2)CC1(Cl)Cl', 'CC1(C(=O)NCCSc2cn[nH]n2)CCCCO1', 'CC1(C(=O)NCc2cccc(Cl)c2)CC1(Cl)Cl', 'COc1ccc(C2(C(=O)NC(C)C(=O)N3CCCC3)CCCC2)cc1', 'CC1(C(=O)Nc2cccc(C(=O)NCC(N)=O)c2)CC1(Cl)Cl', 'CC1(C(=O)Nc2ccc3c(c2)CC(=O)N3)CC1(Cl)Cl', 'COCC1(C(=O)N2CCC(C#N)(c3ccccc3)CC2)CCC1', 'N#CC1(C(=O)N2CCC(C(N)=O)CC2)CCCCC1', 'CCNC(=O)NC1(C(=O)Nc2nccs2)CCCC1', 'COc1ccc(C2(C(=O)Nc3ccc(Cn4cncn4)cc3)CC2)cc1']"
4140,1e-04,0.0,0.0,[]
4141,0.0099,0.24362643,0.7607720494270325,"['COC(=O)C(c1ccc(Cl)cc1)c1nc(OC)cc(OC)n1', 'OC(c1ccc(F)cc1)(c1cncnc1)c1ccccc1Cl', 'CC(O)(c1ccccc1)c1nc(-c2ccccc2)nn1-c1ccccn1', 'CC(C(=O)c1ccc(Br)cc1)N1CCCOCC1', 'C#CCN(Cc1ccc(F)cc1)S(=O)(=O)c1ccc(C(N)=O)cc1', 'CCOC(=O)C(c1ccc(OC)cc1)n1nnc2ccccc21', 'CCOCCCN(c1ccc(C#N)cc1)S(C)(=O)=O', 'CCC(c1ccccc1)c1nc(C)c(CCO)s1', 'O=C(NCC(c1ccc(F)cc1)N1CCOCC1)c1cnccn1', 'O=S(=O)(Oc1cccc(F)c1)c1ccc(F)cc1']"
4142,1e-04,0.0,0.0,[]
4143,0.028,0.26239982,0.5667648315429688,"['O=C(NCCCOCc1ccccc1)C1COc2ccccc2C1', 'O=C(c1nc2ccccn2c1CN1CCCOCC1)N1CCOCC1', 'O=C(NCCCOCc1ccco1)c1n[nH]c2ccccc12', 'Nc1cc2c(cc1SCc1ccccc1)NC(=O)C2', 'COC(=O)c1oc2ccccc2c1CSc1nnnn1C(C)(C)C', 'Cc1noc(-c2cccnc2N2CCCC(c3nc(C)no3)C2)n1', 'COc1ccccc1OC(=O)C1Cc2ccccc2S1', 'CCOC(=O)c1sc2c(c1NC(C)=O)CCC2', 'O=C(NCC1Cn2ccnc2CO1)c1ccc(C(F)(F)F)cc1', 'O=C(CCCOc1cccc(Br)c1)NCC(F)(F)F']"
4144,0.002,0.26607436,0.7929227948188782,"['CC(=O)N1C=Cc2ccccc2C1CC(=O)Nc1ccc(C(N)=O)cc1', 'O=C1Nc2cc(O)ccc2OC1Cc1ccccc1C(F)(F)F', 'CCOC1CCN(C(=O)C2CC=CC2)C1Cc1ccccc1', 'CS(=O)(=O)N1Cc2ccccc2CC1C(=O)N1CCCCCC1', 'CCCC1CN(Cc2cnc(N3CCOCC3)nc2)CC1NC(C)=O', 'CC1CC(=O)Nc2ccccc2N1C(=O)CN(C)C(=O)OC(C)(C)C', 'CCC(=O)N1CC(=O)Nc2ccc(F)cc2C1c1ccccc1', 'O=S1(=O)c2ccccc2C(O)C(Cc2cccnc2)N1CCO', 'CC=CCC(=O)N1CC(F)CC1CNC(=O)CC1CCCC1', 'COC(=O)c1oc2ccccc2c1CSc1nnnn1C(C)(C)C']"
4145,0.012,0.3696914,0.6810803413391113,"['COC(=O)CCc1cc(F)cc2c(C)cc(C)nc12', 'COC(=O)CCc1cc(C)c2c(OC)ccc(OC)c2n1', 'CCOC(=O)COc1ccc(CO)cc1Br', 'COC(=O)Cc1ccc2cc(Br)ccc2n1', 'COC(=O)CCn1nc(C)c(CN2CCOCC2C2CC2)c1C', 'COC(=O)CCC(=O)Oc1ccc(C(C)=O)cc1', 'COC(=O)Cc1ccccc1CN(C)c1c(C)noc1C', 'CCOC(=O)CNc1nnnn1C1OC(CO)C(O)C1O', 'COC(=O)CCSc1cc(C)nc2c(OC)cccc12', 'COC(=O)CCc1cc(C)nc2ccc(OC)cc12']"
4146,1e-04,1.0,0.0,['COc1cccc(S(=O)(=O)CCSc2nncn2C)c1']
4147,1e-04,0.0,0.0,[]
4148,1e-04,0.0,0.0,[]
4149,0.0381,0.2705408,0.7017362713813782,"['O=C(COc1cccc2cccnc12)N(CCO)CCO', 'O=S(=O)(c1ccc(Cl)c(Cl)c1Cl)N(CCO)CCO', 'O=C(NC(CO)CO)c1cc2cccc(Cl)c2o1', 'O=C(c1ccc(-c2ccccc2)o1)N(CCO)CCO', 'O=C(NC(CO)CO)c1cc(CN2CCOCC2)on1', 'Cc1ccc(S(=O)(=O)N(CC(C)O)C(C)(C)CO)s1', 'O=c1c(Cc2ccc(Cl)cc2)nn2cnnc2n1CCO', 'CC(C)Cc1ccc(C2(CCCO)OCCO2)cc1', 'Cc1nnc(SCCCO)n1Cc1ccccc1', 'O=c1c2ccccc2n(CCO)c(=O)n1C1CCCCC1']"
4150,1e-04,0.0,0.0,[]
4151,1e-04,0.0,0.0,[]
4152,0.0167,0.39744142,0.5883408188819885,"['Cc1ccc(C(C)Nc2c(N)cccc2Cl)o1', 'Cc1ccc(CNC(=O)c2cnc3[nH]ccc3c2)o1', 'Cc1ccc(CSc2nnc(N)n2C(C)C)o1', 'Cc1ccc(CCC(=O)NCc2csc(=O)[nH]2)o1', 'Cc1ccc(COC(=O)Nc2c(C)cccc2C)o1', 'Cc1ccc(CN(C)C(=O)c2ccc3cc[nH]c3c2)o1', 'Cc1ccc(C(=O)NCCNc2ncccc2C(F)(F)F)o1', 'Cc1ccc(CNc2cccc(Br)c2)o1', 'Cc1ccc(-c2n[nH]cc2CN(C)CC(F)F)o1', 'Cc1ccc(CN(Cc2nnc(C(C)C)o2)c2ccc(F)cc2)o1']"
4153,1e-04,0.0,0.0,[]
4154,1e-04,0.0,0.0,[]
4155,1e-04,0.0,0.0,[]
4156,1e-04,0.0,0.0,[]
4157,0.0059,0.3415057,0.6270594596862793,"['CN1C(=O)OC(C)(CC(C)(C)c2ccccc2)C1(C)O', 'CC(=O)N1CC(C)(C)c2cc(S(=O)(=O)NCc3ccco3)ccc21', 'COC(=O)NCC(=O)OC1CCC(C(C)(C)C)CC1', 'CC1CN(Cc2nc3ccccc3c(=O)n2CC#N)CC(C)(C)O1', 'Cc1nc(C(C)C)sc1C(=O)N1CC(C)(C)C(C)(O)C1', 'Cc1cc(=O)c2ccccc2n1CC(=O)N1CCC(C)(O)C(C)C1', 'Cc1cc2c(o1)CC(C)(C)CC2NC(=O)CCNc1ncccn1', 'CN1C(=O)C(C)(C)c2cc(-c3nccnc3C#N)ccc21', 'CN(CC(=O)NC1CCC(C)(C)c2ccccc21)C(=O)OC(C)(C)C', 'CSc1c2c(oc(=O)c1C#N)CC(C)(C)CC2=O']"
4158,1e-04,0.0,0.0,[]
4159,0.3422,0.058264744,0.8837056159973145,"['COCC(=O)NC1CCC2(C)CCC3C(C)C(=O)OC3C2C1C', 'CC1=CC(C)C2(CO)COC(c3ccco3)C1C2C', 'CC12CCC(C(=O)Nc3ccc4c(c3)OCO4)(CC1O)C2(C)C', 'C=CCOC(=O)N1CCC23C=CC(O)CC2Oc2c(O)ccc(c23)C1', 'CCCCOC(=O)C1=C(C)NC2(O)c3ccccc3C(=O)C12O', 'COCCNC(=O)C1C2CCC3(CC(=O)c4ccccc4O3)C21', 'C=C1C2(C(=O)Nc3ccc(NC(C)=O)cc3)CCC(C2)C1(C)C', 'CC(C)=CC1C(C(=O)Nc2cccnc2-n2ccnc2C)C1(C)C', 'COC(=O)C1C(C(=O)N2CCOCC2)C1(C)C(=O)c1ccccc1N', 'CC(C)CN1CC(=O)N2CCc3c([nH]c4ccc(F)cc34)C2(C)C1=O']"
4160,1e-04,0.0,0.0,[]
4161,0.0042,0.24125001,0.8778473138809204,"['COCCCCNc1cc(Br)ccc1OC', 'CCOCCCNc1ncnc2c1nc1n2CCCC1', 'OCCOCCNc1cc(Cl)c2cc[nH]c2n1', 'COCCNC(c1cnn(C)c1)c1nccs1', 'COCCNC(c1nc(C(C)C)cs1)C1CCOC1', 'CCCCCNC(=O)CSc1nc(N)cc(N)n1', 'OCCCNc1ncnc2scc(-c3ccc(F)cc3)c12', 'CCOCCCNC(=O)c1cc(SC)ccc1Cl', 'CCOCCCNC(=O)c1nc(C(C)C)ncc1Cl', 'COCCCNC(=O)NCc1ccc(Cl)cc1Cl']"
4162,0.02,0.3460362,0.6073411703109741,"['Cc1noc(C)c1Cc1nn2c(C3CC3)nnc2s1', 'CCN1CC2(CCC1=O)CCN(c1cc(C3CC3)ncn1)CC2', 'Cc1nnc(SCCNc2cc(C3CC3)ncn2)s1', 'Cc1nnc(CN2CCN(c3oc(C4CC4)nc3C#N)CC2)n1C', 'Cc1cc(CN2CCN(c3oc(C4CC4)nc3C#N)CC2)no1', 'Cc1noc(C)c1S(=O)(=O)NCc1cc(C2CC2)n(C)n1', 'NC(=O)C1CCN(C(=O)CSc2nnc(C3CC3)n2C2CC2)CC1', 'COC(C)C(=O)Nc1ccc2nc(C3CC3)sc2c1', 'CC1CCN(C(=O)c2cc(C3CC3)[nH]n2)c2ccccc21', 'O=C(NC1CCCC1)N1CCC(c2nc(C3CC3)no2)C1']"
4163,1e-04,0.0,0.0,[]
4164,1e-04,0.0,0.0,[]
4165,1e-04,0.0,0.0,[]
4166,0.0007,0.38261792,0.7323954701423645,"['COc1cc(N2CCC3C2CCN3c2ncccn2)ncn1', 'c1cnc(OCC2CCC3C2OCCN3Cc2ccco2)nc1', 'CCCc1nnc(N2CC3CCC(C2)C3OC)o1', 'CCc1cnc(N2CCC3C2CCC(=O)N3c2ccccc2)nc1', 'Cc1nnc(N2CCC3(CC2)OCCCC3O)o1', 'Nc1c(-c2nnc3n2CCCCC3)nnn1-c1ccc(Cl)cc1', 'Cc1nccc(CN2CC3CC(C2)c2cccc(=O)n2C3)n1']"
4167,1e-04,0.0,0.0,[]
4168,1e-04,0.0,0.0,[]
4169,1e-04,0.0,0.0,[]
4170,1e-04,0.0,0.0,[]
4171,0.0008,0.63396156,0.2574441134929657,"['CCc1cc(OC2CNC(C(=O)OC)C2)ncn1', 'COC(=O)C(C)(C)NC(=O)C1CC(=O)N(C(C)C)C1', 'CN(Cc1ccccn1)C1COC2(CCN(Cc3ccncc3)C2)C1', 'CCOC(=O)C1CC2CN(C(=O)OCC)CC2N1', 'CCC1COC2(CCN(c3ccc(C#N)cc3)C2)C1', 'COCC1CN(Cc2cccs2)Cc2cn(C)nc21', 'CCC(C)N(C)C(=O)NC1CCN(C(=O)OC)CC1', 'CC(C)(C)OC(=O)N1CCCC(N2CCOCC2)C1']"
4172,1e-04,0.0,0.0,[]
4173,0.0006,0.3339539,0.8554505109786987,"['CN(C)C1=NC(C(F)(F)F)(C(F)(F)F)N=C(c2cccnc2)O1', 'CC1CCCCC1NC1=NS(=O)(=O)c2ccccc2N1', 'COCCCNC1=NS(=O)(=O)c2ccccc21', 'CCC(CC)c1nnc2n1NC(c1ccccc1)CS2', 'CC(NC1=NS(=O)(=O)c2ccccc21)C(=O)N1CCOCC1', 'CCN1CCN(C2=NC(=O)CC(C(=O)Nc3ccccc3)N2)CC1']"
4174,0.0002,0.5,0.0,"['COC(=O)c1c(NC(=O)C(C)C)sc2c1C(C(=O)OC)CC2', 'COC(=O)c1c(NC(=O)CSc2ccccn2)sc2c1CCC2']"
4175,1e-04,0.0,0.0,[]
4176,1e-04,0.0,0.0,[]
4177,0.0012,0.6899243,0.2151215523481369,"['c1cc2c(cc1OCCCN1CCOCC1C1CC1)OCO2', 'OCc1cc2c(cc1OCc1cccnc1)OCO2', 'Clc1cc2c(cc1Cc1nc(C3CCOC3)no1)OCCO2', 'NC(=O)c1cc2c(cc1-c1cc(NCCO)nc3[nH]ccc13)OCO2', 'CSc1cc2c(cc1NC(=O)C1CC3C=CC1C3)OCCO2', 'CCCc1cc2c(cc1NC(=O)Cn1cc(C(C)C)nn1)OCO2', 'c1cc2c(cc1CN1CCCC(CN3CCOCC3)C1)OCCO2', 'Nc1cc2c(cc1OCC1CCCCO1)OCCO2', 'Cc1cc2c(cc1-c1ncnc(C)c1N)OCCO2', 'Nc1cc2c(cc1Sc1ccccn1)OCCO2']"
4178,1e-04,1.0,0.0,['CNCC1NCCc2cc(Cl)c(OC)c(OC)c21']
4179,1e-04,0.0,0.0,[]
4180,0.0089,0.75783014,0.19673767685890198,"['CSc1ccccc1C(=O)Nc1cccc(C)n1', 'CSc1ncc(Cl)c(C(=O)Nc2cc(C)ccn2)n1', 'CSc1nnc(-c2ccc(Cl)cc2)n1CCO', 'CSc1nc(C)nc(C)c1C(=O)NC(C)CO', 'CSc1nnc(-c2cccnc2)n1Cc1ccco1', 'CSc1cccc(NC(=O)c2cccn2-c2cccnc2)c1', 'CSc1cccc(-n2nnc(CO)c2-c2ccco2)c1', 'CSc1ncccc1C(=O)N(CC1CC1)C(C)C', 'CSc1ccc(C)c(C(=O)Nc2cccn(C)c2=O)c1', 'CSc1ccsc1C(=O)NCC(C)(C)c1ccncc1']"
4181,0.1816,0.44440517,0.44940513372421265,"['O=c1c(-c2ccccc2)c(O)n(O)c2ccccc12', 'CCc1cc(Br)cc2c1OC(C)C(=O)N2', 'COc1ccccc1SCCOc1ccc(S(N)(=O)=O)cc1', 'COc1ccc(Br)cc1C1CCCN1S(C)(=O)=O', 'Cn1cc(COC(=O)c2cccc(S(C)(=O)=O)c2)cn1', 'CCOCc1ccccc1CNc1cn[nH]c(=O)c1Cl', 'CC(C)CC(=O)N1Cc2ccc(C(O)CC(C)C)cc2C1', 'Oc1cccc(C2NCCc3c(F)cc(O)cc32)c1', 'CCNC(=O)N1CCN(c2ccc(C(C)=O)cc2F)CC1', 'O=C(NCCCc1ccccc1)NCC1(O)CCOc2ccccc21']"
4182,1e-04,0.0,0.0,[]
4183,1e-04,0.0,0.0,[]
4184,1e-04,0.0,0.0,[]
4185,1e-04,0.0,0.0,[]
4186,0.0011,0.35542724,0.8097772002220154,"['c1ccc(-c2nc(-c3c[nH]c4ccccc34)cs2)nc1', 'c1cc(-c2n[nH]cc2-c2ccc3nccn3c2)ccn1', 'c1cncc(-c2nnc3sc(-c4c[nH]c5ccccc45)nn23)c1', 'Cc1nc[nH]c1-c1nccn1-c1ccc(-n2cncn2)cc1', 'c1c[nH]c(-c2nccn2-c2ccc3ncsc3c2)n1', 'Cc1cc(=O)[nH]c2ccc(-c3ccc4c(c3)OCO4)cc12', 'c1ccc2c(CCNc3nn4nnnc4c4ccccc34)c[nH]c2c1', 'Fc1cc2c(-c3nnnn3-c3ccccc3)c[nH]c2cc1Cl', 'c1cnc2c(Nc3ncnc4[nH]ncc34)cccc2c1', 'O=c1[nH]ccc2ccc(-n3ncc4cccnc43)cc12']"
4187,0.0217,0.77555525,0.10061945021152496,"['N#Cc1ccccc1NC(=O)CSc1ncn(N)n1', 'N#Cc1ccc(Sc2ncnc3nc[nH]c23)cc1Cl', 'N#Cc1cccnc1NCCNC(=O)C1CCCCC1', 'N#Cc1ccccc1CS(=O)(=O)NCC1CCCC1', 'N#Cc1ccc(Cl)c(NC(=O)C2CCCN2C(=O)C2CCCC2)c1', 'N#CC1CCCC1NCc1ccc(O)c(Cl)c1', 'N#Cc1cccc(Cn2ccnc2Cc2cccc(N)c2)c1', 'N#Cc1ccccc1COc1ccc(C(=O)NCC2CC2)cc1', 'N#Cc1ccccc1CN1CCOc2ccc(F)cc21', 'N#Cc1ccccc1COC(=O)CNC(=O)c1cccs1']"
4188,0.0007,0.5072047,0.45341867208480835,"['Nn1c(SCc2nc3ccccc3[nH]2)nnc1-c1ccc(F)cc1', 'Nn1c(SCC(=O)Nc2c(Cl)cccc2Cl)nncc1=O', 'Nn1c(SCC(=O)N2CCCC2)nnc1-c1ccc(Cl)cc1', 'Nn1c(COc2ccc(F)cc2)nnc1SCCn1cccn1', 'Nn1cnnc1SCC(=O)NCCc1ccccc1', 'Nn1c(CCc2ccccc2)nnc1SCC(=O)NC1CCCC1', 'Nn1c(SCC(=O)NC2CCCC2)nc2ccccc2c1=O']"
4189,1e-04,0.0,0.0,[]
4190,1e-04,0.0,0.0,[]
4191,0.0117,0.2976953,0.6989349722862244,"['CC(C)(C#N)C(=O)NCCOc1ccc2c(c1)CCC2', 'CCCC(C#N)C(=O)N1CCN(C2CCCC2)CC1', 'CC(C)(C#N)C(=O)NC1CCN(c2cccc(F)c2)CC1', 'CC(C)C(C#N)C(=O)Nc1ccc2ncccc2c1', 'CC(C#N)CN(C)Cc1cc2c(cc1Br)OCCO2', 'CCC(C#N)(CC)Cc1cc(OC)c(OC)c(OC)c1', 'CC(C#N)CN(C)C(=O)c1ccc(Br)cc1F', 'CC1CN(C(=O)C2(C#N)CCCCCC2)CCCO1', 'COc1ccc(F)cc1C(C#N)CN1CCOCC1', 'CCN(CC)C(=O)CC(C#N)C(=O)N1CCCC1']"
4192,0.0867,0.39106637,0.5752869248390198,"['COc1cc(C2CC(=O)Nc3nc(N)[nH]c(=O)c32)ccc1O', 'C=CCn1c(NCCc2ccccc2)nc2c1c(=O)n(C)c(=O)n2C', 'C=CCn1c(C)nnc1Sc1nc2c([nH]1)c(=O)n(C)c(=O)n2C', 'CCn1cc(NC(=O)c2ccnc(-n3cncn3)c2)ccc1=O', 'CC(C)(C)NC(=O)c1cc2c(ccc3ccccc32)oc1=O', 'O=C(Nc1cccc(O)c1)c1cccc(C(=O)Nc2cccc(O)c2)c1', 'Cn1nc(C(=O)Nc2nc3cc(F)c(F)cc3s2)ccc1=O', 'Cn1cc(NC(=O)NC(c2nccs2)C2CC2)cc(Cl)c1=O', 'C=CCN(C)C(=O)CC1OC(CNC(=O)c2ccccc2)C(O)C1O', 'Cc1cn(C2(F)OC(CO)C(O)C2(F)F)c(=O)[nH]c1=O']"
4193,1e-04,1.0,0.0,['O=c1oc(-c2ccco2)nn1Cc1cnn(-c2ccccc2)n1']
4194,0.0269,0.3426726,0.557512104511261,"['O=C(NCCc1nnc2ccccn12)NCC(F)(F)F', 'O=C(COc1cccc2cccnc12)N(CCO)CCO', 'CN(Cc1cc(=O)[nH]c2ccccc12)C(=O)Nc1cccc(Cl)c1', 'COC(=O)C(c1c(C)[nH]c2ccccc12)(C(C#N)C#N)C(F)(F)F', 'O=C(NCCc1cccc2ccccc12)N1CCCC(O)C1', 'O=C(NCCc1cn2ccccc2n1)NCc1ccco1', 'CCN(C(=O)c1cc2ccccc2cc1O)C1CC1', 'O=C(NCCc1cn2ccccc2n1)c1ccc(N2CCCC2=O)cc1', 'O=C(CCCc1nc2ccccc2c(=O)[nH]1)NCCC1=CCCCC1', 'O=C(NCc1cnn2ccccc12)c1cccc(Cl)c1']"
4195,0.2043,0.3752728,0.4310227930545807,"['OCCOc1cccc2sc(-c3cccs3)nc12', 'CCc1nc(COC(=O)Cc2csc(CC)n2)cs1', 'Cc1cc(-c2csc(CCN3CCOC3=O)n2)c(C)s1', 'CCc1nc(COC(=O)c2c(C)nsc2NC)cs1', 'CCNc1nc(-c2nnc3scc(C)n23)cs1', 'Cc1csc(Cn2c(=O)sc3ccccc32)n1', 'COCC(C)Nc1nc(-c2cc(C)sc2C)cs1', 'C=CCOC(=O)c1sc(NC(=O)c2snnc2C)nc1C', 'C1=C(c2cccs2)CCN(Cc2ccsc2)C1', 'CCNc1nc(-c2sc(CC)nc2C2CC2)cs1']"
4196,1e-04,0.0,0.0,[]
4197,0.0002,0.5,0.0,"['O=C(CCC(=O)Oc1ccc(Cl)cc1)Nc1nccs1', 'CC(=O)Nc1sc(SCC#N)nc1-c1ccccc1']"
4198,0.002,0.36373538,0.7187889218330383,"['CN(CCC#N)S(=O)(=O)c1cc2c3c(c1)CCN3C(=O)CC2', 'CN1C(=O)C2(OCCCO2)c2cccc(Cl)c21', 'COC1CCC(CC(=O)Oc2cccc(F)c2F)CC1', 'Cc1cc(C(CO)Nc2ccc(Cl)cc2)c(C)s1', 'COc1ccc(C2CC(=O)Oc3c2c(=O)oc2ccccc32)cc1', 'CC(C)CN1C(=O)C2(OCCCO2)c2cc(Cl)ccc21', 'Clc1ccc(-c2noc(C3CCCO3)n2)cc1', 'NC(=O)c1ccc(CN(CC(O)c2cc(F)ccc2F)C2CC2)cc1', 'COc1ccc2c(ccn2CC(=O)OCC2CCCCO2)c1', 'CC1(C)COCCN1CC(O)COc1ccc(C#N)cc1']"
4199,1e-04,0.0,0.0,[]
4200,1e-04,0.0,0.0,[]
4201,1e-04,0.0,0.0,[]
4202,1e-04,0.0,0.0,[]
4203,1e-04,0.0,0.0,[]
4204,1e-04,0.0,0.0,[]
4205,0.0061,0.64245045,0.2869611084461212,"['CC(Oc1ccccc1N)C(=O)Nc1ccccc1F', 'CC(Oc1cccc(Cl)c1Cl)C(=O)N(C)C(C)CC#N', 'CC(Oc1ccc(Cl)cc1)C(=O)N1CCCCC1', 'CC(OC1CCCCCC1)c1nc(-c2ccncc2)no1', 'CC(Oc1cccc(F)c1)C(=O)Nc1nccs1', 'CC(Oc1ccc(C#N)cc1)C(=O)NCC1CCC1', 'CC(OCC1CCCO1)C(=O)NCCC1=CCCCC1', 'CC(Oc1ccc(Cl)cc1Cl)C(=O)Nc1ccncc1', 'CC(OCc1ccccc1)C(=O)Nc1c(O)cccc1F', 'CC(OCC1CCCO1)C(=O)N(Cc1cccc(Cl)c1)C(C)C']"
4206,1e-04,0.0,0.0,[]
4207,1e-04,0.0,0.0,[]
4208,0.0035,0.42927054,0.625170886516571,"['Cc1cc(S(=O)OC(C)C)c2nc(C)ccc2c1', 'Cc1cc(C)c2[nH]c(CNC3CCCNC3=O)cc(=O)c2c1', 'Cc1cc(NC(=O)c2cccnc2C)c2ncccc2c1', 'COc1cc(OC)c2nc(C)n(-c3ccccc3)c2c1', 'COc1cc(C(=O)Nc2ccc(F)c(Cl)c2)c2[nH]ncc2c1', 'Cc1cc(NC(=O)NCc2ccccc2)c2ncccc2c1', 'Fc1cc(CN2CC(n3cccn3)C2)c2ncccc2c1', 'COc1cc(OC)c2nc3n(c(=O)c2c1)CCCCC3', 'Cc1cc(NC(=O)CCCn2cncn2)c2ncccc2c1', 'COc1cc(OC)c2[nH]cc(C(=O)N3CCN(C)CC3)c(=O)c2c1']"
4209,0.0005,0.6180296,0.32746991515159607,"['Cc1ccc2c(c1)c(=O)c(C(=O)Nc1c(C)noc1C)nn2C', 'Cc1ccc2c(c1)c(C(=O)N1CCC3(CCOCC3)CC1)nn2C', 'Cc1ccc2c(c1)c(CNc1nnc(C(C)(C)C)o1)nn2C', 'COc1ccc2c(c1)c(C(=O)Nc1ccn(C)n1)cn2C(C)C', 'Cc1ccc2c(c1)cc(C(=O)NCc1cccnc1)n2C']"
4210,1e-04,0.0,0.0,[]
4211,1e-04,0.0,0.0,[]
4212,0.0008,0.36642116,1.0477796792984009,"['C#Cc1cccc(NC(=O)c2[nH]c(C)c(C(=O)OC)c2CCC)c1', 'Cc1cccc(C)c1NC(=O)c1[nH]c(C)c(C(=O)OC(C)C)c1C', 'CCCc1c(C(=O)N(C)CCOC)[nH]c(C)c1C(C)=O', 'CCc1[nH]c(C(=O)N(CC)CC)c(C)c1C(=O)OC', 'CCc1c(C(=O)Cn2ccnc2-c2cnccn2)[nH]c(C)c1C(C)=O', 'CCCc1c(C(=O)N2CCNC(=O)C2)[nH]c(C)c1C(=O)OC', 'CCCNC(=O)C1CCCN(C(=O)c2[nH]c(C)cc2C)C1', 'Cc1ccc(C(=O)Nc2sc(C)c(C)c2C(N)=O)o1']"
4213,1e-04,0.0,0.0,[]
4214,1e-04,0.0,0.0,[]
4215,1e-04,0.0,0.0,[]
4216,0.0013,0.33715674,0.8820201754570007,"['COc1ccc(C2CC(=O)Oc3c2c(=O)[nH]c2ccccc32)cc1', 'COc1ccc(C2CC(=O)Oc3c2c(=O)oc2ccccc32)cc1', 'Cc1ccc(C(O)C2NCCc3c2ccc(F)c3O)cc1', 'Oc1ccc(CCC2NCCc3c2ccc(F)c3O)cc1', 'Cc1ccc(N2C(=O)Cn3c2nc2c3c(=O)n(C)c(=O)n2C)cc1F', 'Cc1ccc(-n2ncc3c2ncn2nc(C4CCCO4)nc32)cc1', 'Cc1cc(C)nc(-n2ncc3c2ncn2nc(C(C)C)nc32)n1', 'OCCC1(Nc2ncnc3c2oc2ccccc23)CCC1', 'COc1ccc(CCC(=O)NC2CCCc3c2cnn3C)cc1', 'CCc1nnc(NC(=O)Cn2ncc3c2c(C)nn3C)s1']"
4217,1e-04,1.0,0.0,['N#CC1(C(=O)Oc2ccc(Oc3ccccn3)cc2)CCCC1']
4218,0.3187,0.17996976,0.587638795375824,"['O=C(Nc1c[nH]cc(Br)c1=O)c1ccc(F)c(F)c1F', 'Cc1nnnn1-c1cc(NC(=O)NC2CCCCNC2=O)ccc1F', 'O=C(c1cc(CCc2ccccc2)no1)N1CC2CCC1C2', 'O=C(NCc1cscn1)c1cc2c(ccc3ccccc32)[nH]1', 'Cc1cccnc1CNc1nccn(C(C)C)c1=O', 'O=S(=O)(Nc1c(F)cccc1CO)c1cc2ccccc2o1', 'Nc1c(-c2ccncc2)nnn1-c1ccc(F)cc1', 'CCCN1CCn2c(nc3cc(NC(=O)c4cccnc4)ccc32)C1', 'CC1CN(C(=O)CN(CCC#N)CCN2CCOCC2)CC(C)O1', 'CC(OCc1ccccc1)C(=O)Nc1c(O)cccc1F']"
4219,1e-04,0.0,0.0,[]
4220,1e-04,0.0,0.0,[]
4221,1e-04,0.0,0.0,[]
4222,1e-04,0.0,0.0,[]
4223,1e-04,0.0,0.0,[]
4224,0.0044,0.24256477,0.895422637462616,"['CC(C)N1CCN(C(=O)c2cccnc2)C(c2nc3ccccc3[nH]2)C1', 'COCC(=O)N1CC(Nc2ccc(C(F)(F)F)cn2)C(C2CC2)C1', 'CC#CC(=O)N1CC(=O)N(C(C)C)CC(OCc2ccc(F)cc2)C1', 'COCC(=O)N1CC(c2ccccc2)OC(c2ccc(F)cc2)C1', 'OCC1CN(c2ccc(F)cc2)C(c2cccc(O)c2)O1', 'CCOCC1CN(C(=O)Cc2cccs2)Cc2ccnn2C1', 'O=C1CCC(NCc2cccs2)C(c2cc(F)cc(F)c2)N1', 'CC1CN(C(=O)Nc2ccc3c(c2)COC3)CC(c2ccsc2)O1', 'CC1CN(C(=O)c2ncccn2)CC(c2ccccc2)O1', 'OC1=Nc2c(ncn2-c2ccc(F)cc2)C(c2cc(F)ccc2F)C1']"
4225,1e-04,0.0,0.0,[]
4226,0.0377,0.41004163,0.5226864814758301,"['Cc1ccc(Cl)cc1NC(=O)c1snnc1C', 'Cc1ccc(Br)cc1NC(=O)C1CC2CCC1O2', 'Cc1ccc(F)cc1NC(=O)c1snnc1C', 'CCOc1ccccc1NC(=O)c1noc2c1CCCC2', 'Cc1cc(Cl)ccc1NC(=O)COc1ccccc1N', 'CCOc1ccccc1NC(=O)CNC(=O)C1CCCCC1', 'Cc1c(Cl)cccc1NC(=O)c1cnc2sccn2c1=O', 'CCOc1ccccc1NC(=O)c1cc(C)nc2onc(C)c12', 'CCc1ccccc1NC(=O)Cn1c(C)nc2c(N)cccc21', 'CCc1ccccc1NC(=O)CCc1c(C)noc1C']"
4227,1e-04,0.0,0.0,[]
4228,0.0201,0.47915876,0.5552510619163513,"['CC1(Cc2ccc3c(c2)OCO3)CCCN(C(=O)c2cc(N)[nH]n2)C1', 'Cc1cc2c(o1)CC(C)(C)CC2NC(=O)CCNc1ncccn1', 'CC1CN(C(=O)Nc2ccc3c(c2)COC3)CC(c2ccsc2)O1', 'O=C(CCC(=O)c1ccc(F)c(F)c1)NCC1(c2ccccc2)CC1', 'O=C(Nc1ccc2oc(=O)[nH]c2c1)c1cccc(Nc2cnccn2)c1', 'O=C(CCc1ncc(-c2ccccc2)o1)NC1CCOc2ccccc21', 'CCOCCCNC(=O)c1ccc2c(c1)nc(C)n2-c1ccccc1', 'O=C(Cn1c(=O)oc2ccccc21)N1CCCCC1c1ccccn1', 'Cc1c(C(=O)N2CCC3(CCCC3)C2)cnn1-c1ccncc1', 'O=C(c1cc(-c2ccncc2)on1)N1CCC(=Cc2ccccc2)CC1']"
4229,1e-04,0.0,0.0,[]
4230,1e-04,0.0,0.0,[]
4231,1e-04,0.0,0.0,[]
4232,1e-04,0.0,0.0,[]
4233,1e-04,0.0,0.0,[]
4234,0.0006,0.41218337,0.8996548056602478,"['CC1(C)OCC2(COC(c3ccccn3)N2)CO1', 'CC1(C)OCC2(CO1)CN(C(=O)c1cnccn1)C2', 'CC1(C)OC2C(O)CC(NC(=O)OCc3ccccc3)C2O1', 'CCOCC12COCC1CN(C(=O)c1sccc1C)C2', 'COC1COC2(CCN(C(=O)COc3ccccc3C)C2)C1', 'COC1COC2(CCN(C(=O)Cc3ccc(F)cc3C)CC2)C1']"
4235,0.0006,0.24534373,1.3670344352722168,"['COCC(=O)NC1CCC2(C)CCC3C(C)C(=O)OC3C2C1C', 'CC1(C)CC(=O)c2cc(Cc3ccco3)c(=O)[nH]c2C1', 'COCCNC(=O)C1C2CCC3(CC(=O)c4ccccc4O3)C21', 'CCCCOC(=O)C1=C(C)NC2(O)c3ccccc3C(=O)C12O', 'COc1ccc(C(=O)C2C3C(=O)C4OCC(O4)C23)cc1', 'CC1(C)CC(=O)c2cnc3nc(C4CCCCC4)nn3c2C1']"
4236,1e-04,0.0,0.0,[]
4237,1e-04,0.0,0.0,[]
4238,1e-04,0.0,0.0,[]
4239,1e-04,0.0,0.0,[]
4240,0.0011,0.34781405,0.8819018602371216,"['CN1CCOC2CN(c3ccc(Br)cc3C#N)CC21', 'CC1=CCC2CN(c3nc(C)ccc3C(N)=O)CC2C1', 'CCOC1CC2CN(C(=O)c3ccnnc3)CCN2C1', 'O=C1CCC2CN(c3ncccc3Cl)CCC2N1CCCCO', 'CNC(=O)C1CC2CN(Cc3ccc(F)cc3)CC1O2', 'CCN1CCC2(CN(C(=O)c3cncc(C)c3)CC2C)C1=O', 'CN1CCN2CCN(C(=O)CCOc3ccccc3)CC2C1=O', 'CCOC1CC(NC2=NS(=O)(=O)c3ccccc32)C12CCC2', 'CC(=O)N1CCOC2CN(c3ncccn3)CCC2C1', 'O=C1COC2CN(Cc3ccccn3)CC2N1Cc1ccc(F)cc1']"
4241,1e-04,0.0,0.0,[]
4242,1e-04,0.0,0.0,[]
4243,1e-04,0.0,0.0,[]
4244,0.0002,0.5,0.0,"['CC(C)CN1CC(=O)N2CCc3c([nH]c4ccc(F)cc34)C2(C)C1=O', 'CC(C)CN1CC(=O)N2CCc3c([nH]c4ccccc34)C2(C)C1=O']"
4245,1e-04,0.0,0.0,[]
4246,1e-04,0.0,0.0,[]
4247,0.0032,0.5313375,0.4917176067829132,"['CC(C)(NC(=O)c1cc(Cl)c[nH]1)c1cccc(F)c1', 'CC(C)(CNC(=O)CSc1nc2ccccc2o1)N1CCOCC1', 'CC(N)(C(=O)Nc1ccccc1Cl)c1ccccc1', 'CC(C)(C(=O)NCc1ccccc1)c1ccc2c(c1)OCCO2', 'CC(C)(CNC(=O)c1cnccn1)c1ccc2c(c1)OCO2', 'CC(C)(CNC(=O)CNC(=O)NCc1ccccc1)N1CCOCC1', 'CC(C)(NC(=O)CNC(=O)c1ccc(C#N)cc1)c1nccs1', 'CC(O)(CNC(=O)NCCc1cscn1)c1ccccc1Cl', 'CC(C)(CNC(=O)NCCCC1CCCC1)N1CCOCC1', 'CC(C)(CC(=O)C(C#N)c1nnc2n1CCCCC2)c1ccccc1']"
4248,1e-04,0.0,0.0,[]
4249,1e-04,0.0,0.0,[]
4250,0.0219,0.23137225,0.8107014298439026,"['Brc1ccc(N2CCOc3ccccc3C2)nc1', 'Cc1ccc(NC(=O)NCc2noc3ccccc23)nc1', 'Cc1cnc(NCc2ccc(F)c(Cl)c2)nc1', 'CCOC(=O)c1ccc(N2CCN(CCO)CC2)nc1', 'N#Cc1ccc(NC(=O)Cc2ccc(F)c(F)c2)nc1', 'N#Cc1ccc(C(=O)Nc2ccccc2-c2ncc[nH]2)nc1', 'CC(=O)c1ccc(CNc2nccnc2C#N)nc1C', 'Cc1ccc(OCC(=O)Nc2ccc(F)cc2Cl)nc1', 'Cc1ccc(NC(=O)CN(C)C(=O)COc2cc(F)ccc2F)nc1', 'C#CCNC(=O)c1ccc(NCc2cccc(N3CCCC3=O)c2)nc1']"
4251,1e-04,0.0,0.0,[]
4252,1e-04,0.0,0.0,[]
4253,1e-04,0.0,0.0,[]
4254,0.0193,0.3018198,0.6614433526992798,"['COCc1nn2c(C)c(-c3ccc(C)c(C)c3)nc2s1', 'CCOCC(=O)Nc1nc(-c2ccc(C)cc2C)cs1', 'CCCCCCNC(=O)C(N)c1cc(C)ccc1C', 'CCCc1nnc2c3cnn(-c4ccc(C)cc4C)c3ncn12', 'CCOC(C)C(=O)Oc1ccc(C)cc1Br', 'Cc1noc(CCC(=O)Oc2ccc(C)c(C)c2)n1', 'COCC(=O)N1CCN(c2ccc(C)cc2C)C(=O)C1C', 'COCC(C)Nc1nc(-c2cc(C)sc2C)cs1', 'CC(=O)NCCNC(=O)NCCc1cc(C)cc(C)c1', 'CCOC(=O)c1cnn(-c2ccc(C)c(C)c2)c1N']"
4255,0.0003,0.4602325,0.6343359351158142,"['OC1=Nc2c(ncn2-c2ccc(F)cc2)C(c2cc(F)ccc2F)C1', 'CC1CCCCC1NC1=NS(=O)(=O)c2ccccc2N1', 'COC(=O)CC1Nc2cc(Cl)ccc2NC1=O']"
4256,0.0034,0.5000773,0.5508108139038086,"['Oc1ccc(CCCNc2ccc3cn[nH]c3c2)cc1', 'Clc1ccc(Cc2nnc(NCc3cccnc3)o2)cc1', 'Fc1ccc(C(Nn2cncn2)C2CCCCC2)cc1', 'Oc1ccc(CCC2NCCc3c2ccc(F)c3O)cc1', 'Oc1ccc(C=CC2NCCc3cc(O)ccc32)cc1', 'Fc1ccc(Cc2noc(OCc3nnc(C4CC4)o3)n2)cc1', 'Brc1ccc(Oc2cnccn2)cc1', 'Fc1ccc(-c2cnc(NCCCn3ccnc3)nc2)cc1', 'Brc1ccc(NCCOCC2CCOCC2)cc1', 'Fc1ccc(-c2ccnc3nc(C4CCCO4)nn23)cc1']"
4257,1e-04,0.0,0.0,[]
4258,0.0003,0.40528214,0.9120894074440002,"['Nc1ncc(Br)c(Cl)c1Br', 'CCN(CC)c1ncnc2c1c(N)nn2CCO', 'Cc1nc(C(N)c2cncc(Br)c2)sc1C']"
4259,1e-04,1.0,0.0,['c1ccc(C(Nc2ccc3nnnn3n2)c2ccccn2)cc1']
4260,1e-04,0.0,0.0,[]
4261,0.0053,0.26395702,0.7206846475601196,"['COc1ncc(C(F)(F)F)cc1Br', 'COC(=O)CCn1c(=O)cc(C(F)F)c2cn(C(C)C)nc21', 'COC(=O)c1sc2nc(C(F)(F)F)c(C#N)cc2c1N', 'COc1ccc2nc(C(F)(F)Cl)c(C#N)c(N)c2c1', 'Nc1ncc(Br)c(Cl)c1Br', 'O=S(=O)(c1ccc(Oc2cccnc2)cc1)C(F)F', 'COc1ccccc1-c1cc(C(F)F)c2c(C)noc2n1', 'CCOc1nc(N)c(C#N)c(-c2ccc(C(F)(F)F)cc2)c1C#N', 'Cc1cc(C(F)F)n2ncc(C(=O)NCc3ccc(F)cc3)c2n1', 'COc1ncc(C)cc1NC(=O)c1ccc(OCC(F)F)nc1']"
4262,0.0014,0.43467945,0.7235056757926941,"['C=CCNc1ncnc2c1sc1nc(C)c3c(c12)CC(C)(C)OC3', 'OCCC1(Nc2ncnc3c2oc2ccccc23)CCC1', 'Cc1cc2c(nc1C)oc1c(=O)n(Cc3ccc(F)cc3)cnc12', 'Cc1ccc(-n2ncc3c2ncn2nc(C4CCCO4)nc32)cc1', 'CS(=O)(=O)Oc1ccc2c(c1)oc(=O)c1ccccc12', 'Cc1cc(C)nc(-n2ncc3c2ncn2nc(C(C)C)nc32)n1', 'O=c1cc(CNc2ncnc3c2oc2ccccc23)c2ccccc2[nH]1', 'Clc1cccc(-n2ncc3c2ncn2cnnc32)c1', 'Nc1occ2c1nc(C1CC1)n2Cc1ccccc1', 'c1nc2ccc(-c3noc(-c4cn(CC5CCCO5)nn4)n3)cc2[nH]1']"
4263,0.0073,0.25589654,0.7369841933250427,"['CNS(=O)(=O)Cc1ccccc1CNC(=O)c1cc(C(C)=O)c[nH]1', 'COC(=O)c1cc(OC)c(OC)cc1NC(=O)c1cc(C)c(C)s1', 'CN(C)c1ccc(C(F)(F)F)cc1NC(=O)Nc1cn[nH]c1', 'CCN(CC)C(=O)c1ccccc1NC(=O)N(C)C(C)c1ccco1', 'CCC(C)NC(=O)c1ccccc1NC(=O)c1cc[nH]n1', 'CC(C)(C)NC(=O)c1ccccc1NS(=O)(=O)Cc1ccccc1', 'Cc1ccc(F)cc1NC(=O)CCNC(=O)C1CCC(=O)N1', 'CCOc1ccccc1C(=O)N1CCCC1C(=O)Nc1cn[nH]c1', 'CC(C)C(NC(=O)c1ccco1)C(=O)NC(C)C(C)n1cncn1', 'COC(=O)c1cc(C)ccc1NCC(=O)NC(C)c1ccco1']"
4264,0.0044,0.3397818,0.7912838459014893,"['CCC(CO)Nc1ncnc2cc(OC)c(OC)cc12', 'CC(C)CC(C)Nc1ccc(S(C)(=O)=O)cc1N', 'CCC(CC)NS(=O)(=O)c1ccc(F)c(F)c1', 'COCC(C)Nc1nc(-c2cc(C)sc2C)cs1', 'CCC(CC#N)NS(=O)(=O)Cc1ccccc1', 'COCC(C)Nc1ncnc2c1cnn2-c1ccc(C)cc1', 'CCC(CC)NC(=O)c1ccc(-n2cccn2)cc1', 'CCC(=O)Nc1ccc2c(c1)ncn2-c1ccccc1C', 'CCC(=O)Nc1c(C)nn(Cc2ccccc2)c1C', 'CCC(CC)N(CCO)C(=O)Oc1ccccc1']"
4265,1e-04,0.0,0.0,[]
4266,1e-04,0.0,0.0,[]
4267,1e-04,0.0,0.0,[]
4268,1e-04,0.0,0.0,[]
4269,1e-04,0.0,0.0,[]
4270,1e-04,0.0,0.0,[]
4271,0.1103,0.44637412,0.37839874625205994,"['O=C(c1cc[nH]n1)N1CCc2cc(Br)ccc21', 'CC(C)c1n[nH]c(SCC(=O)N(C)c2ccccc2)n1', 'CCOC1CC(NC2=NS(=O)(=O)c3ccccc32)C12CCC2', 'COc1ccc(N)cc1OCCN1CCNC1=O', 'CC(C)c1n[nH]c(SC(C)c2nc3ccccc3c(=O)[nH]2)n1', 'CC(=O)c1[nH]c2c(C)cccc2c1Br', 'Cc1cccc(N)c1NCc1cccc2cc[nH]c12', 'Cc1cc2c(SCCOC(C)C)ncnc2s1', 'Brc1cccc(NCc2ccccn2)c1', 'O=C(c1cc[nH]n1)N1CCC(c2cncc(Oc3ccccc3)n2)CC1']"
4272,0.0022,0.28656894,1.0177136659622192,"['O=C(NCCC1CC2CCC1C2)Nc1cccc(N2CCOC2=O)c1', 'O=C(NC1CC2CCC1O2)c1cccc(OCC(F)F)n1', 'O=C(C1CC2CCC1O2)N1CCC(c2nc3ccccc3o2)CC1', 'O=C(NC1C2CCC(C2)C1CO)c1c[nH]c2ccccc12', 'CN(CC12CC3CC(CC(C3)C1)C2)C(=O)c1ccc(C(N)=O)cn1', 'O=C(NCC1CCC2C1OCCN2c1ncccn1)c1ccco1', 'O=C(NC1CCC2CCCC21)c1ccccc1N1CCOCC1', 'O=C(NC1=CC2N=CC=C2C=C1)c1cc(-n2cccc2)ccc1Cl', 'O=C(NCc1nnc2n1CCC2)Nc1ccc(Cn2cccn2)cc1', 'O=C(CCNC(=O)N1CCn2c1nc1ccccc12)NC1CC1']"
4273,1e-04,0.0,0.0,[]
4274,1e-04,1.0,0.0,['CCOC(=O)C12CCC(=O)N1c1ccccc1C(=O)N2C']
4275,0.005,0.23647259,0.9562210440635681,"['Nc1nc(-c2ccccc2)cc(-c2ccccc2F)n1', 'Cc1nc(C(=O)N2CCCCC2)cc(N2CCCC(C)C2)n1', 'Cc1nc(N2CCN(C(=O)C3CCCC3)CC2)cc(-n2cccn2)n1', 'Nc1nc(COC(=O)C2CC2)nc(Nc2ccccc2)n1', 'CCCc1nc(NCc2cccnc2)cc(OCC)n1', 'Nc1nc(-c2ccccc2)cc(-c2cc(-c3ccccc3)nc(N)n2)n1', 'Cc1nc(C(F)(F)F)nc(N2Cc3cnn(CCO)c3C2)c1C', 'O=c1cc(-c2ccncc2)nc(Nc2ccccc2)[nH]1', 'CN(C)c1nc(Oc2ccc(OCC(N)=O)cc2)nc(N(C)C)n1', 'Cc1cc(N2CCCCC2)nc(NCCNC(=O)c2ccco2)n1']"
4276,1e-04,0.0,0.0,[]
4277,0.0002,0.5,0.0,"['COC(=O)NCC(=O)OC1CCC(C(C)(C)C)CC1', 'O=C(NCC#Cc1ccc(N2CCCCC2=O)cc1)C1CC=CCC1']"
4278,0.0002,0.5,0.0,"['Cc1c(C(=O)N2CC(C)CCCC2C)c(=O)oc2ccccc12', 'Cc1c(-n2cc(Br)ccc2=O)c(=O)[nH]c2ccccc12']"
4279,1e-04,0.0,0.0,[]
4280,1e-04,0.0,0.0,[]
4281,1e-04,1.0,0.0,['Cc1nn(C(=O)c2ccccc2)c2c1C1C(C2)C1(C)C']
4282,1e-04,0.0,0.0,[]
4283,1e-04,0.0,0.0,[]
4284,1e-04,0.0,0.0,[]
4285,1e-04,0.0,0.0,[]
4286,1e-04,0.0,0.0,[]
4287,1e-04,0.0,0.0,[]
4288,0.0046,0.30437753,0.826662540435791,"['Nc1nc2c(cc1C(=O)N1CCc3ccccc31)CCC2', 'Cn1nc2c(c1C(=O)Nc1ccccc1)CCCC2', 'Cn1nc2c(c1NC(=O)c1ccc(Br)c(F)c1)CCC2', 'Cn1nc2c(c1NC(=O)Cc1cccc3ccccc13)CCC2', 'CC(=O)Nc1sc2c(c1C(=O)Nc1cccc(C)c1)CCC2', 'Cn1nc2c(c1NC(=O)c1ccc(OC(F)(F)F)cc1)CCC2', 'Nc1cccc2c1N(C(=O)c1ccccc1)CCC2', 'Cc1cccc2c1C(C(O)Cc1ccccc1)NCC2', 'CCc1cccc2c1N(CC(=O)Nc1nncs1)CC2', 'Cc1cccc2c1N(C(=O)CNC(=O)C(C)(C)C)CCC2']"
4289,1e-04,0.0,0.0,[]
4290,1e-04,0.0,0.0,[]
4291,0.0022,0.43970615,0.6299041509628296,"['Nc1cccn2cc(-c3ccc4c(c3)OCCCO4)nc12', 'CCCC(=O)Nc1nc(-c2ccc3c(c2)NC(=O)C(C)O3)cs1', 'O=C(Nc1ccncc1)c1cnc(-c2ccc3c(c2)OCO3)s1', 'CCCc1nnc2sc(Cc3ccc4c(c3)OCCO4)nn12', 'c1cnc(-c2nc(-c3ccc4c(c3)OCCO4)cs2)cn1', 'CC(C)OC(=O)c1cc(-c2ccc3c(c2)CC(=O)N3)nn1C', 'C=CCNc1nc(-c2ccc3c(c2)CCCC(=O)N3)cs1', 'CC(C)OC(=O)c1cc(-c2ccc3c(c2)CC(=O)N3C)on1', 'CCC(CO)NC(=O)c1coc(COc2ccc3c(c2)OCO3)n1', 'Nc1cccn2cc(-c3ccc4c(c3)OCO4)nc12']"
4292,1e-04,1.0,0.0,['C=CCN1CC2=C(C1=O)C(c1ccc(O)cc1)NC(=O)N2C']
4293,1e-04,0.0,0.0,[]
4294,0.0096,0.26276478,0.7467769384384155,"['CCOC(=O)CC(c1oc(CO)cc(=O)c1O)C(C)C', 'CCn1cc(CN(C)C(=O)c2oc3c(C)c(C)ccc3c2C)cn1', 'O=C(Cc1coc2ccc3ccccc3c12)NC1CCCNC1=O', 'Cc1csc(C(C#N)C(=O)c2oc3ccc(Cl)cc3c2C)n1', 'CCCc1oc(-c2ccc3c(c2)OCO3)cc1CO', 'O=C1CCC(=O)c2oc3ccc(Br)cc3c2N1', 'Nc1ccc2oc(C(=O)N3CCc4ccccc43)cc(=O)c2c1', 'COc1ccc2oc(C)c(C(=O)Nc3ccc(F)c(C#N)c3)c2c1', 'Cc1cc2c(nc1C)oc1c(=O)n(Cc3ccc(F)cc3)cnc12', 'COc1coc(C(=O)Nc2cc(Cl)ccc2Cl)cc1=O']"
4295,1e-04,0.0,0.0,[]
4296,1e-04,0.0,0.0,[]
4297,1e-04,0.0,0.0,[]
4298,1e-04,0.0,0.0,[]
4299,1e-04,0.0,0.0,[]
4300,1e-04,0.0,0.0,[]
4301,1e-04,0.0,0.0,[]
4302,1e-04,0.0,0.0,[]
4303,1e-04,0.0,0.0,[]
4304,1e-04,0.0,0.0,[]
4305,1e-04,0.0,0.0,[]
4306,0.0066,0.73006356,0.31168699264526367,"['CCC(=O)Nc1nc2cc3nc(NC(=O)CC)sc3cc2s1', 'CCC(=O)NC1CCN(c2cccc(CC)c2)CC1', 'CCC(=O)Nc1c(C)nn(Cc2ccccc2)c1C', 'CCC(=O)Nc1cc(S(=O)(=O)N(CC)CC)ccc1O', 'CCC(=O)Nc1cccc(NC(=O)c2snnc2CC)c1', 'CCC(=O)N1CCN(Cc2c(CC)nn(C)c2CC)CC1', 'CCC(=O)N1CCCCC1C(=O)NCCc1ncc(C)s1', 'CCC(=O)Nc1ccc(NC(C)c2ccsc2)cc1', 'CCC(=O)N1CCCC1(C)c1nc(C)cc(C(=O)NC)n1', 'CCC(=O)N1CCC(NC(=O)NCC(C)(C)c2ccncc2)C1']"
4307,0.0013,0.43074143,0.7621023058891296,"['COCCN1C(=O)C2CCC1CN(c1nc(C)nc3ncccc13)C2', 'C=CCOCC12CCCOC1CCN(C(=O)c1ccco1)C2', 'COCC12CCCOC1CCN(C(=O)c1ccoc1C)C2', 'CN(C)C(=O)N1CC2CCC1CN(C(=O)c1cnccn1)C2', 'CCOCC12COCC1CN(C(=O)c1sccc1C)C2', 'CC(=O)OC1CC2CCC1N(Cc1ccccc1)C2=O', 'CS(=O)(=O)NCC12COCC1CN(C(=O)c1cccnc1)C2', 'CC1(C)OCC2(CO1)CN(C(=O)c1cnccn1)C2', 'C=CCOC1C2CCC1N(S(=O)(=O)c1ccccc1)CCO2', 'CS(=O)(=O)N1C2CCC1CN(C(=O)Cc1cccc(F)c1)C2']"
4308,0.1577,0.35601807,0.4069119989871979,"['CC1c2ccc3c(c2CN2CCc4cc5c(cc4C12)OCO5)OCO3', 'Oc1cc(O)c2c(c1)C(c1ccc3[nH]nnc3c1)NCC2', 'c1cc2c(cc1CN1CCCC(CN3CCOCC3)C1)OCCO2', 'c1ccc(Cn2cc3c(n2)C(CNCc2ccncc2)OCC3)nc1', 'COc1cc2c(-c3cncc4cc(O)c(OC)cc34)cncc2cc1O', 'C=CCN1CC2=C(C1=O)C(c1ccc(O)cc1)NC(=O)N2C', 'Nc1cccc2ccnc(C(=O)Nc3cccnc3)c12', 'Nc1cc(Br)cn2c(-c3cccc(F)c3)nnc12', 'Nc1cccc2ccnc(C(=O)NCC3CCCO3)c12', 'Nc1ccc(NC(=O)C23CC4CC(CC(C4)C2)C3)nc1']"
4309,1e-04,0.0,0.0,[]
4310,0.0098,0.3406643,0.5974147319793701,"['N#CC1(NC(=O)C2CC2c2ccc(OCc3ccccc3)cc2)CC1', 'Cc1ccncc1NC(=O)NCc1cccc(OCc2ccccn2)c1', 'Cc1n[nH]c(C)c1NC(=O)NCc1ccc(OCC2CCCO2)cc1', 'CC(NC(=O)c1ccc(OCc2nccn2C)cc1)c1ccncc1', 'Cc1nn(Cc2ccc(OCc3ccccn3)cc2)c(=O)c(C#N)c1C', 'N#Cc1ccc(NC(=O)c2ccc(OCC3CCCO3)cc2)cc1', 'CC(C)NC(=O)c1cc(OCc2ccccc2)no1', 'Cc1nnc(NC(=O)c2ccc(SCc3cccnc3)cc2)s1', 'O=c1ncc(-c2ccc(OCc3ccccc3)cc2)c[nH]1', 'N#Cc1c[nH]c2ccc(OCc3ccccc3)cc2c1=O']"
4311,1e-04,0.0,0.0,[]
4312,1e-04,0.0,0.0,[]
4313,1e-04,0.0,0.0,[]
4314,0.0022,0.3907726,0.6501246094703674,"['CN(C)c1nc2nonc2nc1N(C)Cc1cnn(C)c1', 'Cc1cn2c3c(=O)n(C)c(=O)n(C)c3nc2n1C1CCCCC1', 'COCCNc1nc2nonc2nc1N(C)Cc1ccncc1C', 'CCCc1nc2cc(OC)c(OC)cc2n1CCO', 'O=c1c2cnc3ccnn3c2ccn1CCC1=CCCCC1', 'O=c1c2nnc3c(-c4ccccc4)cnn3c2ncn1C1CC1', 'N#CCc1nc2cc(N)ccc2n1-c1cccc(F)c1', 'CCCn1nc(-c2ccncc2)nc1Cn1cnc2ccccc2c1=O', 'CCc1nc2ccccc2n1C1CCN(C(=O)c2ccoc2)CC1', 'Cc1nc2cc(C(N)=O)ccc2n1-c1ccccc1']"
4315,1e-04,0.0,0.0,[]
4316,0.0006,0.39975083,0.660881757736206,"['CCOc1ccc(F)c(C(=O)OCC(F)(F)F)c1F', 'OC(c1ccccc1)(c1ccccn1)C(F)(F)F', 'COc1ncc(C(F)(F)F)cc1Br', 'O=S(=O)(Oc1cccc(F)c1)c1ccc(F)cc1', 'O=C(CCn1cccc1)Nc1ccc(C(F)(F)F)cc1', 'O=C(NCC(F)(F)F)c1cc(-c2ccc(F)cc2)c[nH]1']"
4317,0.0016,0.44461855,0.4660908579826355,"['Cc1nc(CCNC(=O)c2cc(C(C)C)nc3onc(C)c23)cs1', 'CC(O)CNC(=O)c1cc(C2CC2)nc2onc(CC(C)(C)C)c12', 'CCOc1ccccc1NC(=O)c1cc(C)nc2onc(C)c12', 'Cc1cc(NC(=O)c2cc(C(C)C)nc3onc(C)c23)n(C)n1', 'Cc1ccccc1-n1ccc2c(nnc3nc(C(F)(F)F)nn32)c1=O', 'Cc1cccc(C)c1NC(=O)CNc1ncnc2sc(C)c(C)c12', 'Cc1ccc(-n2ncc3c2ncn2nc(C4CCCO4)nc32)cc1', 'CCC1CCCCN1C(=O)c1cc(C)nc2onc(C)c12', 'COc1ccccc1CNc1c(C#N)cnc2ccccc12', 'CCn1cnnc1C1CCCN(c2ncnc3sc(C)c(C)c23)C1']"
4318,1e-04,0.0,0.0,[]
4319,0.0131,0.38900557,0.623583972454071,"['O=C(NCCc1cn2ccccc2n1)NCc1ccco1', 'C#Cc1cccc(NC(=O)CN(C)C(=O)c2cn3c(C)cccc3n2)c1', 'CCCNC(=O)c1cccc(NC(=O)c2cn3cccnc3n2)c1', 'CC(C)n1ccc(C(=O)NCc2cn3ccccc3n2)n1', 'O=C(NCc1cn2ccsc2n1)c1ccccc1Cl', 'O=C(Nc1ccc2[nH]ccc2c1)c1cn2cc(Cl)ccc2n1', 'CC(C)(C)c1nnc(SCc2cn3ccccc3n2)o1', 'O=C(Cc1cn2ccccc2n1)N1CCCc2ccccc21', 'O=C(Nc1cccc(-c2cn3ccccc3n2)c1)c1ccco1', 'Cn1cc(Br)cc1C(=O)NCCc1cn2ccccc2n1']"
4320,1e-04,0.0,0.0,[]
4321,1e-04,0.0,0.0,[]
4322,0.0246,0.40807924,0.5868783593177795,"['COc1cc(CNC(=O)c2cn3c(n2)CCCC3)cc(OC)c1', 'COc1cc(CC(C#N)C(=O)N2CCOCC2)ccc1O', 'COc1cc(CC2CCCCC2=O)cc(OC)c1OC', 'COc1cc(CCC(=O)Nc2nonc2C)cc(OC)c1', 'COc1cc(CN2CCNc3ccccc32)cc(OC)c1OC', 'COc1cc(C=CC2NCCc3cc(F)ccc32)ccc1O', 'COc1cc(CNc2cc(C)no2)ccc1Cl', 'COc1cc(NC(=O)N2C3CCC2COC3)cc(OC)c1OC', 'COc1cc(CN2CCOC(c3nccs3)C2)cc2c1OCO2', 'COc1cc(C(C)Nc2ncnc3oc(C)c(C)c23)ccc1F']"
4323,1e-04,0.0,0.0,[]
4324,1e-04,0.0,0.0,[]
4325,0.4334,0.2537368,0.708889901638031,"['Cc1csc(=O)n1CC(=O)OCC(=O)NC1(C#N)CCCCC1', 'CC(NS(C)(=O)=O)C(=O)NC(c1ccc(C(C)C)cc1)C(C)C', 'CC(Sc1nnc(CO)n1C1CC1)C(=O)N(C)C1CCCCC1', 'CC(C)C(C)(C#N)NC(=O)COC(=O)CN1CCCCCC1=O', 'CC(NS(=O)(=O)c1cnn(C)c1)C(=O)N1CCCCC1C(C)C', 'CC(NC(=O)c1ccco1)C(=O)N(C)C1(C#N)CCC1', 'Cc1nc(S(=O)(=O)C(C)C(=O)NC2CC2)n(CC(C)C)c1C', 'CC(C)C(NC(=O)c1ccco1)C(=O)NC(C)C(C)n1cncn1', 'CCNC(=O)C(C)NC(=O)NCC(=O)N(CC)CC', 'COC(=O)C(C)(C)NC(=O)C1CC(=O)N(C(C)C)C1']"
4326,0.0163,0.40990278,0.5710705518722534,"['CCc1ccc(S(=O)(=O)N(C)Cc2cscn2)s1', 'CCc1ccc(S(=O)(=O)NCC2CC2)cc1N', 'CCNc1ccc(S(=O)(=O)N(CC)CC(C)C)cn1', 'Cc1cc(S(=O)(=O)NCCc2cnn(C)c2)c(C)s1', 'Cc1cc(S(=O)(=O)N2CCC(C(N)=O)CC2)c(C)s1', 'N#Cc1cc(S(=O)(=O)NCC2CC=CCC2)ccc1Cl', 'CCC(C)n1ncc(S(=O)(=O)NCC2CCCO2)c1N', 'Cc1cc(S(=O)(=O)NCCCn2ccnc2)ccc1F', 'COc1ccc(S(=O)(=O)NCC2CC2C)cc1Br', 'Cc1cc(S(=O)(=O)N2CCCC2CO)ccc1Cl']"
4327,1e-04,0.0,0.0,[]
4328,0.0002,0.5,0.0,"['C=CCC(O)(CC=C)CNC(=O)c1cc(C)nc2cc(C)ccc12', 'CCN(C(=O)C1C(C)(C)C1(C)C)c1ccccc1S(=O)(=O)CC']"
4329,1e-04,0.0,0.0,[]
4330,1e-04,0.0,0.0,[]
4331,1e-04,1.0,0.0,['CCCNc1nc2nc3ccc(C)cn3c(=O)c2cc1C(=O)NC']
4332,0.0011,0.38744447,0.6901798844337463,"['CC(=O)c1ccc(OC(=O)C2CC(=O)N(C)C2c2cccnc2)cc1', 'COc1ccc(C(=O)N2CCNC(=O)C2Cc2ccccc2)cc1F', 'Cc1nc(C)c(C(=O)N2CCNC(=O)C2c2ccccc2Cl)s1', 'Cc1cc(S(=O)(=O)N2CCN=C2c2ccccc2)ccc1F', 'COc1ccc(C2NC(=O)NC=C2c2nc3ccccc3s2)cc1', 'COc1cc(N2CCC3(CC2)NC(=O)CC3c2cnn(C)c2)ncn1', 'COc1ccc(-n2nc(C)c3c2N=C(O)CC3c2ccccc2)nn1', 'Cc1cc(=O)c(C(=O)N2CCn3cccc3C2c2ccccc2)c[nH]1', 'COC(=O)c1ccc(NC(=O)N2CCCC2c2cc(C)on2)cc1', 'Cc1ccc(N2CCN(C(=O)c3ccccc3C)C(C)C2=O)cc1C']"
4333,1e-04,0.0,0.0,[]
4334,0.0258,0.5044362,0.4605090916156769,"['Cc1ccc(CSc2nnc(N)n2C(C)C)o1', 'CCc1cnc(C)nc1N(C)Cc1cc(COC)[nH]n1', 'CCCN1C(=O)Cc2c(C)nc(-c3ccccc3)nc21', 'Cn1cc(Nc2ccc(S(C)(=O)=O)cc2)cn1', 'Cc1ccc(NCc2cnc(C)s2)c(Br)c1', 'CCSc1ccc(-c2nc(C)nc(CN)n2)cc1', 'COc1cc(OC)c2nc(C)n(-c3ccccc3)c2c1', 'COc1ccc2c(Br)cc(C)nc2c1', 'CC(Cc1ccccn1)N(C)C(=O)Cn1cnc2ccccc21', 'Cc1sc2nc(CN3CC(C)OC(C)C3)[nH]c(=O)c2c1C']"
4335,0.0009,0.31731313,1.059098482131958,"['Nc1ncc(Br)c(Cl)c1Br', 'O=C1NCCNC1c1ncccc1Br', 'Brc1ccc(Br)c2nccnc12', 'Cc1ccc(OCCCCO)c(Br)c1', 'Cn1cnnc1Cc1ccc(Br)cc1', 'Cn1cnnc1Cc1cccc(Br)c1', 'COCCCCNc1cc(Br)ccc1OC', 'Brc1ccc(Oc2cnccn2)cc1', 'COc1cc(N)c2ncccc2c1Br']"
4336,0.0012,0.4108837,0.5733561515808105,"['Nc1ccc(Nc2ccc3ncsc3c2)c(N)c1', 'COc1cc(N)c2ncccc2c1Br', 'CC1CN(Cc2ccccc2)c2c(N)cccc2O1', 'CCn1ccc2c(Br)c(N)ccc2c1=O', 'Nc1cc2c(cc1SCc1ccccc1)NC(=O)C2', 'Cc1ccc(N)c(OCC(=O)Nc2ccccc2)c1', 'COc1ccccc1NCCOc1cccc(N)c1', 'COc1ccc(C(=O)Nc2cc(OC)c(OC)cc2N)cc1OC', 'Cc1ccc(N)cc1N(C)S(=O)(=O)c1ccccc1C', 'CC1(C)CN(Cc2ccccc2)c2cc(N)ccc2O1']"
4337,1e-04,1.0,0.0,['NC1C(=O)NCC1c1ccccc1Br']
4338,1e-04,0.0,0.0,[]
4339,1e-04,0.0,0.0,[]
4340,1e-04,0.0,0.0,[]
4341,1e-04,0.0,0.0,[]
4342,0.0047,0.4278227,0.719495415687561,"['CNc1cc(N2CCCC2CNc2ncnc3c2cnn3C)ncn1', 'CCOC(=O)C1CCCN(c2ncnc3c2nnn3C)C1', 'Cc1c(Cl)c(NC(=O)c2cc(C3CC3)nc3c2cnn3C)nn1C', 'COc1cccc(C(=O)Nc2ncnc3c2ncn3CCC(N)=O)c1', 'CC(C)OCCCNC(=O)C1CN(c2ncnc3c2nnn3C)C1', 'COCC(C)Nc1ncnc2c1cnn2-c1ccc(C)cc1', 'COc1ccccc1CNc1ncnc2c1cnn2-c1ccc(C)cc1', 'CN(Cc1ccno1)c1nc(-c2ccncc2)nc2c1cnn2C', 'CCc1nc(Nc2ccc(OC)cc2)c2c(n1)c(C)nn2C', 'CCCn1c(=O)n2c(-c3ccccc3N)nnc2c2c1ncn2C']"
4343,1e-04,0.0,0.0,[]
4344,1e-04,0.0,0.0,[]
4345,1e-04,0.0,0.0,[]
4346,0.0181,0.27601427,0.719164252281189,"['CC1CCC(C)N(C(=O)NC2CCN(S(=O)(=O)C3CC3)CC2)C1', 'CCC1C(=O)NCCN1C(=O)C1CCCN(C(=O)C2CC2)C1', 'CC(=O)Nc1ccc(NC(=O)c2cccc(NC(=O)C3CC3)c2)cc1', 'CCN(Cc1ccccc1Cl)C(=O)C1CCCN1C(=O)C1CC1', 'CC1(C)CN(CC(=O)N2CCN(C(=O)C3CC3)CC2)CCO1', 'COC(=O)c1cc(C)ccc1OC(=O)C1CCCN(C(=O)C2CC2)C1', 'O=C(Cn1cnc2cc(F)c(F)cc21)N1CCN(C(=O)C2CC2)CC1', 'NC(=O)N1CCCC(C(=O)Nc2ccc(NC(=O)C3CC3)cc2)C1', 'Cn1cc(S(=O)(=O)NCc2cccc(NC(=O)C3CCC3)c2)cn1', 'COC(=O)C(C)NC(=O)C1CCCN(C(=O)C2CC2)C1']"
4347,1e-04,1.0,0.0,['CC(C)(C)OC(=O)N1CCCC1COC(F)(F)F']
4348,0.0002,0.5,0.0,"['CCCNC(=O)N1CCC(N2CCN(Cc3ccccc3)C2=O)CC1', 'Cc1ccc(C(=O)CN2CCN(Cc3ccccc3)CC2)cc1']"
4349,1e-04,0.0,0.0,[]
4350,1e-04,1.0,0.0,['c1cnc(OCC2CCC3C2OCCN3Cc2ccco2)nc1']
4351,0.0005,0.42003983,0.6383982300758362,"['O=C1C2CC(O)CCN2C(=O)CN1CCCN1CCOCC1', 'CC(=O)NC1=NC(=O)C2=NCN(COCCO)C2=N1', 'O=C(NCCC1=C2C=CC(F)C=C2N=C1)c1ccc2[nH]nnc2c1', 'CCOC(=O)C1C2CCC(=O)C2CN1C(=O)OCc1ccccc1', 'CN1C(=O)C2(OCCCO2)c2cccc(Cl)c21']"
4352,0.0003,0.37723136,1.08507239818573,"['COC(=O)CC(CC(C)C)c1c(C)c(C)cc(C)c1C', 'COC(=O)c1c(C)c(C)c(C)c(C)c1C(=O)OC', 'CCC(=O)N1CCN(Cc2c(C)cc(C)cc2C)CC1']"
4353,1e-04,0.0,0.0,[]
4354,1e-04,1.0,0.0,['Cn1cnc(CNC(=O)c2cnn3c(-c4ccccc4)ccnc23)n1']
4355,1e-04,0.0,0.0,[]
4356,0.003,0.32583326,0.706150233745575,"['CCC(CC)c1nnc2n1NC(c1ccccc1)CS2', 'CC(C)(C)CC1NCCc2c(F)cc(F)c(F)c21', 'CC1CNc2cc(C(=O)CN(C)c3ccccc3)ccc2O1', 'CCCN1CNc2c(c(=O)[nH]c(=O)n2Cc2ccccc2)C1', 'Cc1cccc(NC(=O)C2CNCc3ccc(C)cc32)c1', 'O=C1CNc2cccc(Cl)c2N1CCc1ccccc1', 'C=CCNC(=O)C1CCCN1C1=NS(=O)(=O)c2ccccc21', 'COc1cc(C2NCCc3ccc(F)cc32)ccn1', 'c1ccc(C2CNc3ccccc3N2Cc2cccnc2)cc1', 'CC(=O)N1CCNC(c2cccc(C(=O)N(C)C)c2)C1']"
4357,1e-04,0.0,0.0,[]
4358,0.0007,0.43553892,0.7421213388442993,"['Cc1ccc(NC(=O)c2ccc3c(c2)NC(=O)C(C)S3)cc1F', 'O=C(CCC(=O)c1cccs1)Nc1ccc2c(c1)NC(=O)CS2', 'CC1CCCC(CNC(=O)c2ccc3c(c2)NC(=O)CS3)C1', 'CC(=O)Nc1ccc2c(c1)C(=O)N(C)c1cccnc1S2', 'Nc1ccc2c(c1)N(CCN1CCOCC1)C(=O)CS2', 'Cc1ccc(F)c(NC(=O)c2ccc3c(c2)NC(=O)CO3)c1', 'CCOc1ccc(C(=O)Nc2ccc3c(c2)NC(=O)C(C)(C)O3)cc1']"
4359,0.0071,0.2909615,0.8440709710121155,"['COc1cc(C(C)O)ccc1OCC1CCOCC1', 'Cc1ccc(S(=O)(=O)N(CC(C)O)C(C)(C)CO)s1', 'COCCCOc1c(C(C)O)ccc2ccccc12', 'Cc1nc(C(C)C)sc1C(=O)N1CC(C)(C)C(C)(O)C1', 'CN(C)C(=O)CNC(=O)c1cccc(CCC(C)(C)O)c1', 'CCN(CC(C)(C)O)C(=O)Cc1cccc(Cl)c1', 'COc1ccc(C(=O)N(CC(C)O)CC(C)O)cc1OC', 'CC(C)Nc1ncccc1C(=O)NCC(C)(O)c1ccc(F)cc1', 'CC(C)COc1ccc(C(C)O)cc1OCC(C)C', 'CN(C)c1nc(CNC(=O)c2cccc(CCC(C)(C)O)c2)cs1']"
4360,0.0158,0.26289895,0.6367571949958801,"['COc1ccc(Cc2nc(C)cc(N)n2)c(OC)c1', 'COc1ccc(Nc2nc(=O)cn[nH]2)cc1Cl', 'CCSc1ccc(-c2nc(C)nc(CN)n2)cc1', 'COc1ccc(-c2nc(C)nc(N)n2)cc1NC(C)=O', 'COc1ccc(-c2csc(CO)n2)cc1Br', 'COc1ccc(-c2csc(CC#N)n2)c(OC)c1', 'Cc1cc(OCCc2ncc(C(N)=O)c(N)n2)ccc1Cl', 'CCOc1ccc(NC(=O)c2cnc(C)nc2N)cc1', 'Cc1cccc(OCc2c(C#N)nnn2C(C)C)c1C', 'CCOc1cc(C)c(-c2csc(CC#N)n2)cc1C']"
4361,0.0937,0.39997002,0.5085260272026062,"['CSc1nnc(CSc2nc3ccccc3s2)n1C', 'Cc1nc(CSc2nnc(SCC(N)=O)s2)cs1', 'O=c1cc(CSc2ncccn2)nc2n1CCS2', 'CCSc1nnc(SCC(=O)c2ccccc2)s1', 'Cc1nnc(SCc2cc(=O)n3c(n2)SCC3)s1', 'CSc1nnc(SCC(=O)NC(C)(C)C)s1', 'CCSc1nnc(SC(C)C(=O)N(C)CCC#N)s1', 'CSc1nnc(SC(C)C(=O)N(C)CCC#N)s1', 'CSc1nnc(SC(C)C(=O)NC2CCCCC2)s1', 'CSc1nsc(SCC(=O)N(C)c2ccccc2)n1']"
4362,1e-04,0.0,0.0,[]
4363,1e-04,0.0,0.0,[]
4364,1e-04,0.0,0.0,[]
4365,0.0916,0.38160065,0.5200878381729126,"['COc1ccccc1OCC(=O)N1CCN(C(=O)c2ccoc2)CC1', 'COc1ccccc1CC(=O)N1CCCN(c2ccccc2C#N)CC1', 'COc1cccc(C(=O)N2CCN(c3ccccc3O)CC2)c1F', 'Cc1cc(C(=O)N2CCN(c3nnnn3-c3ccccc3)CC2)no1', 'CC(C)Cc1cc(C(=O)N2CCN(C(=O)c3c[nH]c(=O)[nH]3)CC2)[nH]n1', 'Cc1noc(C)c1CC(=O)N1CCN(Cc2ccc(Cl)cc2)CC1', 'CCOc1ccc(OCC(=O)N2CCN(c3nccn3C)CC2)cc1', 'COc1ccc(C(=O)N2CCN(C(=O)c3ccc(C)cc3)CC2)cc1', 'NC(=O)C1CCN(C(=O)C2CCN(C(=O)c3ccccn3)CC2)CC1', 'Cc1ccoc1C(=O)OCC(=O)N1CCN(c2ccc(F)cc2)CC1']"
4366,0.6634,0.28991953,0.6338797807693481,"['O=C(Nc1cccc(O)c1)c1cccc(C(=O)Nc2cccc(O)c2)c1', 'O=c1ccc2ccc(OCc3cc(F)cc4cccnc34)cc2o1', 'COc1ccc(F)cc1NC(=O)c1cc2cc(F)ccc2o1', 'O=C(Nc1cc(-c2ccco2)ccc1F)c1ccc(-n2ccnn2)cc1', 'CC(=O)c1cccc(NC(=O)c2cc3cc(F)ccc3nc2C)c1', 'O=C(Nc1ccc(CCO)cc1)c1cccc(Oc2ccccn2)c1', 'COc1cc2ccncc2cc1OCC(=O)Nc1ccc(F)c(F)c1', 'O=C(NC(c1ccccc1)c1ccncc1)c1cc2cc(F)ccc2[nH]1', 'COc1ccc2c(C(=O)Nc3cccc4ncccc34)cc(=O)oc2c1', 'O=C(Nc1ccccc1C(=O)Nc1ccc(F)cc1)c1ccsc1']"
4367,1e-04,0.0,0.0,[]
4368,1e-04,0.0,0.0,[]
4369,0.0003,0.5458626,0.3129776418209076,"['Cn1cnnc1Cc1ccc(Br)cc1', 'COC(=O)C(C#N)c1ccc(Br)cc1', 'CCOC(=O)c1ccc(Br)c(OC)c1']"
4370,1e-04,0.0,0.0,[]
4371,0.0004,0.5909121,0.41651812195777893,"['CN(Cc1ccco1)C(=O)CN1C(=O)C(C)(C)c2ccccc21', 'CN1C(=O)OC(C)(CC(C)(C)c2ccccc2)C1(C)O', 'Cc1ccc(C)c(CCN2C(=O)C(C)(C)CS2(=O)=O)c1', 'Cc1ccc2nc(C)c(C(=O)NCC(C)(C)C(N)=O)cc2c1']"
4372,1e-04,0.0,0.0,[]
4373,1e-04,0.0,0.0,[]
4374,0.0103,0.44665757,0.49730274081230164,"['N#CCC1(COC(=O)C2CC2c2ccc(F)cc2)CC1', 'O=C1CN(Cc2c[nH]nc2-c2ccccc2)C2CCCCC2N1', 'O=C1CC(C(=O)Nc2ccccc2)NC(N2CCCCC2)=N1', 'COCCC1(CNC(=O)c2cccc(-c3ccoc3)c2)CC1', 'CCN1CC(CN(C)C(=O)c2ccccn2)Oc2ccccc21', 'N#CCCN(CCC#N)c1ncnc(Sc2ccccc2)c1N', 'CC1=NC(CN(C)c2nncc(-c3cccc4ccccc34)n2)N=C1', 'C=C1C2(C(=O)Nc3ccc(NC(C)=O)cc3)CCC(C2)C1(C)C', 'N#CCCN(CCC#N)C(=O)CN1CCOC(c2nccs2)C1', 'COCCC1(CNC(=O)c2ccc(-n3ccnn3)cc2)CCCC1']"
4375,0.0124,0.38838208,0.6066780090332031,"['COc1cc(C(C)=O)ccc1OCCCC(=O)N1CCOC(C)(C)C1', 'Cc1ccc(C(N)=O)cc1NC(=O)NC(C)c1ccccc1', 'Cc1ccc(C(N)=O)cc1NCCN1CCCc2ccccc21', 'COc1cc(C(C)=O)ccc1OC(=O)COc1ccc(F)cc1', 'COc1cc(C(C)=O)ccc1OC(=O)Cc1cccs1', 'Cc1c(COC(C)C)cccc1NCC(=O)N1CCCC(C(N)=O)C1', 'COc1ccc(C(C)=O)cc1CC(=O)NCc1ccccc1Cl', 'Cc1cc(OC(C)C)ccc1NC(=O)NC(C)CC(O)c1ccco1', 'Cc1ccc(S(C)(=O)=O)cc1C(=O)N1CCC(C(N)=O)CC1', 'COc1ccc(C(N)=O)cc1NCc1nc(-c2ccoc2)no1']"
4376,1e-04,0.0,0.0,[]
4377,1e-04,1.0,0.0,['CCOC(=O)CNc1nnnn1C1OC(CO)C(O)C1O']
4378,1e-04,0.0,0.0,[]
4379,0.0167,0.31862122,0.6826298832893372,"['COc1cccc(OC(C)C(=O)Nc2cc(N)ccc2C)c1', 'COc1ccc(NC(C)C(=O)Nc2ccc3c(c2)OCCCO3)cn1', 'CSc1nnc(SC(C)C(=O)NC2CCCCC2)s1', 'CSc1nnc(SC(C)C(=O)N(C)CCC#N)s1', 'Cc1cc(OC(C)C(=O)N2CCC3(CC2)OCCO3)ccc1C(C)C', 'Cc1ccc(C)c(OC(C)C(=O)NCCCN2CCOCC2)c1', 'Cc1nnc(SC(C)C(=O)NCc2cccs2)n1N', 'CCSc1nnc(SC(C)C(=O)N(C)CCC#N)s1', 'Cc1cc(C(=O)OC(C)C(=O)N(C)c2ccccc2)on1', 'Cc1nnc(SC(C)C(=O)NCc2ccccc2)n1N']"
4380,1e-04,0.0,0.0,[]
4381,1e-04,0.0,0.0,[]
4382,0.0002,0.5,0.0,"['Cc1c(C)c(C)c(S(=O)(=O)N(C)CC(=O)NC2CC2)c(C)c1C', 'Cc1nc2c(c(=O)[nH]1)CN(C(=O)c1ccc3nc(C)c(C)nc3c1)C2']"
4383,0.0028,0.78858894,0.2171071469783783,"['CCN1CCC2(CN(C(=O)c3cncc(C)c3)CC2C)C1=O', 'CCN1CC(c2nc3ccccc3n2CC(=O)OC)CC1=O', 'CCN1CC(c2nc3ccccc3n2Cc2ccccc2F)CC1=O', 'CCN1CCC2(CN(S(=O)(=O)c3ccc(F)cc3)CC2C)C1=O', 'CCN1CCc2c(OCC(=O)NC3CCCCC3)cccc2C1=O', 'CCN1C(=O)Cc2cc(C(=O)N3CCOCC3)ccc21', 'CCN1CC2(CCC1=O)CCN(C(=O)NCc1ccccc1C)CC2', 'CCN1CCN(C(=O)CCC(O)c2ccccc2OC)CC1', 'CCN1CCN(C)C2(CCN(Cc3ccc(C)s3)CC2)C1=O', 'CCN1CCN(C(=O)NC2CCCCC2)c2cccnc21']"
4384,1e-04,0.0,0.0,[]
4385,1e-04,0.0,0.0,[]
4386,0.0018,0.4038472,0.7894701361656189,"['CC(C(=O)N1CCCC1)N(c1cccc(Cl)c1)S(C)(=O)=O', 'CC(C(=O)NC1CC1)N(c1cccc(F)c1)S(C)(=O)=O', 'CCC(C(=O)N1CCOCC1)N(c1ccccc1)S(C)(=O)=O', 'CCOCCCN(c1ccc(C#N)cc1)S(C)(=O)=O', 'COC(=O)CN(c1ccc(OC)cc1)S(C)(=O)=O', 'COC(=O)CN(c1ccc(Br)cc1)S(C)(=O)=O', 'C=CCN(c1ccc(C(=O)N2CCCC2)cc1)S(C)(=O)=O', 'COc1ccc(CN(c2ccncc2)S(C)(=O)=O)cc1', 'O=C(CN(c1ccc(F)cc1)S(=O)(=O)c1ccccc1)NC1CC1', 'CCCCN(Cc1cc2cc(C)ccc2[nH]c1=O)S(C)(=O)=O']"
4387,0.0038,0.29949415,0.6911039352416992,"['Nn1c(CCc2ccccc2)nnc1SCC(=O)NC1CCCC1', 'CC(C(=O)NCc1cccc(F)c1)n1sc2ccccc2c1=O', 'CC(=O)NCC(=O)NCC(=O)Nc1ccccc1Cc1ccccc1', 'CC(=O)c1oc2ccccc2c1NC(=O)C(C)Sc1nnnn1C', 'Cc1c(C)n2c(SCC(=O)NCc3ccccc3)nnc2[nH]c1=O', 'CC(=O)N(Cc1cccnc1)c1nc2cc3c(cc2s1)OCCO3', 'CN(CCc1ccccn1)C(=O)CNc1c(Cl)cccc1C#N', 'C=CCN(CCc1ccccc1)C(=O)Nc1ccc(F)c(C(N)=O)c1', 'CC(=O)N(CCc1ccccc1)CC(=O)Nc1c(C)ccn(C)c1=O', 'CC(C)Cn1nnnc1SCC(=O)Nc1nc2ccccc2s1']"
4388,1e-04,0.0,0.0,[]
4389,1e-04,0.0,0.0,[]
4390,1e-04,1.0,0.0,['COC(=O)C1C2CCC(C2)C1NC(=O)c1ncn(-c2ccccc2)n1']
4391,0.003,0.35085875,0.7688054442405701,"['CCSc1nc(N)c(C#N)c(-c2ccc(C)cc2)c1C#N', 'COc1cc(Cl)c(-c2c(C)oc(N)c2C#N)cc1Cl', 'CCOc1cc(-c2c(C)c(C)nc(N)c2C#N)ccc1O', 'CCOc1ccc(-c2cc(C)[nH]c(=O)c2C#N)cc1', 'CCOc1nc(N)c(C#N)c(-c2ccccc2Cl)c1C#N', 'COc1ccc(-c2c(C)cn(C3CC3)c(=O)c2C#N)cc1O', 'CCCCc1nc(-c2cc(-c3c(C)n[nH]c3C)nc(N)c2C#N)c[nH]1', 'CCOc1nc(N)c(C#N)c(-c2ccc(C(F)(F)F)cc2)c1C#N', 'Cc1cc(CN2CCN(c3oc(C4CC4)nc3C#N)CC2)no1', 'Cc1oc(NC(=O)Cc2nc3ccc(N)cc3o2)c(C#N)c1C']"
4392,1e-04,0.0,0.0,[]
4393,1e-04,0.0,0.0,[]
4394,0.0002,0.5,0.0,"['CN1CC2CCC(CC1=O)N2C(=O)c1cc(=O)[nH]c2ccc(F)cc12', 'CC(C)N(Cc1ccc(C#N)cc1)C(=O)c1c[nH]c2cccc(F)c12']"
4395,0.0042,0.2621845,0.8053866624832153,"['COC(=O)CCC(=O)N(C)c1ccccc1-c1ccccc1', 'CC(=O)c1ccccc1-c1ccc(S(C)(=O)=O)cc1', 'O=C(NCC(O)c1ccoc1)c1ccc(-c2ccccc2)cc1', 'CCOc1ccc(-c2ccc3c(c2)OCO3)cc1C(N)=O', 'CCOCCNC(=O)c1cccc(-c2ccoc2)c1', 'CN(C)C(=O)c1cccc(-c2ccc(C#N)cc2)c1', 'CCCOc1ccccc1-c1ccc(CO)c(=O)n1C', 'CC(C)COCC(C)NC(=O)c1cccc(-c2ccoc2)c1', 'O=C(CNc1ccc(-c2ccccc2)cc1)NCC(=O)N1CCCC1', 'COCC(NC(=O)c1cccc(-c2ccoc2)c1)C(N)=O']"
4396,1e-04,0.0,0.0,[]
4397,0.0017,0.33554038,0.7566651105880737,"['O=C(Cc1csc(-n2cccc2)n1)N1CCn2c1nc1ccccc12', 'O=C(Nc1ncc(Cc2ccccc2F)s1)C1CC2CCC1O2', 'FC1(F)CCN(Cc2ccsc2)CC12CCN(c1cccnc1)C2', 'CN(CCN1CCOCC1)C(=O)C1CC12CCCc1ccccc12', 'O=C(c1cc(CCc2ccccc2)no1)N1CC2CCC1C2', 'O=C(NCc1ccnc(OC2CCOCC2)c1)C1CC2C=CC1C2', 'O=C(NCCO)C1CCCN1C(=O)C12CC3CC(CC(C3)C1)C2', 'O=C(c1c[nH]nc1-c1ccccc1)N1CC2CCCC2(CO)C1', 'O=C(NCCC(=O)N1CCOc2ccccc2C1)C1CC2CCC1C2', 'O=C(COCC1CC2OCCN(Cc3ccco3)C2C1)N1CCCC1']"
4398,1e-04,0.0,0.0,[]
4399,1e-04,0.0,0.0,[]
4400,1e-04,0.0,0.0,[]
4401,0.006,0.3498277,0.6830330491065979,"['COc1ccc(C(C)(CO)Cc2cccs2)cc1OC', 'COCCCC1(CO)CCCN(C(=O)CC2CCCC2)C1', 'CC(C)N(C)c1cccc(NC(=O)NC(C)(CO)C2CC2)c1', 'CN(CC(C)(CO)CO)C(=O)c1ccc2ccc(Cl)cc2n1', 'CC(C)(CO)c1nc(-c2cc(N)ccc2F)cs1', 'CC(C)CNc1nnc(SCC2(CO)COC2)s1', 'CC(C)(C)c1ccc(S(=O)(=O)NCC2(CO)CC2)cc1', 'Cc1ccnc(N(C)CC2(CO)CCOCC2)n1', 'C=CCC1(CO)CCCN(C(=O)CCc2n[nH]c3c2CCCC3)C1', 'CCOc1ccc(S(=O)(=O)NCC2(CO)CC2)cc1']"
4402,1e-04,0.0,0.0,[]
4403,0.0012,0.4781154,0.5481924414634705,"['O=C(CCn1cccc1)Nc1ccc(C(F)(F)F)cc1', 'O=C(CCn1cncn1)Nc1ccccc1Br', 'Fc1ccc(C(Nn2cncn2)C2CCCCC2)cc1', 'CC(C)Cn1nccc1NC(=O)CCC(C)(C)C', 'COC(=O)C(C)(O)Cn1cc(Br)ccc1=O', 'COC(=O)c1ccccc1NC(=O)CCn1cccn1', 'CCOC(=O)c1cnn(-c2ccccc2)c1-n1cccc1', 'CC(=O)c1cccn1S(=O)(=O)c1ccc(C)cc1', 'Cc1ccc(NC(=O)CCn2cccc2)c(Br)c1', 'CC(CNS(=O)(=O)c1ccc(Cl)cc1)n1cncn1']"
4404,1e-04,0.0,0.0,[]
4405,1e-04,0.0,0.0,[]
4406,0.0102,0.33848804,0.7472440004348755,"['CC(C)N1CCc2nc(NC(=O)c3cccs3)sc2C1', 'CC(=O)N1CCc2nc(-c3ccccn3)nc(N3CCOCC3)c2C1', 'CCCC(=O)N1CCc2nc(NC(=O)c3ccsc3)sc2C1', 'CN1CCc2nc(SCC(N)=O)c(C#N)cc2C1', 'CCCCS(=O)(=O)N1CCc2nc(-c3ccccc3)ncc2C1', 'O=C(CCN1CCc2onc(-c3cccc(F)c3)c2C1)NC1CC1', 'CC(C)(C)OC(=O)N1CCc2nc(-c3ccccn3)ncc2C1', 'C=CCNC(=O)N1CCc2nc(NC(=O)c3cccs3)sc2C1', 'CC1(C)CC(=O)c2cnc(NCc3ccco3)nc2C1', 'CN1CCc2nc(N)c(C#N)c(-c3ccc(F)cc3)c2C1']"
4407,1e-04,0.0,0.0,[]
4408,1e-04,1.0,0.0,['Cc1nn(C)c(C)c1Nc1nc2c(s1)c(C)nn2C']
4409,0.0063,0.30407006,0.6945215463638306,"['CCc1cc(OC2CNC(C(=O)OC)C2)ncn1', 'c1cc(-c2ccc(-n3cncn3)cc2)n2ncnc2n1', 'NC(=O)c1ccc2cc(Br)ccc2n1', 'OCc1cn(Cc2noc(-c3ccsc3)n2)nn1', 'c1cnc(CNc2ccc(-n3nccn3)cc2)cn1', 'OCCOCCNc1cc(Cl)c2cc[nH]c2n1', 'Fc1cnc(-c2cnn(CC3OCCO3)c2)nc1', 'c1ncc(C2NCCc3ccc4c(c32)OCO4)cn1', 'COC(=O)Cc1ccc2cc(Br)ccc2n1', 'N#CCCc1ccc2cc(Br)ccc2n1']"
4410,0.1018,0.48277703,0.4551357626914978,"['O=C(NC(C1CC1)C1CC1)N1CCn2c(nnc2-c2ccccc2)C1', 'c1cncc(-c2n[nH]c(SCc3ncc(-c4cccs4)o3)n2)c1', 'O=C(CC1CC1)N1CCC2(CCCN(c3nncs3)C2)C1', 'O=C(C1CCCO1)N1CCC2(CCN2c2ncccn2)C1', 'O=C(CCc1ccncc1)Nc1ccc(-c2nnc3n2CCCC3)cc1', 'NC(=O)c1ccccc1NC(=O)C1(c2cccs2)CCOCC1', 'CCc1ccccc1OC1CN(C(=O)CCc2n[nH]c(C)n2)C1', 'Cn1ncc2c1C(COCC1CC1)N(Cc1nccs1)CC2', 'CC(C(=O)N1CCCc2ccccc21)n1cc(Br)cn1', 'Cc1nc(C)c(C(=O)N2CCCC(Cc3nccs3)C2)s1']"
4411,1e-04,0.0,0.0,[]
4412,1e-04,0.0,0.0,[]
4413,1e-04,0.0,0.0,[]
4414,0.0012,0.40335846,0.6133543252944946,"['CCCCn1nnnc1CN1CCCC(C(F)(F)F)C1', 'COC(=O)NCC(=O)OC1CCC(C(C)(C)C)CC1', 'Cc1ccccc1OCC(O)CN1CC(C)OC(C)C1', 'CCCCn1nnnc1CN1CCc2ncnc(OC)c2C1', 'COc1ncccc1CN1CCc2ncnc(OC)c2CC1', 'CN(C)c1nccnc1C1CCN(S(C)(=O)=O)CC1', 'CCCCOCC(=O)N1CCc2cc(F)ccc2C1', 'CCCCCNC(=O)N1CCCCC1CN1CCOCC1', 'CCCS(=O)(=O)N1CCN(S(=O)(=O)C2CC2)CC1', 'CCC(C)N(C)C(=O)NC1CCN(C(=O)OC)CC1']"
4415,1e-04,0.0,0.0,[]
4416,0.0007,0.42046848,0.7475729584693909,"['O=C(Nc1nnc2n1CCCS2)c1ccccc1Br', 'O=C(Nc1nnc2n1CCCS2)c1ccccc1F', 'N#Cc1c(NC(=O)CCc2cccs2)nc2n1CCS2', 'O=C(c1csc(C2CCCO2)n1)N1CCCc2cccc(O)c21', 'O=C(NCC(O)c1cccs1)c1ccc(F)c(F)c1F', 'COc1ccccc1OC(=O)C1Cc2ccccc2S1', 'O=S(=O)(NCCC(O)c1cccs1)c1cccc(F)c1']"
4417,1e-04,0.0,0.0,[]
4418,1e-04,0.0,0.0,[]
4419,0.0003,0.5061971,0.4483199417591095,"['CC(C)Sc1ccc(C(=O)Nc2c3c(nn2C)CCC3)cc1', 'CCn1ccc(C(=O)Nc2c3c(nn2C)CCC3)n1', 'COc1nc2c(cc1CNC(=O)C1CC1)C(=O)N(C1CCCC1)C2']"
4420,0.0019,0.20373006,1.1702818870544434,"['CC(=O)NC1=NC(=O)C2=NCN(COCCO)C2=N1', 'CCOC(=O)C1CC2CN(C(=O)OCC)CC2N1', 'CC(C)(C)OC(=O)N1CCC2Nc3sccc3C2C1', 'CC(C)(C)CC1NCCc2c(F)cc(F)c(F)c21', 'CNCC1NCCc2cc(Cl)c(OC)c(OC)c21', 'COc1ccc(C)cc1C1NCCc2ccc(O)c(OC)c21', 'O=C1NC(O)c2cc(Br)cc(Br)c2O1', 'COCC(=O)NC1CCC2(C)CCC3C(C)C(=O)OC3C2C1C', 'C=CCCC1NCCc2c(OC(F)(F)F)cc(O)cc21', 'CC(C)C(=O)N1Cc2ccc(C(O)C(C)C)cc2C1']"
4421,1e-04,0.0,0.0,[]
4422,0.0133,0.47772712,0.48999306559562683,"['Nc1cccc2ccnc(C(=O)Nc3cccnc3)c12', 'Nc1cccc2ccnc(C(=O)NCC3CCCO3)c12', 'Cc1cccc2[nH]c(C3CCN(C(=O)C(C)n4ccnc4)CC3)nc12', 'Cc1cccc2nc(CSc3cccc4cccnc34)cn12', 'Cc1cccn2cc(-c3ccc4c(c3)OCO4)nc12', 'Cc1cccn2cc(CSc3nnc(C4CCCCC4)n3N)nc12', 'Cc1cccc2c(=O)n(CC(=O)NCC3CCCC(C)C3)cnc12', 'Cc1cccc2cc(C#N)c(N3CCC(O)CC3)nc12', 'Cc1cccc2nc(-c3nc(C4CC4)n[nH]3)c(F)n12', 'Cc1nnc2ccc(-c3nc(-c4ccc(C#N)cn4)no3)cn12']"
4423,0.003,0.6543091,0.4436403214931488,"['CCC(CC)CS(=O)(=O)NCc1nnc2ccccn12', 'CCC(CC)C(=O)N1CCN(Cc2nc(C)cs2)CC1', 'CCC(CC)c1cc(C(=O)C(C#N)c2nc(C)cs2)on1', 'CCC(CC)C(=O)NCCS(=O)(=O)N1CCNCC1', 'CCC(CC)N(CCO)C(=O)Oc1ccccc1', 'CCC(CC)c1nnc2n1NC(c1ccccc1)CS2', 'CCC(CC)C(=O)Nc1ccc2[nH]c(CCCO)nc2c1', 'CCC(CC)c1nnc(NC(=O)Cc2cccc(F)c2)s1', 'CCC(CC)NC(=O)CS(=O)(=O)c1ccc(Cl)cc1', 'CCC(CC)N(CCO)S(=O)(=O)c1ccccc1N']"
4424,0.088,0.50390625,0.4182506203651428,"['N#CCCC(C#N)CN1CCN(c2nccs2)CC1', 'CCSc1nc(N)c(C#N)c(-c2ccc(C)cc2)c1C#N', 'CCOc1nc(N)c(C#N)c(-c2ccccc2Cl)c1C#N', 'N#Cc1ccc(O)c(NC(=O)C2(C#N)CCCCC2)c1', 'CCCc1nc(CSc2nc(N)c(C#N)cc2C#N)cs1', 'N#CCCC(C#N)COc1ccccc1C(=O)NC1CCCC1', 'N#CCCC(C#N)Cn1c(=O)c(C#N)c2n(c1=O)CCCCC2', 'N#CCCC(C#N)Cn1nc(-c2cccs2)oc1=O', 'C#CCN1CCN(Cc2cc(C#N)ccc2F)CC1', 'CC1CCCCC1NC(=O)CSc1nc(N)c(C#N)cc1C#N']"
4425,1e-04,0.0,0.0,[]
4426,0.0058,0.53175694,0.516791045665741,"['Cc1cc(C)c(C(=O)N2CCN(c3ccc(Cl)cn3)CC2)c(=O)[nH]1', 'Cc1cc(C)c(CNC(=O)Cc2c(C)nc3ccccc3c2C)c(=O)[nH]1', 'Cc1cc(C)c(CNC(=O)CC2CCCC(C(F)(F)F)C2)c(=O)[nH]1', 'CC12CN(C(=O)C3CCCC3)CC1NC(=O)c1ccccc1C2=O', 'O=C(OCC(=O)N1CCc2ccccc21)c1cnc2ccccn2c1=O', 'CC(C)n1nc(C(=O)OC2(C3CC3)CC2)c2ccccc2c1=O', 'CCOC(=O)Cc1c(C)[nH]c2cc(-c3ccc(Cl)cc3)nn2c1=O', 'CCCn1c(=O)c2c(nc3n(C)c(C)c(C)n23)n(C)c1=O', 'Cn1nc(C(=O)NCCn2nc(-n3cccn3)ccc2=O)ccc1=O', 'CCS(=O)(=O)N1CCC2(CC1)CN(c1cccc(F)c1)C2=O']"
4427,1e-04,0.0,0.0,[]
4428,0.0003,0.4842564,0.532707691192627,"['Cc1noc(C)c1CC(=O)Nc1nc2c(s1)CN(C)CC2', 'Cc1noc(C)c1CCC(=O)Nc1sc2c(c1C#N)CCCCC2', 'CCn1cc(C(=O)N2CCCC2c2nc3ccccc3[nH]2)c(C)n1']"
4429,1e-04,0.0,0.0,[]
4430,1e-04,0.0,0.0,[]
4431,0.004,0.40529433,0.571139395236969,"['O=C1CCN(c2nc3c(s2)C(O)CCC3)CCN1', 'Cc1occc1C(=O)Nc1nc2c(s1)CCCCC2', 'COCCCN(C)C(=O)Nc1nc2c(s1)CN(C)CC2', 'Clc1ccccc1OCc1nc2c(s1)CCCN2', 'NC(=O)c1ccc(C(=O)Nc2nc3c(s2)CCC3)cn1', 'CC(=O)N1CC(C(=O)Nc2nc3c(s2)CCCCC3)C1', 'Cn1nnnc1SCCC(=O)Nc1nc2c(s1)CCC2', 'O=C(Nc1nc2c(s1)COCC2)c1ccccc1F', 'O=C(c1cc2c(s1)CCC2)N1CCC2(CC1)OCCO2', 'CN(C)C(C(=O)NCCc1nc2c(s1)CCC2)c1ccc(F)cc1']"
4432,0.0013,0.6113239,0.5043849945068359,"['Cc1cc(C(=O)N2CCC(C#N)CC2)c(C)n1Cc1cccs1', 'Cc1cc(C(=O)Nc2ccc(Cl)cc2)c(C)n1C1CC1', 'Cc1cc(C(=O)N(CC(N)=O)C2CCCC2)c(C)n1C(C)C', 'Cc1cc(C(=O)N2CC(C)C(N3CCOCC3)C2)c(C)n1C1CC1', 'Cc1cc(C(=O)Cn2cncn2)c(C)n1CCC(C)C', 'Cc1cc(C(=O)NCC2CC=CCC2)c(C)n1C(C)C', 'Cc1cc(C(=O)N(CCC#N)Cc2ccco2)c(C)n1C1CC1', 'Cc1cc(C(=O)NCCc2cnn(C)c2)c(C)n1Cc1ccco1', 'Cc1cc(C(=O)CSc2nnc(-c3ccc(F)cc3)o2)c(C)n1C', 'Cc1ccc(CNC(=O)Nc2ccc(OC(F)(F)F)cc2)n1C']"
4433,0.0002,0.5,0.0,"['Cc1ccc(C2(Cc3ccccc3F)NC(N)=NC2=O)cc1C', 'CCOc1ccc(Nc2ncnc(Nc3cccnc3)c2N)cc1']"
4434,1e-04,0.0,0.0,[]
4435,1e-04,0.0,0.0,[]
4436,1e-04,0.0,0.0,[]
4437,1e-04,0.0,0.0,[]
4438,0.0003,0.4059596,0.9082072377204895,"['CCn1ccc2c(cnc3c(-c4ccc(F)cc4)c(C)nn32)c1=O', 'COCCCn1ccc2c(cnc3c(-c4ccccc4)c(C)nn32)c1=O', 'Cc1nc2cccc(NC(=O)c3cc(=O)c4cc(C)c(C)cc4o3)c2[nH]1']"
4439,1e-04,0.0,0.0,[]
4440,0.0082,0.33684722,0.8872963786125183,"['CC(=O)NC1Cc2ccccc2N(C(=O)OC(C)(C)C)C1', 'COc1ccc2cnccc2c1N1CCN(C(=O)OC(C)(C)C)CC1', 'CN(C(=O)c1ccsc1)C1CCN(C(=O)OC(C)(C)C)C1', 'CNC(=O)c1ccc(OC2CCN(C(=O)OC(C)(C)C)C2)cc1', 'Cc1ccc(S(=O)(=O)C2CCN(C(=O)OC(C)(C)C)CC2)nc1', 'CC1CN(C(=O)OC(C)(C)C)CCN1Cc1ccncc1', 'Cc1ncsc1C(=O)NC(C)(CNC(=O)OC(C)(C)C)C1CC1', 'Cc1ccsc1C(=O)NCC1CCCN1C(=O)OC(C)(C)C', 'Cc1ccc(F)c(NC(=O)N(C)CCCNC(=O)OC(C)(C)C)c1', 'CN(CC1CCCN(c2ccc3nccn3n2)C1)C(=O)OC(C)(C)C']"
4441,1e-04,0.0,0.0,[]
4442,1e-04,0.0,0.0,[]
4443,1e-04,0.0,0.0,[]
4444,1e-04,0.0,0.0,[]
4445,0.0282,0.5368392,0.3430788218975067,"['CCc1cnc(C)nc1N(C)Cc1cc(COC)[nH]n1', 'C=CCCOC(C)C(=O)Nc1ccc2nc(C)oc2c1', 'CN(CCNS(C)(=O)=O)c1ccc2ccc(F)cc2n1', 'CC1COCC(C)N1C(=O)Cn1cc(Br)ccc1=O', 'CCCCc1c(C)nc2nc(SCc3nccc(N)n3)nn2c1C', 'CC(O)CC(C)CNC(=O)Nc1cccc(SC(F)F)c1', 'CC(C)CC(C)Nc1ccc(S(C)(=O)=O)cc1N', 'CC1CN(C(C)C(=O)Nc2ccccc2C#N)CCO1', 'CC(O)CC(C)(C)CNC(=O)c1ccnc(OC2CCC2)c1', 'Cc1nc(C(C)(C)NC(=O)C(C)c2ccsc2)sc1C']"
4446,1e-04,0.0,0.0,[]
4447,0.001,0.4834873,0.6160505414009094,"['COC(=O)CN(C(=O)c1cc(SC)ccc1Cl)C(C)C', 'COC(=O)CN(C(=O)c1ccc(SC)cc1)C(C)C', 'CCN(C(=O)c1ccnc(SC)c1)C(C)C(C)C', 'CCOc1ccccc1OC(=O)c1ccnc(SC)c1', 'CCOCCCNC(=O)c1cc(SC)ccc1Cl', 'COC(=O)c1sccc1S(=O)(=O)Nc1cccc(SC)c1', 'COC(=O)c1c(C)nc2c(c(SC)nn2-c2ccccc2)c1N', 'O=C(c1ccc[nH]1)N1CCC(c2ccc(O)cc2)CC1', 'Cc1ccccc1CC(=O)N(C)Cc1ccc(S(C)=O)cc1', 'CC(NC(=O)c1cccnc1Sc1ccccc1)C(N)=O']"
4448,0.0077,0.5227204,0.5315824747085571,"['O=C(Cn1cnc2ccccc21)NCc1cnn2ccccc12', 'Cc1ncc(CNC(=O)CCn2ccc3ccccc32)s1', 'CS(=O)(=O)NC1CCN(C(=O)Nn2cnc3ccccc32)CC1', 'NC(=O)c1ccc(C#CCNC(=O)Cn2cnc3ccccc32)cc1', 'CC(C)c1nnc(NC(=O)CCn2ccc3ccccc32)s1', 'NC(=O)C1CCCN1C(=O)CCn1ccc2ccccc21', 'O=C(Cn1ccc2cc(Cl)ccc21)N1CCCCC1', 'CC1CCN(C(=O)Cn2ncc3ccccc32)CC1', 'O=C(NCCC(=O)N1CCCC1)Nn1cnc2ccccc21', 'COc1ccc(CC(=O)Nn2cnc3ccccc32)cc1']"
4449,1e-04,0.0,0.0,[]
4450,0.0022,0.44168326,0.5616987943649292,"['Nc1c(Nc2cccc3cccnc23)ncnc1N1CCCC1', 'Nc1c(Nc2ccccc2C(F)(F)F)ncnc1N1CCOCC1', 'CCOC(=O)c1cnc(CCOc2ccccc2F)nc1N', 'CCCNC(=O)c1cnc(CCOc2ccccc2)nc1N', 'CCOC(=O)c1cnc(SC)nc1NC(=O)Nc1ccc(C)cc1', 'Nc1c(NCc2ccccc2Cl)ncnc1Nc1cccnc1', 'N#Cc1cnc(CCOc2cccc(Cl)c2)nc1N', 'CNC(=O)c1cnc(-c2ccccc2)nc1-c1ccccc1', 'N#Cc1cnc(CCOc2ccccc2Cl)nc1N', 'CCNC(=O)c1cnc(CCOc2ccccc2)nc1N']"
4451,0.0213,0.39735872,0.6091740131378174,"['COc1cccc(C(=O)Nc2cccc(C(=O)NC3CC3)c2)c1F', 'COc1cccc(C(=O)Nc2sccc2S(C)(=O)=O)c1F', 'Cc1ccc(NS(=O)(=O)Cc2ccccc2)cc1F', 'COc1c(F)cc(NC(=O)NCc2cc(C#N)ccc2F)cc1F', 'CCOc1ccc(F)c(C(=O)Oc2ccc(C#N)cc2OC)c1F', 'COc1ccc(CC(=O)N(C)Cc2cccc(OC)c2OC)cc1F', 'Cc1ccc(NC(=O)c2cccc(NC(=O)C3CC3)c2)cc1F', 'CC(C)NS(=O)(=O)c1cc(C(=O)Nc2cn[nH]c2)ccc1F', 'CCOc1ccc(F)c(C(=O)NCCC(=O)OC)c1F', 'COc1cccc(C(=O)NCCN2c3ccccc3CC2C)c1F']"
4452,0.0003,0.6376859,0.0642714574933052,"['CC1(C)CC(=O)c2cc(Cc3ccco3)c(=O)[nH]c2C1', 'C=CCNC(=O)c1ccc2c(=O)n(CCc3ccccc3)c(=O)[nH]c2c1', 'CCOc1cccc2cc(C(=O)N3CC(C)OC(C)C3)c(=O)oc12']"
4453,1e-04,0.0,0.0,[]
4454,0.0112,0.41546604,0.6410250067710876,"['CCc1cccc(CC)c1NC(=O)CSc1nnc(C2CC2)n1N', 'C=CCNC(=O)c1sc2nc(C(F)(F)F)cc(C)c2c1N', 'CCNc1nc2c(s1)C(c1ccc(F)c(F)c1)CC(=O)N2', 'Cc1ccc2c(c1)C(O)(CC(=O)c1cccs1)C(=O)N2', 'O=C1CN(C(=O)CCCc2cc(F)ccc2F)c2ccccc2N1', 'CCCNC(=O)c1cc2cnn(-c3cccc(C)c3)c2nc1N', 'Cc1ccc(-c2nnc(-c3ccc(C)c(N)c3)o2)cc1N', 'O=C1CSc2ccc(C(=O)OCc3nccn3C(F)F)cc2N1', 'Cc1occc1-c1nnc(SCC(=O)NCCC(C)(C)C)n1N', 'CC1(Cc2ccc3c(c2)OCO3)CCCN(C(=O)c2cc(N)[nH]n2)C1']"
4455,1e-04,0.0,0.0,[]
4456,0.0002,0.5,0.0,"['CCN1C(=O)C(C)(C)c2cc(NC(=O)c3ccco3)ccc21', 'CNC(=O)c1c(-c2ccc(Cl)cc2Cl)cnnc1N']"
4457,0.0023,0.4304073,0.5505741834640503,"['CCCCC(CC)C(=O)C(C#N)c1nc(C)cs1', 'CCCN(CCC)C(=O)CN1CCn2c(nn(C)c2=O)C1', 'CCCN(CCC)C(=O)Cc1nc(-c2ccc(N)cc2)cs1', 'CCCCN(CC)C(=O)Cn1nnc2ccccc2c1=O', 'CCCCN(CC)S(=O)(=O)c1ccc(NC)nc1', 'CCCN(CCO)c1ccc2cccc(Br)c2n1', 'OCCN(CCO)c1ccc2ccc(F)cc2n1', 'CC(C)(CO)c1nc(-c2cc(N)ccc2F)cs1', 'CCCCN(CC)S(=O)(=O)c1c[nH]c(C(=O)N2CCCC2)c1', 'O=C(NCCO)C1CCCN1C(=O)C12CC3CC(CC(C3)C1)C2']"
4458,1e-04,0.0,0.0,[]
4459,1e-04,0.0,0.0,[]
4460,1e-04,0.0,0.0,[]
4461,0.1048,0.35483426,0.4956778287887573,"['CCCN(C)C(=O)c1cc(-c2ccccc2Cl)[nH]n1', 'COc1ccc2nc(SCC(=O)Nc3nonc3C)[nH]c2c1', 'Cc1ccc(Br)cc1S(=O)(=O)NCc1ncc[nH]1', 'O=C(c1ccncc1)N1CCCC1c1cc(CO)[nH]n1', 'CC1(C)CNC(=O)c2nc(CCc3ccco3)[nH]c2C1', 'CC(C)OC(=O)c1cc(CCc2ccccc2)n[nH]1', 'COc1ncccc1CNC(=O)c1cc(C(C)C)[nH]n1', 'c1csc(-c2oncc2CSc2nc(C3CC3)n[nH]2)c1', 'N#Cc1cccnc1NCCNS(=O)(=O)c1cn[nH]c1', 'COc1cc(C)ccc1OC(=O)c1cccc2cn[nH]c12']"
4462,1e-04,0.0,0.0,[]
4463,1e-04,0.0,0.0,[]
4464,1e-04,0.0,0.0,[]
4465,0.0072,0.36669582,0.6698443293571472,"['CC(=O)Nc1nc2c(s1)CN(S(=O)(=O)C1CCCCC1)CC2', 'Cc1nccn1-c1cccc(C2CCCN2S(=O)(=O)N(C)C)n1', 'C=CCNC(=O)c1ccc2c(c1)CCN2S(=O)(=O)c1ccccc1', 'O=C(Nc1nccs1)C1CCCN1S(=O)(=O)N1CCCCC1', 'CC(C)(C)NC(=O)C1CC(O)CN1S(=O)(=O)c1ccc(F)cc1', 'CC(C)NC(=O)c1ccc2c(c1)CCN2S(=O)(=O)c1ccccc1', 'Cc1ccncc1NC(=O)NC1CCN(S(=O)(=O)C2CC2)CC1', 'CN(C)C(=O)C1CCCN(S(=O)(=O)Cc2cccc(Cl)c2)C1', 'Cc1nn(-c2ccccc2)c2c1C(NS(C)(=O)=O)CC(C)(C)C2', 'CC1CCC(C)N(C(=O)NC2CCN(S(=O)(=O)C3CC3)CC2)C1']"
4466,0.0155,0.33986458,0.7138094902038574,"['COc1cccc(CN(C)C(=O)c2ccc3c(c2)CCCC3)c1OC', 'Cc1cc(C)c(CNC(=O)C(C)Oc2ccc3c(c2)CCC3)c(=O)[nH]1', 'Cc1ccc(C(=O)NCC(O)c2ccc3c(c2)CCC3)cc1C', 'CC(=O)Nc1ccc(NCC(O)c2ccc3c(c2)CCC3)cc1', 'Cc1ccc(CNC(=O)CCC(=O)c2ccc3c(c2)CCC3)cc1', 'CS(=O)(=O)NCC1CCCN(C(=O)c2ccc3c(c2)CCC3)C1', 'NC(=O)CCCNC(=O)CSc1ccc2c(c1)CCC2', 'CNC(=O)C1CCN(S(=O)(=O)c2ccc3c(c2)CCCC3)CC1', 'Cc1ncsc1CCNc1ccc2c(c1)CCC2', 'COc1cc(OC)c(OC)cc1CNC(=O)c1ccc2c(c1)CCC2']"
4467,1e-04,1.0,0.0,['O=C(c1ccc2cc[nH]c2c1)N1CCC2(CC(c3ccccc3)CO2)C1']
4468,0.001,0.34054518,0.8247965574264526,"['Brc1ccc(Br)c2nccnc12', 'COc1ccc(Br)c2ccc(C)nc12', 'CNC(=O)c1c[nH]c2ncc(Br)cc12', 'CC(=O)c1cn(C)c2ccc(Br)cc12', 'Nc1nonc1-c1c[nH]c2c(Br)cccc12', 'Clc1cc(NCc2nccs2)nc2[nH]ccc12', 'COCCCOc1c(C(C)O)ccc2ccccc12', 'OCCNc1ccnc2c(C(F)(F)F)cccc12', 'COCCNS(=O)(=O)c1cccc2cccnc12', 'COc1nccc2cccc(NCc3ccncc3)c12']"
4469,0.0015,0.5290654,0.5199550986289978,"['COc1ccccc1CNc1ncnc2c1cnn2-c1ccc(C)cc1', 'COC(=O)c1ccc2c(c1)ncn2-c1cccc(F)c1', 'COCC(C)Nc1ncnc2c1cnn2-c1ccc(C)cc1', 'CCC(=O)Nc1ccc2c(c1)ncn2-c1ccccc1C', 'Cc1cc(=O)oc2c1c(C)nn2-c1ccc(C(N)=O)cc1', 'COc1ccc2c(c1)[nH]c(=O)n2-c1ccc(C#N)cc1', 'COC(=O)c1ccc2c(c1)nc(N)n2-c1ccccc1', 'Nc1ccc2c(c1)nc(CO)n2-c1ccccc1F', 'COc1ccc2c(c1)nc(C)n2-c1cccc(F)c1', 'CCOCCCNC(=O)c1ccc2c(c1)nc(C)n2-c1ccccc1']"
4470,1e-04,0.0,0.0,[]
4471,1e-04,0.0,0.0,[]
4472,0.0794,0.54319227,0.4308973550796509,"['CC(C)(C)CC1CCCN1C(=O)c1cscn1', 'CC(C)(C)c1cc(N)c2cc(F)c(F)c(F)c2n1', 'CC(C)(C)OC(=O)Nc1nccc(Cl)c1Cl', 'CC(C)(C)OC(=O)N1CCCC1C1CCCC1=O', 'CC(C)(C)c1ccc(CCNC(=O)CCC#N)cc1', 'CC(C)(O)CSc1nnc(NCc2ccco2)s1', 'CC(C)(C)c1nnc(NCCN2CCNC2=O)o1', 'CC(C)(C)OC(=O)N1CCCC1COC(F)(F)F', 'CC(C)(C)c1cc(C(=O)NCc2ccncc2)[nH]n1', 'CC(C)(O)c1sc(C2CCCCC2)nc1C1CC1']"
4473,0.0002,0.5,0.0,"['Cc1ccc(CN2CC3CC(C(=O)Nc4ccccc4)C(C2)O3)o1', 'Cc1ccccc1CN1CC2CC(C(=O)N(C)C)C(C1)O2']"
4474,0.2564,0.1618131,0.6433554887771606,"['O=C(Cn1cnnn1)Nc1ccc(C23CC4CC(CC(C4)C2)C3)cc1', 'O=C(Nc1ccncc1)NC12CC3CC(CC(C3)C1)C2', 'CC(O)CN(C)C(=O)C12CC3CC(CC(C3)C1)C2', 'CN(CC12CC3CC(CC(C3)C1)C2)C(=O)c1ccc(C(N)=O)cn1', 'Cc1noc(CNC(=O)C23CC4CC(CC(C4)C2)C3)n1', 'CC(Cn1cccn1)OC(=O)C(C)N1CCc2ccccc2C1', 'O=C1Cn2ncnc2-c2cc(Br)ccc2N1', 'O=C(Nc1ccccn1)C12CC3CC(CC(Cl)(C3)C1)C2', 'CC(CNC(=O)N1CC(C)OC(C)C1)COCc1ccccc1', 'COCC(C)NC(=O)NCCC12CC3CC(CC(C3)C1)C2']"
4475,1e-04,0.0,0.0,[]
4476,0.1368,0.37781426,0.471169650554657,"['N#Cc1cccc(Nc2nc3cc4c(cc3[nH]2)OCO4)c1', 'CC(=O)c1cccc(NCc2cc(Cl)cc3c2OCOC3)c1', 'C=CCNC(=O)Nc1ccc(NC(=O)C2CC=CC2)cc1', 'O=C(COc1cccc2c1CCC2=O)C1=NC=CC1', 'CSc1nsc(NC(=O)c2cc(C)nc3onc(C)c23)n1', 'CCc1onc(C)c1NC(=O)c1cc(C)c(OCC(=O)OC)c(C)c1', 'CC(C)(C)c1ccc(S(=O)(=O)NCC2(CO)CC2)cc1', 'CN(C)C(=O)c1cccc(OC(=O)CC2C=CCC2)c1', 'Cc1ccc(C(=O)N2CCCn3nnc(COCC4CC4)c3C2)o1', 'CNC(=O)c1cc(OC2CC2)cc(OC(C)(C)C)c1']"
4477,1e-04,0.0,0.0,[]
4478,0.0357,0.31039318,0.49595415592193604,"['CC(NC(=O)c1ccccc1Cl)C(O)Cc1ccccc1', 'Brc1ccc(NCCOCC2CCOCC2)cc1', 'Fc1cc(Br)c2c(c1)CCNC2C1CC1', 'O=C(Cc1cccc(F)c1)NCC(=O)OCC1CC1(Cl)Cl', 'Cc1cccc(C(=O)Nc2ccc3c(c2)oc(=O)n3C(C)C)c1', 'Cc1nn(CCc2cc(C)n(C(C)C)c2C)c(C)c1N', 'CCOC(C)C(=O)Nc1cc(C)cc2cccnc12', 'O=C(Nc1cccc(Cl)c1)OCC1OCCO1', 'Cc1ccc(Nc2ncnc(N3CCOCC3)c2N)cc1Cl', 'CCOc1ccc(N)cc1COCC1CCOC1']"
4479,1e-04,0.0,0.0,[]
4480,1e-04,0.0,0.0,[]
4481,0.0078,0.28778595,0.8227701783180237,"['Cc1ccc(O)c(C(=O)Nc2cccc(C(=O)NC3CC3)c2)c1', 'Cc1cc(Br)c(O)c(C(=O)N(C)Cc2ccccn2)c1', 'CC(=O)Nc1ccc(O)c(C(=O)N(C)Cc2nccn2C(F)F)c1', 'COC(=O)c1c(O)cc(O)cc1CCc1ccc(O)cc1', 'COc1ccc(O)c(C(=O)N(C)Cc2ccoc2)c1', 'Cc1cc(O)c(C(C)C)cc1NC(=O)c1ccncc1F', 'CCc1ccc(O)c(C(=O)N(C)CCN(C)C(=O)OC(C)(C)C)c1', 'Cc1ccc(O)c(C(=O)N2CCCN(C(=O)OCC(C)C)CC2)c1', 'N#CC1CCCC1NCc1ccc(O)c(Cl)c1', 'N#Cc1ccc(O)c(NC(=O)C2(C#N)CCCCC2)c1']"
4482,0.0876,0.4220469,0.40004709362983704,"['CCOCCCNc1ncnc2c1nc1n2CCCC1', 'CN1CCN(C(=O)c2csnn2)c2ccccc21', 'CC1Cc2nc(N)nn2CC1c1ccccc1Cl', 'Cc1ccc(N2CCOC3CN(C(=O)CO)CCC3C2)nn1', 'CCN(CC)c1ncnc2c1c(N)nn2CCO', 'Nc1occ2c1nc(C1CC1)n2Cc1ccccc1', 'Brc1ccc(NCCOCC2CCOCC2)cc1', 'CCn1cnc2cc(-c3csc(NC)n3)ccc21', 'Fc1ccc(C2NCCc3cc4[nH]ccc4cc32)nc1', 'O=C(Nc1ccc(-c2csnn2)cc1)c1cc(Cl)c[nH]1']"
4483,0.0025,0.39208084,0.5337731838226318,"['COc1cc(C(C)=O)ccc1OCCCC(=O)N1CCOC(C)(C)C1', 'CC(=O)c1ccccc1NC(=O)C(C)N1CCOC(C)(C)C1', 'CCNc1nc(-c2nnc3scc(C)n23)cs1', 'CSc1ccc(C)c(C(=O)N2CCOC(C)(C)C2)c1', 'Cc1[nH]c(C(=O)N2CCOC(C)(C)C2)c(C)c1C(=O)OC(C)C', 'CCOc1ccc(C2OC(C)C(C)O2)cc1OC', 'COc1cc(Cl)c(C)cc1NC(=O)C(C)N1CCOC(C)(C)C1', 'CN(C)c1nc(-c2ccccc2)c(CN2CCOC(C)(C)C2)s1', 'CN1C(=O)OC(C)(CC(C)(C)c2ccccc2)C1(C)O', 'CC1CN(S(=O)(=O)Cc2noc3ccccc23)C(C)(C)CO1']"
4484,0.1783,0.08161832,1.2478047609329224,"['CC(=O)NC1=NC(=O)C2=NCN(COCCO)C2=N1', 'CCOC(=O)c1sc(=NC(=O)CSc2n[nH]c(N)n2)[nH]c1C', 'OCCc1cn(C2CCN(C3N=CN=C4N=CN=C43)CC2)nn1', 'CN(C)C1=NC(C(F)(F)F)(C(F)(F)F)N=C(c2cccnc2)O1', 'Cc1csc(=NC(=O)c2cc(-n3cnnn3)ccc2Cl)[nH]1', 'Cc1cccc(C(=O)N=c2sc3ccccc3n2C)n1', 'O=C(Nc1ccccc1C1=NCCO1)c1ccccc1O', 'O=C(N=c1[nH]c2ccccc2n1C1CCCC1)c1cccnc1', 'Cn1ccsc1=NC(=O)CNC(=O)c1cc(F)cc(F)c1', 'CC1=NC(CN(C)c2nncc(-c3cccc4ccccc34)n2)N=C1']"
4485,1e-04,0.0,0.0,[]
4486,0.0668,0.54456884,0.3456021845340729,"['COc1nn(C)c2nc(C)c(CCc3nc(C4CC4)no3)c(C)c12', 'Cc1cn2c3c(=O)n(C)c(=O)n(C)c3nc2n1C1CCCCC1', 'N#Cc1cnn2cc(-c3cc(NC4CCCC4)nc4[nH]ccc34)cnc12', 'Cc1noc2nc(C(C)C)cc(C(=O)Nn3cnc4ccccc43)c12', 'Cc1c(O)ccc2c(CN(C)Cc3nccn3C(F)F)cc(=O)oc12', 'Cc1cc(C)n2nc(Cc3nc(-c4cc5ccccc5o4)no3)nc2n1', 'O=C(NCCC1=C2C=CC(F)C=C2N=C1)c1ccc2[nH]nnc2c1', 'Cc1cccc2[nH]c(C3CCN(C(=O)C(C)n4ccnc4)CC3)nc12', 'CC(O)CC(C)CNC(=O)Nc1ccc2oc(C(F)(F)F)nc2c1', 'Cc1cc(C(=O)N(C)Cc2noc(C(C)C)n2)c2c(C)noc2n1']"
4487,0.0006,0.50095797,0.6890232563018799,"['Cc1ccc(C(O)C2NCCc3c2ccc(F)c3O)cc1', 'Oc1ccc(CCC2NCCc3c2ccc(F)c3O)cc1', 'CC(=O)NC(C)C1NCCc2c1ccc(C)c2F', 'COc1ccccc1N1CCn2c1cc(C)c(C#N)c2=O', 'COCC(NC(=O)NC1CCCc2c1cnn2C)c1ccc(C)o1', 'COc1ccc(CCC(=O)NC2CCCc3c2cnn3C)cc1']"
4488,1e-04,1.0,0.0,['Nc1onc(-c2ccccn2)c1Cc1ccccc1']
4489,0.0042,0.32223964,0.7318870425224304,"['CCCOc1ccc(-c2csc(NC(=O)c3ccn(C)n3)n2)cc1', 'Cc1ccc(-c2csc(SC(C)C(=O)N3CCOCC3)n2)cc1', 'COc1ccc(-c2csc(NC(=O)CCn3cncn3)n2)cc1F', 'COc1ccc(-c2csc(NC(=O)c3c(C)noc3C)n2)cc1F', 'c1ccc(-c2csc(C3CN(CCn4cccn4)CCO3)n2)cc1', 'COc1ccc(-c2csc(NC(=O)NC(C)(C)C)n2)cc1', 'CC(=O)Nc1ccc(-c2csc(NC(=O)CC(C)C)n2)cc1', 'c1ccc(-c2csc(CNCCc3ccccn3)n2)cc1', 'CCOc1ccc(-c2csc(NC(C)=O)n2)cc1', 'CC1CN(Cc2csc(NC(=O)C3CC=CC3)n2)CC(C)O1']"
4490,0.1351,0.380209,0.4355851113796234,"['COCc1c(Br)cccc1NC(=O)C1CC=CC1', 'CCNC(=O)c1oc2c(c1C)-c1nn(CC)cc1CC2', 'COc1ccccc1OC(=O)c1scnc1C1CC1', 'N#Cc1cccc(NC(=O)c2cnn3c2OCCC3)c1', 'O=C(c1ccc(-c2ccccc2)o1)N(CCO)CCO', 'CSc1cc2c(cc1NC(=O)C1CC3C=CC1C3)OCCO2', 'COc1cc(COC(C)=O)c(O)c2c1CCCC2', 'Cc1ccc(-c2c(C#N)c(N)nc3c2CNCC3)cc1C', 'Cc1ccc(NC(=O)CNC(=O)C2CC=CC2)c(Cl)c1', 'CC(C)(O)CN1CCN(C(=O)CC2C=CCC2)CC1']"
4491,1e-04,0.0,0.0,[]
4492,0.0067,0.4420165,0.6174158453941345,"['CCOC(=O)C1=C(CN2CCc3sccc3C2)NC(=O)NC1', 'Cc1nn(C)c(C)c1-c1cc(C(=O)NCCC2=CCCCC2)[nH]n1', 'COC(=O)C1=C(C)N(Cc2ccc(Cl)cc2)C(=O)CC1', 'C1=C(c2cccs2)CCN(Cc2ccsc2)C1', 'CC1COCCN1CC1=Cc2cc(Cl)ccc2OC1', 'CC(C)(C)C1CCN(S(=O)(=O)NC2C=CC(CO)C2)CC1', 'O=C(Nc1nc(Cc2ccccc2)cs1)NC1C=CC(CO)C1', 'CCOc1ccc(C2=CCN(C(=O)C(C)NC(C)=O)CC2)cc1', 'Oc1cccc(C2CN(CC3=CCCOC3)CCO2)c1', 'CCCC1=C(C(=O)OCC)C(c2ccccc2OC)NC(=O)N1']"
4493,1e-04,0.0,0.0,[]
4494,0.0002,0.5,0.0,"['O=c1c(=CC=Cc2ccccc2)sc2nc(-c3ccncc3)nn12', 'O=C(C=c1[nH]c(=O)c(=Cc2cccnc2)s1)c1ccco1']"
4495,1e-04,0.0,0.0,[]
4496,1e-04,0.0,0.0,[]
4497,1e-04,0.0,0.0,[]
4498,0.4024,0.13834545,0.7424336075782776,"['CC(C)COc1ccc(C(C)O)cc1OCC(C)C', 'COc1cc(CO)cc2c1OC(C(C)C)C(=O)N2CC(C)C', 'Cc1cc(S(=O)OC(C)C)c2nc(C)ccc2c1', 'COc1ccccc1OCC(=O)N(C(C)C)C(C)C', 'CCn1nc(C(C)C)cc1-c1nn2c(CC(C)C)nnc2s1', 'Cc1ccccc1-c1csc(NC(=O)CCOC(C)C)n1', 'COc1cc(CO)ccc1OCC(=O)OC(C)C', 'Cc1noc(C)c1C(C)NC(=O)Nc1c(C(C)C)cccc1C(C)C', 'CC(C)CN(CC(C)C)C(=O)CS(=O)(=O)c1nncn1C', 'Cc1nn(C)c(C)c1CCC(=O)Nc1c(C(C)C)cccc1C(C)C']"
4499,1e-04,0.0,0.0,[]
4500,1e-04,0.0,0.0,[]
4501,0.0202,0.29724357,0.7087697982788086,"['CCCn1c(C)nnc1CSc1nnnn1-c1cccc(F)c1', 'O=c1c2ccccc2nnn1CSc1nnnn1C1CCCC1', 'CC(C)n1c(N)nnc1SCc1nnnn1C1CC1', 'O=C(NC1CC1)C(Sc1nnnn1C1CC1)c1ccccc1', 'O=C(CSc1nnnn1C1CC1)OC1CCCCCC1', 'Nc1cccnc1Sc1nnnn1C1CCCC1', 'Clc1ccc(-n2nnnc2CSc2ncn[nH]2)cc1', 'CC(C)C(Sc1nnnn1C1CC1)C(=O)Nc1ccc(F)cc1', 'Cc1nc(CSc2nnnn2C2CCCCC2)cs1', 'CCC(C)NC(=O)C(Sc1nnnn1C1CCCC1)C(C)C']"
4502,0.0177,0.36610612,0.599557101726532,"['O=C(NCC1COc2ccccc2C1)N1CCCCC1', 'O=C(NCCCOCc1ccccc1)C1COc2ccccc2C1', 'CCCn1cnnc1CNC(=O)C1COc2ccc(OC)cc2C1', 'CCCC(=O)NC1CCCN(C(=O)C2COc3ccc(F)cc3C2)C1', 'Cc1csc(C2CCCN(C(=O)C3COc4ccccc4C3)C2)n1', 'Cn1nccc1CCNC(=O)C1CCOc2ccccc2C1', 'O=C(NCCN1CCNC1=O)C1CCOc2ccccc2C1', 'CS(=O)(=O)N1CCN(C(=O)C2CCOc3ccccc3C2)CC1', 'CC(C)CC(=O)NCC1(O)CCOc2ccccc21', 'O=C(NC1CCOc2c(Cl)cccc21)c1ccccc1']"
4503,1e-04,0.0,0.0,[]
4504,0.0009,0.32995796,0.9811105132102966,"['OCCc1cn(C2CCN(C3N=CN=C4N=CN=C43)CC2)nn1', 'CC(=O)NC1=NC(=O)C2=NCN(COCCO)C2=N1', 'O=C(NCCC1=C2C=CC(F)C=C2N=C1)c1ccc2[nH]nnc2c1', 'O=C(CCn1ccc2ccc(F)cc21)NC1=CC2N=CC=C2C=C1', 'O=C(NC1=CC2N=CC=C2C=C1)c1csc(NCC2CCCO2)n1', 'O=C(CCC1NC(=O)c2ccccc2N=C1O)Nc1ccccn1', 'CC1CCN(C(=O)C2CCCO2)C2CCCCC12', 'C=C(C)CN(CC)C(=O)C1=NC=C(S(=O)(=O)N(C)C)C1', 'O=C(c1cccc(Cl)c1)N1CCn2nc(-c3ccccn3)nc2C1']"
4505,1e-04,0.0,0.0,[]
4506,1e-04,0.0,0.0,[]
4507,1e-04,1.0,0.0,['OCc1cc2c(cc1OCc1cccnc1)OCO2']
4508,1e-04,0.0,0.0,[]
4509,1e-04,0.0,0.0,[]
4510,0.0045,0.36686945,0.7604487538337708,"['O=C(Cc1n[nH]c2ccccc12)N1CCCC(n2cccn2)C1', 'O=C(Cc1c[nH]c2ccccc12)NC1CCCN(c2ccccc2)C1=O', 'O=C(Cc1c[nH]c2ccccc12)Nc1ccc(CN2CCOC2=O)cc1', 'O=C(c1cccc2ncccc12)N1CCOCC1C1CC1', 'O=C(Cc1cccc2ccccc12)N1CCOCC1C1CC1', 'O=C(c1n[nH]c2ccccc12)N(CC1CC=CO1)C1CC1', 'O=C(CCc1c[nH]c2ccccc12)N1CCOCC1', 'O=C(c1c[nH]c2cccc(F)c12)N1CCCC(n2cccn2)C1', 'O=C(Cc1noc2ccccc12)Nc1ccc(N2CCCCC2)cn1', 'O=C(c1c[nH]c2cccc(F)c12)N1CCC2(CCCC2)C1']"
4511,1e-04,0.0,0.0,[]
4512,1e-04,0.0,0.0,[]
4513,0.0014,0.32883102,0.8547652363777161,"['CCCN1CNc2c(c(=O)[nH]c(=O)n2Cc2ccccc2)C1', 'CC(=O)N1CN(S(C)(=O)=O)c2ccccc2N(S(C)(=O)=O)C1', 'CN1CCN(C(=O)CC(C)(C)C)c2nc3ccccc3nc21', 'CC(=O)Nc1ccc2c(c1)nc1n2CCN(c2ccc3[nH]ccc3c2)C1', 'CC(C)(C)CC1NCCc2c(F)cc(F)c(F)c21', 'COC(=O)CN1CC(C)Nc2cc(F)c(F)cc21', 'CCCC(=O)OC1CN(c2nc3c(OC)cccc3s2)C1', 'Oc1cccc(C2NCCc3c(F)cc(O)cc32)c1', 'C=CCCC1NCCc2c(OC(F)(F)F)cc(O)cc21', 'CC1CN(C(=O)c2ccc[nH]c2=O)c2ccccc21']"
4514,1e-04,1.0,0.0,['N#Cc1c(CCCNC(=O)C2CC=CCC2)nn(-c2ccccc2)c1N']
4515,1e-04,0.0,0.0,[]
4516,1e-04,0.0,0.0,[]
4517,1e-04,0.0,0.0,[]
4518,1e-04,0.0,0.0,[]
4519,1e-04,0.0,0.0,[]
4520,1e-04,0.0,0.0,[]
4521,0.0027,0.3748546,0.6945957541465759,"['O=C1OCCC1Sc1n[nH]c(=O)n1CCc1ccccc1', 'NC1C(=O)NCC1c1ccccc1Br', 'CC1CN(C(=O)OC(C)(C)C)CCN1Cc1ccncc1', 'O=C1NCCNC1c1ncccc1Br', 'O=C1NCCN1CCNc1ccc(Cl)c(F)c1', 'CC1COCCN1C(=O)c1occc1COc1ccccc1', 'O=C1CNc2cccc(Cl)c2N1CCc1ccccc1', 'CN1c2ccccc2C(=O)NC1c1ccc(Br)cc1', 'CC1CN(CCOc2ccccc2)CCN1CC(O)c1ccccc1', 'O=C1OCCN1CCS(=O)(=O)c1ccc(O)cc1']"
4522,0.0028,0.37275591,0.8583714962005615,"['CC(=O)N1CCn2c(nnc2C2CCN(c3ncccn3)CC2)C1', 'CCCn1c(C)nnc1SCC1CCCCO1', 'CCCn1c(C)nnc1CSc1nnnn1-c1cccc(F)c1', 'N#Cc1ccc(OCCN2CCn3c(nnc3C3CC3)C2)cc1', 'O=C(c1ccc2[nH]ccc2c1)N1CCn2c(nnc2C(F)(F)F)C1', 'CC(=O)Nc1nc(CN2CCn3c(C)nnc3C2)cs1', 'Cc1noc(C)c1CC(=O)N1CCn2c(nnc2-c2ccccc2)C1', 'O=C(NC(C1CC1)C1CC1)N1CCn2c(nnc2-c2ccccc2)C1', 'CC(C)n1c(N)nnc1SCc1nnnn1C1CC1', 'CCCn1c(C)nnc1SCC(=O)Nc1ccc(C)c(F)c1']"
4523,1e-04,0.0,0.0,[]
4524,0.0109,0.31930682,0.7999114394187927,"['O=C(Nc1ccc(F)cc1F)NC1CCC(O)CC1', 'C#Cc1cccc(NC(=O)NC2CCC(O)CC2)c1', 'O=C(Nc1cccc(Cl)c1F)NC1CCC(O)CC1', 'Cc1ccc2nc(C(=O)N3CCC(O)(CO)CC3)c(F)n2c1', 'O=C(Nc1ccccc1OCC(F)(F)F)NC1CCC(O)CC1', 'O=C(Nc1ccc(F)cc1Cl)NC1CCC(O)CC1', 'Cc1cccc2cc(C#N)c(N3CCC(O)CC3)nc12', 'Cc1cccc2nc(C(=O)N3CCCC(O)(CO)CC3)cn12', 'CC(C)Oc1ccc(F)cc1NC(=O)NC1CCC(O)CC1', 'O=C(CCSc1ccc(Cl)cc1)NC1CCC(O)CC1']"
4525,1e-04,0.0,0.0,[]
4526,1e-04,0.0,0.0,[]
4527,1e-04,0.0,0.0,[]
4528,1e-04,0.0,0.0,[]
4529,1e-04,1.0,0.0,['CCCOC(=O)c1cc(-c2c(O)cc(O)cc2O)nn1CCO']
4530,1e-04,0.0,0.0,[]
4531,0.0141,0.26673946,0.789129912853241,"['O=c1[nH]nc2c(Oc3cccc(Cl)c3)nccn12', 'CCn1ccc2c(cnc3c(-c4ccc(F)cc4)c(C)nn32)c1=O', 'CCc1cc2c(N3CCCC(CO)C3)ncnc2s1', 'Cc1cc2c(SCCOC(C)C)ncnc2s1', 'CCc1nc2c(NC(=O)CCc3cccc(OC)c3)cccn2n1', 'COCCCn1ccc2c(cnc3c(-c4ccccc4)c(C)nn32)c1=O', 'N#CCCn1ncc2c(N3CCCC(CO)C3)ncnc21', 'Cn1ncc2c(SCc3cccc4c3OCCO4)ncnc21', 'Cc1n[nH]c2c(N3CCN(c4ncccn4)CC3)ncnc12', 'Cn1ncc2c(N3CCC4(CC3)OCCO4)ncnc21']"
4532,0.0126,0.299118,0.6867039799690247,"['Cn1nnnc1SCCC(=O)Nc1nc2c(s1)CCC2', 'Cn1nnnc1SCC(=O)NCc1ccc(Cl)cc1', 'Cn1nnnc1SCC(=O)N(CCC#N)c1cccc(Cl)c1', 'Cn1nnnc1NCc1ccccc1OCc1ccc(F)cc1', 'Cn1nnnc1SCC(=O)c1ccc2c(c1)Cc1ccccc1-2', 'Cn1nnnc1-c1cccc(NC(=O)CC2C=CCC2)c1', 'Cn1nncc1CNc1ncc(Cc2ccc(C#N)cc2)s1', 'Cn1nnnc1-c1cccc(C(=O)NCC(=O)N2CCCCC2)c1', 'Cn1nc(C(=O)NCCn2ncccc2=O)ccc1=O', 'Cn1ncnc1NC(=O)NCc1ncc(-c2ccccc2)[nH]1']"
4533,0.0007,0.42509824,0.6479745507240295,"['CCCN1C(=O)C(O)(CC(=O)c2cccs2)c2cc(Cl)ccc21', 'CCCN1C(=O)C(O)(C(C)C(=O)c2ccccc2)c2ccccc21', 'CN1C(=O)C(O)(CC(=O)c2cccs2)c2ccccc21', 'CN1C(=O)C(C(=O)Nc2ccccc2Br)c2ccccc21', 'CC(C)CN1C(=O)C(CC(=O)N2CCCC2)Sc2ncccc21', 'CC(=O)NC1C(=O)N(CC2COc3ccccc3O2)c2ccccc21', 'CN1C(=O)CN(C(=O)c2cnc(C3CCCO3)s2)c2ccccc21']"
4534,0.012,0.3275994,0.5881015062332153,"['CC1CCN(c2ncnc(N(CCC#N)CCC#N)c2N)CC1', 'Cc1ccc(F)c(S(=O)(=O)N(CCC#N)CCC(F)(F)F)c1', 'Cc1cc(C)c(C)c(S(=O)(=O)N(CCC#N)CC2CC2)c1C', 'Cc1cccc(N(CCC#N)C(=O)Cc2cccs2)c1', 'Cc1cccc(OCC(=O)N(CCC#N)C(C)C)c1', 'Cc1ccc(S(=O)(=O)N(CCC#N)C2CC2)cc1C', 'COc1ccccc1C1(CCC#N)CCCCC1=O', 'COc1cccc(CC(=O)N(CCC#N)C(C)C)c1', 'Cn1c(SCCCC#N)nnc1-c1ccncc1', 'CC(C)(C)c1ccc(CCNC(=O)CCC#N)cc1']"
4535,1e-04,0.0,0.0,[]
4536,0.0007,0.338062,0.9481764435768127,"['COc1ccnc(NC(=O)c2nn(-c3ccccc3C)c3c2CCC3)c1', 'c1ccc(-n2c(Sc3ccc4nnnn4n3)nc3c2CCCC3)cc1', 'Cc1ccccc1CSc1nc(=O)n(CCO)c2c1CCC2', 'Cn1nc(CNC(=O)c2cnc3ccccc3n2)c2c1CCOC2', 'Cc1ccc(S(=O)(=O)N(C)CC(N)=O)c2c1NCCC2', 'O=C(CCc1ccncc1)Nc1ccc(-c2nnc3n2CCCC3)cc1', 'CSc1ccccc1C(=O)NCc1nn(C)c2c1CCCC2']"
4537,1e-04,0.0,0.0,[]
4538,1e-04,0.0,0.0,[]
4539,1e-04,0.0,0.0,[]
4540,1e-04,0.0,0.0,[]
4541,1e-04,0.0,0.0,[]
4542,1e-04,0.0,0.0,[]
4543,0.0016,0.39330256,0.6456787586212158,"['CCCc1nnc(NC(=O)CSc2nc(N)cc(N)n2)s1', 'CN(C)c1nc(N)nc(CSc2cc(C#N)ccn2)n1', 'CCCn1cc(C(=O)NCc2nc(N)nc(N(C)C)n2)c(C)n1', 'COCc1ncc(C(=O)Nc2nc(C)cc(C)n2)c(N)n1', 'CC(C)c1ccc(CN(C)Cc2nc(N)nc(N)n2)cc1', 'CCCCn1nc(C(=O)n2ncc(C#N)c2N)ccc1=O', 'Cc1ccccc1-c1noc(=O)n1Cc1nc(N)nc(N)n1', 'CCn1nc(CC(C)C)cc1C(=O)Nn1cnnc1', 'CN(CC(N)=O)c1c(C#N)c(=O)n(C)c(=O)n1C', 'CCN(CC)c1cc(N2CCN(C(=O)c3nc[nH]n3)CC2)nc(N)n1']"
4544,1e-04,0.0,0.0,[]
4545,1e-04,0.0,0.0,[]
4546,1e-04,0.0,0.0,[]
4547,0.0013,0.32568014,0.9592753052711487,"['Cn1nc2c(c1C(=O)Nc1ccccc1)CCCC2', 'Cn1nc2c(c1NC(=O)c1ccc(Br)c(F)c1)CCC2', 'Cn1nc2c(c1NC(=O)c1ccc(OC(F)(F)F)cc1)CCC2', 'Cn1nc2c(c1NC(=O)Cc1cccc3ccccc13)CCC2', 'Cn1nc2n(c1=O)CCN(CCC(=O)Nc1cc(F)cc(F)c1)C2', 'Cn1nc2n(c1=O)CCN(CCC(=O)N1CCOCC1)C2', 'Nc1nc2c(cc1C(=O)N1CCc3ccccc31)CCC2', 'Cc1nc2c(c(=O)[nH]1)CN(C(=O)c1ccc3nc(C)c(C)nc3c1)C2', 'Cc1nc2c(c(C)nn2C)c(C)c1CCC(=O)N1CCOCC1', 'COCCn1c2c(ccc1=O)CCN(C(=O)Cc1ccsc1)CC2']"
4548,0.0717,0.2786755,0.5679324865341187,"['Cc1ccc(NS(=O)(=O)N(C)C(C)C)c(C)c1N', 'Cc1ccc(CNS(=O)(=O)c2c(C)nc3sc(C)nn23)cc1', 'COc1c(C)cnc(CNS(=O)(=O)c2ccc(F)c(F)c2)c1C', 'COc1ccc(CNS(=O)(=O)CCCO)cc1C', 'c1ccc(-c2nn3c(Cn4nnc5ccccc54)nnc3s2)nc1', 'CC(C)n1c(-c2ccc(F)cc2)ccc(CO)c1=O', 'CC(C)C(=O)N1Cc2ccc(C(O)c3ccco3)cc2C1', 'CNC(=O)c1ccc(NCc2ccc(C)o2)c(C)c1', 'N#Cc1ccc(OCCNc2cccc(F)n2)cc1', 'COC(=O)c1cccc(COc2ccc(N)cc2F)c1']"
4549,0.0003,0.36279413,1.184530258178711,"['O=C(CS(=O)(=O)c1ccccc1)Nn1cn[nH]c1=O', 'CN(CCC(F)(F)F)C(=O)Cn1c(=O)[nH]c2ccccc21', 'CC(O)C(NC(=O)OCc1ccccc1)C(N)=O']"
4550,1e-04,0.0,0.0,[]
4551,0.0002,0.5,0.0,"['CCOc1ccc(C2OC(C)C(C)O2)cc1OC', 'N#Cc1ccc(C2NCCc3c(O)ccc(F)c32)cc1']"
4552,0.0026,0.47065142,0.4429660439491272,"['COC(=O)c1ccc(N2CCN(C(=O)c3ccco3)C(C)C2)cc1', 'CC(=O)c1ccc(OC(=O)C2CC(=O)N(C)C2c2cccnc2)cc1', 'CCOC(=O)c1cnn(C2CCCN(C(=O)Cn3ccnc3)C2)c1', 'CCOC(=O)c1cnn(C2CCCN(C(=O)c3cccc(C)c3)C2)c1', 'CC(=O)c1ccc(N2CCN(Cc3cccc(F)c3)CC2)cc1', 'CCCNC(=O)c1ccc(NC2=NS(=O)(=O)c3ccccc32)cc1', 'CCOC(=O)c1cnn(C2CCCN(C(=O)c3ccc(C)cc3)C2)c1', 'NC(=O)Nc1ccc(C(=O)Nc2ccc3c4c(cccc24)CC3)cc1', 'NC(=O)c1cccc(CC2CCN(C(=O)Nc3ccccc3)C2)c1', 'COC(=O)c1ccc(OCc2nc(N)nc(N3CCCCC3)n2)cc1']"
4553,0.0023,0.28192332,0.8087868094444275,"['CC(=Cc1ccccc1)CN(C)Cc1nccs1', 'CC(CNC(=O)c1cccc(Cl)c1)CN1CCOCC1', 'CC(CNC(=O)C(C)(C)c1cccnc1)CN1CCOCC1', 'CC(CNC(=O)C1CC1c1ccco1)Cn1cccn1', 'N#CCCC(C#N)CN1CCN(c2nccs2)CC1', 'OC(CNc1ccc2ccc(F)cc2n1)CN1CCOCC1', 'CC(CNC(=O)c1ccnc(-n2ccnc2)c1)CN1CCCC1=O', 'CC(C#N)CN(C)C(=O)c1ccc(Br)cc1F', 'C=CCC(O)(CC=C)CNC(=O)c1cc(C)nc2cc(C)ccc12', 'CC(C)OCc1ccccc1CNc1ncccn1']"
4554,1e-04,0.0,0.0,[]
4555,0.0029,0.41243428,0.602263867855072,"['Cc1ccc(-c2ncco2)cc1NC(=O)NC1C=CC(CO)C1', 'O=C(Nc1nc(Cc2ccccc2)cs1)NC1C=CC(CO)C1', 'CC(C)(C)C1CCN(S(=O)(=O)NC2C=CC(CO)C2)CC1', 'COc1ccc(CC(=O)NC2CC(O)C(CO)C2)cc1', 'COC1CC(CC(=O)NCCc2ccc3c(c2)OCO3)CC(OC)C1', 'N#Cc1cccc(C(=O)NC2C(c3cccnc3)CC(O)C2O)c1', 'Cc1ncc(C(=O)N2CCC(C)(O)C(O)C2)c(C)n1', 'COc1cc2c(c(OC)c1OC)CCNC2C1CC(=O)C1', 'CCC(C)n1ncc(C(=O)NCC2CCCC(O)C2)c1C1CC1', 'Cc1noc(C)c1S(=O)(=O)N(C)CCC1CCCC(C)C1']"
4556,0.0147,0.30491868,0.6476054787635803,"['CC(Cc1ccsc1)NS(=O)(=O)c1cn[nH]c1', 'O=C(NCc1cccs1)c1cn[nH]c1-c1cccs1', 'O=C(Nc1cn[nH]c1)C1CC1c1ccc(Cl)cc1', 'COCCCNC(=O)CN(C)C(=O)c1cn[nH]c1', 'Cc1ccccc1CNC(=O)c1cn[nH]c1-c1ccccc1', 'O=C(NCC1CCCO1)c1c[nH]nc1-c1ccccc1Cl', 'N#Cc1cccnc1NCCNS(=O)(=O)c1cn[nH]c1', 'CCOC(=O)c1c(C)n[nH]c1S(=O)(=O)N(C)C1CCCCC1', 'CCn1cc(CC(=O)NCCCc2cn[nH]c2C)c2ccccc21', 'Cc1nc(CCNS(=O)(=O)c2cn[nH]c2)cs1']"
4557,0.0018,0.40849358,0.7025936245918274,"['CCC(=O)N1CCCC1(C)c1nc(C)cc(C(=O)NC)n1', 'CCOCCC(=O)Nc1ccc(C(=O)NC)c(Cl)c1', 'CCC1CN(C(=O)c2ccc(S(=O)(=O)NC)o2)CCO1', 'CCCn1c(SCC(=O)NC)nnc1C(C)C', 'CCCCCNC(=O)Nc1cc(C(=O)NC)ccc1Cl', 'CCn1nnc2cc(C(=O)Nc3cccc(C(=O)NC)c3)ccc21', 'CCN(CC(=O)NC)C(=O)CCc1cccc(Cl)c1Cl', 'CNC(=O)OCc1nc(-c2ccccc2)oc1COC(=O)NC', 'CCCCNC(=O)N1CCCC(c2n[nH]cc2NC(=O)NCC)C1', 'CNC(=O)CN(C)C(=O)c1cc(C)c(C)c(S(=O)(=O)NC)c1']"
4558,0.0014,0.4631755,0.7283695340156555,"['CCC1Oc2c(cccc2OCc2ccccc2)NC1=O', 'O=C1NCC(c2cccs2)N1c1ccc(F)cc1', 'CC(C)N1CCOC(c2cccc(Br)c2)C1', 'O=C1OCCC1N1CCN(c2ccc(O)cc2)CC1', 'OCCOc1cccc2sc(-c3cccs3)nc12', 'OCC1CN(c2ccc(F)cc2)C(c2cccc(O)c2)O1', 'O=C1OC(c2c[nH]c3ccccc3c2=O)c2ccccc21', 'CCC1COC2(CCN(c3ccc(C#N)cc3)C2)C1', 'O=C1CC(c2ccccc2F)c2c(c3ccccc3oc2=O)O1', 'O=C(c1ccc[nH]1)N1CCC(c2ccc(O)cc2)CC1']"
4559,0.0039,0.30905458,0.7133578062057495,"['O=C1NCCCCC1NC(=O)N1CCCC1C1CCCCC1', 'O=C(Cn1cc(Br)cn1)NCCCOC1CCCCC1', 'O=C(NCC1CN2CCCCC2CO1)C1CC=CCC1', 'O=C(CCCOCC1CCOCC1)c1ccccc1', 'O=C1OCCC1Sc1n[nH]c(=O)n1CCc1ccccc1', 'O=C(CCc1ccccc1F)OCc1ccccn1', 'O=C(NC1c2ccccc2CC1O)c1c[nH]nc1C1CCCCC1', 'O=C(C1CCOC1)N1CCCC1C1CCCCC1', 'O=C(CSc1nnnn1C1CC1)OC1CCCCCC1', 'c1cnc(OCC2CCC3C2OCCN3Cc2ccco2)nc1']"
4560,0.005,0.22457722,0.933925986289978,"['CCCCC(CC)C(=O)C(C#N)c1nc(C)cs1', 'CCCC(C)CC(=O)N1CCC(Nc2cccnn2)CC1', 'CCCCCC(C)NC(=O)Nc1cc(C(F)(F)F)c[nH]c1=O', 'CCCC(C)c1nnc(NC(=O)COc2ccccc2)s1', 'CCC1CCCCC1Oc1nc2sccn2c1CO', 'CCCCCCNC(=O)C(N)c1cccc(O)c1', 'CCCC(C)(C)NS(=O)(=O)c1c[nH]c(C(=O)N2CCCC2)c1', 'CCC(C)C(C)NC(=O)N1CCC(CC(=O)N2CCCC2)CC1', 'CCOCc1ccccc1CNc1cn[nH]c(=O)c1Cl', 'CCC1CCCCC1NC(=O)NCCc1ccccn1']"
4561,1e-04,0.0,0.0,[]
4562,1e-04,0.0,0.0,[]
4563,1e-04,0.0,0.0,[]
4564,0.0063,0.21850444,0.8366734981536865,"['Cc1cccnc1CNc1nccn(C(C)C)c1=O', 'Cc1cccc(CNc2nccn(C3CC3)c2=O)c1', 'CCCN(CCC)C(=O)CN1CCn2c(nn(C)c2=O)C1', 'CC(NC(=O)Cn1cnc2c(cnn2C)c1=O)c1ccccc1Cl', 'Cc1ccc(OCC(O)Cn2cnc3c(cnn3C)c2=O)c(C)c1', 'COc1cccn(Cc2sc(C)nc2C)c1=O', 'CC(C#N)Cn1cccc(OCc2ccccc2)c1=O', 'CC(C)CNC(=O)CCn1cnc2ccccc2c1=O', 'Cc1ccc(CC(=O)Nc2nccn(C)c2=O)s1', 'O=C(Cn1cnc2ccccc2c1=O)c1cccs1']"
4565,0.022,0.34522465,0.6121585965156555,"['O=C(NCC(c1ccsc1)N1CCOCC1)c1ccc(F)cc1', 'O=C(NCC(c1cccs1)N1CCOCC1)c1cccs1', 'O=C(CSc1nncs1)N(Cc1ccsc1)c1ccccc1', 'O=S(=O)(c1cn[nH]c1)N1CCOC2CCCC21', 'CC(C)N(Cc1cccs1)C(=O)c1ccnc(N)c1', 'O=C(OCCc1cccs1)c1cnc2n(c1=O)CCS2', 'O=C(NCCc1cscn1)Nc1cc(F)cc(Br)c1', 'O=C(CCCn1cncn1)Nc1ccc2c(c1)CCC(=O)N2', 'O=C(NCc1cscn1)c1cc2c(ccc3ccccc32)[nH]1', 'O=C(NCCc1cscn1)N1CCOCC1C1CC1']"
4566,0.1329,0.3541172,0.4191776216030121,"['Cc1c(C(=O)NCc2cn[nH]c2)oc2c(F)cccc12', 'Cc1ncnc(N(C)Cc2n[nH]c3c2CCCCC3)c1C', 'c1cnc(N2CCCC(c3n[nH]c4ncccc34)C2)nc1', 'CC(Sc1nc(C(C)C)n[nH]1)C(=O)c1ccc(F)cc1', 'CCn1cc(NC(=O)c2n[nH]c3ccccc23)ccc1=O', 'Cc1cc(C(=O)NCc2n[nH]c3c2CCC3)c2cnn(C(C)C)c2n1', 'N#Cc1ccccc1CSc1n[nH]c(=O)n1CC1CCCO1', 'CCCC1CN(Cc2cccc3[nH]ccc23)CCO1', 'CC(Sc1nc(C(C)C)n[nH]1)C(=O)c1ccc(F)c(F)c1', 'COC(=O)c1cc(-c2c[nH]c3ccccc23)nn1C']"
4567,1e-04,0.0,0.0,[]
4568,0.0056,0.527373,0.514275074005127,"['Cc1cccc(NC(=O)C2CC(=O)N(c3ccc(Cl)cc3)C2)c1', 'COc1ccc(NC(=O)C2CC(=O)N(c3ccc(Cl)cc3)C2)cc1', 'Cc1ccc(NC(=O)C2CC(=O)N(c3ccccc3Cl)C2)cc1', 'Cc1ncsc1CCOC(=O)C1CC(=O)N(Cc2ccco2)C1', 'CNC(=O)c1ccc(NC(=O)C2CC(=O)N(c3ccccc3)C2)cc1', 'Cc1cc(C)cc(NC(=O)C2CC(=O)N(c3cccc(C)c3)C2)c1', 'Cc1ccc(CNC(=O)C2CC(=O)N(c3ccccc3)C2)cc1', 'Cc1cccc(NC(=O)C2CC(=O)N(c3ccc(F)cc3)C2)c1C', 'COc1ccc(NC(=O)C2CC(=O)N(c3ccccc3)C2)cc1', 'Cc1cc(C)cc(NC(=O)C2CC(=O)N(c3ccccc3C)C2)c1']"
4569,1e-04,0.0,0.0,[]
4570,1e-04,0.0,0.0,[]
4571,0.01,0.32307637,0.7539464831352234,"['COc1cc(C(=O)OC2CCCC2OC)ccc1OC(C)C', 'CC1CN(c2cc(N3CCCC3CO)ncn2)CCO1', 'O=C(Nc1ccc(F)cc1)NC1CCCCC1O', 'CSc1ccc(NC(=O)NC2CCCC2(C)CO)cc1Cl', 'Cc1cc(S(=O)(=O)N2CCCC2CO)ccc1Cl', 'COc1ccc(C)cc1NC(=O)C1CCCCC1CO', 'CC(C)c1ccccc1NC(=O)NC1CCCCC1O', 'Cc1cc(NC(=O)N2CCCC2CO)n(C(C)(C)C)n1', 'Cc1cccc(-c2cncc(C(=O)N3CCCC3CO)c2)c1', 'COc1c(C(=O)N2CCOCC2C)sc(C)c1Br']"
4572,0.0008,0.2597971,1.1002506017684937,"['CC(C)(C)OC(=O)N1CCc2[nH]c3ccc(Cl)cc3c(=O)c2C1', 'Fc1ccc(C2NCCc3cc4[nH]ccc4cc32)nc1', 'CCn1cc(CN(C)C(=O)c2oc3c(C)c(C)ccc3c2C)cn1', 'Cc1ccccc1C(=O)N1CCOc2nc3c(C)cccc3cc2C1', 'O=C1CCC(=O)c2oc3ccc(Br)cc3c2N1', 'CC(=O)c1[nH]c2c(C)cccc2c1Br', 'CSc1cccc(NC(=O)Nc2cc(F)c3[nH]c(=O)ccc3c2)c1', 'O=c1[nH]c(CN2CCCc3cc(F)ccc32)nc2ccccc12']"
4573,0.0008,0.42819014,0.6080949306488037,"['CS(=O)(=O)N1C2CCC1CN(C(=O)Cc1cccc(F)c1)C2', 'CS(=O)(=O)NCC12COCC1CN(C(=O)c1cccnc1)C2', 'CCOCC12COCC1CN(C(=O)c1sccc1C)C2', 'CC1(C)OCC2(CO1)CN(C(=O)c1cnccn1)C2', 'C=CCOC1C2CCC1N(S(=O)(=O)c1ccccc1)CCO2', 'CN(C)C(=O)N1CC2CCC1CN(C(=O)c1cnccn1)C2', 'COCCN1C(=O)C2CCC1CN(c1nc(C)nc3ncccc13)C2', 'CCOCc1ncn2c1CN(S(=O)(=O)c1cccc(C)c1)CC2']"
4574,0.0014,0.70615584,0.34712153673171997,"['CC1CC(C)CN(C(=O)COc2ncnc3sccc23)C1', 'CC1CC(C)CN(C(=O)COc2ccccc2N)C1', 'CC1CC(C)CN(C(=O)CSc2nc(C(C)C)n[nH]2)C1', 'CC1CC(C)CN(C(=O)c2cc(Cl)ccn2)C1', 'CC1CC(C)CN(C(=O)Nc2ccc(C(=O)NC3CC3)cc2)C1', 'CC1CC(C)CN(C(=O)C(C)NS(=O)(=O)c2cnn(C)c2)C1', 'CC1CC(C)CN(C(=O)c2snc(C#N)c2N)C1', 'CC1CC(C)CN(C(=O)c2ccccc2NC(=O)N2CCOCC2)C1', 'CC1CC(C)CN(C(=O)c2cc(=O)c3cc(N)ccc3o2)C1', 'CC1CC(C)CN(C(=O)C2(C)CC2(Cl)Cl)C1']"
4575,1e-04,0.0,0.0,[]
4576,1e-04,0.0,0.0,[]
4577,1e-04,1.0,0.0,['O=c1c(=CC=Cc2ccccc2)sc2nc(-c3ccncc3)nn12']
4578,1e-04,0.0,0.0,[]
4579,0.0009,0.45613268,0.5473523736000061,"['CCCCNC(=O)CC1CSc2ncc(C)c(=O)n21', 'O=C(CC1Sc2ccccc2NC1=O)Nc1cccc(F)c1', 'O=C(CC1Sc2ccccc2NC1=O)Nc1ccc(F)c(F)c1', 'CC(C)CN1C(=O)C(CC(=O)N2CCCC2)Sc2ncccc21', 'CNC(=O)c1snc(S(=O)(=O)c2ccccc2)c1N', 'Cc1ccc(NC(=O)CC2CSc3nccc(=O)n32)cc1', 'Cc1nnc(SC(C)C(=O)NCc2ccccc2)n1N', 'O=C(CN1CCN(C(=O)CCSc2ccccn2)CC1)NC1CC1', 'CCNS(=O)(=O)C1CCN(C(=O)c2cscc2C)C1']"
4580,1e-04,0.0,0.0,[]
4581,1e-04,0.0,0.0,[]
4582,0.0153,0.6116438,0.3540530204772949,"['CCCN(CCO)c1ccc2cccc(Br)c2n1', 'CCCNc1ccc(S(=O)(=O)N2CCCC2)cc1N', 'CCCNc1nnc(SCC(=O)c2ccccc2F)s1', 'CCCNC(=O)c1cc(C)nc2ccc(Cl)cc12', 'CCCNC(=O)c1cnc(CCOc2ccccc2)nc1N', 'CCCN1CCOC(CCNC(=O)c2c(F)cccc2Cl)C1', 'CCCNc1ccc(C(=O)N(C)C2CCCC2)nn1', 'CCCN1C(=O)C(C(C)C)Oc2ccc(CO)cc21', 'CCCNC(=O)CCCC(O)c1ccc(Br)cc1', 'CCCNc1nc2nc3ccc(C)cn3c(=O)c2cc1C(=O)NC']"
4583,0.0002,0.5,0.0,"['CCNC(=O)CNc1nc2sc3c(c2c(=O)n1C(C)C)CCCC3', 'CC(C)c1nc2sc3c(c2c(=O)n1N)CCCC3']"
4584,0.0025,0.37814534,0.9329242706298828,"['Cc1ccc(-c2noc(C3CC34CCCCC4)n2)nn1', 'CNC(=O)C1CN(C(=O)NCCc2ccccc2)CC12CCCC2', 'CNC(=O)C1CN(C(=O)c2ccc(F)cc2)CC12CCCC2', 'CCOC1CC(NC2=NS(=O)(=O)c3ccccc32)C12CCC2', 'CN(CCN1CCOCC1)C(=O)C1CC12CCCc1ccccc12', 'FC1(F)CCN(Cc2ccsc2)CC12CCN(c1cccnc1)C2', 'CCOC1CC(NC(=O)N(C)Cc2nnc3ccccn23)C12CCC2', 'CCC(NC(=O)NC1C2CCOC2C12CCC2)c1noc(C)n1', 'C=CCN1C(=O)C(C)NC12CCN(C(=O)C1CCC1)CC2', 'O=C1N(c2cccnc2)CCC12CCCN(c1ncc(F)cn1)C2']"
4585,0.0447,0.3654456,0.45242840051651,"['Brc1ccc(Br)c2nccnc12', 'COc1ccc2[nH]c3c(c2c1)CCN1C(=O)CNC(=O)C31C', 'O=C(Nc1cccc2[nH]ccc12)c1csc(-n2cccc2)n1', 'Nc1cccnc1Sc1nnnn1C1CCCC1', 'Cc1nc(=O)c2cccnc2n1C1=CCN(C(=O)c2ccccn2)CC1', 'Cc1nnc(N2CCC3(CC2)OCCCC3O)o1', 'O=C(c1ccc2[nH]ccc2c1)N1CCn2c(nnc2C(F)(F)F)C1', 'O=C(c1ccc2[nH]ncc2c1)N(Cc1cccnc1)Cc1ccco1', 'FC(F)(F)c1cccc2c1C(CC1CC1)NCC2', 'O=C(c1ccc2[nH]cnc2c1)N1CCCC1c1ccc2c(c1)OCO2']"
4586,1e-04,0.0,0.0,[]
4587,1e-04,0.0,0.0,[]
4588,1e-04,1.0,0.0,['O=C(CCc1ncc(-c2ccc(F)cc2)o1)OCC1CCCO1']
4589,1e-04,0.0,0.0,[]
4590,0.0136,0.4004826,0.5175206661224365,"['O=C(Oc1cccc(OC(=O)c2ccco2)c1)c1ccco1', 'CC(=O)Nc1ccc(C)c(S(=O)(=O)Oc2cccc(C)c2C)c1', 'COc1ccc(C(=O)Oc2ccc3cc(C(N)=O)c(=O)oc3c2)cc1', 'CCC(=O)Nc1cccc(C(=O)Oc2cccc(C(=O)NC)c2)c1', 'CN(C)C(=O)c1ccc(C(=O)Oc2ccc3c(c2)CCC3)cc1', 'CC(=O)Nc1ccc(C(=O)Oc2cccc(C(C)=O)c2)cc1', 'COC(=O)c1ccc(OC(=O)CC(C)c2ccc(F)cc2)cc1', 'Cc1ccc(OC(=O)c2ccc(-n3cnnn3)cc2)cc1', 'COc1cc(C)ccc1OC(=O)c1cccc2cn[nH]c12', 'CC(=O)c1ccc(OC(=O)C2CC(=O)N(C)C2c2cccnc2)cc1']"
4591,1e-04,0.0,0.0,[]
4592,1e-04,0.0,0.0,[]
4593,0.0018,0.2963877,0.9044978618621826,"['C=CCC(c1ccco1)N(C(C)=O)c1ccccc1', 'C#Cc1cccc(N(Cc2cccs2)C(=O)c2ccncc2)c1', 'COc1ccc(C(=O)N(Cc2ccccc2)c2ccccc2)nn1', 'Cc1occc1C(=O)N(Cc1ccccn1)c1ccc(F)cc1', 'Nc1ccc(S(=O)Nc2cccc(Cl)c2)cc1', 'COC(=O)CN(c1ccc(OC)cc1)S(C)(=O)=O', 'Cc1ccc(S(=O)CCOc2ccccc2)cc1', 'COc1ccc(C(=O)N(C(C)C)C2CCOCC2)cc1OC', 'Cc1ccccc1CN(Cc1cccnc1)C(=O)c1cccnc1', 'COCCN(Cc1ccccc1)C(=O)Nc1cc(C)cc2cccnc12']"
4594,0.0037,0.2894394,0.7199156284332275,"['OCCOCCNc1cc(Cl)c2cc[nH]c2n1', 'CC(=O)c1[nH]c2c(C)cccc2c1Br', 'CNC(=O)c1c[nH]c2ncc(Br)cc12', 'COc1ncccc1CNC(=O)c1cc(C(C)C)[nH]n1', 'O=c1ccnc(Cc2ccc(Br)cc2)[nH]1', 'CCc1cc(C(=O)NCCC2CC3CCC2C3)[nH]n1', 'COC(=O)CSc1nc2cc(C)[nH]c2c(=O)n1C(C)C', 'CC(NC(=O)Cc1c[nH]c2ccccc12)c1nc2ccccc2[nH]1', 'CCC(C)NC(=O)c1cc(-c2ccc(C)s2)[nH]n1', 'O=C(COc1ccc(Br)cc1F)c1ccc[nH]1']"
4595,0.0003,0.64120394,0.056159473955631256,"['COC(=O)C1C2CCC(C2)C1NC(=O)c1ncn(-c2ccccc2)n1', 'CC(=O)N1C=Cc2ccccc2C1CC(=O)Nc1ccc(C(N)=O)cc1', 'O=C(Nc1ccc(Cl)cc1)C1CC=CCC1C(=O)N1CCOCC1']"
4596,1e-04,0.0,0.0,[]
4597,1e-04,0.0,0.0,[]
4598,1e-04,0.0,0.0,[]
4599,0.0138,0.20524892,0.7943010330200195,"['CCCCc1ccc(CC(=O)NCc2cn[nH]c2)cc1', 'CCCCc1ccc(C(=O)CNC(=O)C2CCCO2)cc1', 'COCCc1ccc(OCc2nc(C3CC3)no2)cc1', 'CCCCc1ccc(N2CC(C(=O)NCCC)CC2=O)cc1', 'CCCc1ccc(C(O)C(C)NCc2ccccn2)cc1', 'CCOCc1ccc(CNC(=O)Cc2cccc(F)c2)cc1', 'CCCCc1ccc(NC(=O)C2CN(S(C)(=O)=O)C2)cc1', 'CCCCc1ccc(NC(=O)CCn2ccc(=O)[nH]c2=O)cc1', 'COCc1cccc(C(=O)NC(C)c2ccccc2)c1', 'COCc1cccc(C(=O)N2CCOCC2C2CC2)c1']"
4600,0.0008,0.46883857,0.7032278180122375,"['OCCc1cn(C2CCN(C3N=CN=C4N=CN=C43)CC2)nn1', 'CC(=O)Nc1ccc(CC(=O)OCC(=O)C2=NC=CC2)cc1', 'C#Cc1cccc(NC(=O)CN(C)C(=O)C2CC(=O)N(CC)C2)c1', 'CC(=O)c1cc(C(=O)NCC2CN(S(C)(=O)=O)CCO2)cs1', 'Cc1cc(C)n(C2CCCN(C(=O)C3CC(=O)N(C)C3)C2)n1', 'Cc1cccc(N2CCN(C(=O)C3CCC(=O)N3C(C)C)CC2C)c1', 'CCNC(=O)c1ccc(NC(=O)C2CC(=O)N(CC)C2)cc1', 'CNC(=O)c1ccc(NC(=O)C2CC(=O)N(c3ccccc3)C2)cc1']"
4601,1e-04,0.0,0.0,[]
4602,1e-04,0.0,0.0,[]
4603,0.0027,0.5305829,0.6188668012619019,"['CCCS(=O)(=O)N1CCCC(C(=O)NC(C)c2ccncc2)C1', 'CCCS(=O)(=O)c1noc(C(=O)NCC)c1N', 'CCCS(=O)(=O)N1CCC(c2nnc(-c3ccsc3)o2)CC1', 'CCCS(=O)(=O)NCc1cccc2cccnc12', 'CCCS(=O)(=O)c1ccc(NCc2ccc(C)cc2)nn1', 'CCCS(=O)(=O)c1ccccc1C(=O)Nc1nc(C)cs1', 'CCCS(=O)(=O)N1CCN(CCNC(=O)c2cccs2)CC1', 'CCCS(=O)(=O)NC1CCN(c2ccccc2)CC1', 'CCCS(=O)(=O)N1CCN(S(=O)(=O)C2CC2)CC1', 'CCCS(=O)(=O)NC1CCN(C(=O)C2CC2(Cl)Cl)CC1']"
4604,1e-04,0.0,0.0,[]
4605,1e-04,0.0,0.0,[]
4606,1e-04,0.0,0.0,[]
4607,0.0613,0.52037823,0.353969007730484,"['c1ccc2c(CN3CCCC(c4cnccn4)C3)c[nH]c2c1', 'N#Cc1ccc(OCCN2CCn3c(nnc3C3CC3)C2)cc1', 'CCOC(=O)C(O)Cc1nc2c(ccc3ccccc32)o1', 'c1cnn(CCN2CCOC(Cn3cncn3)C2)c1', 'COCC1CCCN(C(=O)Cc2cn(C)c3ccccc23)C1', 'CC(C)(C)c1nnc(SCc2cn3ccccc3n2)o1', 'COc1ccccc1OC(=O)c1cnc2ccc(C)cn12', 'CCC(C)(C)C(=O)NCc1cn(-c2ccccc2)nn1', 'Cc1ccc(NC(=O)N(Cc2cnc3ccccn23)C2CC2)cc1', 'CNC(=O)COC(=O)c1c2c(nc3ccccc13)CCCCC2']"
4608,1e-04,0.0,0.0,[]
4609,1e-04,0.0,0.0,[]
4610,1e-04,0.0,0.0,[]
4611,0.0002,0.5,0.0,"['CCCCNC(=O)CC1CSc2ncc(C)c(=O)n21', 'CCCCCC(=O)NC1CCCN(c2ccccc2F)C1=O']"
4612,1e-04,0.0,0.0,[]
4613,1e-04,0.0,0.0,[]
4614,1e-04,0.0,0.0,[]
4615,0.002,0.43757257,0.6378625631332397,"['CCCc1cc(=O)[nH]c2nnc(SC(C)C(=O)OCC)n12', 'CCOC(=O)c1csc2nnc(-c3ccccc3OC)n12', 'CCOC(=O)c1csc2nnc(-c3cccc(C(=O)OC)c3)n12', 'CC(=O)c1nnc2scc(-c3cccc(OC(C)C)c3)n12', 'Cc1cccc2nc(-c3ccc(Br)cc3)c(C(C)O)n12', 'CCOc1cccc(-c2csc3nnc(CO)n23)c1', 'N#CCc1nnc2scc(-c3cc(F)ccc3F)n12', 'Cc1ccc(OCc2nnc3c(N)ccc(C)n23)cc1', 'CCOc1cccc2n[nH]c(=NC(=O)Nc3ccc(C)cc3)n12', 'Nc1cccc(-c2nnc3scc(-c4cccs4)n23)c1']"
4616,0.3802,0.23173365,0.6841019988059998,"['O=C(N1CCOCC1)N1CCN(c2nnnn2-c2ccccc2)CC1', 'CCCn1c(SCCOc2ccc(F)cc2)n[nH]c1=O', 'O=C(NCCCn1nc2n(c1=O)CCCC2)NC1CCCC1', 'O=C(Nc1cn[nH]c1)N1CCN(c2ccccc2)CC1', 'COc1c(NC(=O)Nc2cc(-c3ccccc3)on2)c(C)nn1C', 'CC(C)N(C(=O)CN1CCN(c2ccc(F)cc2)C1=O)C(C)C', 'O=C(NCc1nncn1C1CC1)Nc1ccn(Cc2ccccc2)n1', 'O=C(Cn1c(=O)[nH]c2ccccc21)N(Cc1cccc(F)c1)C1CC1', 'O=C(NC1CCCC1)N1CCN(c2ccccn2)CC1', 'Nn1c(COc2ccc(F)cc2)nnc1SCCn1cccn1']"
4617,1e-04,0.0,0.0,[]
4618,0.0013,0.37946928,0.7124543786048889,"['Cc1noc2nc(C(C)C)cc(C(=O)Nn3cnc4ccccc43)c12', 'COc1ccc(CC(=O)Nn2cnc3ccccc32)cc1', 'CS(=O)(=O)NC1CCN(C(=O)Nn2cnc3ccccc32)CC1', 'CCSc1cc(C(=O)Nn2c(C)nc3sccc3c2=O)ccn1', 'CCc1nn(C)c2[nH]nc(NC(=O)COc3ccc(C)cc3OC)c12', 'O=C(CNC(=O)Nn1cnc2ccccc21)Nc1cccc(F)c1', 'CCOC(=O)c1c(C)[nH]c(NC(=O)NC2CCCCC2)c1C', 'O=C(CSc1nc(-c2ccccc2)cs1)Nn1cn[nH]c1=O', 'Nn1c(SCC(=O)NC2CCCC2)nc2ccccc2c1=O', 'COC(=O)c1ccc(NC(=O)N2CCCC2c2cc(C)on2)cc1']"
4619,1e-04,0.0,0.0,[]
4620,0.101,0.2816622,0.5771974921226501,"['CC(Cc1cccs1)NC(=O)c1cncc(Br)c1', 'CCN(C(=O)c1cc(Br)ccc1O)C1CC1', 'COCCNC(=O)c1cc(Br)ccc1Cl', 'CCC(NC(=O)c1ncccc1O)c1cccs1', 'CC(Cn1cccn1)NC(=O)c1cccc(C#N)c1', 'CC1(C)COCCN1C(=O)c1ccc(F)c(F)c1', 'CC(C#N)CN(C)C(=O)c1ccc(Br)cc1F', 'CC(C)CC1COCCN1C(=O)c1cc(Br)cn1C', 'COCC(O)CN(C)C(=O)c1ccc(Cl)cc1Cl', 'Cc1cnc(NC(=O)c2cncc(F)c2)c(Br)c1']"
4621,1e-04,0.0,0.0,[]
4622,1e-04,0.0,0.0,[]
4623,1e-04,0.0,0.0,[]
4624,1e-04,0.0,0.0,[]
4625,1e-04,0.0,0.0,[]
4626,1e-04,1.0,0.0,['CN(CC1CC1)S(=O)(=O)c1ccc(C(N)=O)cc1']
4627,1e-04,0.0,0.0,[]
4628,1e-04,0.0,0.0,[]
4629,1e-04,0.0,0.0,[]
4630,0.0022,0.34009603,0.7049182057380676,"['Nc1nc(N2CCCC(c3nc4ccccc4o3)C2)c2nc[nH]c2n1', 'Cc1nc(N2CCN(C(=O)C3CCCC3)CC2)cc(-n2cccn2)n1', 'Nc1cc(N2CCC(CO)(CCOc3ccccc3)CC2)nc(N)n1', 'Cc1cc(N2CCN(Cc3ccccc3Cl)CC2)n2ncnc2n1', 'Cn1c(CNC2CCN(c3c(F)cccc3F)C2)nc2ccccc21', 'CCc1cc(N2CCCC(N3CCNC3=O)C2)n2ncnc2n1', 'c1cnc(N2CCCC(c3n[nH]c4ncccc34)C2)nc1', 'Cc1nc(N2CCC3(CC2)CC(=O)N(C)C3)c2c(C)noc2n1', 'Cc1cc(CN2CCN(c3oc(C4CC4)nc3C#N)CC2)no1', 'Fc1cc(CN2CC(n3cccn3)C2)c2ncccc2c1']"
4631,0.0319,0.28108105,0.6561750173568726,"['Cc1nc(C(N)c2cncc(Br)c2)sc1C', 'Cn1cc(SCc2cccc(Br)c2)cn1', 'Cn1cnnc1Cc1cccc(Br)c1', 'O=C(CNc1cncc(Br)c1)N1CCCCC1', 'CCN(C(=O)c1ccnc(SC)c1)C(C)C(C)C', 'N#CCC(COc1cccc(F)c1)N1CCCCC1', 'CCc1[nH]nc(-c2ccsc2)c1NC(=O)c1cccc(F)c1', 'CC(=O)Nc1cccc(CNc2cncc(Br)c2)c1', 'CSc1nnc(NC(=O)c2cccc(F)c2)s1', 'CSc1nsc(NC(=O)c2cccc(Br)c2)n1']"
4632,1e-04,0.0,0.0,[]
4633,1e-04,1.0,0.0,['CCN1CC23CN(C(=O)c4ccccc4)CC(CC2S1(=O)=O)O3']
4634,1e-04,0.0,0.0,[]
4635,1e-04,0.0,0.0,[]
4636,0.1019,0.3155565,0.6786180138587952,"['Cc1c(C(=O)Nc2cccc3cccnc23)nc2cc(Cl)ccn12', 'O=C(NCCOc1cccc2cccnc12)c1n[nH]c2ncccc12', 'CC(=O)c1cn(CC(=O)Nc2cccc3[nH]ccc23)c2ccccc12', 'Cc1cccc2nc(CSc3cccc4cccnc34)cn12', 'N#Cc1cnn2cc(-c3cc(NC4CCCC4)nc4[nH]ccc34)cnc12', 'O=C(CCc1c[nH]c2ccccc12)NCc1nnc2ccccn12', 'O=c1cc(COc2nnc3ccccn23)nc2sccn12', 'c1cncc(-c2nnc3sc(-c4c[nH]c5ccccc45)nn23)c1', 'COc1ccc(CNC(=O)c2nccc3c(N)cc(C)cc23)cc1', 'COc1cccc2cc(C(=O)NC(C)c3nnc4ccccn34)oc12']"
4637,0.1448,0.7420317,0.18657708168029785,"['O=C(CCN1CCOC1=O)NC1CCCNC1=O', 'O=C(CCCOCC1CCOCC1)c1ccccc1', 'O=C(CNc1cncc(Br)c1)N1CCCCC1', 'O=C(NCCCOC1CCCCC1)c1ccccc1F', 'O=C(NCC1CC1)c1ccc(F)cc1Br', 'O=C(COc1ccc(Br)cc1F)c1ccc[nH]1', 'O=C(CCc1ccccc1F)OCc1ccccn1', 'O=C1NCCNC1c1ncccc1Br', 'O=C1CC(NC(=O)Nc2ccccc2Cl)CN1', 'O=C(NC1CCCCNC1=O)OCC(F)(F)F']"
4638,1e-04,0.0,0.0,[]
4639,1e-04,0.0,0.0,[]
4640,1e-04,0.0,0.0,[]
4641,1e-04,0.0,0.0,[]
4642,1e-04,0.0,0.0,[]
4643,0.0018,0.32336232,0.6957100033760071,"['CCNc1nc2c(s1)C(c1cc(OC)c(O)c(OC)c1)CC(=O)N2', 'COC(=O)c1ccccc1NC(=O)c1cc(OC)c(OC)cc1OC', 'CCc1onc(C)c1NC(=O)c1cc(C)c(OCC(=O)OC)c(C)c1', 'CCC(C#N)(CC)Cc1cc(OC)c(OC)c(OC)c1', 'COc1ccc2c(ccn2CC(=O)Nc2ccc(OC)c(OC)c2)c1', 'CCc1cccc(C)c1NC(=O)NCCc1ccc(OC)c(OC)c1', 'CCOC(=O)N1CCN(Cc2cc(OC)c(OC)cc2OC)CC1', 'CCOC(=O)Nc1cccc(NC(=O)c2cc(OC)cc(OC)c2)c1', 'CNC(=O)C1CCCN1S(=O)(=O)c1ccc(OC)c(OC)c1', 'CCOC(=O)C1=C(C)N(C)C(=O)NC1c1cccc(OC)c1OC']"
4644,0.0176,0.30266553,0.8012262582778931,"['COc1ccc(OC(=O)c2ccn(C)c(=O)c2)c2ccccc12', 'CC(=O)c1cn(CC(=O)Nc2cccc3[nH]ccc23)c2ccccc12', 'CNC(=O)c1cn(Cc2ccccc2)c2ccccc12', 'Cc1cn(CC(=O)Nc2ccccc2C#N)c2ccccc12', 'CC(=O)c1cn(CC(=O)Nc2cc(Cl)ccc2O)c2ccccc12', 'Cc1ccc(NC(=O)c2cccnc2)c2cccnc12', 'CCCCNC(=O)c1cn(-c2ccccc2)c2ncccc12', 'CCCOc1ccc(NC(=O)CC)c2cccnc12', 'C=CCNC(=O)Nc1ccc(OC(F)F)c2ncccc12', 'COC(=O)CCNC(=O)c1cn(Cc2ccccc2)c2ccccc12']"
4645,1e-04,0.0,0.0,[]
4646,1e-04,0.0,0.0,[]
4647,0.0037,0.3866646,0.7595683336257935,"['CCCc1nnc2sc(Cc3ccc4c(c3)OCCO4)nn12', 'CCCc1nnc2sc(-c3c(C)nc4ncccn34)nn12', 'CCCc1nnc2c3cnn(-c4ccc(C)cc4C)c3ncn12', 'CCCc1nnc2sc(NC(=O)COc3cccc(C)c3)nn12', 'CC(C)c1nnc2ccc(NCCc3ccc(F)cc3)nn12', 'C#CCSc1nnc2ccc(-c3ccco3)nn12', 'CC(=O)c1nnc2scc(-c3cccc(OC(C)C)c3)n12', 'Cc1nnc2ccc(-c3nc(-c4ccc(C#N)cn4)no3)cn12', 'CCCCc1nnc2sc(NC(=O)COc3ccc(C)cc3)nn12', 'Cc1nnc2ccc(-c3noc(-c4cccs4)n3)cn12']"
4648,0.0249,0.3546841,0.5996311902999878,"['COCc1ccccc1NC(=O)N(Cc1ccccc1OC)C1CC1', 'CSc1ncccc1C(=O)N(CC1CC1)C(C)C', 'O=C(c1ccoc1)N(CCc1cccc(F)c1)C1CC1', 'O=C(c1ccccn1)N(Cc1cccc(Br)c1)C1CC1', 'N#Cc1ccccc1OCC(=O)N(CCc1cccc(F)c1)C1CC1', 'O=C(Nc1ccncc1)N(Cc1cccc(F)c1)C1CC1', 'O=C(NCCc1cccnc1)N(Cc1ccco1)CC1CCCO1', 'CCOc1ccccc1C(=O)N(Cc1ccco1)CC1CCCO1', 'Cc1cccc(C)c1NC(=O)N(Cc1ccccc1F)C1CC1', 'Nc1ccc(C(=O)N(CC(F)(F)F)C2CC2)cc1']"
4649,1e-04,0.0,0.0,[]
4650,1e-04,0.0,0.0,[]
4651,1e-04,0.0,0.0,[]
4652,1e-04,0.0,0.0,[]
4653,1e-04,0.0,0.0,[]
4654,1e-04,0.0,0.0,[]
4655,0.2975,0.12385524,0.9363130331039429,"['CC1(C(=O)NCc2cccs2)CC1(Cl)Cl', 'CC1(C(=O)NCc2cccc(Cl)c2)CC1(Cl)Cl', 'COc1ccc(C(=O)C2C3C(=O)C4OCC(O4)C23)cc1', 'CCC1(CNC(=O)NC2C3CCOC3C2(C)C)CC1', 'O=C(NC1C2CCC(C2)C1CO)c1c[nH]c2ccccc12', 'CC1(C)OC2C(O)CC(NC(=O)OCc3ccccc3)C2O1', 'Cc1nn(C(=O)c2ccccc2)c2c1C1C(C2)C1(C)C', 'C=C1C2(C(=O)Nc3ccc(NC(C)=O)cc3)CCC(C2)C1(C)C', 'CC1(C(=O)Nc2ccc3c(c2)CC(=O)N3)CC1(Cl)Cl', 'CC1(C(=O)Nc2cccc(C(=O)NCC(N)=O)c2)CC1(Cl)Cl']"
4656,1e-04,0.0,0.0,[]
4657,0.0043,0.2985667,0.8130056262016296,"['Nc1nonc1-n1nncc1-c1ccc2c(c1)OCO2', 'Nc1nonc1-c1c[nH]c2c(Br)cccc12', 'Nc1nonc1-c1nc2ccccc2n1Cc1ccncc1', 'Nc1nonc1-c1noc(C(Cl)(Cl)Cl)n1', 'Nc1ccccc1OCC(O)CN1CCOCC1', 'Nc1cccnc1Sc1nnnn1C1CCCC1', 'Cc1nnsc1NC(=O)OCc1ccc(Cl)cc1Cl', 'Cc1n[nH]cc1NC(=O)CCC(=O)N1CCOCC1', 'Nn1cnnc1SCC(=O)NCCc1ccccc1', 'Nc1ncccc1C1NCCc2ccc(Cl)cc21']"
4658,1e-04,0.0,0.0,[]
4659,1e-04,0.0,0.0,[]
4660,1e-04,0.0,0.0,[]
4661,0.5868,0.28751153,0.6774022579193115,"['C#Cc1cccc(NC(=O)CNC(=O)COc2cccc(OC)c2)c1', 'CCOC(=O)C1CCN(C(=O)CNC(=O)c2ccc(C)c(C)c2)CC1', 'C#Cc1cccc(NC(=O)CNC(=O)Cn2ccccc2=O)c1', 'COC(=O)c1ccccc1NC(=O)COC(=O)c1cccs1', 'C#Cc1cccc(NC(=O)CN(C)C(=O)c2cn3c(C)cccc3n2)c1', 'CNC(=O)c1ccc(NC(=O)CNC(=O)c2ccccc2C)cc1', 'CCNC(=O)CN(CC)C(=O)C(C)NC(=O)c1ccccc1Cl', 'Cc1cc(NC(=O)Cc2ccc(NC(=O)CC(C)(C)C)cc2)[nH]n1', 'Cc1nnc(NC(=O)c2cccc(NC(=O)C3CC3)c2)s1', 'Cc1cc(NC(=O)c2cccc(NC(=O)c3cccnc3)c2)ccn1']"
4662,0.0014,0.26257104,0.851993978023529,"['CC(C)NC(=O)C1Cc2cc(C(F)(F)F)ccc2N2CCCC12', 'CC#CC(=O)N1CC(=O)N(C(C)C)CC(OCc2ccc(F)cc2)C1', 'CC(C)NC(=O)N1CCN(C(=O)c2ccc(C(F)(F)F)cc2)CC1', 'NC(=O)CN(C(=O)Cc1cccc(C(F)(F)F)c1)C1CCCC1', 'OC(CNCc1ccc(F)c(F)c1)c1cccc(C(F)(F)F)c1', 'Cc1cc(NC(=O)C2CC2c2ccc(C(F)(F)F)cc2)ccn1', 'CNC(=O)NCC(=O)NCC#Cc1ccc(C(F)(F)F)cc1', 'CC(C)(C)OC(=O)N1CCc2ncc(C(F)(F)F)cc2C1', 'CC(C)CNC(=O)C1(c2cccc(C(F)(F)F)c2)CCOCC1', 'CCC(=O)N1CCN(Cc2ccc(Cl)c(C(F)(F)F)c2)CC1']"
4663,1e-04,1.0,0.0,['COc1ccc(CNC(=O)c2cc3c(=O)n(C)ccc3n2C)cc1']
4664,0.0039,0.32855672,0.7771024107933044,"['Cc1cnc(NC(=O)Cn2cc(Br)c(=O)[nH]c2=O)s1', 'Cc1cccc(CCCOC(=O)c2cn(C)c(=O)[nH]c2=O)c1', 'CC(C)n1c(N)c(CN2CCOCC2)c(=O)[nH]c1=O', 'CC#Cc1cn(C2OC(CO)C(O)C2OC)c(=O)[nH]c1=O', 'CCCN(Cc1ccccc1)C(=O)Cn1ccc(=O)[nH]c1=O', 'Cc1ccc(C(C)NC(=O)Cn2ccc(=O)[nH]c2=O)o1', 'CCc1ccc(C(C)NC(=O)Cc2c(C)nc(C)[nH]c2=O)cc1', 'CCOc1ccc(NC(=O)CCn2ccc(=O)[nH]c2=O)cc1', 'CCCCc1ccc(NC(=O)CCn2ccc(=O)[nH]c2=O)cc1', 'Cc1cc(C)n(CC(C)CNC(=O)Cn2ccc(=O)[nH]c2=O)n1']"
4665,1e-04,0.0,0.0,[]
4666,1e-04,0.0,0.0,[]
4667,0.0009,0.40625453,0.626384973526001,"['Fc1ccc2c(c1)C(c1ccc3[nH]nnc3c1)NCC2', 'c1cncc(C(c2cc3ccccc3[nH]2)C2OCCO2)c1', 'Cc1nc2sc(=Cc3cccc(Cl)c3Cl)c(=O)n2n1', 'COc1c(O)ccc2c1C(c1ccc(F)cc1C)NCC2', 'c1cc(-c2ccc3c(c2)OCCCO3)n2nc(C3CCC3)nc2n1', 'Cc1ccc(C(C(=O)NC2CCCC2)N2CCOCC2)cc1', 'COc1ccc2c(c1)C(c1ccc3c(c1)OCO3)NCC2', 'COC(=O)C(c1cccc(Cl)c1)N1CCN(C(=O)C(C)C)CC1', 'Cc1ncc(C(C)C)c(-c2ccc3c(c2)OCCO3)n1']"
4668,0.0447,0.20971406,0.7672104835510254,"['Cn1ccc(NC(=O)Cc2csc(-c3cccs3)n2)n1', 'O=C(Cc1csc(-c2cccs2)n1)Nc1ccc2nccn2c1', 'FC(F)c1nnc(NCc2csc(-c3ccccn3)n2)s1', 'O=C(NCc1noc(Cc2cccs2)n1)c1cn2ccsc2n1', 'O=C(c1csc(-c2cccs2)n1)N1CCCC(n2cccn2)C1', 'Cc1nc(-c2cccs2)sc1C(=O)N(C)Cc1ccco1', 'O=C(Nc1nccs1)c1cc(-c2cccs2)on1', 'Cc1cc(NC(=O)c2csc(Nc3cccnc3)n2)sn1', 'O=C(NCc1nc(-c2cccs2)no1)c1scnc1C1CC1', 'Nc1cccc(-c2nnc3scc(-c4cccs4)n23)c1']"
4669,1e-04,0.0,0.0,[]
4670,0.0003,0.36006293,1.2042428255081177,"['COc1ccc(C2NCCNC2=O)c(OC)c1C', 'OC(CC(O)C(Cl)(Cl)Cl)c1ccccc1', 'COC(=O)C1OC(c2ccccc2)OC1C(=O)OC']"
4671,0.0002,0.5,0.0,"['O=C1Nc2cc(O)ccc2OC1Cc1ccccc1C(F)(F)F', 'CN1Cc2ccccc2CC1CNC(=O)c1n[nH]c2c1CCC2']"
4672,1e-04,0.0,0.0,[]
4673,0.102,0.30134922,0.54486083984375,"['COCCCNC(=O)CN(C)C(=O)c1cn[nH]c1', 'O=C(Nc1ccc2ccccc2c1)Sc1nc[nH]n1', 'Cc1ccc(CN(C)C(=O)c2ccc3cc[nH]c3c2)o1', 'O=C(CCSc1ccccn1)Oc1ccc2cn[nH]c2c1', 'CCOc1cc(Cl)ccc1NC(=O)Nc1cn[nH]c1', 'CC(C)c1cc(CNC(=O)c2ccc3cc[nH]c3c2)on1', 'CCCc1ccccc1NC(=O)Nc1c(C)n[nH]c1C', 'Cc1ccc(N)c(NS(=O)(=O)c2cn[nH]c2)c1C', 'Cc1n[nH]c(-c2ccc(NCc3cccc4cn[nH]c34)cc2)n1', 'CN1Cc2ccccc2CC1CNC(=O)c1n[nH]c2c1CCC2']"
4674,1e-04,0.0,0.0,[]
4675,1e-04,0.0,0.0,[]
4676,1e-04,0.0,0.0,[]
4677,0.0121,0.4127318,0.5890953540802002,"['CCCn1c(SCC(=O)NC)nnc1C(C)C', 'CCCn1cc(NC(=O)Nc2cc(F)ccc2OC)cn1', 'CCCn1cc(C(O)Cc2ccccc2Br)cn1', 'CCCn1c(CNc2cn[nH]c2)nc2ccccc21', 'CCCn1ncc(-c2ccc3ccccc3c2)c(CO)c1=O', 'CCCn1c(C)nnc1SCC1CCCCO1', 'CCCn1nc(-c2ccc(OCC)c(F)c2)cc(N)c1=O', 'CCCn1nc(C(=O)Oc2ccc(C)cc2)ccc1=O', 'CCCn1c(C2CC(=O)N(C3CC3)C2)nc2ccccc21', 'CCCn1nc(C(=O)N(C(C)C)C2CCC2)ccc1=O']"
4678,1e-04,0.0,0.0,[]
4679,0.0007,0.39861724,0.9430447220802307,"['c1cncc(C(c2cc3ccccc3[nH]2)C2OCCO2)c1', 'c1csc(CN2CCOC(c3cccs3)C2)c1', 'c1cnn(CCN2CCOC(Cn3cncn3)C2)c1', 'c1ccc2c(CNCCN3CCOCC3)cccc2c1', 'c1ccc(OCCCNc2ncnc3ccsc23)cc1', 'c1ccc(SCCOc2cccc(-n3cncn3)c2)cc1', 'c1cncc(N2CCCC3(C2)CN(C2CCOCC2)CCO3)c1']"
4680,0.0055,0.82066774,0.08040514588356018,"['O=C1NC(O)c2cc(Br)cc(Br)c2O1', 'CN(Cc1ccncc1)c1ncc(Br)cc1N', 'C=CCn1c(SC2CCCCC2O)n[nH]c1=O', 'NC(=O)Nc1ccccc1OCC1CCCCO1', 'Cc1nnc(Sc2ccc3scnc3c2N)o1', 'COCCCNC(=O)NCc1ccc(Cl)cc1Cl', 'Cc1nnc(NC(=O)c2ccccc2Cl)s1', 'O=C(Nc1nncs1)c1c(F)cccc1Cl', 'Brc1ccc2ncc(CN3CCOCC3)n2c1', 'Cc1cc2c(SCCOC(C)C)ncnc2s1']"
4681,0.0058,0.34005687,0.6131166219711304,"['COc1ccccc1C(C)N(C)C(=O)CSc1nnnn1C', 'CCN(Cc1ccco1)C(C)c1nc(C(C)C)no1', 'CCN(C(=O)c1ccnc(SC)c1)C(C)C(C)C', 'CCN(C)S(=O)(=O)c1c(C)nn(Cc2nc(C)cs2)c1C', 'COCCn1cc(NC(=O)N(C)C(C)C2(C)CC2)cn1', 'CCNC(=O)C(C)NC(=O)NCC(=O)N(CC)CC', 'CCC(CC)N(CCO)S(=O)(=O)c1ccccc1N', 'COc1ccccc1C(C)N(C)C(=O)Nc1cccnc1OC', 'CCC(CC)N(C)C(=O)c1ccnc(-n2cncn2)c1', 'CCNC(=O)C(C)NC(=O)CCc1ccccc1OC']"
4682,0.0007,0.21780142,1.4628639221191406,"['CCC1c2cccn2CCN1C(=O)c1nc2ccc(C)cn2c1F', 'O=C1c2cccnc2CN1CCOCc1ccc(Cl)cc1', 'CN1c2ccccc2C(=O)NC1c1ccc(Br)cc1', 'O=C1c2nccnc2C(O)N1c1ccc(Br)cn1', 'CC(Cc1ccsc1)NC(=O)c1ccc2c(c1)ncn2CCO', 'Nc1cccc2c1OCCN2C(=O)c1ccc2[nH]cnc2c1', 'O=c1c2sccc2ncn1Cc1cc(Br)ccc1F']"
4683,0.0048,0.39923146,0.7582016587257385,"['Cc1cc(-c2nnc3sc(-c4cn(C)nc4C)nn23)n(C)n1', 'Cc1cc(NC(=O)N(C)Cc2cnn(C)c2)n(C)n1', 'CCc1cc(NC(=O)NC(C)CCC(C)(C)C)n(C)n1', 'CCc1cc(NC(=O)c2cccnc2OCC(F)F)n(C)n1', 'Cc1cc(NC(=O)C(NC(=O)COc2ccccc2)C(C)C)n(C)n1', 'CC(C)Cc1cc(C(=O)NC(CCO)c2ccccc2)n(C)n1', 'Cc1cc(C(=O)NCCC(=O)Nc2ccc(C#N)cc2)n(C)n1', 'Cc1cc(C(=O)NCCOc2ccccc2-c2ccccc2)n(C)n1', 'Cc1cc(NC(=O)N2CCN(c3cccc(O)c3)CC2)n(C)n1', 'Cc1cc(NC(=O)NCc2ccc3c(c2)OCCO3)n(C)n1']"
4684,0.0003,0.6046171,0.14513534307479858,"['CN(C)C1=NC(C(F)(F)F)(C(F)(F)F)N=C(c2cccnc2)O1', 'CC(C)CN1C(=O)C(CC(=O)N2CCCC2)Sc2ncccc21', 'CC(C)CCNC(=O)CN1C(=O)C2=C(CCC2)Nc2ccccc21']"
4685,0.0425,0.26469082,0.5491690635681152,"['CCc1ccc2c(Cn3cnc(C4CCC4)cc3=O)cc(=O)oc2c1', 'CCC(CC)c1nnc2n1NC(c1ccccc1)CS2', 'Nn1c(SCC(=O)N2CCCC2)nnc1-c1ccc(Cl)cc1', 'CCCCc1nnc(SCc2nc(C)c3ccccc3n2)n1N', 'Cc1ccc(NC(=O)C(C)Sc2n[nH]c(N)n2)c(F)c1', 'Nc1nccnc1C(=O)OC(C(=O)N1CCCCC1)c1ccccc1', 'COc1ccc(CC(C#N)C(=O)N2CCCC2)c(OC)c1', 'CC(=O)N1CCCC1C(=O)Nc1n[nH]c(N2CCCCC2)n1', 'CC(C)c1ccc(C(=O)NCCCNC(=O)c2cccnc2)cc1', 'COC(=O)CCc1cc(C)c2c(OC)ccc(OC)c2n1']"
4686,1e-04,0.0,0.0,[]
4687,1e-04,0.0,0.0,[]
4688,0.0084,0.6904603,0.30072101950645447,"['Fc1cc(Br)c2c(c1)CCNC2C1CC1', 'Fc1ccc(C(Nn2cncn2)C2CCCCC2)cc1', 'Fc1ccc(-c2cnc(NCCCn3ccnc3)nc2)cc1', 'Fc1cc2c(c(F)c1Cl)CCNC2c1cncnc1', 'Fc1ccc(F)c(NCCCN2CCOCC2)c1', 'Fc1cccc(CNc2cncc(-n3cccn3)n2)c1', 'Fc1ccc(C2NCCc3cc4[nH]ccc4cc32)nc1', 'Fc1cccc2c1CCNC2CCc1ccccc1', 'Fc1ccc(OCC=CCN2CCOCC2)cc1', 'Fc1cc(CN2CC(n3cccn3)C2)c2ncccc2c1']"
4689,1e-04,0.0,0.0,[]
4690,1e-04,0.0,0.0,[]
4691,1e-04,0.0,0.0,[]
4692,1e-04,0.0,0.0,[]
4693,1e-04,0.0,0.0,[]
4694,1e-04,0.0,0.0,[]
4695,1e-04,0.0,0.0,[]
4696,1e-04,0.0,0.0,[]
4697,0.4151,0.20206589,0.8483842015266418,"['CC(=O)Nc1ccc(OC(=O)CCOc2ccc(C)cc2C)cc1', 'CC(C)COc1ccc(C(C)O)cc1OCC(C)C', 'O=C(Oc1cccc(OC(=O)c2ccco2)c1)c1ccco1', 'NC(=O)COc1ccccc1OCc1cccc(F)c1', 'Cc1cc(C)cc(OCC(=O)OC2CCOC2=O)c1', 'CC(=O)Nc1ccc(OC(=O)CCOc2ccccc2Cl)cc1', 'O=C(COc1ccc(Oc2ccccn2)cc1)NCc1cscn1', 'CC(C)Oc1ccccc1NC(=O)CCOc1cccc(N)c1', 'CCOc1ccccc1OCCOc1cccc(C#N)c1', 'Cc1noc(COCC(=O)Oc2ccc(Br)cc2F)n1']"
4698,0.0004,0.5373484,0.41382700204849243,"['CCNC(=O)c1ccc(C)c(NS(=O)(=O)c2cc(C)ccc2C)c1', 'CCOC(=O)C1=C(Cn2nnc3ccccc3c2=O)NC(=O)NC1', 'CCNC(=O)c1cccc(NC(=O)CCC2CCCC2)c1', 'CCCNC(=O)CCC(=O)N1CCC(N2CCCC2=O)CC1']"
4699,0.0002,0.5,0.0,"['Cc1ccn(CCSc2ccccc2)c(=O)c1C#N', 'C#CCOc1ccccc1C(C)OC(=O)c1ccn(C)c(=O)c1']"
4700,1e-04,0.0,0.0,[]
4701,0.0022,0.24221793,0.9340678453445435,"['Fc1ccc2c(c1)nc(-c1ccncc1)n2C1CC1', 'COC(=O)c1ccc2c(c1)nc(CCO)n2C1CCCC1', 'Fc1cc(Br)c2c(c1)CCNC2C1CC1', 'Cc1cnc2c(c1)nc(-c1ccccc1F)n2CCO', 'Cc1cc(C)c2c(c1)C(=O)C(=O)N2CC1CCCO1', 'O=C(NC1CC1)c1ccc2c(c1)nc1n2CCCC1', 'Nc1occ2c1nc(C1CC1)n2Cc1ccccc1', 'O=c1c2cnc3ccnn3c2ccn1CCC1=CCCCC1', 'Cc1ccc2c(c1)OCCN2CC1CCCN(S(C)(=O)=O)C1', 'Cc1ccc2c(c1)OCC(=O)N2CC(=O)N1CCNCC1']"
4702,1e-04,0.0,0.0,[]
4703,1e-04,0.0,0.0,[]
4704,0.0095,0.31971386,0.704247236251831,"['CCC(CC)NS(=O)(=O)c1cc(C(N)=O)n(C)c1', 'CC(C)N(CC1CC1)S(=O)(=O)c1ccc(Br)cc1N', 'CS(=O)(=O)c1cc(S(=O)(=O)NCC2CC2)ccc1F', 'COC(=O)C(CC(C)C)NS(=O)(=O)c1cn(C)c(C)n1', 'Cc1ccc(CN(C)S(=O)(=O)c2cc(Cl)c(N)c(Cl)c2)o1', 'Cc1occc1CNC(=O)c1cc(S(=O)(=O)C(C)C)ccc1F', 'C=C(C)CN(CC)C(=O)c1cc(S(=O)(=O)N(C)C)c[nH]1', 'CNS(=O)(=O)c1cc(C(=O)NCC2CCCO2)cc(C)c1C', 'CCC(CC)(CO)NC(=O)c1cc(F)c(F)cc1N', 'CCC(C)(C)NS(=O)(=O)c1cccc(S(=O)(=O)NC2CC2)c1']"
4705,1e-04,0.0,0.0,[]
4706,0.0099,0.44914114,0.5698714256286621,"['Cc1ccc(N2CCOC3CN(C(=O)CO)CCC3C2)nn1', 'COc1ccc(C(=O)N(C)CCOCC2CC2)nn1', 'Cc1ccc(-c2noc(C3CC34CCCCC4)n2)nn1', 'CC(C)(C)c1ccc(NC(=O)c2scnc2C2CC2)nn1', 'Cc1ccc(N2CC3COCC3(CNC(=O)C3CC3)C2)nn1', 'CCCS(=O)(=O)c1ccc(NCc2ccc(C)cc2)nn1', 'CCCNc1ccc(C(=O)N(C)C2CCCC2)nn1', 'Cc1ccc(Cn2cc(-c3noc(-c4ccco4)n3)nn2)cc1', 'Cc1ccc(N2CCN(C(=O)c3ccccc3)CC2)nn1', 'c1ccc(-n2cc(-c3noc(C4CCCCC4)n3)nn2)cc1']"
4707,1e-04,0.0,0.0,[]
4708,0.0121,0.24878074,0.6564846038818359,"['O=C(NCC1CCCO1)Nc1cc(C(F)(F)F)ccc1F', 'CC1CCN(C(=O)c2cc(S(C)(=O)=O)ccc2Cl)CC1', 'CCCCCC(C)NC(=O)Nc1cc(C(F)(F)F)c[nH]c1=O', 'C#CCN1CCN(Cc2cc(C#N)ccc2F)CC1', 'CC1CCCCC1NC(=O)Nc1cc(S(C)(=O)=O)ccc1Cl', 'COC(=O)C1CC(=O)N(c2cc(C(F)(F)F)ccc2Cl)C1', 'Cc1csc(=NC(=O)c2cc(-n3cnnn3)ccc2Cl)[nH]1', 'Cc1nc(C2(NC(=O)NCc3cc(C#N)ccc3F)CCCC2)no1', 'C#CCNC(=O)c1cc(S(=O)(=O)N2CCCC2)ccc1Cl', 'CC(Nc1cc(S(N)(=O)=O)ccc1Cl)c1ccco1']"
4709,0.0304,0.476132,0.43456193804740906,"['COC(=O)c1c(O)cc(O)cc1CCc1ccc(O)cc1', 'Cc1cn(C2(F)OC(CO)C(O)C2(F)F)c(=O)[nH]c1=O', 'COc1cc(C(C)O)ccc1OCC1CCOCC1', 'CN1C(=O)C2(OCCCO2)c2cccc(Cl)c21', 'Cc1noc(CC2COC3CN(C(=O)c4ccnnc4)CC23)n1', 'Cc1ccc(C)c(OCCCN2CCOCC2C)c1', 'Cc1ccc(OCC(O)Cn2ncc3ccccc3c2=O)c(C)c1', 'CCc1cc(C(C)O)c2c(c1)C(NC(=O)CC(C)C)CCO2', 'Cc1ccc(OCC(O)Cn2cnc3c(cnn3C)c2=O)c(C)c1', 'CCCc1ccc(C(O)C(C)NCc2ccccn2)cc1']"
4710,0.0004,0.33318028,1.087384581565857,"['CN1C(=O)CCC(C(=O)NCc2ccncc2)C1c1cccc(F)c1', 'CN1C(=O)CC(C(=O)Nc2ccccn2)C1c1ccc2c(c1)OCO2', 'COc1ccc(C)cc1N1CC(C(=O)Nc2ccc(C)cc2)CC1=O', 'COc1ccccc1N1CC(C(=O)Nc2cccc(C)c2)CC1=O']"
4711,1e-04,0.0,0.0,[]
4712,1e-04,0.0,0.0,[]
4713,1e-04,0.0,0.0,[]
4714,1e-04,0.0,0.0,[]
4715,1e-04,0.0,0.0,[]
4716,0.0015,0.32868513,1.0508482456207275,"['Cc1nn(C)c2nc(-c3ccco3)cc(C(=O)NC3CC3)c12', 'Cc1noc2nc(C(C)C)cc(C(=O)Nn3cnc4ccccc43)c12', 'Cc1noc2nc(-c3ccccc3)cc(C(=O)N3CCCC3(C)C)c12', 'Cc1noc2nc(C(C)C)cc(C(=O)Nc3cccc(C#N)c3)c12', 'Cc1ccc2nc(-c3ccccc3)cc(C(N)=O)c2c1', 'Cc1cc(C(F)(F)F)c2c(C(N)=O)cn(C(C)(C)C)c2n1', 'CCn1ncc2c(C(=O)NC(C)C)cc(-c3ccccc3)nc21', 'CCn1ncc2c(C(=O)NC(C)C3CC3)cc(-c3cccs3)nc21', 'Cc1c(O)ccc2c(CN(C)Cc3nccn3C(F)F)cc(=O)oc12', 'Cc1n[nH]c2ncc(C(=O)NCCc3ccc(F)cc3)cc12']"
4717,1e-04,0.0,0.0,[]
4718,0.0136,0.15523215,1.0506829023361206,"['Cc1ccc(C(=O)N2CCC3(CC2)CC(Oc2cccnc2)C3)cc1', 'Cc1ccc(N2CCC3(CC2)CCN(c2ncccn2)CC3)nn1', 'COc1cccc(-c2nc3c([nH]2)CCN(C(=O)c2nc(C)c[nH]2)C3)c1', 'Cc1ccc(-c2nc(C)c3c(n2)N(CC2CCCO2)C(=O)C3)cc1', 'c1cncc(N2CCCC3(C2)CN(C2CCOCC2)CCO3)c1', 'Cc1ccc(N2CCC3(CC2)CC(c2ccccc2)C(=O)N3)nn1', 'c1ccc(Cn2cc3c(n2)C(CNCc2ccncc2)OCC3)nc1', 'Cc1nc(CC(=O)N2CCC3(CC2)c2ccccc2CC3O)cs1', 'Cc1ccc(NC(=O)C23CCC(C2)C(C)(C)C3=O)cc1', 'Cc1nccc(CN2CC3CC(C2)c2cccc(=O)n2C3)n1']"
4719,0.0003,0.60296935,0.149396613240242,"['O=C(Cc1csc(-n2cccc2)n1)N1CCn2c1nc1ccccc12', 'O=C(CCNC(=O)N1CCn2c1nc1ccccc12)NC1CC1', 'Cc1ccc(N2C(=O)Cn3c2nc2c3c(=O)n(C)c(=O)n2C)cc1F']"
4720,1e-04,0.0,0.0,[]
4721,1e-04,0.0,0.0,[]
4722,1e-04,0.0,0.0,[]
4723,1e-04,0.0,0.0,[]
4724,0.0002,0.5,0.0,"['C#CCNC(=O)c1ccc2c(c1)S(=O)(=O)N=C1CCCCCN12', 'COc1ccc2[nH]c3c(c2c1)CCN1C(=O)CNC(=O)C31C']"
4725,0.0022,0.7107365,0.375624418258667,"['Clc1ccc2c(c1)CCCN2Cc1ccccn1', 'Clc1cc(Cl)cc(CNCCc2nccs2)c1', 'Clc1ccc(Cl)c(CNc2cnns2)c1', 'Clc1cc2c(cc1Cc1nc(C3CCOC3)no1)OCCO2', 'Clc1cccc(-c2nccn2CCNc2cccnc2)c1', 'Clc1ccc2nc(CNc3ncccn3)cn2c1', 'Clc1cc(NCc2nccs2)nc2[nH]ccc12', 'Clc1ccc(-c2noc(-c3ccncc3)n2)cc1', 'Clc1ccc(-c2noc(C3CCCO3)n2)cc1', 'Clc1ccc(-n2nnnc2CSc2ncn[nH]2)cc1']"
4726,1e-04,0.0,0.0,[]
4727,1e-04,0.0,0.0,[]
4728,1e-04,0.0,0.0,[]
4729,0.012,0.2594678,0.864658772945404,"['Cc1ccc(C(O)CNC(=O)Nc2c(C)cc(C)cc2C)cc1', 'CCC(=O)N1CCN(Cc2c(C)cc(C)cc2C)CC1', 'Cc1ccc(NC(=O)CCNC(=O)c2c(C)cc(C)cc2C)nc1', 'CCC(=O)N1CCN(Cc2c(C)cc(Cl)cc2C)CC1', 'Cc1cc(NC(=O)COc2c(C)ccc(C)c2C)no1', 'COc1ccc(CCCC(=O)Nc2c(C)cccc2C)cc1N', 'COc1ccc(F)cc1C(=O)CNc1c(C)cc(C)cc1C', 'CCOc1ccc(CNc2c(C)cccc2C)cc1OC', 'CC(=O)Nc1cccc(NC(=O)C(C)Oc2c(C)cccc2C)c1', 'CNc1snc(C)c1C(=O)OCC(=O)c1c(C)cc(C)cc1C']"
4730,1e-04,0.0,0.0,[]
4731,1e-04,0.0,0.0,[]
4732,1e-04,0.0,0.0,[]
4733,1e-04,0.0,0.0,[]
4734,1e-04,0.0,0.0,[]
4735,1e-04,0.0,0.0,[]
4736,1e-04,0.0,0.0,[]
4737,0.0168,0.36640018,0.4963954985141754,"['CCn1cnnc1CCn1cc(-c2ccccc2-c2ccco2)nn1', 'CCOCCOc1cccc(-n2ccnc2-c2c[nH]cn2)c1', 'CCCn1ccnc1-c1nccn1Cc1ccccc1-n1cncn1', 'Cc1n[nH]c(C)c1CCc1nncn1C(C)c1ccccc1', 'CCCn1nc(-c2ccncc2)nc1Cn1cnc2ccccc2c1=O', 'COc1ccccc1OCCn1cnc2cc3c(cc21)OCCO3', 'c1cc(-c2ccc3c(c2)OCCCO3)n2nc(C3CCC3)nc2n1', 'COCCCn1ccc2c(cnc3c(-c4ccccc4)c(C)nn32)c1=O', 'Clc1cc2c(cc1Cc1nc(C3CCOC3)no1)OCCO2', 'Cc1ccc(-n2ncc3c2ncn2nc(C4CCCO4)nc32)cc1']"
4738,0.0102,0.43671504,0.6037231087684631,"['CCOC(=O)C(N)c1nc2ccc(Cl)cc2o1', 'Nc1nc(N2CCCC(c3nc4ccccc4o3)C2)c2nc[nH]c2n1', 'COc1ccccc1OCC(=O)N(C)C(C)c1cc2ccccc2o1', 'C=CCn1c(SCC(N)=O)nnc1-c1cc2ccccc2o1', 'CCc1onc(C)c1NC(=O)c1cc2cc(F)ccc2o1', 'CC(NC(=O)c1cccs1)c1nc2ccccc2o1', 'O=C(C1CC2CCC1O2)N1CCC(c2nc3ccccc3o2)CC1', 'COc1ccc(F)cc1NC(=O)c1cc2cc(F)ccc2o1', 'CCCCn1nnnc1CSc1nc2ccccc2o1', 'COCCOc1ccccc1NC(=O)NCc1cc2ccccc2o1']"
4739,0.0018,0.37589583,0.8214755654335022,"['CN(C)C(=O)N1CC2CCC1CN(C(=O)c1cnccn1)C2', 'CC(C)(C)OC(=O)N1CCC2(CC1)Nc1cc(F)ccc1NC2=O', 'Cc1noc(C)c1CN1CCCC2(C1)CN(c1nncs1)CCO2', 'CC(C)(C)OC(=O)N1CCC2(CC1)OCc1ccncc12', 'CS(=O)(=O)N1CCC2(CC1)CN(CCn1cccn1)C(=O)CO2', 'CCS(=O)(=O)N1CCC2(CC1)CN(c1cccc(F)c1)C2=O', 'CS(=O)(=O)N1C2CCC1CN(C(=O)Cc1cccc(F)c1)C2', 'Cc1ccc(C(=O)N2CCC3(CC2)CC(Oc2cccnc2)C3)cc1', 'O=C(c1ccco1)N1CC2CCCC2(COCc2cccnc2)C1', 'CS(=O)(=O)NCC12COCC1CN(C(=O)c1cccnc1)C2']"
4740,0.0026,0.3122892,0.9209644794464111,"['O=C(NC1(c2cccc(F)c2)CCOCC1)c1scnc1C1CC1', 'O=C(NCC1(c2ccc3c(c2)OCO3)CCOCC1)N1CCC1', 'O=C(NCC1(c2cccs2)CC1)c1cc(-c2ccco2)on1', 'O=C(NC1(c2ccccc2)CCOCC1)c1ccccc1F', 'O=C(NCC1(C2CC2)CCC1)C1COc2ccc(F)cc2C1', 'CCN(CC(=O)NC1(c2noc(C)n2)CCCC1)c1ccccc1', 'O=C(CC1(CC(=O)N2CCC2)CCCCC1)N1CCC1', 'O=C(NCC(c1cccs1)N1CCOCC1)c1cccs1', 'O=C(NCC(c1ccsc1)N1CCOCC1)c1ccc(F)cc1', 'O=C(NCC(c1ccc(F)cc1)N1CCOCC1)c1cnccn1']"
4741,1e-04,0.0,0.0,[]
4742,0.0109,0.31607807,0.8389516472816467,"['Cc1noc(C)c1S(=O)(=O)NCC(C)(O)c1cccs1', 'Cc1ccc(Br)cc1S(=O)(=O)NCc1ncc[nH]1', 'Cc1noc(C)c1S(=O)(=O)N1CCCCC1C', 'Cc1c(Cl)cccc1S(=O)(=O)NCCN1CCOCC1', 'COc1ccc(F)cc1S(=O)(=O)N1CCc2ncncc2C1', 'Cc1noc(C)c1S(=O)(=O)NCc1cc(C2CC2)n(C)n1', 'Cc1noc(C)c1S(=O)(=O)N1CCC(Oc2ccccn2)CC1', 'Cc1noc(C)c1S(=O)(=O)NC(CO)CC(C)C', 'Cc1noc(C)c1S(=O)(=O)N(C)CCC1CCCC(C)C1', 'COc1ccc(F)cc1S(=O)(=O)NCCSc1ccccc1']"
4743,1e-04,0.0,0.0,[]
4744,1e-04,0.0,0.0,[]
4745,1e-04,0.0,0.0,[]
4746,0.0652,0.37757087,0.5487500429153442,"['CCc1ccc(NC(=O)CC2CSc3ncc(C)c(=O)n32)cc1', 'COc1ccc(NC(=O)c2cncc3cnccc23)cc1OC', 'Cc1ccc(NC(=O)C(C)Sc2ncn[nH]2)cc1F', 'Cc1ccc(NC(=O)CC2CSc3nccc(=O)n32)cc1', 'CCOc1ccc(NC(=O)CC2CCCC2)cc1CO', 'CCOc1ccc(NC(=O)CSc2ncccn2)cc1', 'COc1ccc(NC(=O)C(C#N)Cc2ccc(OC)cc2OC)cc1', 'COc1ccc(NC(=O)c2cc3scnc3[nH]2)cc1OC', 'Cc1ccc(NC(=O)C(C)Sc2n[nH]c(N)n2)c(F)c1', 'Cc1cccc(NC(=O)c2cn3cccnc3n2)c1']"
4747,1e-04,0.0,0.0,[]
4748,1e-04,0.0,0.0,[]
4749,1e-04,0.0,0.0,[]
4750,1e-04,0.0,0.0,[]
4751,1e-04,0.0,0.0,[]
4752,0.0003,0.33722308,1.3815885782241821,"['CCCCn1c(=O)[nH]c(=O)c2c1nc(-c1ccc(O)c(OC)c1)n2C', 'CCCCn1c(=O)[nH]c(=O)c2c1nc(-c1cccc(F)c1)n2CC', 'CCCCn1c(=O)[nH]c(=O)c2c1nc(CNc1ccc(F)cc1)n2C']"
4753,1e-04,0.0,0.0,[]
4754,0.4842,0.11218883,0.917603611946106,"['Cc1nc(C(N)c2cncc(Br)c2)sc1C', 'Cc1csc(C(N)c2ccc(Br)cc2)n1', 'COCCNC(c1nc(C(C)C)cs1)C1CCOC1', 'CCCn1cc(C(O)Cc2ccccc2Br)cn1', 'COCCNC(c1cnn(C)c1)c1nccs1', 'COc1cccc(C(O)c2ccccc2F)c1F', 'CC(NCc1ccncc1)C(O)c1ccc(F)c(F)c1', 'COc1ccccc1C(N)c1nc(-c2cccs2)cs1', 'CCN(C(=O)c1cc(N)c(F)cc1Br)C1CCCC1', 'CC(O)C(N)c1nc(-c2ccc(F)c(F)c2)cs1']"
4755,1e-04,0.0,0.0,[]
4756,1e-04,0.0,0.0,[]
4757,1e-04,0.0,0.0,[]
4758,1e-04,1.0,0.0,['CC1(C)C(=O)OCCN1C(=O)c1ccccc1Cl']
4759,1e-04,0.0,0.0,[]
4760,1e-04,0.0,0.0,[]
4761,0.0209,0.26834506,0.5675709843635559,"['Cc1ccc(OCCCCO)c(Br)c1', 'Cc1cnc(NCc2ccco2)c(Br)c1', 'Cc1ccc(N2CCOCC2)c(Br)c1', 'Cc1ccccc1S(=O)(=O)CCC(C)(C)C#N', 'Cc1ccc(C)c(OCc2c(CO)nnn2CCCO)c1', 'Cc1cccc(OCCc2nnc(CCO)o2)c1C', 'Cc1cccc(S(=O)(=O)NC2(C#N)CCCC2)c1', 'Cc1cccc(C(=O)Nc2ccnn2Cc2cccs2)c1', 'Cc1cc(S(=O)OC(C)C)c2nc(C)ccc2c1', 'Cc1cc(C)c(OCCC(=O)NCCO)c(C)c1']"
4762,1e-04,0.0,0.0,[]
4763,1e-04,0.0,0.0,[]
4764,1e-04,0.0,0.0,[]
4765,1e-04,0.0,0.0,[]
4766,1e-04,0.0,0.0,[]
4767,1e-04,0.0,0.0,[]
4768,0.0064,0.40412012,0.6017046570777893,"['COc1ncc(C(F)(F)F)cc1Br', 'O=c1ccc(C(F)(F)F)cn1Cc1nnnn1C1CC1', 'O=C(NCc1ccc(OC(F)(F)F)cc1)Nc1cn[nH]c1', 'OCCNc1ccnc2c(C(F)(F)F)cccc12', 'O=C(Nc1cccc(C(F)(F)F)c1)c1ccnn1C1CC1', 'Cc1c(CNc2nccc(C(F)(F)F)n2)cnn1C', 'CN(C)c1ccc(C(F)(F)F)cc1NC(=O)Nc1cn[nH]c1', 'O=C(NCCn1ccc(C(F)(F)F)n1)c1cccc(Cl)c1', 'Cn1ccnc1Sc1ncc(C(F)(F)F)cc1Cl', 'CCNC(=O)Nc1cc(C(F)(F)F)ccc1N1CCOCC1']"
4769,1e-04,0.0,0.0,[]
4770,0.0216,0.306059,0.6710467338562012,"['CC(C)c1ccnc(NCC(O)c2ccccc2Cl)n1', 'C=CCn1nnc(NC(=O)c2ccc(OCCC)cc2)n1', 'N#Cc1ncn(Cc2ccc(-c3ccccc3)cc2)n1', 'CCCn1nnc(NC(=O)COc2ccc(Cl)cc2C)n1', 'COc1ccnc(NCCc2ccccc2C(F)(F)F)n1', 'COc1ccnc(Sc2nnnn2C2CC2)n1', 'O=C(Nc1ncn(CC(=O)N2CCCCCC2)n1)C1CCCC1', 'Cn1cnc(CNC(=O)NCCCCC(F)(F)F)n1', 'Cn1cnc(CNS(=O)(=O)CCc2ccccc2)n1', 'C=CCn1nnc(NC(=O)c2cccc(Cl)c2)n1']"
4771,1e-04,0.0,0.0,[]
4772,1e-04,0.0,0.0,[]
4773,0.2185,0.2010712,0.6320536136627197,"['N#CCCC(C#N)Cn1c(=O)c(C#N)c2n(c1=O)CCCCC2', 'CC1c2ccc3c(c2CN2CCc4cc5c(cc4C12)OCO5)OCO3', 'CCN(CC)C(=O)NC1C(NC(=O)N(CC)CC)N(C)C(=O)N1C', 'Cc1nc2n(n1)CC(Nc1ncnc3c1CCC3)CC2', 'CN1CCc2nc(N)c(C#N)c(-c3ccc(F)cc3)c2C1', 'Cc1cccc(CNC(=O)c2cn3c(n2)CCCC3)c1', 'CSc1cccc(NC(=O)c2cn3c(n2)COCC3)c1', 'O=C(Nc1cnc2n1CCCC2)c1ccc2ncsc2c1', 'NC(=O)Nc1ccc(C(=O)Nc2ccc3c4c(cccc24)CC3)cc1', 'Cc1nn(C)c(C)c1Nc1nc2c(s1)c(C)nn2C']"
4774,1e-04,0.0,0.0,[]
4775,1e-04,0.0,0.0,[]
4776,0.0046,0.24956493,1.0250577926635742,"['Cc1cc2oc(=O)cc(C)c2cc1NC(=O)C(O)Cc1ccccc1', 'Cc1nc2c(C)cccn2c(=O)c1NC(=O)C1CCCCC1', 'CCN(CC)C(=O)c1cnc2nc(C)ccc2c1Nc1cccc(C)c1', 'CCCc1c(C)nc2ncnn2c1Sc1ccc(NC(C)=O)cc1', 'Cc1nc2cc(=O)[nH]n2c(C)c1CNC(=O)CCc1ccccc1', 'Cc1nc2cc(=O)[nH]n2c(C)c1CC(=O)OCC1CC=CCC1C', 'COCC(=O)NC(C)c1nc2ccccc2n1Cc1ccc(C)cc1', 'Cc1nc2c(c(C)nn2C)c(C)c1CCC(=O)N1CCOCC1', 'Cc1nn2cccnc2c1C(=O)Nc1ccccc1OCC(C)C', 'CC(=O)c1oc2ccccc2c1NC(=O)C(C)N1CC(C)OC(C)C1']"
4777,0.035,0.5948206,0.34177184104919434,"['O=C(NCCn1cc(Br)cn1)c1ccccc1Cl', 'O=C(NCCCn1cccn1)c1nc2ncccn2n1', 'O=C(NCC(O)COc1cccc(Cl)c1Cl)c1ccoc1', 'O=C(NCCCn1cc(Br)cn1)c1ccco1', 'O=C(NCCCn1cccn1)c1ccc(Oc2ccccc2Cl)o1', 'O=C(NCc1ccco1)c1cnc2ccccc2n1', 'O=C(NCC(O)c1ccccc1)c1ccccc1-n1cnnn1', 'O=C(NCCc1cc(F)cc(F)c1)c1sccc1-n1cnnn1', 'O=C(NCc1cscn1)c1cc(Cl)ccc1O', 'O=C(NCC(O)Cc1ccc(F)cc1F)c1ccc(O)cc1F']"
4778,1e-04,0.0,0.0,[]
4779,1e-04,0.0,0.0,[]
4780,1e-04,1.0,0.0,['O=C(Cn1cnc2cc(F)c(F)cc21)N1CCN(C(=O)C2CC2)CC1']
4781,0.0797,0.44812512,0.3509620726108551,"['CC1Cc2nc(N)nn2CC1c1ccccc1Cl', 'C(=Cc1nn2c(-c3ccncc3)nnc2s1)c1cccs1', 'C=CCn1nnc(CO)c1Cc1ccc(OCC)cc1', 'Cc1sc2ncnc(NCCn3cccn3)c2c1C', 'OCCCc1nc2ccccc2n1-c1ccncc1', 'CCOCC12COCC1CN(C(=O)c1sccc1C)C2', 'CCCOc1ncnc(NCc2cccnc2)c1N', 'Cc1sc2ncnc(OCC(=O)N3CCCCC3)c2c1C', 'O=c1c2nnc3c(-c4ccccc4)cnn3c2ncn1C1CC1', 'CC(Sc1ncnc2ccsc12)c1nc(N)nc(N(C)C)n1']"
4782,0.0025,0.5148374,0.6095960140228271,"['CCC1C(=O)NCCN1C(=O)C(C)CC1CCCC1', 'CC(C)C1C(=O)NCCN1C(=O)NCC1CN2CCCCC2CO1', 'CCC1C(=O)NCCN1C(=O)C1CCCN(C(=O)C2CC2)C1', 'CC(C)C1C(=O)NCCN1C(=O)c1ccc2cc[nH]c2c1', 'CCCOC(=O)CC1C(=O)NCCN1C(=O)Cc1ccccc1C', 'CC(C)C1C(=O)NCCN1C(=O)c1ccc(Oc2cccnc2)cc1', 'COC(=O)CC1C(=O)NCCN1C(=O)c1ccc2ccccc2n1', 'CC1(C)C(=O)NCCN1C(=O)Nc1ccccc1F', 'COCCNC(=O)CC1C(=O)NCCN1Cc1cccc(F)c1', 'NC1C(=O)NCC1c1ccccc1Br']"
4783,0.0008,0.4255925,0.5413436889648438,"['CC(=O)OC1CC2CCC1N(Cc1ccccc1)C2=O', 'CC1(C)OCC2(CO1)CN(C(=O)c1cnccn1)C2', 'C=CCOC1C2CCC1N(S(=O)(=O)c1ccccc1)CCO2', 'CC(C)(C)OC(=O)N1CCC2(CC1)Nc1cc(F)ccc1NC2=O', 'CCOC(=O)C12CCC(=O)N1c1ccccc1C(=O)N2C', 'O=C(NCCCNc1ncccn1)C1CC2CCC1O2', 'CC(C)(C)OC(=O)N1CCC2(CC1)C(=O)NC2c1ccccc1', 'C=CCOC1CCC2C1OCCN2C(=O)c1ccoc1']"
4784,1e-04,0.0,0.0,[]
4785,1e-04,0.0,0.0,[]
4786,0.2806,0.14763771,0.6822737455368042,"['O=C(C=c1[nH]c(=O)c(=Cc2cccnc2)s1)c1ccco1', 'OC(Cc1cnccn1)(c1ccccc1)c1ccccc1', 'Cn1cccc1C=c1sc2nc3ccccc3n2c1=O', 'Cc1ccc(N2C(=O)Cn3c2nc2c3c(=O)n(C)c(=O)n2C)cc1F', 'Cc1cn2c3c(=O)n(C)c(=O)n(C)c3nc2n1C1CCCCC1', 'COCCCNc1c(-c2cc(C)c(C)cc2C)c(=O)c1=O', 'c1ccc(-c2nc3cccnc3nc2-c2ccccn2)nc1', 'Cc1[nH]c(C(=O)N2CCOC(C)(C)C2)c(C)c1C(=O)OC(C)C', 'OC(c1ccccc1)(c1ccccn1)C(F)(F)F', 'OC(c1ccc(F)cc1)(c1cncnc1)c1ccccc1Cl']"
4787,0.4569,0.17095083,0.8340593576431274,"['O=c1c(-c2ccccc2)c(O)n(O)c2ccccc12', 'Cc1c(-n2cc(Br)ccc2=O)c(=O)[nH]c2ccccc12', 'Cc1c(C(=O)N2CC(C)CCCC2C)c(=O)oc2ccccc12', 'CCCn1c(=O)c2c(nc3n(C)c(C)c(C)n23)n(C)c1=O', 'Nc1c(NCCN2CCOCC2)c2ccccc2oc1=O', 'N#Cc1c(=O)c2c(=O)oc3ccccc3c2n2nc3n(c12)CCCCC3', 'Cc1c(C(=O)NC(C)Cn2cncn2)c(=O)[nH]c2ccccc12', 'COC(=O)c1c(C)nc2c(c(SC)nn2-c2ccccc2)c1N', 'COCc1cc(N)c2c(Cl)c(OC)cc(OC)c2n1', 'COC(=O)c1c(C)nc(C)c2c(=O)n(-c3cccnc3)ccc12']"
4788,0.0012,0.39164075,0.7482057809829712,"['CCOC1CCCN(c2nc3c(cnn3C(C)(C)C)c(=O)[nH]2)C1', 'CCN(Cc1nc2c(cnn2C)c(=O)[nH]1)c1cc(C)ccc1C', 'CCn1c(=O)c2c(ncn2Cc2ccccc2)n(-c2ccccc2)c1=O', 'Cc1nc2c(cnn2C(C)C)cc1C(=O)N1CCc2ccccc21', 'CC(C)N(Cc1nc2c(cnn2C)c(=O)[nH]1)c1ccccc1', 'Cc1nc2c(c(C)nn2C)c(C)c1CCC(=O)N1CCOCC1', 'CCc1nc(Cn2cnc3c(nnn3-c3ccccc3)c2=O)cs1', 'CC1(C)CN(Cc2nc3c(oc4ccccc43)c(=O)[nH]2)CCO1', 'Cn1c(=O)c2c(nc(N3CCCC3)n2CC(O)CO)n(C)c1=O', 'Cn1c(=O)c2c(nc(C3CCCCC3)n2C)n(C)c1=O']"
4789,0.005,0.37709495,0.8283737301826477,"['C=CCSc1nc(-c2cccnc2)ccc1C#N', 'COCCSc1nc(-c2ccccc2Br)n[nH]1', 'COCCSc1cc(N2CCOCC2)ncn1', 'C#CCSc1nnc2ccc(-c3ccco3)nn12', 'CC(C)Sc1ccc(C(=O)NCc2ccoc2)cc1', 'C#CCSc1nnc(CNC(=O)c2ccccc2)o1', 'COCCSc1nc2ccccc2n1C(F)F', 'C=CCSc1nnc(NC(=O)COc2ccc(F)cc2)s1', 'C=CCSc1ccccc1NC(=O)c1ccc(CNC(C)=O)cc1', 'CC(C)Sc1nnc(-c2cccc(Cl)c2)n1N']"
4790,0.0002,0.5,0.0,"['C=CCc1cc(C(=O)N(C(C)C)C2CCC2)cc(OC)c1OC', 'CC=Cc1ccc(OCC(O)CN2C(C)COCC2C)c(OC)c1']"
4791,1e-04,0.0,0.0,[]
4792,1e-04,0.0,0.0,[]
4793,1e-04,1.0,0.0,['Cc1c(NC(=O)c2cnccn2)cccc1-n1cnnn1']
4794,1e-04,1.0,0.0,['OC1=Nc2c(ncn2-c2ccc(F)cc2)C(c2cc(F)ccc2F)C1']
4795,1e-04,0.0,0.0,[]
4796,0.0111,0.30002475,0.6713762283325195,"['O=C(CCc1nc2ccccc2[nH]1)CCc1nc2ccccc2[nH]1', 'COC(C)C(=O)NC(c1nc2ccccc2[nH]1)C(C)C', 'CC(C)N1CCN(C(=O)c2cccnc2)C(c2nc3ccccc3[nH]2)C1', 'O=C(NCc1nc2ccccc2[nH]1)c1ccccc1O', 'N#CC(C(=O)CCc1nc2ccccc2[nH]1)c1ccccc1Cl', 'CS(=O)(=O)N1CCCCC1c1cc2ccccc2[nH]1', 'O=C(NCCNC(=O)c1cc2ccccc2[nH]1)c1ccccn1', 'C=CCNC(=O)c1ccccc1NC(=O)c1cc2c(F)cccc2[nH]1', 'COc1ccc(CC(=O)NCc2nc3ccccc3[nH]2)cc1OC', 'COc1ccc(OC)c(S(=O)(=O)NCc2nc3ccccc3[nH]2)c1']"
4797,1e-04,0.0,0.0,[]
4798,1e-04,1.0,0.0,['COC(=O)C1=C(C)N(Cc2ccc(Cl)cc2)C(=O)CC1']
4799,1e-04,0.0,0.0,[]
4800,0.3033,0.15799832,0.7791435122489929,"['O=C1CCCc2c1c(C1CC1)nn2-c1c(F)cccc1F', 'O=C1NC(c2ccco2)c2c(-c3ccccc3)n[nH]c21', 'CCCN1C(=O)Cc2c(C)nc(-c3ccccc3)nc21', 'c1ncc(C2NCCc3ccc4c(c32)OCO4)cn1', 'CN1C(=O)C(C)(C)c2cc(-c3nccnc3C#N)ccc21', 'CCN1C(=O)Cc2cc(C(=O)N3CCOCC3)ccc21', 'c1ccc(C2NCCc3ccc4c(c32)OCCO4)nc1', 'c1nc(C2NCCc3ccc4c(c32)OCCO4)n[nH]1', 'O=C1CCCc2c1c(Cc1ccccc1)nn2CCO', 'O=S1(=O)N=C(NC2CCc3ccccc32)c2ccccc21']"
4801,1e-04,0.0,0.0,[]
4802,1e-04,0.0,0.0,[]
4803,0.004,0.28346318,0.8276659250259399,"['CCCCSc1nc(N)cc(N2CCC3(CN(C)C(=O)O3)C2)n1', 'CSc1ncc(Cl)c(C(=O)Nc2cc(C)ccn2)n1', 'COc1nc(N)c(-c2cccc(C(F)(F)F)c2)c(N)n1', 'Cc1ncc(Cl)c(C(=O)OCCOc2ccccc2)n1', 'CN(C)c1nc(N)nc(CSc2cc(C#N)ccn2)n1', 'CSc1nc(C)c(CCC(=O)N(C)CC(N)=O)c(C)n1', 'CCCc1nc(C)c(C(=O)NCc2c(C)cc(C)[nH]c2=O)s1', 'Cc1nc(C)c(C#N)c(SCC(=O)N2CC(C)CC(C)C2)n1', 'COCCn1nc(C)c(NCc2nc3ccccc3n2C)c1C', 'c1cn2cnnc2c(N2CCOC(c3ccsc3)C2)n1']"
4804,0.0254,0.278893,0.7280318140983582,"['Cc1cnc(NCc2ccco2)c(Br)c1', 'Cc1ccc(NCc2cnc(C)s2)c(Br)c1', 'Cc1nnc(NCc2ccccc2F)c(C#N)c1C', 'CNC(=O)c1ccc(NCc2ccc(C)o2)c(C)c1', 'Cc1cnc(NCc2ccc(F)c(Cl)c2)nc1', 'Brc1cccc(NCc2ccccn2)c1', 'CCCNC(=O)c1cccc(NCc2ccc(CC)o2)c1', 'CC(C)n1cc(NCc2cccc(Cl)c2F)cn1', 'Cn1nc(NC2CCCCCC2)c(=O)n(C)c1=O', 'Cc1cc(NCC2CCCCO2)nc(-c2ccccc2O)n1']"
4805,0.0003,0.41666245,0.8485509753227234,"['c1cc2c(cc1-c1noc(-c3cnc(C4CCCO4)s3)n1)CCO2', 'Cc1ccc2c(c1)C(NC(=O)NC1CCOC3(CCCC3)C1)CO2', 'COc1ccc2c(c1)CCc1c(C(=O)N3CCCC3)noc1-2']"
4806,1e-04,0.0,0.0,[]
4807,1e-04,0.0,0.0,[]
4808,1e-04,0.0,0.0,[]
4809,0.0109,0.37976596,0.770330011844635,"['CC(C)C(=O)c1ccccc1NC(=O)C1CCNC(=O)C1', 'CCC(C)(C)C(=O)Nc1ccc2c(c1)oc(=O)n2C', 'CC(C)(C)C(=O)NCC(=O)NCCc1ccccc1F', 'CC(C)C(=O)Nc1ccc(C(=O)N2CCCC2)cc1', 'CC(C)(C)C(=O)N1CCN(Cc2noc(-c3cccs3)n2)CC1', 'CCC(C)C(=O)NCc1ccc(C(=O)NC2CC2)cc1', 'CCC(C)(C)C(=O)NCc1cn(-c2ccccc2)nn1', 'CCC(C)C(=O)Nc1ccccc1C(=O)N1CCC(C)CC1', 'CC(C)C(=O)N1CCN(C(C)c2ccccc2)CC1', 'CCC(C)C(=O)NCc1c(C)nn(Cc2ccccc2)c1C']"
4810,1e-04,0.0,0.0,[]
4811,1e-04,0.0,0.0,[]
4812,1e-04,0.0,0.0,[]
4813,1e-04,0.0,0.0,[]
4814,0.046,0.24386564,0.749123752117157,"['CCC(C#N)(CC)Cc1cc(OC)c(OC)c(OC)c1', 'CCOC(=O)N1CCN(Cc2cc(OC)c(OC)cc2OC)CC1', 'CNCC1NCCc2cc(Cl)c(OC)c(OC)c21', 'CCC(CO)Nc1ncnc2cc(OC)c(OC)cc12', 'COC(=O)CCC(=O)c1cc(OC)c(OC)cc1Br', 'COC(=O)c1ccccc1NC(=O)c1cc(OC)c(OC)cc1OC', 'COCc1cc(N)c2c(Cl)c(OC)cc(OC)c2n1', 'CCC(=O)N1CCN(Cc2cc(Cl)c(OC)c(OC)c2)CC1', 'COC(=O)Cc1ccc2cc(OC)c(OC)cc2n1', 'COC(=O)CSc1nc2cc(OC)c(OC)cc2cc1C#N']"
4815,1e-04,0.0,0.0,[]
4816,1e-04,0.0,0.0,[]
4817,1e-04,0.0,0.0,[]
4818,0.008,0.37531346,0.6573385000228882,"['COc1ccc(C(=O)N2CCC(O)(c3nccn3C)CC2)cc1', 'CC(C)(C)OC(=O)N1CCC(O)(c2ccccn2)CC1', 'Cc1nnc(NC(=O)CC(O)(c2nccn2C)C(F)(F)F)s1', 'CN1C(=O)C(O)(CC(=O)c2cccs2)c2ccccc21', 'Cc1nc(COC(=O)C(O)(c2ccccc2)c2ccccc2)cs1', 'Cc1ccc(C(O)(Cc2nc(-c3cccnc3)no2)C(F)(F)F)o1', 'Cn1ccnc1C(O)(CCNC(=O)c1cccnc1)C(F)(F)F', 'Cc1ccc2c(c1)C(O)(CC(=O)c1cccs1)C(=O)N2', 'COC(=O)C(O)(c1cc(C)c2cccnc2c1O)C(F)(F)F', 'CCCN1C(=O)C(O)(CC(=O)c2cccs2)c2cc(Cl)ccc21']"
4819,1e-04,0.0,0.0,[]
4820,0.0059,0.65102,0.3369120955467224,"['CCC(NCC1CCCO1)C(=O)c1ccc2c(c1)CCN2', 'CCC(Sc1nncn1CCOC)c1ccc(F)cc1', 'CCC(Nc1ccc2cc[nH]c2n1)c1ccncc1', 'CCC(NC(=O)CCNS(C)(=O)=O)C1CCCCC1', 'CCC(NC(=O)C1CCCN(C(N)=O)C1)c1ccc(C)cc1', 'CCC(NCc1ccc(OC)cc1F)C(=O)OC', 'CCC(C(=O)N(C)Cc1ccc(OC)c2ncccc12)n1cccn1', 'CCC(NC(=O)c1ncccc1O)c1cccs1', 'CCC(NC(=O)CNCc1ccccc1)c1ccccc1', 'CCC(NC(=O)Cc1ccccc1F)c1ccc(C)cc1']"
4821,0.07,0.44229087,0.4889023005962372,"['COc1ccc(Cl)cc1CC(=O)N(C)Cc1ccc2c(c1)OCO2', 'CCCc1cc2c(cc1NC(=O)Cn1cc(C(C)C)nn1)OCO2', 'CCOC1CC(NC(=O)N(C)Cc2nnc3ccccn23)C12CCC2', 'CC(NC(=O)c1cc(C2CC2)on1)c1ccc2c(c1)OCCCO2', 'COc1cc2c(c(O)c1OC)c(=O)c1cccc(O)c1n2C', 'C#Cc1cccc(NC(=O)CN(C)C(=O)C2CC(=O)N(CC)C2)c1', 'O=C(NC1(c2cccc(F)c2)CCOCC1)c1scnc1C1CC1', 'COCCN(Cc1cc2cc3c(cc2n2nnnc12)OCO3)C(C)=O', 'O=S(=O)(Nc1cccc2cccnc12)c1ccc2c(c1)OCCO2', 'CCn1cc(C(=O)Nc2ccc(-c3ncc[nH]3)cc2)c(C(C)C)n1']"
4822,0.0096,0.42408863,0.5830824375152588,"['CCN1CC(c2nc3ccccc3n2CC(=O)OC)CC1=O', 'COCCSc1nc2ccccc2n1C(F)F', 'CCN1CC(c2nc3ccccc3n2Cc2ccccc2F)CC1=O', 'Cc1ccc(OCc2nc3ccccc3n2CCCO)cc1', 'COCC(=O)NC(C)c1nc2ccccc2n1Cc1ccc(C)cc1', 'OCCc1nc2ccc(F)cc2n1CCN1CCOCC1', 'CC(O)c1nc2ccc(F)cc2n1Cc1ccc(N)nc1', 'O=C(NCCO)c1cc2ccccc2n1Cc1ccccc1F', 'CCc1nc2ccccc2n1CCC(=O)N1CCCCCC1', 'Cc1nc2ccc(F)cc2n1-c1ccc(C#N)cc1']"
4823,0.0374,0.3574732,0.597664475440979,"['Cc1ccc(OC(=O)CCC(=O)Nc2nccs2)cc1C', 'Cc1ccc(Sc2ccc3nnnn3n2)cc1C', 'CC(=O)c1ccc(NC(=O)NC2C3CCC(C3)C2CO)cc1C', 'CC(=O)c1ccc(NC(=O)Nc2cnn(C(C)(C)C)c2)cc1C', 'Cc1oc(C)c(C(=O)Nc2cc(Br)c[nH]c2=O)c1C', 'Cc1cc(C)c(C)c(S(=O)(=O)N(CCC#N)CC2CC2)c1C', 'Cc1cccc(C(=O)NCc2ccc(NC(N)=O)cc2)c1C', 'Cc1ccc(C(=O)NCC(O)c2ccc3c(c2)CCC3)cc1C', 'Cc1cccc(Oc2ncccc2NC(=O)Nc2cn[nH]c2)c1C', 'Cc1ccc(S(=O)(=O)N(CCC#N)C2CC2)cc1C']"
4824,0.0027,0.35319492,0.7273613214492798,"['CCCOC(=O)Cn1cnc2sc(C(N)=O)c(C)c2c1=O', 'CCC1CCN(C(=O)CCc2nc3sc(C)c(C)c3c(=O)[nH]2)CC1', 'COCC(C)NC(=O)CCn1cnc2sc(C)c(C)c2c1=O', 'Cc1cc(Cc2nc3sc(C)c(C)c3c(=O)[nH]2)no1', 'O=c1[nH]c2scc(-c3ccco3)c2c(=O)n1CCCO', 'Cc1ccccc1NC(=O)c1cnc2sc(C)c(C)n2c1=O', 'COc1ccc(C)cc1NC(=O)c1cnc2sc(C)c(C)n2c1=O', 'Cn1nc2n(Cc3ccc(Cl)cc3)c(=O)c3sccc3n2c1=O', 'CC(=O)c1nnc2scc(-c3cccc(OC(C)C)c3)n12', 'OCCCNc1ncnc2scc(-c3ccc(F)cc3)c12']"
4825,0.0678,0.38936767,0.48901262879371643,"['C=CCn1c(SCc2nnnn2-c2ccccc2)nnc1C1CC1', 'CC(C)OCCCn1c(=O)c2ccccc2n2c(=O)n(CC#N)nc12', 'COC(=O)c1c(NC(=O)CSc2ccccn2)sc2c1CCC2', 'CC(Cc1ccsc1)NC(=O)c1ccc2c(c1)ncn2CCO', 'CNC(=O)C1CN(C(=O)NCCc2ccccc2)CC12CCCC2', 'COCC(=O)N1CCC(c2nnc(Cn3cncn3)n2C2CC2)CC1', 'O=C(Nc1cccc(C(F)(F)F)c1)c1ccnn1C1CC1', 'O=C(NCc1nc(-c2cccs2)no1)c1scnc1C1CC1', 'CNC(=O)C1CN(C(=O)c2ccc(F)cc2)CC12CCCC2', 'CN(Cc1cnn(C)c1)C(=O)Nc1ccccc1OCC1CC1']"
4826,1e-04,0.0,0.0,[]
4827,0.023,0.5237374,0.474242627620697,"['CN(CCOc1ccccc1)C(=O)CCc1nc2ccccc2[nH]1', 'COCCN(Cc1cnn(C)c1)C(=O)Cc1ccc(Cl)cc1', 'CCCN(Cc1cnn(C)c1)C(=O)Cc1cc(F)ccc1F', 'CCN(Cc1noc(C)n1)C(=O)CCc1scnc1C', 'CN(CCCOc1ccccc1)C(=O)c1scnc1C1CC1', 'CN(CCOCC1CC1)C(=O)c1cccnc1N1CCCCC1', 'CCCN(CC1CC1)C(=O)c1ccc(N2CCCCCC2)nc1', 'N#CCCN(Cc1ccco1)C(=O)c1ccc(NC2CC2)nc1', 'CN(CC1CCCO1)C(=O)CNC(=O)c1ccc(F)cc1F', 'CCN(Cc1cccs1)C(=O)c1cccc(OCC(F)F)n1']"
4828,1e-04,0.0,0.0,[]
4829,1e-04,0.0,0.0,[]
4830,1e-04,0.0,0.0,[]
4831,1e-04,0.0,0.0,[]
4832,0.0016,0.36218953,0.6431859731674194,"['O=C(CCN1CCOC1=O)NC1CCCNC1=O', 'CC(Sc1ccccc1Cl)C(=O)OCC(N)=O', 'O=C(c1cccc(Cl)c1)N1CCCS1(=O)=O', 'Cc1c(N)cccc1NC(=O)CCN1CCOC1=O', 'O=C(c1ccc(Cl)cc1Cl)N1CCCS1(=O)=O', 'CCn1ccnc1COc1ccc(Cl)cc1C(C)=O', 'COc1ccc(N)cc1OCCN1CCNC1=O', 'CC(C)(C)OC(=O)N1CCCC1C1CCCC1=O', 'Cc1nnsc1CN(C)C(=O)CN1CCOC1=O', 'O=C(NCCc1cscn1)N1CCOCC1C1CC1']"
4833,0.0142,0.38506633,0.6268236637115479,"['O=C(C1CCCO1)N1CCC2(CCN2c2ncccn2)C1', 'O=C(C1CCCC1)N1CCC(c2cc(O)nc(N3CCOCC3)n2)C1', 'O=C(C1CCCO1)N1CCCC2(CCN(Cc3ccncc3)C2=O)C1', 'O=C(C1CCCO1)N1CCN(C2CCCc3ccccc32)CC1', 'O=C(C1CCCO1)N1CCN(Cc2cccc3ccccc23)CC1', 'O=C(C1CCC1)N1CCCC(c2nnc(C(F)(F)F)o2)C1', 'O=C(C1CCCC1)N1CCN(Cc2cc3ccccn3n2)CC1', 'O=C(C1CCCCC1)N1CCc2c(nc(N3CCOCC3)[nH]c2=O)C1', 'O=C(C1CCCO1)N1CCN(Cc2ccccc2F)CC1', 'O=C(C1CCOC1)N1CCCC1C1CCCCC1']"
4834,1e-04,0.0,0.0,[]
4835,1e-04,0.0,0.0,[]
4836,1e-04,0.0,0.0,[]
4837,1e-04,0.0,0.0,[]
4838,1e-04,0.0,0.0,[]
4839,1e-04,0.0,0.0,[]
4840,0.0002,0.5,0.0,"['CC1(C)Cc2nc3sc4c(=O)[nH]c(=O)[nH]c4c3cc2CO1', 'Cc1ccc2c(=O)nc(C)n(-c3ccccc3)c2n1']"
4841,0.003,0.27071583,0.6335976123809814,"['CN(C)C1=NC(C(F)(F)F)(C(F)(F)F)N=C(c2cccnc2)O1', 'COc1cc(OC)c2c(c1)C(C(=O)c1ccccc1)NCC2', 'COc1ccc2c(c1)C(c1ccc3c(c1)OCO3)NCC2', 'COc1ccc(C2CC(=O)Oc3c2c(=O)[nH]c2ccccc32)cc1', 'COc1ccc(C2CC(=O)Oc3c2c(=O)oc2ccccc32)cc1', 'CN(CC(=O)N1CCOCC1)C(=O)Nc1cccc(C#N)c1', 'CC1CCN(c2ncnc(N(CCC#N)CCC#N)c2N)CC1', 'Cc1sc2[nH]c(SCCCC(=O)NCCO)nc(=O)c2c1C', 'COc1ccc(-c2c(C3CC3)n[nH]c2N)cc1Cl', 'COCCNC(=O)C1C2CCC3(CC(=O)c4ccccc4O3)C21']"
4842,0.007,0.3316107,0.8901196718215942,"['C=CCOC(=O)c1sc(NC(=O)c2snnc2C)nc1C', 'CC(C)NC(=O)c1sc(N2CCCC2)nc1N', 'CC(=O)c1sc(CCNc2ccc(F)cc2)nc1C', 'CCC(C)(C)NC(=O)c1sc(-c2ccccn2)nc1C', 'CCOC(=O)c1sc(C=Cc2cncnc2)nc1C', 'COC(=O)c1sc(NC(=O)CSc2nnnn2C)nc1C', 'CCOC(=O)c1sc(NC(=O)CCc2c(C)noc2C)cc1C', 'COC(=O)CCNC(=O)c1sc(-c2ccccc2)nc1C', 'COC(=O)c1sc(NC(=O)c2c(C)oc(C)c2C)nc1C1CC1', 'CCOCCNC(=O)c1sc(C(C)C)nc1C']"
4843,0.0008,0.41296393,0.6649354696273804,"['Cc1ccc(NC(=O)CC2Oc3ccccc3NC2=O)c(C)c1', 'COc1cccc(N=c2oc3ccccc3cc2C(N)=O)c1', 'COc1ccc(CCNC(=O)CC2Oc3ccccc3NC2=O)cc1', 'Cc1cc(C)n(CCNC(=O)CC2Oc3ccccc3NC2=O)n1', 'COc1cc(C)c(CN2Cc3ccccc3CC2C(N)=O)cc1OC', 'Oc1ccc(C=CC2NCCc3cc(O)ccc32)cc1', 'COc1ccc(C(=O)N2CCOc3ccccc3C2)c(OC)c1', 'Cc1ccc(CNC(=O)C2COc3ccccc3C2)cc1']"
4844,1e-04,0.0,0.0,[]
4845,1e-04,0.0,0.0,[]
4846,0.0308,0.24509045,0.6632558703422546,"['CCc1cc(C(=O)NCCC2CC3CCC2C3)[nH]n1', 'COCCN1CCN(C(=O)NCCC2CC3CCC2C3)CC1=O', 'Nc1cc(NC(=O)CC2CC3CCC2C3)ccc1Cl', 'CCc1onc(C)c1NC(=O)NCCC1CCC1', 'Brc1ccc(NCCOCC2CCOCC2)cc1', 'CCc1nnc(NC(=O)NCCC2CCCCC2)s1', 'CCOc1ccc(N)cc1COCC1CCOC1', 'Nc1cc(C(=O)NCCC2CCCC2)ccc1Cl', 'O=C(Cc1ccc(F)cc1F)N(CC1CC1)CC1CC1', 'COc1ccc(C(=O)N(C)CCOCC2CC2)nn1']"
4847,1e-04,0.0,0.0,[]
4848,1e-04,0.0,0.0,[]
4849,0.0014,0.2586844,0.934907853603363,"['Nc1ncc(Br)c(Cl)c1Br', 'NCC(=O)c1cnc2ccc(Br)cc2c1', 'NC1C(=O)NCC1c1ccccc1Br', 'NC(=O)c1ccc2cc(Br)ccc2n1', 'Nc1ccccc1OCC(O)CN1CCOCC1', 'NC(=O)CCCNC(=O)c1cccc2ncccc12', 'NC(=O)Nc1ccccc1OCC1CCCCO1', 'NC(=O)c1cccnc1Sc1ccc(Br)cc1', 'NC(=O)CSc1ccccc1NCC1CCCCC1', 'NC(=O)C(CCSc1ccccc1)c1ccccc1']"
4850,1e-04,0.0,0.0,[]
4851,0.003,0.24873205,0.8279770016670227,"['CCC(CO)NC(=O)c1coc(COc2ccc3c(c2)OCO3)n1', 'CC(C)NC(=O)Cn1nc(-c2nc(-c3cccnc3)no2)ccc1=O', 'CC(=O)NCCNC(=O)Nc1ccc(-c2nc3ccccc3o2)cc1', 'Cc1nn(C)c(C)c1-c1cc(C(=O)N2CCN(C(C)C)CC2)[nH]n1', 'CN(C)C(=O)COc1cccc(NCc2nnc(C3CCC3)o2)c1', 'CC(NC(=O)C(C)(C)C)C(=O)OC(C)C(=O)c1c[nH]c2ccccc12', 'CCOC(=O)C(C)(C)N(C)Cc1cnc2nc(C)cc(C)n12', 'COC(=O)Cc1c(C)[nH]n(-c2nc(-c3ccccc3)cs2)c1=O', 'O=C(NC(CO)CO)c1cc(CN2CCOCC2)on1', 'COCC(C)NC(=O)CCn1cnc2sc(C)c(C)c2c1=O']"
4852,0.0003,0.42627677,0.7975163459777832,"['CC(N)(C(=O)Nc1ccccc1Cl)c1ccccc1', 'CC(O)c1ccc(SCc2ccco2)c(F)c1', 'CC(O)c1ccc(OCCOc2ccccc2)cc1']"
4853,1e-04,0.0,0.0,[]
4854,0.0097,0.36733478,0.636044979095459,"['COCCOc1ncccc1NCc1ccccn1', 'Clc1ccc2c(c1)CCCN2Cc1ccccn1', 'CC(C)Oc1ncccc1CNC(=O)c1ccccn1', 'CC(C)C(C)NC(=O)CN(C)c1ccc(Cl)cn1', 'CC(C)(C)C1CCCCC1NC(=O)c1csnn1', 'NC(=O)C(Cc1ccccc1)Nc1ncc(Br)cn1', 'CC(C)(C)CC1CCCN1C(=O)c1cscn1', 'Cn1nccc1C(=O)OCC(=O)Nc1ccc(Br)cn1', 'O=C(Cn1c(=O)oc2ccccc21)Nc1ccc(Cl)cn1', 'O=C(CCc1ccccc1F)OCc1ccccn1']"
4855,1e-04,0.0,0.0,[]
4856,1e-04,0.0,0.0,[]
4857,1e-04,0.0,0.0,[]
4858,0.0067,0.37891746,0.6341798305511475,"['OC1CCN(Cc2ccco2)C1Cc1ccccc1', 'CCOCC1CCN(C(=O)C2C3CCCCC32)C1', 'CCOCC1CCCN(C(=O)c2[nH]ncc2Br)C1', 'CC1CCCN(c2ccccc2OS(=O)(=O)c2c[nH]cn2)C1', 'COCC1CN(Cc2cccs2)Cc2cn(C)nc21', 'CCCC1CN(Cc2cccc3[nH]ccc23)CCO1', 'OCCCOC1CCN(Cc2cnc(C3CC3)s2)CC1', 'CC1CCN(Cc2nnc(C(C)(C)C)o2)c2ccccc21', 'OCC1CCCN(c2ncnc3cccc(F)c23)C1', 'CCC1CCCN(C(=O)c2nc(N)ccc2Cl)C1']"
4859,1e-04,0.0,0.0,[]
4860,1e-04,0.0,0.0,[]
4861,1e-04,0.0,0.0,[]
4862,0.0371,0.31786013,0.744071364402771,"['Cc1cc(C)c(CNC(=O)C2CCCN(c3ncccn3)C2)c(=O)[nH]1', 'CCNc1nc2c(s1)C(c1cc(OC)c(O)c(OC)c1)CC(=O)N2', 'Cc1cc(C)c(CNC(=O)N(C)C2CCCc3ccccc32)c(=O)[nH]1', 'C=CCn1c(=O)c2c(nc(-c3ccccc3)n2C)n(C)c1=O', 'Cc1cc(C)c(C(=O)NCc2nc3ccccc3n2C(C)C)c(=O)[nH]1', 'Cn1c2c(c(=O)[nH]c1=O)C(c1ccccc1)C1=C(COC1=O)N2', 'CCn1c(C2CCCN(C(=O)c3cc4sccc4[nH]3)C2)n[nH]c1=O', 'COc1ccc(C)cc1NC(=O)c1cnc2sc(C)c(C)n2c1=O', 'Cc1c(C)c2ccc(NC(=O)c3c(F)cccc3F)cc2[nH]c1=O', 'Cc1cc(C)n(CCNCc2cc(=O)c3cc(F)ccc3[nH]2)c(=O)n1']"
4863,0.0772,0.29460165,0.5818436741828918,"['COc1ccc(NC(=O)COC(=O)c2ccc(Cl)cc2)cn1', 'CSc1nnc(CCNC(=O)Cc2ccc(F)cc2)n1C', 'Cc1cc(C)n(CCNC(=O)NCc2ccc(Cl)cc2)n1', 'CCOCc1ccc(CNC(=O)Cc2cccc(F)c2)cc1', 'Cc1cc(C(=O)OCC(=O)c2ccc(F)cc2)c(C)o1', 'Cc1nnc(SC(C)C(=O)c2ccc(Cl)cc2)n1C', 'COc1ccc(NC(=O)NCCc2ccc(F)cc2F)cc1OC', 'Cc1nc(CNC(=O)N(CCO)Cc2ccccc2)sc1C', 'COc1cc(C)c(NC(=O)Cc2ccc(C)cc2)cc1OC', 'COc1cc(NC(=O)N(C)Cc2cccc(F)c2)ncn1']"
4864,0.0071,0.46001908,0.6715940833091736,"['CN1C(=O)C(C(=O)Nc2ccccc2Br)c2ccccc21', 'O=C1C(=O)N(Cc2cccs2)c2cc(F)ccc21', 'CN1C(=O)C(O)(CC(=O)c2cccs2)c2ccccc21', 'O=C1OC(c2c[nH]c3ccccc3c2=O)c2ccccc21', 'CC1CCN(C(=O)C(C)n2ccnc2)c2ccccc21', 'CC1CN(C(=O)c2ccc[nH]c2=O)c2ccccc21', 'CN1CCN(C(=O)c2csnn2)c2ccccc21', 'CC1(C)CCCN(C(=O)c2ccncc2)c2ccccc21', 'CCCN1C(=O)C(O)(C(C)C(=O)c2ccccc2)c2ccccc21', 'O=C1OC(C(=O)NCc2ccccc2)Cc2ccccc21']"
4865,1e-04,0.0,0.0,[]
4866,1e-04,0.0,0.0,[]
4867,1e-04,0.0,0.0,[]
4868,0.0015,0.19490686,1.4481874704360962,"['NCC(=O)c1cnc2ccc(Br)cc2c1', 'NCC(=O)OCCc1ccc2c(c1)CCCS2(=O)=O', 'NC(=O)N1CCCC(C(=O)Nc2ccc(NC(=O)C3CC3)cc2)C1', 'CNC(=O)C(NC(=O)C1CC1(Cl)Cl)c1ccc(F)c(F)c1', 'NC(=O)COc1ccc(NC(=O)c2n[nH]c(=O)c3ccccc23)cc1', 'NC(=O)COC(=O)c1cc(C2CC2)nc2ccccc12', 'NC(=O)C1CCN(C(=O)CCn2ncc3cc(Cl)ccc32)CC1', 'NC(=O)CN(C(=O)Cc1cccc(C(F)(F)F)c1)C1CCCC1', 'NC(=O)CCN(C(=O)c1cc(=O)c2ccccc2o1)c1ccccc1', 'NC(=O)c1ccc(NC(=O)c2ccc(CN3CCCC3=O)cc2)cc1']"
4869,0.1298,0.32671782,0.42578187584877014,"['CCCn1c(CNc2cn[nH]c2)nc2ccccc21', 'CC(NC(=O)c1cc[nH]n1)c1noc(Cc2ccccc2)n1', 'CCC(Nc1ccc2cc[nH]c2n1)c1ccncc1', 'CCC(NC(=O)c1c[nH]nc1-c1ccccc1)c1ncnn1CC', 'COC(=O)c1c(C)[nH]c(C(=O)CSc2nncs2)c1C', 'O=C(c1cccc2cc[nH]c12)N1CCCC1c1nnc2n1CCCCC2', 'O=C1OCCC1Sc1n[nH]c(=O)n1CCc1ccccc1', 'COc1cccc(-c2n[nH]cc2C(=O)NCc2ccc(CO)cc2)c1', 'COC(=O)c1c(C)[nH]c(C(=O)COc2ccccc2C)c1C', 'O=C(NCCO)c1cnn(-c2ccc(Cl)cc2)c1']"
4870,0.0292,0.33655304,0.43785589933395386,"['CCc1nc2n(n1)CC(NCc1ccc(C#N)cc1F)CC2', 'c1ccc(C2(CNc3nn4c(nc5ccccc54)[nH]3)CC2)cc1', 'CC1CNc2cc(NC(=O)OC(C)(C)C)ccc2O1', 'CN1CCOC(CNCc2ccccc2N2CCOCC2)C1', 'Cn1cc(C(O)CNC(=O)Nc2cc(-n3cccc3)ccc2F)cn1', 'c1cnn(CCN2CCOC(Cn3cncn3)C2)c1', 'Cc1cc(=O)n2nc(NCc3ccc(OC(C)C)cc3)nc2[nH]1', 'CCNC(=O)CN1CCN(CC(=O)N(C)Cc2ccccc2C)CC1', 'CCc1cc(N2CCCC(N3CCNC3=O)C2)n2ncnc2n1', 'C=CCn1c(SC2CCCCC2O)n[nH]c1=O']"
4871,1e-04,0.0,0.0,[]
4872,1e-04,0.0,0.0,[]
4873,1e-04,0.0,0.0,[]
4874,0.0006,0.55722135,0.4897361397743225,"['CN(CCO)C(=O)C1CC1c1ccc(OC(F)(F)F)cc1', 'CC(CCO)C1(CNS(=O)(=O)c2cccc3cnccc23)CCC1', 'CN(CCO)C(=O)Nc1ccc(OCC2CCOCC2)cc1', 'CN(CCO)c1ccc(C(=O)N2CCC(N3CCOCC3)CC2)cn1', 'O=C(Cn1cnnn1)Nc1ccc(C23CC4CC(CC(C4)C2)C3)cc1', 'O=C(Cn1cnc2ccccc2c1=O)c1cccs1']"
4875,0.0009,0.37324557,0.7223165035247803,"['CC(=O)c1[nH]c2c(C)cccc2c1Br', 'Cc1oc2nc[nH]c(=O)c2c1C(=O)NCc1ccc(Cl)cc1', 'Cc1[nH]c2c(-c3cccnc3)cnn2c(=O)c1C1CCCC1', 'Cc1oc2cc(O)ccc2c(=O)c1Oc1ccccc1', 'Cc1oc2c(C(=O)OCCN3CCOCC3)cccc2c(=O)c1C', 'CCOC(=O)c1oc2ccccc2c1CN1C(C)COCC1C', 'Cc1[nH]c(C(=O)N2CCOC(C)(C)C2)c(C)c1C(=O)OC(C)C', 'NC(=O)c1oc2ccccc2c1NC(=O)Cc1c[nH]c2ccccc12', 'Cc1nc2ccc(CCNc3ccccc3)cc2c(=O)[nH]1']"
4876,0.0003,0.46761414,0.6019980907440186,"['O=C(COc1ccc(F)cc1)N1CC2COCC2(COCC2CC2)C1', 'O=C(NC1CC1)c1cc(-n2cnnn2)ccc1Cl', 'O=C(CN1CCCCC1=O)NCc1nc2ccccc2s1']"
4877,0.0005,0.5488621,0.634046733379364,"['CN(C)C(=O)CCCC(=O)NC1(C)Cc2ccccc2C1', 'COc1cc2c(cc1OC)CN(Cc1cccc(F)c1F)CC2', 'Cc1ccc(OCCCCO)c(Br)c1', 'O=C1CN(C(=O)CCCc2cc(F)ccc2F)c2ccccc2N1', 'O=C1CCC(COC(=O)CCNC(=O)c2ccc(F)cc2F)N1']"
4878,0.0255,0.33191934,0.6399605870246887,"['COCCCCNc1cc(Br)ccc1OC', 'CCCn1nccc1CNc1cc(OC)ccc1OC', 'Cc1csc(CNc2nc3c(s2)c(C)nn3C)n1', 'Cc1csc(CCNc2cccc(C(F)(F)F)c2)n1', 'CC(C)c1ccc(CNc2c(C#N)cnn2C)cc1', 'COc1ccc(C(O)CNc2ccc(C)c(C)c2)cc1OC', 'Cc1cnn(C(C)CNc2nccc(C3CCCC3)n2)c1', 'Cc1cc(C)c(CNc2ccc(=O)n(C)c2)cc1C', 'Clc1ccc(Cl)c(CNc2cnns2)c1', 'COC(=O)CC1Nc2cc(Cl)ccc2NC1=O']"
4879,1e-04,0.0,0.0,[]
4880,1e-04,0.0,0.0,[]
4881,0.0003,0.3545905,1.2446537017822266,"['CCCN1CCn2c(nc3cc(NC(=O)c4cccnc4)ccc32)C1', 'Cc1nc2nnc3c(=O)n(-c4cc(Cl)cc(Cl)c4)ccc3n2n1', 'Cc1nc2nnc3c(=O)n(-c4ccccc4C)ccc3n2n1']"
4882,1e-04,0.0,0.0,[]
4883,0.0023,0.5198658,0.5582406520843506,"['COc1ccc2c(C(=O)Nc3cccc4ncccc34)cc(=O)oc2c1', 'COc1ccc2c(CC(=O)N3CCC(C)CC3)cc(=O)oc2c1', 'CCc1ccc2c(Cn3cnc(C4CCC4)cc3=O)cc(=O)oc2c1', 'CCOc1cccc2cc(C(=O)N3CC(C)OC(C)C3)c(=O)oc12', 'Cc1ccc2c(CNc3ccc(C(N)=O)cc3)cc(=O)oc2c1', 'COc1cccc2cc(C(=O)Nc3ccc4c(C)cc(=O)[nH]c4c3)oc12', 'Cc1c(O)ccc2c(CN(C)Cc3nccn3C(F)F)cc(=O)oc12', 'Cc1ccc2c(CSc3nnnn3C3CC3)cc(=O)oc2c1', 'CCOc1ccc2c(C(=O)Nc3cc(C)n(C)n3)cc(=O)oc2c1', 'COc1ccc2c(CC(=O)N3CCc4ccccc4C3)coc2c1']"
4884,1e-04,0.0,0.0,[]
4885,1e-04,0.0,0.0,[]
4886,0.0328,0.30332845,0.6451290845870972,"['Cc1csc(C2CCCN(C(=O)C3COc4ccccc4C3)C2)n1', 'CCCc1noc(C2CCCN(C(=O)CCn3nc(C)cc3C)C2)n1', 'COCCc1noc(C2CCCN(c3nccnc3OC)C2)n1', 'Cc1nc(C2CCCN(C(=O)c3ncccn3)C2)sc1C', 'COCCn1cnnc1C1CCN(C(=O)c2cnccn2)CC1', 'Cc1nc(CC2CCCN(C(=O)c3scnc3C3CC3)C2)no1', 'CCc1nc(C2CCCN(C(=O)c3cccc(Cl)c3)C2)no1', 'Cc1noc(C2CCCN(C(=O)Cc3csc(C)n3)C2)n1', 'Cc1nc(C)n(C2CCCN(C(=O)C(C)n3cccn3)C2)n1', 'CCCc1noc(C2CCN(C(=O)C3CC3c3ccccc3)CC2)n1']"
4887,1e-04,0.0,0.0,[]
4888,1e-04,0.0,0.0,[]
4889,0.0004,0.39071307,0.8000015616416931,"['CCN(CC)C(=O)NC1C(NC(=O)N(CC)CC)N(C)C(=O)N1C', 'COC(=O)CC1Nc2cc(Cl)ccc2NC1=O', 'CC1CC1C(=O)N(CCC#N)CCN1CCOCC1', 'CSc1ccccc1NC(=O)NC1CCCNC1=O']"
4890,1e-04,0.0,0.0,[]
4891,1e-04,0.0,0.0,[]
4892,0.0064,0.3526786,0.9262042045593262,"['Cc1cc(N)nc(SCc2cn3cccc(C)c3n2)n1', 'Cc1cc(C)nc(NCc2ccccc2S(=O)(=O)N(C)C)n1', 'COc1cc(OC)nc(NCc2cccc(F)c2)n1', 'COc1cc(OC)nc(NC(=O)c2cccs2)n1', 'Cc1cc(C)nc(NC(=O)NCCNC(=O)c2ccco2)c1', 'Cc1cc(C)nc(NC(=O)C(C)Oc2ccc3c(c2)CCC3)n1', 'Cc1cc(C)nc(NCc2ccc(-n3cccn3)cc2)n1', 'Cc1cc(C)nc(N2CCC(C(=O)Nc3ccc(F)cc3F)CC2)n1', 'Cc1cc(C)nc(Nc2nc(CC(=O)N3CCCC3)cs2)n1', 'Cc1cc(C)nc(C(C#N)C(=O)CCCOc2ccccc2)n1']"
4893,0.1025,0.2974963,0.5777966380119324,"['Cc1nn(CCc2cc(C)n(C(C)C)c2C)c(C)c1N', 'CC(=O)c1cc(-c2cc(C)n(C(C)C)c2C)n(C2CC2)c1C', 'CCc1nn(C)c(OC)c1CN1CCN(c2cnn(C)c2)C(=O)C1', 'CC(=O)c1nn(-c2ccc(F)cc2F)c(=O)n(C)c1=O', 'CNC(=O)c1cn(Cc2ccccc2)c2ccccc12', 'CC(=O)c1cn(C)c2ccc(Br)cc12', 'Cc1sc(=O)n(Cc2ccn(C(C)C)n2)c1C', 'Cc1cn(CC(=O)Nc2ccccc2C#N)c2ccccc12', 'COC(=O)CCNC(=O)c1cn(Cc2ccccc2)c2ccccc12', 'Cc1cn(CC(=O)N2CCCN(S(C)(=O)=O)CC2)c2ccccc12']"
4894,1e-04,0.0,0.0,[]
4895,1e-04,0.0,0.0,[]
4896,1e-04,0.0,0.0,[]
4897,1e-04,0.0,0.0,[]
4898,0.0162,0.30212438,0.5215640068054199,"['O=c1[nH]cc(-c2cccc(OC(F)(F)F)c2)c(=O)[nH]1', 'O=C(COc1ccc(Br)cc1F)c1ccc[nH]1', 'O=C(Cc1cccc(F)c1F)NCc1n[nH]c(=O)[nH]1', 'Nc1ccc2[nH]nc(-c3ccc(F)c(F)c3F)c2c1', 'O=C(NCC(F)(F)F)c1cc(-c2ccc(F)cc2)c[nH]1', 'O=S(=O)(N=c1cccc[nH]1)c1ccc(F)cc1F', 'O=C(Nc1c[nH]cc(Br)c1=O)c1ccc(F)c(F)c1F', 'O=C(Nc1cc(F)ccc1F)c1ccc2cc[nH]c2c1', 'CC(C)(NC(=O)c1cc(Cl)c[nH]1)c1cccc(F)c1', 'N#Cc1ccc2[nH]nc(-c3ccc(F)cc3F)c2c1']"
4899,1e-04,0.0,0.0,[]
4900,1e-04,0.0,0.0,[]
4901,1e-04,0.0,0.0,[]
4902,1e-04,0.0,0.0,[]
4903,0.0112,0.36561027,0.6418864727020264,"['Cc1ccc(CC(=O)NC2(C#N)CCC3(CC2)OCCO3)s1', 'CCc1cc(C(=O)NCCC2CC3CCC2C3)[nH]n1', 'Cc1nnc(N2CCC3(CC2)OCCCC3O)o1', 'COCCN1CCN(C(=O)NCCC2CC3CCC2C3)CC1=O', 'CC(C)NC(=O)CN1CCN(C(=O)CC2CC3CCC2C3)CC1', 'COc1cc(N2CCC3(CC2)NC(=O)CC3c2cnn(C)c2)ncn1', 'COc1ccc(C2CC(=O)Oc3c2c(=O)[nH]c2ccccc32)cc1', 'COc1ccc(C2CC(=O)Oc3c2c(=O)oc2ccccc32)cc1', 'COc1ccc(Cl)cc1-c1cc(NC(=O)C2CC3CCC2O3)[nH]n1', 'Cc1nccn1Cc1cccc(CNC(=O)C2CC3CCC2O3)c1']"
4904,0.0023,0.27721092,1.0502156019210815,"['C=CCN1C(=O)COC2CN(C(=O)c3cscn3)CC21', 'CCCCN1C(=O)CCC2CN(C(=O)c3cccnn3)CCC21', 'CN1CCOC2CN(c3ccc(Br)cc3C#N)CC21', 'CC(=O)N1CCOC2CN(c3ncccn3)CCC2C1', 'Cc1noc(C)c1CN1CCOC2CN(c3cccc(F)c3)CC21', 'COCCNC(=O)C1CN(c2nnc(C)s2)CC2OCCC21', 'CN(C)S(=O)(=O)N1CCOC2CN(c3cccc(F)c3)CC21', 'O=C(c1cccs1)N1CC(OCC2CCOCC2)C2COCC21', 'Cc1nnc(CC2OCC3CN(C(=O)Cc4ccccn4)CCC32)o1', 'CCOC1CC2CN(C(=O)c3ccnnc3)CCN2C1']"
4905,0.0557,0.5125173,0.3980569541454315,"['Cc1cc(CC(C)n2cc(-c3ccc4ccccc4n3)nn2)[nH]n1', 'Cc1cc(CN2CCc3ccccc3C2CO)ccc1F', 'COc1c(CNc2cnn(CC(C)C)c2)c(C)nn1C', 'Nc1cc(CCOc2ccc(F)cc2F)nn1CCO', 'Nc1cc(NC(=O)CC2CC3CCC2C3)ccc1Cl', 'COc1c(C(=O)OCC2CCCC2)c(C)nn1C', 'Cc1cc(CSc2ncnc3sc(C)cc23)no1', 'Cc1cc(NC(=O)CCc2c(C)nn(CCC#N)c2C)[nH]n1', 'Cc1cc(OC(=O)Cn2nc(C)c3ccccc3c2=O)ccc1Cl', 'Cc1cc(C(C)Nc2ccc(C#N)cc2Cl)c(C)o1']"
4906,0.0632,0.68261737,0.17663291096687317,"['CC(Sc1nncn1C)C(=O)OCC1CCCCO1', 'CC(OC(=O)c1ccc(=O)n(C)n1)c1ccccc1', 'CCN(C(=O)c1ccc(=O)n(C)c1)c1ccccc1', 'COCCN1C(C)CN(C(=O)c2scnc2C2CC2)CC1C', 'CCc1ccccc1OC(C(=O)N1CCNCC1)C(C)C', 'COCCNC(=O)CC1C(=O)NCCN1Cc1cccc(F)c1', 'CC(Sc1nnnn1C)C(=O)Nc1cccc2ncccc12', 'CC(Sc1nncn1C)C(=O)OC(C)c1cccc(F)c1', 'C#CCOC(=O)CCCC(=O)Nc1ccccc1C', 'CCC(CC)N(CCO)C(=O)Oc1ccccc1']"
4907,0.1718,0.4082917,0.37738391757011414,"['Fc1cc(Br)cc2c1C(C1CNC1)NCC2', 'Clc1cccc(-n2ncc3c2ncn2cnnc32)c1', 'COc1cc(N2CCC3C2CCN3c2ncccn2)ncn1', 'Clc1cccc2c1CCNC2c1ccc2nc[nH]c2c1', 'OCCOCCNc1cc(Cl)c2cc[nH]c2n1', 'COc1ccc(C(=O)Nc2cnoc2)cc1Br', 'O=C(NCC1CCC2C1OCCN2c1ncccn1)c1ccco1', 'COc1ccc(Br)c2ccc(C)nc12', 'c1cnc2c(Nc3ncnc4[nH]ncc34)cccc2c1', 'Cc1sc2ncnc(N3CCCC3Cn3cncn3)c2c1C']"
4908,0.001,0.37745517,0.7044076323509216,"['CCC1Nc2cc(Br)ccc2N(COC)C1=O', 'COCCN1Cc2cc(Cl)ccc2OCC1=O', 'O=S1(=O)c2ccc(O)cc2CC1c1ccccc1', 'C=CCN1CCn2ncc(C(=O)N3CCc4ccccc4C3)c2C1', 'O=C1Cn2ncnc2-c2cc(Br)ccc2N1', 'O=C1CCc2cc(Cl)cc(C(O)Cc3cccs3)c2N1', 'O=C1CNc2cccc(Cl)c2N1CCc1ccccc1', 'CCn1ccc2c(Br)c(N)ccc2c1=O', 'O=C1NC(O)c2cc(Br)cc(Br)c2O1', 'CC(=O)N1Cc2ccccc2CC1C(=O)N1CCN(C)CC1']"
4909,1e-04,0.0,0.0,[]
4910,1e-04,0.0,0.0,[]
4911,0.0009,0.268599,1.1435209512710571,"['CC(=O)c1cc(-c2cc(C)n(C(C)C)c2C)n(C2CC2)c1C', 'Cc1ccnc(CC(C)N(C)Cc2cc(C)n(-n3cnnc3)c2C)c1', 'CCc1nnc(-c2cc(C)n(CC(=O)Nc3cccc(F)c3)c2C)o1', 'Cc1ccc(CN(C)C(=O)c2cnn(-c3ccccc3C)c2C2CC2)o1', 'COC(=O)c1cc(F)c(C)c(OCc2nnc(-c3occc3C)o2)c1', 'CCOC(=O)c1cccc2nc(C)n(-c3cccc(N)c3)c12', 'Cc1cc(C)n(CC(C)NC(=O)c2ccnc(-n3ccnc3)c2)n1', 'CNC(=O)c1ccc(NCc2ccc(C)o2)c(C)c1', 'Cc1ccc(CN(C)C(=O)c2cc(C)n(-c3ccccc3)n2)cc1']"
4912,0.0354,0.4018931,0.6162592172622681,"['Cc1ccc(C)c(OCC(=O)Nc2cc(C)nc3ccc(F)cc23)c1', 'CCOc1ccc(OCC(=O)N2CCC(C)CC2C)cc1', 'Cc1ccc(OCC(O)CN2CCOCC2)c(C(C)(C)C)c1', 'Cc1ccc(C)c(OCC(=O)Nc2nncs2)c1C', 'Cc1ccc(C)c(OC(C)C(=O)NCCCN2CCOCC2)c1', 'CCOc1ccc(OCC(=O)NCC2(O)CCCC2)cc1', 'Cc1cccc(OCC(O)CNC(=O)Nc2ccc3c(c2)COC3)c1', 'Cc1ccc(OCC(=O)Oc2ccc3c(c2)CCC(=O)N3)cc1', 'Cc1cc(C)c(OCCC(=O)NCCO)c(C)c1', 'CC(C)c1cccc(OCC(=O)Nc2nccs2)c1']"
4913,0.0094,0.325505,0.649875283241272,"['CCCCNC(=O)C1CCCCC1C(=O)NCc1cc(C)on1', 'CCOc1ccccc1C(=O)N1CCCC1C(=O)Nc1cn[nH]c1', 'CCc1cc(C(=O)N2CCCC2C(=O)OC)sc1C', 'CC(=O)N1c2ccccc2CC1C(=O)N1CCCC1(C)C', 'COc1ccsc1C(=O)N1CCOCC1CC(C)C', 'CCc1nn(C)c(OC)c1CN1CCCC1C(=O)OC(C)C', 'CC(C)CC(=O)N1Cc2ccccc2CC1C(=O)N1CCOC(C)C1', 'CS(=O)(=O)N1Cc2ccccc2CC1C(=O)N1CCCCCC1', 'CS(=O)(=O)N1CCCCC1C(=O)NCC#Cc1ccccc1', 'Cc1cc(NC(=O)C2CCCCC2C(=O)NCc2ccsc2)[nH]n1']"
4914,1e-04,0.0,0.0,[]
4915,0.1273,0.27737665,0.7626259326934814,"['O=C(NCCOc1ccccc1F)NC(C1CC1)C1CC1', 'O=S(=O)(NC(C1CC1)C1CC1)c1cccs1', 'O=C(Cc1ccc(F)cc1F)N(CC1CC1)CC1CC1', 'CC(NC(=O)NC(C1CC1)C1CC1)c1ccccc1', 'Cc1ccc(F)c(S(=O)(=O)NC(C2CC2)C2CC2)c1', 'Nc1cc(C(=O)NC(C2CC2)C2CC2)ccc1Br', 'Cc1ccccc1C1CC1C(=O)N(C)CCOCC1CC1', 'Cc1ccc(C(=O)NC(C2CC2)C2CC2)cc1NS(C)(=O)=O', 'O=C(CN1CCN(CC(=O)NC2CC2)CC1)NC1CC1', 'O=C(C1CC1C1CC1)N1CCC(OCc2ccccc2F)CC1']"
4916,0.0027,0.49752465,0.6167375445365906,"['Cc1ccc2oc(C(=O)Nc3ccc(C#N)cn3)cc2c1', 'Cc1ccc2oc(C(=O)NCc3cscn3)cc2c1', 'Cc1cccc2oc(CNC(=O)c3ccc(Cn4cnnn4)cc3)nc12', 'Cc1ccc2oc(SCC(=O)NC(C)(C)C)nc2c1', 'c1ccc2oc(CCNc3ncnc4[nH]cnc34)nc2c1', 'COc1ccc2oc(C(=O)NCCC(=O)N3CCOCC3)cc2c1', 'Cc1ccc2oc(C(=O)Nc3ccc(Cl)c(C(N)=O)c3)cc2n1', 'Cc1ccc2oc(N3CCCC(c4noc(C)n4)C3)nc2c1', 'Cc1ccc2oc(SCCS(N)(=O)=O)nc2c1', 'Cc1ccc2oc(N3CCN(C(=O)CC(C)(C)C)CC3)nc2n1']"
4917,0.0009,0.34839016,0.9284501075744629,"['CC(=Cc1ccccc1)CN(C)Cc1nccs1', 'CC1COCCN1CC1=Cc2cc(Cl)ccc2OC1', 'COc1cc(C=Cc2ccc3c(c2)OCO3)oc(=O)c1', 'CC(=O)N(C)c1ccccc1NCC=Cc1ccc(C#N)cc1', 'CCOC(=O)c1sc(C=Cc2cncnc2)nc1C', 'O=C(NC=Cc1ccco1)OCc1ccc(Cl)cc1', 'NC1C(=O)NCC1c1ccccc1Br', 'Fc1ccc(OCC=CCN2CCOCC2)cc1', 'NCC(=O)c1cnc2ccc(Br)cc2c1']"
4918,1e-04,0.0,0.0,[]
4919,0.0003,0.4435868,0.7112082839012146,"['CC1=NC(CN(C)c2nncc(-c3cccc4ccccc34)n2)N=C1', 'O=C1CCC(C(=O)Nc2ccn(-c3cccc(C(F)(F)F)c3)n2)N1', 'O=C(CC1C=CCC1)NCCNc1nnnn1-c1ccccc1']"
4920,1e-04,0.0,0.0,[]
4921,0.0007,0.37737224,0.8944526314735413,"['CC(O)C1NC(=O)C2CC(NC(=O)NC3CCCCC3)CN2C1=O', 'C=CCN1C(=O)C(C)NC12CCN(C(=O)C1CCC1)CC2', 'CCC1Nc2cc(Br)ccc2N(COC)C1=O', 'CN(CCC#N)C(=O)C1CCCN(C(=O)C2CC2)C1', 'CCC1C(=O)NCCN1C(=O)C1CCCN(C(=O)C2CC2)C1', 'CC1CC(C)CN(C(=O)C(C)NS(=O)(=O)c2cnn(C)c2)C1', 'CC1COCC(C)N1C(=O)c1cccc(C(F)(F)F)c1']"
4922,0.0026,0.4198683,0.6528540253639221,"['CN(Cc1ccc(F)cc1)C(=O)CC1Sc2ccccc2NC1=O', 'O=C(CC1Sc2ccccc2NC1=O)Nc1cccc(F)c1', 'O=C(CC1Sc2ccccc2NC1=O)NCC(O)c1ccco1', 'O=C(CC1Sc2ccccc2NC1=O)Nc1ccc(F)c(F)c1', 'Cc1ccc(NC(=O)CC2Oc3ccccc3NC2=O)c(C)c1', 'Cc1cc(C)n(CCNC(=O)CC2Oc3ccccc3NC2=O)n1', 'CN(Cc1ccccc1)C(=O)C1(C)Oc2ccc(Cl)cc2NC1=O', 'COc1ccc(CCNC(=O)CC2Oc3ccccc3NC2=O)cc1', 'Cc1cc(Cl)ccc1NC(=O)C1(C)Oc2ccccc2NC1=O', 'CC(C)NC(=O)CC1Oc2ccc(Cl)cc2NC1=O']"
4923,0.4108,0.15280339,0.7347819805145264,"['c1cnc2c(Nc3ncnc4[nH]ncc34)cccc2c1', 'c1ccc(OCCCNc2ncnc3ccsc23)cc1', 'CCOc1ccc(Nc2ncnc(Nc3cccnc3)c2N)cc1', 'Cc1cnc(NC(=O)c2cncc(F)c2)c(Br)c1', 'CCNc1ncnc(Nc2cccc3ncccc23)c1N', 'O=C(Nc1nncs1)c1c(F)cccc1Cl', 'CCOC(=O)c1noc2ncnc(Nc3cccc(C)c3C)c12', 'OCCC1(Nc2ncnc3c2oc2ccccc23)CCC1', 'c1ccc2oc(CCNc3ncnc4[nH]cnc34)nc2c1', 'O=C(Nc1ccccc1)c1noc2ncnc(N3CCOCC3)c12']"
4924,0.0037,0.22438332,0.9029064774513245,"['CCN(CC)C(=O)NC1C(NC(=O)N(CC)CC)N(C)C(=O)N1C', 'CCC(CC)N(CCO)C(=O)Oc1ccccc1', 'Cc1nccn1-c1cccc(C2CCCN2S(=O)(=O)N(C)C)n1', 'CCC(C)N(Cc1nc(C)no1)Cc1nc(C)no1', 'Cc1nnc(CN2CCN(c3oc(C4CC4)nc3C#N)CC2)n1C', 'NC(=O)c1csc(N2CCCC(c3nc4ccccc4[nH]3)C2)n1', 'O=C1NC(O)c2cc(Br)cc(Br)c2O1', 'CCc1onc(C)c1NC(=O)N(CC)C(C)c1cccc(O)c1', 'Cc1noc(C)c1NC(=O)N(C)Cc1ccc(Br)cc1', 'O=C(NCc1ccncc1)Nc1cccc2c1CCCC2']"
4925,0.0002,0.5,0.0,"['N#CCCc1ccc2cc(Br)ccc2n1', 'N#CCCCCS(=O)c1nc2ccc(N)cc2o1']"
4926,0.0206,0.44992432,0.5245639681816101,"['CCCOC(=O)c1ccc(Cc2nonc2N)cc1', 'CCOC(=O)C1=C(N)Oc2n[nH]c(C)c2C1c1ccccc1', 'CC1CCC(N(C(=O)CSc2n[nH]c(=O)n2C)C2CC2)CC1', 'CCCCn1nnnc1CN1CCc2ncnc(OC)c2C1', 'CCOC(=O)C1=C(C)Oc2ncn3nc(C)nc3c2C1c1ccco1', 'CCn1cnnc1C1CCCN(c2ncnc3sc(C)c(C)c23)C1', 'CNc1cc(N2CCCC2CNc2ncnc3c2cnn3C)ncn1', 'CC(C)(C)NC(=O)CSc1n[nH]c(=O)n1Cc1ccccc1', 'CC1CCCC(NC(=O)CSc2nnc(-c3ccco3)n2N)C1C', 'COc1ccc(OC(=O)CSc2nnc(-c3ccco3)n2C)cc1']"
4927,1e-04,1.0,0.0,['O=C1NC2=C(C(=O)N(CCO)C2)C(c2ccc3c(c2)OCO3)N1']
4928,1e-04,0.0,0.0,[]
4929,1e-04,0.0,0.0,[]
4930,0.005,0.5027989,0.544181227684021,"['CCn1c(SCC(=O)NC2CC2)nnc1C1CCCC1', 'CCCCn1c(SC(C)C(=O)N2CCc3ccccc32)n[nH]c1=O', 'Cn1c(SCC(=O)Nc2ccc(F)cc2Cl)nnc1C1CC1', 'CCCn1c(SCC(=O)N(CC)C2CCCCC2)n[nH]c1=O', 'Nn1c(SCC(=O)NC2CCCC2)nc2ccccc2c1=O', 'CCn1c(SCC(=O)c2cc(C)n(C)c2C)nc2ccccc21', 'Cc1[nH]c(SCC(=O)N2CCNC(=O)C2)nc1Cc1ccccc1', 'CCCCn1c(SCC(=O)OC)nc2cc(C)[nH]c2c1=O', 'CCn1c(SCC(=O)C2=NC=CC2)nnc1-c1ccc(Cl)cc1', 'CCCn1c(SCC(=O)NC)nnc1C(C)C']"
4931,1e-04,0.0,0.0,[]
4932,1e-04,0.0,0.0,[]
4933,1e-04,0.0,0.0,[]
4934,1e-04,0.0,0.0,[]
4935,1e-04,0.0,0.0,[]
4936,0.0002,0.5,0.0,"['Cc1cnc(C(=O)N2CCOC3C(Oc4ccccn4)CCC32)cn1', 'COc1cc(CCC(=O)NC2CC3C(=O)NCC(=O)N3C2)ccc1C']"
4937,1e-04,0.0,0.0,[]
4938,0.0017,0.3733383,0.7484584450721741,"['COCCNC(=O)C1(C)CCC(=O)N1Cc1ccccc1Cl', 'COc1ccccc1CNC(=O)C1COC(=O)N1Cc1cnc[nH]1', 'COCCCNC(=O)C1(C)CCC(=O)N1Cc1ccc(Cl)cc1', 'O=C(NCCn1cccn1)C1COC(=O)N1Cc1cccnc1', 'Cc1cccc(N2CCN(C(=O)C3CCC(=O)N3C(C)C)CC2C)c1', 'CCS(=O)(=O)N1CCC2C1CC(=O)N2Cc1csc(C)n1', 'COCCNC(=O)CC1C(=O)NCCN1Cc1cccc(F)c1', 'Cc1cc(C(=O)NC2CCC3(CCC(=O)N3C)CC2)no1', 'Cc1ccc(C2COCCN2Cc2cnc(C)n2-c2ccccc2)o1', 'N#CC1(c2ccccc2)CCC(=O)N1Cc1ccccc1']"
4939,1e-04,0.0,0.0,[]
4940,1e-04,0.0,0.0,[]
4941,1e-04,0.0,0.0,[]
4942,0.0048,0.37853208,0.5925341844558716,"['CC(C(=O)Nc1c[nH]ccc1=O)n1cnc2ccccc21', 'CCOC(=O)C(c1ccc(OC)cc1)n1nnc2ccccc21', 'CC(CNS(=O)(=O)c1ccc(Cl)cc1)n1cncn1', 'CC(c1nc2c3cnn(C)c3ncn2n1)n1cc(Br)cn1', 'O=C(Nc1ccccc1)n1c(=O)oc2ccc(Cl)cc21', 'CC(C(=O)Nc1ccc2c(c1)CCC2)n1cncn1', 'CC(C(=O)N(C)CC(=O)NCC1CCCO1)n1cccn1', 'CC(C1CC1)n1nccc1NC(=O)C1COc2ccccc21', 'CCC(C(=O)NC1CCCCC1)n1ncn2c(cc3occc32)c1=O', 'CC(C(=O)N1CCCc2ccccc21)n1cc(Br)cn1']"
4943,1e-04,0.0,0.0,[]
4944,1e-04,0.0,0.0,[]
4945,0.0022,0.34219635,0.8519008755683899,"['CN1C(=O)CC(C(=O)Nc2ccccn2)C1c1ccc2c(c1)OCO2', 'CC(OC(=O)c1cccc(F)c1)C(=O)NCc1ccc2c(c1)OCO2', 'CCOC(=O)c1c(C)[nH]c(C)c1C(=O)COc1ccc2c(c1)OCO2', 'Cc1[nH]c(=O)[nH]c(=O)c1CCC(=O)NCc1ccc2c(c1)OCCO2', 'CC(C)N(Cc1cnn(C)c1)C(=O)CCc1ccc2c(c1)OCO2', 'O=C(Cn1cnc2cc(F)c(F)cc21)Nc1ccc2c(c1)OCCO2', 'CN(Cc1cnc(C2CC2)s1)C(C)(C)c1ccc2c(c1)OCO2', 'CC(O)(CNC(=O)Cc1ccc(F)cc1)c1ccc2c(c1)OCO2', 'C=CCCC(=O)N(CC)C(c1cccnc1)c1ccc2c(c1)CCO2', 'O=C1NC2=C(C(=O)N(CCO)C2)C(c2ccc3c(c2)OCO3)N1']"
4946,1e-04,1.0,0.0,['CCOC(=O)c1ccc2c(c1)nc(-c1ccc(N)cc1)n2N']
4947,0.0002,0.5,0.0,"['CCOC(=O)c1cnc2cc(Cl)c(OC)cc2c1NC', 'CCOC(=O)c1cnc2ccc(Cl)cc2c1N(C)C']"
4948,0.0003,0.64293104,0.052209701389074326,"['CC(C)OC(=O)C1C(=O)CC(C)(O)CC1c1ccccc1', 'COC(=O)C1C(C(=O)N2CCOCC2)C1(C)C(=O)c1ccccc1N', 'CC(=O)NC1C(=O)N(CC2COc3ccccc3O2)c2ccccc21']"
4949,0.0018,0.37351465,0.7209196090698242,"['CC(O)C1NC(=O)C2CC(NC(=O)NC3CCCCC3)CN2C1=O', 'O=C1CN(C(=O)CNC(=O)CC23CC4CC(CC(C4)C2)C3)CCN1', 'CC12CCC(C(=O)NCCN3CCOCC3)(OC1=O)C2(C)C', 'O=C1C2CC(O)CCN2C(=O)CN1CCCN1CCOCC1', 'COCCN1CCN(C(=O)NCCC2CC3CCC2C3)CC1=O', 'C=CCN1C(=O)C(C)NC12CCN(C(=O)C1CCC1)CC2', 'O=C(COCC1CC2OCCN(Cc3ccco3)C2C1)N1CCCC1', 'O=C(COC1CCCCC1)NC1CCC2(CC1)OCCO2', 'CS(=O)(=O)N1CCOC2CN(C(=O)C3CC(F)(F)C3)CC2C1', 'CC(C)NC(=O)NCC1OC(CC(=O)N2CCOCC2)C(O)C1O']"
4950,0.005,0.5870959,0.45518311858177185,"['Cc1nn(C)c(C)c1Nc1nc2c(s1)c(C)nn2C', 'Cc1ncccc1CNc1cnc2c(c1)c(C)nn2C', 'CCCCS(=O)(=O)NCC(=O)Nc1ccc2c(c1)oc(=O)n2C', 'Cc1ccc2c(c1)cc(C(=O)NCc1cccnc1)n2C', 'Cc1ccccc1NS(=O)(=O)c1cc2c(cc1C)n(C)c(=O)n2C', 'CCC(C)(C)C(=O)Nc1ccc2c(c1)oc(=O)n2C', 'COC(=O)c1ccc2c(c1)nc(CCO)n2C(C)C', 'Cc1cnc2c(c1)nc(-c1ccccc1F)n2CCO', 'Cc1cccc(C(=O)Nc2ccc3c(c2)oc(=O)n3C(C)C)c1', 'CC(Cc1ccsc1)NC(=O)c1ccc2c(c1)ncn2CCO']"
4951,1e-04,0.0,0.0,[]
4952,1e-04,1.0,0.0,['O=C1NC2=C(C(=O)N(CCO)C2)C(c2ccc3c(c2)OCO3)N1']
4953,1e-04,0.0,0.0,[]
4954,1e-04,0.0,0.0,[]
4955,1e-04,0.0,0.0,[]
4956,1e-04,0.0,0.0,[]
4957,1e-04,1.0,0.0,['Cc1ccc2c(c1)nc1n2C(CNCc2ccc(C#N)cc2)COC1']
4958,1e-04,0.0,0.0,[]
4959,0.0004,0.46623734,0.8189645409584045,"['CCn1c(N)c(C(=O)CN2CCc3cc(F)ccc3C2)c(=O)[nH]c1=O', 'CC(C)n1c(N)c(CN2CCOCC2)c(=O)[nH]c1=O', 'Cn1c(=O)[nH]c(N2CCCC2)c(Cc2cccc(Cl)c2)c1=O', 'CCn1c(O)c(C=C2C=Nc3ccccc32)sc1=O']"
4960,0.0009,0.388015,0.7340108752250671,"['O=C1c2ccccc2NC(c2cccs2)N1Cc1ccccc1', 'O=C1c2ccccc2NC(c2cccs2)N1C1CC1', 'O=C1C(c2ccccc2)Nc2ccccc2N1CC(O)CO', 'O=S1(=O)c2ccccc2C(O)C(Cc2cccnc2)N1CCO', 'OC1=Nc2c(ncn2-c2ccc(F)cc2)C(c2cc(F)ccc2F)C1', 'O=c1c2ccccc2n(CCO)c(=O)n1C1CCCCC1', 'O=c1c2ccccc2c(-c2cccs2)nn1Cc1ccon1', 'O=C(c1ccno1)N(Cc1ccccn1)c1nc2ccccc2s1', 'O=C1NCC(c2cccs2)N1c1ccc(F)cc1']"
4961,1e-04,0.0,0.0,[]
4962,0.0308,0.5844461,0.27183452248573303,"['CCc1nnc(Sc2ccc(N)cc2OC)n1N', 'CSc1nnc(CSc2nc3ccccc3s2)n1C', 'CCCc1nnc2sc(-c3c(C)nc4ncccn34)nn12', 'Cn1cnnc1Cc1ccc(Br)cc1', 'CCCc1nnc(N2CC3CCC(C2)C3OC)o1', 'CCCc1nc2cc(OC)c(OC)cc2n1CCO', 'Cn1cnnc1Cc1cccc(Br)c1', 'COCc1nnc2n1N=C(c1ccc(Cl)cc1)CS2', 'COCc1ncc(-c2nccn2-c2ccc3c(c2)OCO3)cn1', 'Cn1cnnc1Sc1ccc(NC(=O)Cc2ccc(O)cc2)cc1']"
4963,1e-04,0.0,0.0,[]
4964,1e-04,1.0,0.0,['Cc1ccc(C2C(C(=O)N3CCC(C)CC3)CCC(=O)N2C)cc1']
4965,1e-04,0.0,0.0,[]
4966,1e-04,0.0,0.0,[]
4967,1e-04,0.0,0.0,[]
4968,0.0061,0.27756038,0.6119239926338196,"['COc1ccc2c(Br)cc(C)nc2c1', 'Nc1ncc(Br)c(Cl)c1Br', 'CN(Cc1ccncc1)c1ncc(Br)cc1N', 'O=C(Cn1cc(Br)cn1)NCCCOC1CCCCC1', 'Cn1cnnc1Sc1ccc(Br)cc1N', 'O=c1[nH]c(-c2cncc(Br)c2)nc2ccsc12', 'CCn1ncc(Br)c1C(=O)N1CCCCC1C', 'Nc1nc(Oc2ccccc2)c(Br)c(=O)[nH]1', 'CC(=O)Nc1cccc(CNc2cncc(Br)c2)c1', 'Cn1cnnc1Cc1cccc(Br)c1']"
4969,0.0033,0.30622235,0.7155601978302002,"['Nc1ccccc1NS(=O)(=O)c1cccs1', 'COCCCNC1=NS(=O)(=O)c2ccccc21', 'O=C(NS(=O)(=O)c1ccccc1)OCc1ccccc1', 'CC1=NS(=O)(=O)c2cccnc2N1c1ccc(Cl)cc1', 'CCOc1ccc(Br)cc1S(N)(=O)=O', 'O=S1(=O)c2ccc(O)cc2CC1c1ccccc1', 'NS(=O)(=O)c1ccc(NC2=NS(=O)(=O)c3ccccc32)cc1', 'O=S(=O)(Nc1ccc2cn[nH]c2c1)c1ccccc1', 'O=C(CS(=O)(=O)c1ccccc1)Nn1cn[nH]c1=O', 'Nc1ccc(S(=O)(=O)N2CCc3ccccc32)cc1']"
4970,1e-04,0.0,0.0,[]
4971,0.0015,0.33406276,0.8057231903076172,"['C=C(C)Cn1c(CNC(=O)Cc2ccccc2)nc2ccccc21', 'COC(=O)Cn1c(C(C)Oc2ccccc2)nc2ccccc21', 'COCC(C)NC(=O)Cn1c(-c2cscn2)nc2ccccc21', 'CCN(CCC#N)C(=O)Cn1c(-c2cscn2)nc2ccccc21', 'CCOCCNC(=O)Cn1c(-c2cscn2)nc2ccccc21', 'CCCCCn1c(CNC(=O)c2ccco2)nc2ccccc21', 'C#CCn1c(CCNC(=O)c2ccccc2OC)nc2ccccc21', 'COCCC(=O)N1CCC(n2c(-c3ccoc3)nc3cccnc32)C1', 'Nc1cccc(-n2c(CC(F)(F)F)nc3ccccc32)c1', 'CCN(C(=O)Cn1c(NCCO)nc2ccccc21)C1CCCCC1']"
4972,1e-04,0.0,0.0,[]
4973,1e-04,0.0,0.0,[]
4974,1e-04,0.0,0.0,[]
4975,0.0144,0.44947016,0.4923360347747803,"['Cc1nnc(SCC(O)COCc2ccccc2)s1', 'Cc1nnc(SCCCO)n1Cc1ccccc1', 'NC(=O)CSc1nnc(NCc2ccco2)s1', 'Cc1ccc(S(=O)CCOc2ccccc2)cc1', 'Cc1nnc(SCCNc2cc(C3CC3)ncn2)s1', 'Cc1nnc(SCCCOc2ccc(F)cc2)s1', 'Cc1nnc(Sc2ccc3scnc3c2N)o1', 'Cc1nnc(SCCCOc2ccc3c(c2)OCO3)s1', 'NC(=O)CSc1nnc(NC2CCCCC2)s1', 'Cc1nnc(SCc2nc(-c3cccs3)no2)s1']"
4976,1e-04,0.0,0.0,[]
4977,1e-04,0.0,0.0,[]
4978,0.0003,0.42202163,0.8198165893554688,"['Cc1oc2nc[nH]c(=O)c2c1C(=O)NCc1ccc(Cl)cc1', 'Cc1ccc2oc(=O)c3cnn(CC(=O)NCC4CCCO4)c3c2c1', 'Cc1cc2oc(=O)cc(C)c2cc1NC(=O)C(O)Cc1ccccc1']"
4979,1e-04,0.0,0.0,[]
4980,0.0092,0.26673952,0.6427264213562012,"['Clc1ccc2[nH]c(CN3CCOCC3)nc2c1', 'Clc1ccc2nc(CNc3ncccn3)cn2c1', 'Brc1ccc2ncc(CN3CCOCC3)n2c1', 'Cc1cccc2nc(CSc3ccccc3N)cn12', 'Nc1csc2nc(CCc3ccc(Cl)cc3)nn12', 'Cc1ccc2nc(N3CCCCC3)c(C#N)cc2c1', 'Cc1ccnn2c(C(=O)c3ccccc3F)nnc12', 'Nc1ccc2nc(NC(=O)C3CCCO3)sc2c1', 'CCc1nnc2c(NCc3ccco3)nc3ccccc3n12', 'Cc1sc2ncnc(NCCn3cccn3)c2c1C']"
4981,0.0016,0.33720678,0.9089932441711426,"['CCN(CC(=O)Nc1ccccc1OC)C(=O)c1ccccc1C', 'CCN(Cc1nc(-c2cccs2)no1)C(=O)c1ccccc1Cl', 'CCN(CC(=O)Nc1cccc(OC)c1)C(=O)C(C)(C)C', 'CN(CC(=O)NCc1cccc2ccccc12)C(=O)c1cccs1', 'CCCCN(Cc1cc2cccc(C)c2[nH]c1=O)C(=O)c1ccco1', 'CN(CC(=O)NCc1ccc2ccccc2c1)C(=O)c1ccccc1', 'CC(C)N(Cc1cc2ccccc2[nH]c1=O)C(=O)c1cccs1', 'CN(Cc1cccc(-n2cccn2)c1)C(=O)CN1CCCCCC1=O', 'CCN(CC(=O)NC(C)(C)C)C(=O)c1cccc(OC)c1OC', 'CC(C)N(C(=O)CSc1nnnn1C1CCCC1)c1cccnc1']"
4982,0.0018,0.3612095,0.6889362335205078,"['CC(C)(C)c1ccc(NCC(O)c2ccncc2)cc1', 'CC(C)(C)c1ccc(NCc2nnc(C3CCC3)o2)cc1', 'CC(C)Cc1ccc(C2(CCCO)OCCO2)cc1', 'CC(C)(C)c1ccc(CCNC(=O)CCC#N)cc1', 'CC(C)c1ccc(C(O)CNCc2ccncc2)cc1', 'CC(C)c1cccc(OCC(=O)Nc2nccs2)c1', 'CC(C)c1ccc(CCNC(=O)Cn2ccnc2)cc1', 'CC(C)(C)c1nnnn1Cc1cc(Cl)cc2c1OCOC2', 'CC(C)(C)c1cc(N)c2cc(F)c(F)c(F)c2n1', 'CC(C)c1ccccc1OCCNc1ncccc1C#N']"
4983,1e-04,0.0,0.0,[]
4984,0.0104,0.37511078,0.6304508447647095,"['c1cncc(-c2n[nH]c(SCc3ncc(-c4cccs4)o3)n2)c1', 'CCCc1nc(CSc2nnc(-c3ccoc3C)n2C)cs1', 'Cc1ccc2c(CSc3nnnn3C3CC3)cc(=O)oc2c1', 'Clc1ccc(-c2nnc(CSc3nnc4ccccn34)o2)cc1', 'N#Cc1c(CSc2nc(-c3cccnc3)n[nH]2)cn2ccccc12', 'c1cnc2c(CSc3nnc(N4CCCC4)s3)cccc2c1', 'c1coc(-c2nc(CSc3nc4ccccc4[nH]3)n[nH]2)c1', 'Cc1nnc(SCc2nc(-c3cccs3)no2)s1', 'Cc1cccc2nc(CSc3nnc(-c4cccs4)n3N)cn12', 'c1ccc(-n2c(Sc3ccc4nnnn4n3)nc3c2CCCC3)cc1']"
4985,1e-04,0.0,0.0,[]
4986,0.4311,0.2273895,0.7540961503982544,"['Cc1cc(CC(C)n2cc(-c3ccc4ccccc4n3)nn2)[nH]n1', 'COc1ccc(C(=O)OCCCc2cccc(C)n2)nn1', 'Cc1ccc(NC(=O)c2cn(-c3ccc(C(F)(F)F)cn3)nn2)nc1', 'Cc1cnc(CNc2cc(-c3ccncc3)nc(C)n2)nc1', 'Cc1cc(N2CCC(Cc3ccnn3C)CC2)ncn1', 'c1ccc(-c2nc3cccnc3nc2-c2ccccn2)nc1', 'O=C(NCCNc1cc(-n2cccc2)ncn1)c1cccnc1', 'COc1cc(N2CC3CN(c4cccnc4)C(=O)C3C2)ncn1', 'CCc1cc(OC2CNC(C(=O)OC)C2)ncn1', 'CCCS(=O)(=O)c1ccc(NCc2ccc(C)cc2)nn1']"
4987,1e-04,0.0,0.0,[]
4988,1e-04,1.0,0.0,['OC(CC(O)C(Cl)(Cl)Cl)c1ccccc1']
4989,1e-04,0.0,0.0,[]
4990,0.0296,0.38511398,0.5681950449943542,"['Cc1ccc(-c2csc(C(N)C(C)O)n2)cc1C', 'Cc1ccc(Nc2ncnc(N3CCOCC3)c2N)cc1Cl', 'Cc1ccc(-c2nc(CNc3ccccc3)n[nH]2)cc1', 'Nc1ccc(-c2nnc3c(OCCCO)cccn23)cc1', 'Cc1ccc(-c2cnn3cc(C(N)=O)cnc23)cc1', 'CNc1cccc(-c2nnc(N3CCCC3)s2)c1', 'CCOc1ccc(-c2nnc(NCc3ccco3)o2)cc1', 'Cc1cc(-c2nnn(-c3ccccc3C#N)c2N)ccc1F', 'Cc1ccc(-c2snnc2C(=O)NCCCn2cccn2)cc1', 'c1ccc(-c2ccnc3nc(C4CCC4)nn23)cc1']"
4991,0.0002,0.5,0.0,"['N#Cc1cnn2cc(-c3cc(NC4CCCC4)nc4[nH]ccc34)cnc12', 'CCCCc1nc(-c2cc(-c3c(C)n[nH]c3C)nc(N)c2C#N)c[nH]1']"
4992,1e-04,0.0,0.0,[]
4993,1e-04,0.0,0.0,[]
4994,1e-04,0.0,0.0,[]
4995,1e-04,0.0,0.0,[]
4996,1e-04,0.0,0.0,[]
4997,1e-04,0.0,0.0,[]
4998,1e-04,0.0,0.0,[]
4999,1e-04,0.0,0.0,[]
5000,1e-04,0.0,0.0,[]
5001,0.0014,0.4441292,0.728671669960022,"['O=C(Nc1ccc2c3c(cccc13)CC2)N1CCC(CO)CC1', 'CC(=O)c1c2n(n(-c3ccccc3)c1=O)C(=O)c1nccnc1-2', 'CCc1ccccc1NC(=O)c1cn2c3c(cccc3c1=O)CC2', 'Cn1cc2c3c(cccc31)CN(C(=O)c1cccs1)CC2', 'CNC(=O)COC(=O)c1c2c(nc3ccccc13)CCCCC2', 'NC(=O)Nc1ccc(C(=O)Nc2ccc3c4c(cccc24)CC3)cc1', 'CS(=O)(=O)NCCNC(=O)c1c2c(nc3ccccc13)CCC2', 'N#Cc1c2n(c(=O)n(CC(=O)c3ccc(Cl)cc3)c1=O)CCC2', 'NC(=O)c1cc2c(cc1-c1cc(NCCO)nc3[nH]ccc13)OCO2', 'CSc1nc2c(c(-c3ccccc3)c1C#N)CN(C)CC2']"
5002,1e-04,0.0,0.0,[]
5003,0.0019,0.67472947,0.26422691345214844,"['O=c1[nH]c(CSc2ccccn2)nc2ccccc12', 'O=c1[nH]c(-c2cncc(Br)c2)nc2ccsc12', 'O=c1[nH]c(F)c(Cl)c2c1Oc1ccccc1O2', 'O=c1[nH]cc(-c2cccc(OC(F)(F)F)c2)c(=O)[nH]1', 'O=c1[nH]c(CCn2nnc3ccccc32)nc2ccccc12', 'O=c1[nH]c(CN2CCCc3cc(F)ccc32)nc2ccccc12', 'O=c1[nH]c(-c2ccco2)nc2ccc(Br)cc12', 'O=c1[nH]c2ccc(S(=O)(=O)N3CCOCC3)cc2s1', 'O=c1[nH]nc(CN2CCCC2c2cccc3c2OCCO3)[nH]1', 'O=c1[nH]ccc2ccc(-n3ncc4cccnc43)cc12']"
5004,1e-04,0.0,0.0,[]
5005,0.0015,0.41091436,0.5134826898574829,"['Cc1ccc(CNC(=O)CN2CCOCC2C2CC2)cc1', 'COc1ccc(CCNC(=O)N(C)CC2CC2)cc1OC', 'c1cnc2c(CN3CCOCC3C3CC3)cccc2c1', 'Cc1cccc(OCC(O)CN2CCOCC2C2CC2)c1', 'CNC(=O)c1cccc(CCNC(=O)N(CCO)C2CC2)c1', 'CC1CCN(C(=O)CN2CCOCC2C2CC2)CC1', 'O=C(NCCc1cscn1)N1CCOCC1C1CC1', 'CC1(OC(=O)CCCNC(=O)C2CC2)CCCC1', 'O=C(NCCOc1ccccc1F)NC(C1CC1)C1CC1', 'Cc1cccc(NC(=O)CNC(=O)C2CCC2)c1C']"
5006,0.0536,0.5893586,0.25066062808036804,"['Nc1cccc(CCC(=O)NCC2CCCCO2)c1', 'NCC(=O)c1cnc2ccc(Br)cc2c1', 'Nc1ccccc1OCC(O)CN1CCOCC1', 'Nc1ccc(C(=O)NCCC2CCCC2)c(Cl)c1', 'Nc1cccc(OCCOc2ccccc2Cl)c1', 'Nc1cccc(NC(=O)CCOc2ccc(Br)cc2)c1', 'Nc1ncc(Br)c(Cl)c1Br', 'Nc1cccc(OCCC(=O)Nc2ccccc2)c1', 'Nc1ccccc1CCc1nnc(N2CCCC2)o1', 'Nc1ccccc1SCC(=O)Nc1ccc(Br)cc1']"
5007,1e-04,0.0,0.0,[]
5008,0.0023,0.31226316,1.004486322402954,"['C=CCOC(=O)c1sc2nc(-c3ncccn3)[nH]c(=O)c2c1C', 'Cc1sc2nc(CN3CC(C)OC(C)C3)[nH]c(=O)c2c1C', 'C=CCOC(=O)c1sc2nc(-c3ccco3)[nH]c(=O)c2c1C', 'CCc1ccc2nc(CCCOC(C)C)[nH]c(=O)c2c1', 'CCCc1c(C(=O)N2CCNC(=O)C2)[nH]c(C)c1C(=O)OC', 'COC(=O)c1sc2nc(-c3cnccn3)[nH]c(=O)c2c1C', 'O=c1cc(CN(Cc2ccsc2)CC2CCCO2)[nH]c(=O)[nH]1', 'CCc1c(C(=O)Cn2ccnc2-c2cnccn2)[nH]c(C)c1C(C)=O', 'Cc1cc2nc(SCC#N)n(C(C)C)c(=O)c2[nH]1', 'Cc1cc(C)c2[nH]c(CNC3CCCNC3=O)cc(=O)c2c1']"
5009,1e-04,1.0,0.0,['CC(=O)NC1=NC(=O)C2=NCN(COCCO)C2=N1']
5010,1e-04,0.0,0.0,[]
5011,0.2828,0.20877379,0.6303601264953613,"['OCCc1cn(C2CCN(C3N=CN=C4N=CN=C43)CC2)nn1', 'Cc1ccc2ncc(C(=O)NCC3CCCC(O)C3)n2c1', 'COc1ccc2c(ccn2CC(=O)Nc2ccc(OC)c(OC)c2)c1', 'COc1ccc2c(ccn2CC(=O)N2CCN(CC(C)O)CC2)c1', 'Clc1ccc(-c2nnc(CSc3nnc4ccccn34)o2)cc1', 'Cc1ccc2nc(C(=O)N3CCC(O)(CO)CC3)c(F)n2c1', 'CC(C)(C)c1nnc(SCc2cn3ccccc3n2)o1', 'Cc1cnn(CC2CN(c3nnc(C)c(C)c3C#N)CCO2)c1', 'COc1ccnc(N2CCN(c3ccc4nncn4n3)CC2)n1', 'Cc1cc(C(=O)Cn2cncn2)c(C)n1CCC(C)C']"
5012,1e-04,0.0,0.0,[]
5013,0.0035,0.27863842,0.6821944117546082,"['CCOc1ccc(C2OC(C)C(C)O2)cc1OC', 'COc1ccc(CCN2C(=O)C(C)CS2(=O)=O)cc1C', 'CCc1cc(OC2CNC(C(=O)OC)C2)ncn1', 'CCc1ccc(CCN2C(=O)C(C)CS2(=O)=O)cc1', 'COc1ccc(C2NCCNC2=O)c(OC)c1C', 'CCCCc1ccc(N2CC(C(=O)NCCC)CC2=O)cc1', 'COc1cc(CN2CC(C)OCC2C)ccc1OCc1ccncc1', 'CCc1cc(CCN2C(=O)CCS2(=O)=O)ccc1OC', 'CCn1c(SCC(=O)C2=NC=CC2)nnc1-c1ccc(Cl)cc1', 'CCc1ccc(C(=O)N2CC(C)OCC2C)s1']"
5014,1e-04,0.0,0.0,[]
5015,0.0181,0.25842056,0.6639067530632019,"['OC(CC(O)C(Cl)(Cl)Cl)c1ccccc1', 'Fc1cccc2c1CCNC2CCc1ccccc1', 'Cn1cnnc1SCC(=O)OCc1ccccc1', 'CCC(CC)N(CCO)C(=O)Oc1ccccc1', 'O=C(NS(=O)(=O)c1ccccc1)OCc1ccccc1', 'O=C(CCCOCC1CCOCC1)c1ccccc1', 'OC(Cc1cnccn1)(c1ccccc1)c1ccccc1', 'NC(=O)C(CCSc1ccccc1)c1ccccc1', 'O=C(NCCCOC(=O)c1ccccc1)c1ccncc1', 'CCC(CC#N)NS(=O)(=O)Cc1ccccc1']"
5016,1e-04,0.0,0.0,[]
5017,1e-04,0.0,0.0,[]
5018,0.4698,0.34648398,0.550783097743988,"['O=C1NCCNC1c1ncccc1Br', 'CCCn1ccnc1-c1nccn1Cc1ccccc1-n1cncn1', 'O=C(C1CCOC1)N1CCCC1C1CCCCC1', 'Nc1cccnc1Sc1nnnn1C1CCCC1', 'O=C(Nc1ccccc1C1=NCCO1)c1ccccc1O', 'O=C(CC1C=CCC1)NCc1ccccc1Cn1cccn1', 'O=C(Nc1cccnc1-n1cccn1)c1cn[nH]n1', 'COCCOc1ncccc1NCc1ccccn1', 'N#Cc1ccccc1OCCOc1ccccc1F', 'O=C(CCn1ccccc1=O)Nc1cccnc1-n1cccn1']"
5019,1e-04,0.0,0.0,[]
5020,0.0046,0.40014789,0.7011963725090027,"['CC(C)c1ccc(CNc2c(C#N)cnn2C)cc1', 'CC(C)c1ccc(CN(C)Cc2nc(N)nc(N)n2)cc1', 'CC(C)c1ccc(C(O)CNCc2ccncc2)cc1', 'CC(C)c1ccc(CCNC(=O)Cn2ccnc2)cc1', 'CC(C)c1ccc(-n2nc3ccc(N)cc3n2)cc1', 'CC(C)c1ccc(C(=O)NCCCNC(=O)c2cccnc2)cc1', 'CC(C)c1ccc(CN(C(=O)c2cnccn2)C2CC2)cc1', 'CC(C)(C)c1ccc(NCc2nnc(C3CCC3)o2)cc1', 'CCC(C)c1ccc(C(O)CNC(=O)c2cccnc2)cc1', 'CC(C)c1cccc(OCC(=O)Nc2nccs2)c1']"
5021,1e-04,0.0,0.0,[]
5022,1e-04,1.0,0.0,['COc1ccc2[nH]c3c(c2c1)CCN1C(=O)CNC(=O)C31C']
5023,1e-04,0.0,0.0,[]
5024,1e-04,0.0,0.0,[]
5025,1e-04,0.0,0.0,[]
5026,0.045,0.67570835,0.21619592607021332,"['Cc1ccc2oc(SCCS(N)(=O)=O)nc2c1', 'Cc1cc(C)c(CNc2ccc(=O)n(C)c2)cc1C', 'COc1cccc(OC)c1COC(=O)CC(C)C', 'Cn1cc(Nc2ccc(S(C)(=O)=O)cc2)cn1', 'CC1CC2(CCCCC2)N2C(=O)C(=O)c3cccc1c32', 'CCOC(=O)C1CC2CN(C(=O)OCC)CC2N1', 'Cc1ccc(Cl)cc1S(=O)(=O)N=c1[nH]cccc1C', 'CCC(C)n1ncc(S(=O)(=O)NCC2CCCO2)c1N', 'CC(C)(C)CC1CCCN1C(=O)c1cscn1', 'Cc1nn(C)c(C)c1CCC(=O)NCCSc1ccccn1']"
5027,0.0016,0.36080077,0.7634021043777466,"['Cc1cccc(-c2nn3c(=O)cc(-c4cnc(C)nc4C)[nH]c3c2C)c1', 'CN1CCc2c(sc3ncn4nc(-c5ccc(N)cc5)nc4c23)C1', 'CCCN1CCn2c(nc3cc(NC(=O)c4cccnc4)ccc32)C1', 'Cc1nc2nnc3c(=O)n(-c4cc(Cl)cc(Cl)c4)ccc3n2n1', 'COc1ccc(-n2nc3ccc(NC(=O)CC(C)C)cc3n2)cc1', 'COc1ccc(CCc2nc3nccc(-c4ccsc4)n3n2)cc1', 'COc1ccc(-c2cc3nccc(-c4cccnc4)n3n2)cc1', 'Cc1noc(CC2COC3CN(C(=O)c4ccnnc4)CC23)n1', 'COc1ccc(-n2cnc3cc(NCc4ccncc4)ccc32)cc1', 'CCn1c2ccccc2c2cc(NC(=O)c3cnn(C)c3)ccc21']"
5028,0.0006,0.4266765,0.7195619344711304,"['O=C(N=c1[nH]cc[nH]1)c1cc(-c2ccc3c(c2)CCO3)n[nH]1', 'O=C(C=c1[nH]c(=O)c(=Cc2cccnc2)s1)c1ccco1', 'Cc1cc(C(=O)N(C)CCCCN(C)C(=O)c2cc(C)n[nH]2)[nH]n1', 'CCOC(=O)c1c(SC)[nH]n(C(=O)c2ccc(OC)cc2)c1=O', 'O=C(NCCCn1ccc2ccccc21)c1n[nH]c(=O)[nH]1', 'CC(C)OC(=O)c1cc(CCc2ccccc2)n[nH]1']"
5029,0.0008,0.6460366,0.21256831288337708,"['CC1=CCC2CN(c3nc(C)ccc3C(N)=O)CC2C1', 'CC1=CC(C)C2(CO)COC(c3ccco3)C1C2C', 'CC1=NC(CN(C)c2nncc(-c3cccc4ccccc34)n2)N=C1', 'CC1=CC(C)=NC(=O)C1S(=O)(=O)c1ccc(CC(C)C)cc1', 'CC1=C(C(=O)OC(C)(C)C)C(c2ccc(F)cc2)NC(=O)N1', 'CC1=NS(=O)(=O)c2cccnc2N1c1ccc(Cl)cc1', 'OC1=Nc2c(ncn2-c2ccc(F)cc2)C(c2cc(F)ccc2F)C1', 'Cc1nc(=O)c2cccnc2n1C1=CCN(C(=O)c2ccccn2)CC1']"
5030,1e-04,0.0,0.0,[]
5031,1e-04,0.0,0.0,[]
5032,0.0172,0.30627126,0.812554121017456,"['CCn1cnnc1CNC(=O)CCc1c[nH]c2ccccc12', 'Cc1ccc(S(=O)(=O)NCCc2c[nH]c3ccc(F)cc23)c(C)c1', 'CC(NC(=O)Cc1c[nH]c2ccccc12)c1nc2ccccc2[nH]1', 'O=C(NCC1CC1)c1nc(Cc2c[nH]c3ccccc23)no1', 'CC(C)CN(C(=O)c1c[nH]c2cccc(F)c12)C1CC1', 'COc1ccc(SCC(=O)NCCc2c[nH]c3ccccc23)cc1', 'O=C(CCOc1ccccc1)NCCc1c[nH]c2ccccc12', 'O=C(CCc1c[nH]c2ccccc12)N1CCOCC1', 'O=C(CCCc1c[nH]c2ccccc12)Nc1nc(C2CC2)cs1', 'CC(=O)NC(Cc1c[nH]c2ccccc12)C(=O)NC(C)C(C)C']"
5033,1e-04,1.0,0.0,['Cn1c2c(c(=O)[nH]c1=O)C(c1ccccc1)C1=C(COC1=O)N2']
5034,0.0103,0.33459032,0.6681035161018372,"['O=C(NCC1CC1)c1nc(Cc2c[nH]c3ccccc23)no1', 'CCC(C#N)(CC)Cc1cc(OC)c(OC)c(OC)c1', 'O=C(NCCOCCO)C1CCCc2ccccc21', 'O=C(NCC1CC1)C1CC2(CCCN(c3ncccn3)C2)CO1', 'CCc1cccc(CC)c1NC(=O)CSc1nnc(C2CC2)n1N', 'C=C(C)CN(CC)C(=O)Cn1c(-c2ccccc2)noc1=O', 'O=C(NCC1CC1)C1CCN(C(=O)c2ccsc2)CC1', 'O=C(NCC1CC1)C1CCC2(CCN(C(=O)c3cccs3)CC2)O1', 'O=C(NCC1CC1)c1ccc(F)cc1Br', 'CCCCn1nc(CC)nc1Cn1cccnc1=O']"
5035,1e-04,1.0,0.0,['CC(C)Oc1ccccc1CN1CCOCC1C1CC1']
5036,1e-04,0.0,0.0,[]
5037,1e-04,0.0,0.0,[]
5038,1e-04,0.0,0.0,[]
5039,1e-04,0.0,0.0,[]
5040,1e-04,0.0,0.0,[]
5041,0.1587,0.4054397,0.4975772202014923,"['CCNC(=O)c1cccnc1N(C)CCC1(O)CCCC1', 'O=c1c2cc3ccccc3cc2ncn1CC(O)c1ccccc1F', 'Cc1ccc2ncc(C(=O)NCC3CCCC(O)C3)n2c1', 'CCc1ccc2nc(CCCOC(C)C)[nH]c(=O)c2c1', 'Cc1[nH]c2c(-c3cccnc3)cnn2c(=O)c1C1CCCC1', 'CC1CN(CCOc2ccccc2)CCN1CC(O)c1ccccc1', 'Cc1cc2nc(SCC(N)=O)n(C)c(=O)c2[nH]1', 'COc1cc(Cl)c(C)cc1-n1cc[nH]c(=O)c1=O', 'Cc1ccnc2c(OCCCC(N)=O)ccc(Br)c12', 'O=C(Nc1cccc(Cl)c1F)NC1CCC(O)CC1']"
5042,0.3244,0.2690217,0.6218951344490051,"['CC(Oc1ccccc1)C(=O)OCc1nc2ccsc2c(=O)[nH]1', 'COC(=O)c1nc2ccccc2c(C)c1C(=O)OC', 'COCCCN(C)C(=O)Nc1snc(C)c1C(=O)OC', 'CCn1ccnc1COc1ccc(Cl)cc1C(C)=O', 'CCc1ccc(CCC(=O)N2CCC3(CN(C)C(=O)O3)C2)cc1', 'COC(=O)c1oc2ccccc2c1CSc1nnnn1C(C)(C)C', 'Clc1ccc2c(c1)CCCN2Cc1ccccn1', 'COc1ccc(-c2nc(C)sc2C(C)=O)cc1Cl', 'COC(=O)Cc1ccc(-n2cnc3cc(C(=O)OC)ccc32)cc1', 'CC(C)Oc1ccc(NC(=O)c2n[nH]c3c2CCc2ncccc2-3)cc1']"
5043,1e-04,0.0,0.0,[]
5044,0.0498,0.30792928,0.649476170539856,"['O=C1NCCCCC1NC(=O)N1CCCC1C1CCCCC1', 'CC(=O)c1cccc(NC(=O)N2CCCCCC2)c1', 'CC(OC1CCCCCC1)c1nc(-c2ccncc2)no1', 'O=C(CCS(=O)(=O)N1CCNCC1)N1CCCCCC1', 'Cc1n[nH]cc1CNS(=O)(=O)N1CCCCCC1', 'O=C(c1ccc2c(c1)OCCCO2)N1CCCCCC1', 'O=C(CN1CCCCCC1=O)NCc1cccnc1', 'CC(=O)c1cccc(NCC(=O)N2CCCCCC2)c1', 'CS(=O)(=O)N1Cc2ccccc2CC1C(=O)N1CCCCCC1', 'O=C(Nc1cc(F)cc(F)c1)N1CCCCCC1']"
5045,1e-04,0.0,0.0,[]
5046,1e-04,0.0,0.0,[]
5047,0.0221,0.5833891,0.2856367528438568,"['CCC(CC)c1nnc2n1NC(c1ccccc1)CS2', 'O=C(CCn1cncn1)Nc1ccccc1Br', 'O=C(CSc1cn[nH]n1)N1CCOC(c2ccc(F)cc2)C1', 'Nc1cc(Cc2nc(-c3cccnc3)cs2)ccc1OCCO', 'Cc1cc(-c2n[nH]c3cc(N)ccc23)c(O)cc1Cl', 'O=C1Cn2ncnc2-c2cc(Br)ccc2N1', 'CCOC(C)c1nc(CSc2ccc(C)cn2)cs1', 'c1cc(-c2nnc(NCc3ccc(Oc4cnccn4)cc3)o2)ccn1', 'CC(=O)Nc1nc2ccc(-c3nc4ccccc4o3)cc2s1', 'CCN(CC)c1ncnc2c1c(N)nn2CCO']"
5048,1e-04,0.0,0.0,[]
5049,1e-04,0.0,0.0,[]
5050,1e-04,0.0,0.0,[]
5051,0.0043,0.23329239,0.8740849494934082,"['COc1c(Cl)c(OC)c(OC)c2c1CCNC2C', 'COc1cc2c(c(O)c1OC)c(=O)c1cccc(O)c1n2C', 'CCOC(=O)c1ccc(Br)c(OC)c1', 'COc1ccc(Br)c2ccc(C)nc12', 'COc1cc(OC)c2nc(C)n(-c3ccccc3)c2c1', 'CCCOC(=O)c1ccc(OC(C)C)c(OC)c1', 'COc1ccc(C(=O)Oc2ccccc2OC)cc1', 'COc1cc2nc(C)c(C)c(Cl)c2cc1OC', 'COc1ccc2c(Br)cc(C)nc2c1', 'CCOC(=O)c1cnn(-c2ccccc2)c1-n1cccc1']"
5052,1e-04,0.0,0.0,[]
5053,1e-04,0.0,0.0,[]
5054,1e-04,0.0,0.0,[]
5055,1e-04,0.0,0.0,[]
5056,1e-04,0.0,0.0,[]
5057,1e-04,0.0,0.0,[]
5058,1e-04,0.0,0.0,[]
5059,0.0016,0.38951567,0.6871660351753235,"['CC(C)n1c(N)nnc1SCc1nnnn1C1CC1', 'CCCCn1nnnc1CN1CCCC1c1noc(C(C)C)n1', 'CCCCn1nnnc1CN1CCCC(C(F)(F)F)C1', 'CCOC(=O)CNc1nnnn1C1OC(CO)C(O)C1O', 'O=C(CSc1nnnn1C1CC1)OC1CCCCCC1', 'CCCn1c(C)nnc1SCC1CCCCO1', 'CCCCn1nnnc1CN1CCCCC1Cn1nc(C)cc1C', 'CCCn1c(SCC(=O)NC)nnc1C(C)C', 'CCC(Sc1nncn1CCOC)c1ccc(F)cc1', 'N#Cc1nnn(CCO)c1CCCOc1ccccc1']"
5060,1e-04,1.0,0.0,['OC1=Nc2c(ncn2-c2ccc(F)cc2)C(c2cc(F)ccc2F)C1']
5061,1e-04,0.0,0.0,[]
5062,1e-04,0.0,0.0,[]
5063,0.0023,0.37433106,0.7288666367530823,"['O=c1[nH]c(F)c(Cl)c2c1Oc1ccccc1O2', 'COc1c(Cl)c(OC)c(OC)c2c1CCNC2C', 'CCOC(=O)c1c(Cl)c(C)nc2sccc12', 'Nc1nc(Oc2ccccc2)c(Br)c(=O)[nH]1', 'O=c1c(-c2ccccc2)c(O)n(O)c2ccccc12', 'CNS(=O)(=O)c1cc(Br)c(NC(C)=O)cc1C', 'CCn1ccc2c(Br)c(N)ccc2c1=O', 'CS(=O)(=O)N1CCCc2cc(Cl)cc(Cl)c21', 'Cc1cc(=O)c(CO)cn1-c1cc(Cl)cc(Cl)c1', 'COc1cc(Cl)c(-c2c(C)oc(N)c2C#N)cc1Cl']"
5064,1e-04,0.0,0.0,[]
5065,1e-04,0.0,0.0,[]
5066,1e-04,0.0,0.0,[]
5067,0.0077,0.27378803,0.7524824738502502,"['c1ccc(-c2nn3c(Cn4nnc5ccccc54)nnc3s2)nc1', 'Cc1ccc(Cn2cc(-c3noc(-c4ccco4)n3)nn2)cc1', 'Cc1csc(Cn2c(=O)sc3ccccc32)n1', 'CCc1nc(Cn2c(C)cc(C(F)(F)F)cc2=O)cs1', 'CCc1nc(Cn2cnc3c(nnn3-c3ccccc3)c2=O)cs1', 'COc1cccc(Cn2cc(NC(=O)c3ccn(C)n3)cn2)c1', 'Cc1nc(Cn2cnc3ccccc3c2=O)cs1', 'COc1ccc(Cn2cc(-c3ccc(-c4ncccn4)cn3)cn2)cc1', 'Cc1ccc(Cn2cc(NC(=O)c3ccn(C)n3)cn2)cc1', 'COC(=O)c1ccc(Cn2c(C#N)nc3cccnc32)cc1']"
5068,1e-04,0.0,0.0,[]
5069,1e-04,0.0,0.0,[]
5070,0.0068,0.3124332,0.8337414860725403,"['CNC(=O)C(Nc1nccc(OC)n1)c1ccccc1', 'COC(=O)C(NCC1CCOCC1)c1ccccc1', 'COC(=O)C(NC(=O)COC1CCCC1)c1cc(F)ccc1F', 'COC(=O)C(NC(=O)COc1ccc(Cl)c(C)c1)C(C)C', 'CCOC(=O)C(c1ccc(OC)cc1)n1nnc2ccccc21', 'NC(=O)C(CCSc1ccccc1)c1ccccc1', 'O=C(NC1CCCC1)C(Sc1cn[nH]n1)c1ccccc1', 'CNC(=O)C(NC(=O)C1CC1(Cl)Cl)c1ccc(F)c(F)c1', 'COC(=O)C(c1ccc(Cl)cc1)c1nc(OC)cc(OC)n1', 'COC(=O)CC(NC(=O)C1CC1C)c1ccccc1Cl']"
5071,0.2687,0.2091187,0.6549580693244934,"['Cn1c(CO)nnc1SCC(=O)NCC(=O)c1ccccc1', 'O=C(NC1CC1)c1ccc2c(c1)nc1n2CCCC1', 'O=C(NC1CCCC1)C1c2cccn2CC(=O)N1C1CC1', 'Cc1noc(C)c1CCNCc1cc(-c2ccccc2)cn2nnnc12', 'CCC(NC(=O)NC1C2CCOC2C12CCC2)c1noc(C)n1', 'CCCCn1c(=O)c2sccc2n2c(CCC(=O)NC)nnc12', 'C=CCOCC12CCCOC1CCN(C(=O)c1ccco1)C2', 'O=C1COc2cc(NC(=O)c3cnns3)ccc2N1', 'C=CCOC1C2CCC1N(S(=O)(=O)c1ccccc1)CCO2', 'COc1ccccc1CNC(=O)c1ccc2c(c1)nc1n2CCC(C)C1']"
5072,1e-04,0.0,0.0,[]
5073,1e-04,0.0,0.0,[]
5074,1e-04,0.0,0.0,[]
5075,1e-04,0.0,0.0,[]
5076,1e-04,0.0,0.0,[]
5077,1e-04,0.0,0.0,[]
5078,1e-04,0.0,0.0,[]
5079,1e-04,0.0,0.0,[]
5080,1e-04,0.0,0.0,[]
5081,1e-04,0.0,0.0,[]
5082,0.0081,0.57981926,0.4856390953063965,"['Cc1nccc(C(=O)NCC2(c3ccccc3)CC2)n1', 'COc1ccc(NC(=O)C2(c3ccc(Cl)cc3)CCC2)cn1', 'CN(CC(=O)NC1CC1)C(=O)C1(c2cccc(Cl)c2)CC1', 'Cn1cnn(CC(=O)NCC2(c3ccc(F)cc3)CCCCC2)c1=O', 'COc1cccc(C(=O)NCC2(c3ccccc3)CC2)c1F', 'CC(=O)NCCNC(=O)C1(c2ccc(F)cc2)CCCC1', 'Cn1c(=O)ccn(CC(=O)NC2(c3ccccc3)CCC2)c1=O', 'O=C(CCNC(=O)NCC1(c2ccccc2)CCC1)NC1CCCC1', 'CN(CC1CCCO1)C(=O)NCC1(c2ccc(F)cc2)CCC1', 'COc1ccncc1NC(=O)C1(c2ccc(F)cc2)CCCC1']"
5083,0.1066,0.20563523,0.8336399793624878,"['CCN(CC(=O)OC)S(=O)(=O)c1cc(N)cs1', 'CCc1cc(C(=O)N2CCCC2C(=O)OC)sc1C', 'CCOc1ccc(F)c(C(=O)Nc2ccccc2CC(=O)OC)c1F', 'COc1ccc(C(=O)N(CC(C)O)CC(C)O)cc1OC', 'CCn1nnc2cc(C(=O)NC3(C(=O)OC)CCCC3)ccc21', 'CCc1[nH]c(C(=O)N(CC)CC)c(C)c1C(=O)OC', 'CCn1c(SCc2ccc(C(=O)OC)o2)nnc1C1CC1', 'CC(Sc1ccccc1Cl)C(=O)OCC(N)=O', 'CCCCn1c(SCC(=O)OC)nc2cc(C)[nH]c2c1=O', 'CCn1cc(CN2CCN(c3ccc(C(=O)OC)cc3)CC2C)cn1']"
5084,1e-04,0.0,0.0,[]
5085,0.0101,0.5853453,0.3272981643676758,"['CCN(CC(=O)c1sccc1Br)CC(F)(F)F', 'CCN(Cc1ccco1)C(C)c1nc(C(C)C)no1', 'CCN(CCCNC(=O)NC1CC1)S(C)(=O)=O', 'CCN(Cc1noc(C)n1)C(=O)c1cc2cc(C)ccc2o1', 'CCCN(CCc1ccccc1)c1ncnc2oc(C)nc12', 'CCN(Cc1ccc2c(c1)OCO2)CC(F)(F)F', 'CCN(Cc1noc(C)n1)C(=O)CCc1scnc1C', 'CCN(CCC(=O)NC1CCCCC1)C(=O)c1cnc(C)cn1', 'CCN(CC(=O)NC(C)(C)C)C(=O)c1cccc(OC)c1OC', 'CCN(Cc1cccs1)C(=O)c1cccc(OCC(F)F)n1']"
5086,1e-04,0.0,0.0,[]
5087,1e-04,0.0,0.0,[]
5088,0.0092,0.25942647,0.6703323721885681,"['CCOC(=O)CNC(=O)NCC#Cc1ccccc1', 'C=CCSc1nnc(NC(=O)c2csnn2)s1', 'CCNC(=O)C(C)NC(=O)NCC(=O)N(CC)CC', 'C=CCNC(=O)CCc1ccc(Br)cc1', 'CCCCCCNC(=O)C(N)c1cc(C)ccc1C', 'COC(=O)CNC(=O)CCNC(=O)c1ccccc1', 'CCCCS(=O)(=O)c1nsc(C(=O)NCC)c1N', 'C#CCOC(=O)CCCC(=O)Nc1ccccc1C', 'CCCC(C)c1nnc(NC(=O)COc2ccccc2)s1', 'CCc1ncsc1C(=O)NCC(=O)c1ccco1']"
5089,1e-04,0.0,0.0,[]
5090,1e-04,0.0,0.0,[]
5091,1e-04,0.0,0.0,[]
5092,1e-04,0.0,0.0,[]
5093,1e-04,0.0,0.0,[]
5094,1e-04,0.0,0.0,[]
5095,0.1889,0.115362465,0.7073951959609985,"['CCOc1c(Nc2ccc(Cl)cc2C)c(=O)c1=O', 'COCCCNc1c(-c2cc(C)c(C)cc2C)c(=O)c1=O', 'O=c1c(-c2ccccc2)c(N2CCN(c3ccccc3)CC2)c1=O', 'CCOC(=O)N1CCN(c2c(-c3ccc(C)c(C)c3)c(=O)c2=O)CC1', 'CC(Sc1nc2ccccc2c(=O)n1C1CC1)C(=O)N(C)C', 'CC(=O)NC(CC(=O)NCCO)c1cccs1', 'C=CCSc1nc2c(c(=O)[nH]1)C(c1ccccc1Cl)CC(=O)N2', 'Cc1ccc(CN2CC3CC(C(=O)NCC(C)C)C(C2)O3)cc1', 'O=C(CSc1nc2c(c(=O)[nH]1)CCCC2)NCCc1ccccc1', 'Cc1ccccc1CN1CC2CC(C(=O)N(C)C)C(C1)O2']"
5096,1e-04,0.0,0.0,[]
5097,0.0005,0.58587426,0.419272780418396,"['CNC(=O)NC1CCSc2ccc(Cl)cc21', 'COCCOCC1NCCc2cc(F)c(O)cc21', 'Nc1ncccc1C1NCCc2ccc(Cl)cc21', 'CNCC1NCCc2cc(Cl)c(OC)c(OC)c21', 'O=C(NCCOCCO)C1CCCc2ccccc21']"
5098,0.0022,0.39569828,0.7634474039077759,"['CC1(C)Cc2nc3sc4c(=O)[nH]c(=O)[nH]c4c3cc2CO1', 'Cc1ccc2[nH]c3c(=O)n(CC(=O)Nc4cccnc4)ncc3c2c1', 'CCOc1ccc2nc3sc(C(=O)N4CCCC4)c(N)c3cc2c1', 'CSc1nc2ncc3c(=O)n(Cc4cccnc4)ccc3n2n1', 'Cc1nc2nnc3c(=O)n(-c4ccccc4C)ccc3n2n1', 'Cc1nc2nnc3c(=O)n(-c4cc(Cl)cc(Cl)c4)ccc3n2n1', 'O=c1c2nnc3c(-c4ccccc4)cnn3c2ncn1C1CC1', 'Cc1ccc2oc(=O)c3cnn(CC(=O)NCC4CCCO4)c3c2c1', 'CCC(=O)Nc1nc2cc3nc(NC(=O)CC)sc3cc2s1', 'CCCc1nnc2c3cnn(-c4ccc(C)cc4C)c3ncn12']"
5099,1e-04,0.0,0.0,[]
5100,0.0136,0.23028804,0.7823348641395569,"['Cc1nc(NC(=O)Cc2ccc(F)cc2)ccc1N', 'COc1nc(N(C)CC(=O)NC(C)C)ccc1N', 'Cn1nc(C(=O)NCCn2nc(-n3cccn3)ccc2=O)ccc1=O', 'CCCn1nc(C(=O)Nc2cc(C)ccc2OC)ccc1=O', 'Cn1nc(C(=O)NCCn2ncccc2=O)ccc1=O', 'CCCCn1nc(C(=O)NCc2ccc(C)c(F)c2)ccc1=O', 'COCCn1nc(-c2ccc3c(c2)OCO3)ccc1=O', 'CCn1nc(C(=O)NCc2ccc(C)cc2)ccc1=O', 'CCCn1nc(C(=O)N2CCCCC2c2nc(C)cs2)ccc1=O', 'CCCCn1nc(C(=O)n2ncc(C#N)c2N)ccc1=O']"
5101,1e-04,0.0,0.0,[]
5102,1e-04,0.0,0.0,[]
5103,1e-04,0.0,0.0,[]
5104,0.0085,0.73287845,0.19593605399131775,"['CN1C(=O)C2(OCCCO2)c2cccc(Cl)c21', 'NC1C(=O)NCC1c1ccccc1Br', 'CN1C(=O)OC(C)(CC(C)(C)c2ccccc2)C1(C)O', 'CC(C(=O)N(C)CC(=O)NCC1CCCO1)n1cccn1', 'CC(C(=O)c1ccc(Br)cc1)N1CCCOCC1', 'CC(C(=O)Nc1c[nH]ccc1=O)n1cnc2ccccc21', 'CC(C(=O)NCc1ccnc(OC(C)(C)C)c1)n1cccc1', 'CC(C(=O)Nc1ccc2[nH]c(=O)[nH]c2c1)N1CCOCC1', 'CN1C(=O)C(C(=O)Nc2ccccc2Br)c2ccccc21', 'CN(C(=O)CCOc1ccccc1)C(C#N)c1cccs1']"
5105,1e-04,0.0,0.0,[]
5106,1e-04,0.0,0.0,[]
5107,0.1807,0.29148847,0.5726122260093689,"['Cn1nc(C(=O)NCCn2nc(-n3cccn3)ccc2=O)ccc1=O', 'Cn1cc(C(=O)Cn2cnc3cc(F)ccc3c2=O)cn1', 'CCn1cc(N)c(C(=O)NCCCn2nc(C)cc2C)n1', 'COC(=O)Cn1ccc(NC(=O)CCn2ccc3ccccc32)n1', 'CCn1ccc(NC(=O)CCn2nc(C)c3ccccc32)n1', 'CCCn1ncc(NC(=O)Cn2ccc(-c3ccsc3)n2)n1', 'Cc1cccc(-n2cc(-c3cn(CCCn4cncn4)nn3)cn2)c1', 'Cn1nc(C(=O)NCCn2ncccc2=O)ccc1=O', 'COc1ccccc1-n1cc(C(=O)NCCn2cc(C)nn2)cn1', 'CCn1cnnc1CNC(=O)Cn1nc(C)c(Cl)c1C']"
5108,0.0002,0.5,0.0,"['Cc1ccc2cc3c(nc2c1)OC(=O)N(Cc1ccc(C)o1)C3', 'COc1ccc2nc3c(nc2c1)C(=O)c1ccccc1-3']"
5109,1e-04,0.0,0.0,[]
5110,0.0258,0.3520152,0.5870755314826965,"['CCOC(=O)C(C)Sc1ccc(NC(=O)C(C)C)nn1', 'Cc1nnc(NC(=O)C(C)Oc2ccc(Cl)cc2C)s1', 'Cc1ccc(CNC(=O)C(C)Sc2nnnn2C(C)C)cc1', 'Cc1ccc(NC(=O)CN(C)C(=O)C(C)c2c(C)n[nH]c2C)nc1', 'Cc1nnc(C(C)Sc2nnc(COc3ccc(F)cc3)o2)o1', 'Cc1ccc(NC(=O)C(C)Sc2ncn[nH]2)cc1F', 'CC(=O)c1oc2ccccc2c1NC(=O)C(C)Sc1nnnn1C', 'Cc1nc(NC(=O)C(C)Sc2nnnn2C(C)C)sc1C', 'Cc1cc(NC(=O)C(C)(C)Oc2ccc(Cl)c(C)c2)no1', 'CC(C)NC(=O)C(C)Sc1nnc(-c2cccs2)n1C1CC1']"
5111,0.001,0.40794244,0.8875527381896973,"['C=CCN(CC=C)C(=O)c1ccnc(OC2CCC2)c1', 'C=CCN(CC=C)C(=O)CNc1ccc(C)c(C)c1', 'C=CCN(CC=C)C(=O)c1nn(-c2ccc(F)cc2)c2ncccc12', 'C=CCC(O)(CC=C)CNC(=O)c1cc(C)nc2cc(C)ccc12', 'C#CCN1CCN(CC(=O)Nc2ccccc2SCC=C)CC1', 'C=CCNC(=O)Nc1ccc(NC(=O)C2CC=CC2)cc1', 'C=CCn1nnc(NC(=O)c2ccc(OCCC)cc2)n1', 'C=CCN(Cc1ccccc1)C(=O)c1ccc2[nH]c(=O)c(=O)[nH]c2c1', 'C=CCOC(=O)c1cnn(-c2ccc(OC)nn2)c1C(F)(F)F', 'C=CCNC(=O)c1ccc(NC(=O)C(CC)CC)cc1']"
5112,1e-04,0.0,0.0,[]
5113,0.0004,0.39526787,0.855575442314148,"['Cc1cn2c3c(=O)n(C)c(=O)n(C)c3nc2n1C1CCCCC1', 'Cn1c(=O)c2c(n(C)c1=O)n1c(-c3ccccc3)nnc1n2C', 'Fc1ccc(Cn2c3ccccc3c3nn4cnnc4nc32)cc1', 'Cc1cc2c(nc1C)oc1c(=O)n(Cc3ccc(F)cc3)cnc12']"
5114,0.002,0.5081574,0.6506565809249878,"['N#CC(C(=O)CCc1nc2ccccc2[nH]1)c1ccccc1Cl', 'N#CC(C(=O)CCC(=O)c1ccc(F)cc1F)c1ccccn1', 'N#CC(C(=O)c1sccc1-n1cnnn1)c1ccccn1', 'N#CC(C(=O)C1CCCC1)c1ncc(C(F)(F)F)cc1Cl', 'N#CC(C(=O)Cn1c(=O)[nH]c2ccccc21)c1nc2ccccc2[nH]1', 'N#CC(C(=O)c1ccc(-n2cccn2)cc1)c1ccccn1', 'N#CC(C(=O)C1CC1c1ccc(Br)cc1)c1ccccn1', 'N#CC(CCC(=O)NC1CCCCCC1)c1ccco1', 'N#CC(NC(=O)Cc1ccc(F)cc1)c1ccccc1Cl', 'N#CC(NC(=O)Cc1ccc2c(c1)OCCO2)c1ccc(F)cc1F']"
5115,0.0157,0.2859695,0.6571165919303894,"['CC(C)c1noc(C(C)NC(=O)c2nc3ccccc3c(=O)[nH]2)n1', 'Cc1cccnc1NC(=O)c1nc2ncc(Br)cn2n1', 'Nc1ccccc1S(=O)(=O)N1CCc2ccccc21', 'Cc1nc2sc(=Cc3cccc(Cl)c3Cl)c(=O)n2n1', 'O=c1c2cc3ccc(O)cc3oc-2nn1-c1ccc(F)cc1F', 'COCCCNC(=O)c1c(C)oc2ncn(C)c(=O)c12', 'CC(C)c1nn2c(N)c(C=C3C=Nc4ccccc43)c(=O)nc2s1', 'CCCn1cc(C(=O)NCc2nc(N)nc(N(C)C)n2)c(C)n1', 'COc1cc(C=Cc2ccc3c(c2)OCO3)oc(=O)c1', 'COCC1CCCN1C(=O)Nc1ccn(-c2ncccc2Cl)n1']"
5116,1e-04,0.0,0.0,[]
5117,1e-04,0.0,0.0,[]
5118,1e-04,0.0,0.0,[]
5119,1e-04,0.0,0.0,[]
5120,1e-04,0.0,0.0,[]
5121,1e-04,0.0,0.0,[]
5122,1e-04,0.0,0.0,[]
5123,1e-04,0.0,0.0,[]
5124,1e-04,0.0,0.0,[]
5125,0.0052,0.29024398,0.642096996307373,"['CC(c1ccncc1)N(C)C(=O)CCN1C(=O)COc2ccccc21', 'CN(Cc1ccco1)C(=O)CN1C(=O)C(C)(C)c2ccccc21', 'Cc1nn(C)c(C)c1C(=O)NCC1(O)CCCc2ccccc21', 'Cc1n[nH]c(C)c1S(=O)(=O)N1CCOc2c(N)cccc21', 'COc1cccc(OC)c1C(=O)N1CCCc2cccc(N)c21', 'CC(NC(=O)c1cccs1)C(=O)N1CCc2ccc(Cl)cc2C1', 'CCc1nc2n(n1)CCCC2NC(=O)C1Cc2ccccc2C(=O)O1', 'NS(=O)(=O)c1ccccc1S(=O)(=O)N1CCc2ccccc21', 'Cc1nc2c(cnn2C(C)C)cc1C(=O)N1CCc2ccccc21', 'N#Cc1cccnc1NCCNC(=O)N1CC2CC3CC(C2)CC1C3']"
5126,1e-04,0.0,0.0,[]
5127,1e-04,0.0,0.0,[]
5128,1e-04,0.0,0.0,[]
5129,0.0011,0.3286774,0.7666343450546265,"['CCOc1cccc(NC(=O)NCc2cccc(OC)c2OC)c1', 'COCc1ccc(CNC(=O)NCc2cccc(OC)c2)cc1', 'CCNC(=O)c1ccc(CNC(=O)NCc2ccc(C)cc2C)cc1', 'CCOc1ccccc1CNC(=O)Nc1cc(OC)ccc1OC', 'O=C(NCCNC(=O)c1ccc(O)cc1)Nc1cc(F)ccc1F', 'CCOCc1ccccc1CNC(=O)NCc1ccc(C)cc1', 'CNC(=O)c1cccc(CCNC(=O)NCCc2ccc(C)cc2)c1', 'O=C(NCc1ccccn1)NCc1cccnc1OCc1ccccc1', 'O=C(NCC1CCCO1)Nc1ccc(F)cc1Cl', 'COc1ccc(OC)c(CNC(=O)NCc2ccc3c(c2)OCO3)c1']"
5130,1e-04,0.0,0.0,[]
5131,1e-04,0.0,0.0,[]
5132,1e-04,0.0,0.0,[]
5133,1e-04,0.0,0.0,[]
5134,1e-04,0.0,0.0,[]
5135,1e-04,0.0,0.0,[]
5136,0.0007,0.37363952,0.8605948686599731,"['CNC(=O)c1cnc(OC(C)(C)C)c(OC2CC2)c1', 'C=CCN(CC=C)C(=O)c1ccnc(OC2CCC2)c1', 'CCOC(=O)C(C)(C)N(C)C(=O)c1ccnc(OC2CCC2)c1', 'COc1cc(N2CC3CCCC3(COCC(=O)N(C)C)C2)ncn1', 'O=C(CNC(=O)c1ccnc(OC2CCC2)c1)NCC(F)(F)F', 'CN(CC1CCC1)C(=O)c1ccc(OCC(F)F)nc1', 'CN(C)c1nc(Oc2ccc(OCC(N)=O)cc2)nc(N(C)C)n1']"
5137,1e-04,0.0,0.0,[]
5138,1e-04,0.0,0.0,[]
5139,1e-04,0.0,0.0,[]
5140,1e-04,0.0,0.0,[]
5141,1e-04,0.0,0.0,[]
5142,1e-04,0.0,0.0,[]
5143,1e-04,1.0,0.0,['CC1CC2(CCCCC2)N2C(=O)C(=O)c3cccc1c32']
5144,1e-04,0.0,0.0,[]
5145,1e-04,0.0,0.0,[]
5146,1e-04,0.0,0.0,[]
5147,1e-04,0.0,0.0,[]
5148,1e-04,0.0,0.0,[]
5149,1e-04,0.0,0.0,[]
5150,0.0004,0.5211128,0.631455659866333,"['CN1C(=O)C2(OCCCO2)c2cccc(Cl)c21', 'CC1(C)OCC2(COC(c3ccccn3)N2)CO1', 'CN1C(=O)C2(N=C(N)NC(N3CCc4ccccc43)=N2)c2ccccc21', 'O=C1CC2(CCN(c3cnccn3)C2)CN1c1ccccc1']"
5151,1e-04,0.0,0.0,[]
5152,1e-04,0.0,0.0,[]
5153,0.002,0.38778692,0.7068594098091125,"['O=C(NC(C(=O)N1CCCC1)c1ccccc1)c1cnc2[nH]ccc2c1', 'O=C(OC(c1ccccc1)c1ccccn1)C1CCOCC1', 'O=C(NC(C1CC1)C1CC1)N1CCn2c(nnc2-c2ccccc2)C1', 'O=C(NC(c1ccccc1)c1ccncc1)c1cc2cc(F)ccc2[nH]1', 'O=C(CN(c1ccc(F)cc1)S(=O)(=O)c1ccccc1)NC1CC1', 'O=C(OC(C(=O)c1ccccc1)c1ccccc1)c1cccnc1', 'O=C(CN(C1CC1)S(=O)(=O)c1cccnc1)Nc1ccccc1', 'O=C(NC(CO)c1ccccc1)c1ccc(F)c(F)c1F', 'O=C(NC(CO)c1ccccc1)c1cc(Br)c[nH]1', 'O=C(NC(CO)CO)c1cc2cccc(Cl)c2o1']"
5154,1e-04,0.0,0.0,[]
5155,1e-04,0.0,0.0,[]
5156,1e-04,0.0,0.0,[]
5157,0.0311,0.27413327,0.6902803182601929,"['Cc1nnsc1C(=O)N1CCC(CNC(=O)CC(C)(C)C)CC1', 'Cc1ncsc1C(=O)N1CCC(OCc2ccccc2F)CC1', 'Cc1ccc(C(=O)N2CCC(Oc3ncccn3)CC2)cc1', 'Cc1nc(C(=O)N2CCC(Oc3cnccn3)CC2)cs1', 'CC(C)c1cc(C(=O)N2CCCC(OCc3cccnc3)C2)no1', 'Cc1cc(C)c(C(=O)N2CCC(CNC(=O)OC(C)(C)C)CC2)o1', 'CC(=O)N1CCC(C(=O)N2CCCC(n3cncn3)C2)CC1', 'CS(=O)(=O)N1CCC(C2CCCCN2c2ncccn2)CC1', 'CCOC(=O)c1coc(N2CCC(Oc3cccc(C)c3)CC2)n1', 'CCc1c(C(=O)N2CCC(Cn3cc(CO)nn3)CC2)csc1C']"
5158,1e-04,0.0,0.0,[]
5159,1e-04,0.0,0.0,[]
5160,1e-04,1.0,0.0,['O=C1N(Cc2cccnc2)CC2CN(Cc3ccccn3)CCN12']
5161,1e-04,0.0,0.0,[]
5162,1e-04,0.0,0.0,[]
5163,1e-04,0.0,0.0,[]
5164,0.032,0.46635073,0.46608179807662964,"['CCCc1nc2cc(OC)c(OC)cc2n1CCO', 'CCCc1nc(NCc2cccnc2)cc(OCC)n1', 'CCCc1[nH]nc(-c2ccc(F)cc2)c1NC(C)=O', 'CCCc1c(CO)nnn1-c1nc2c(s1)CCCC2', 'CCCc1n[nH]c(C2CN(CC(O)Cn3cccn3)CCO2)n1', 'CCCc1nnc(N2CC3CCC(C2)C3OC)o1', 'CC(c1nc2c3cnn(C)c3ncn2n1)n1cc(Br)cn1', 'OCCc1cn(C2CCN(C3N=CN=C4N=CN=C43)CC2)nn1', 'CC1c2ccc3c(c2CN2CCc4cc5c(cc4C12)OCO5)OCO3', 'CCCC1CCC(=O)C(CN2CCOCC2CC)C1']"
5165,1e-04,0.0,0.0,[]
5166,1e-04,0.0,0.0,[]
5167,0.1373,0.251704,0.6464462876319885,"['CCCc1nnc2sc(-c3c(C)nc4ncccn34)nn12', 'O=c1cc(COc2nnc3ccccn23)nc2sccn12', 'Cc1c(Cl)c(NC(=O)c2cc(C3CC3)nc3c2cnn3C)nn1C', 'Cc1cccc2nc(CSc3nnc(-c4cccs4)n3N)cn12', 'Cc1ccc2ncc(C(=O)Nc3nc(C(C)C)nn3C)n2c1', 'CCC1c2cccn2CCN1C(=O)c1nc2ccc(C)cn2c1F', 'CC(C)c1nnc2ccc(NCCc3ccc(F)cc3)nn12', 'COCC(NC(=O)c1cc(C(C)C)nn1C)c1ccnn1C', 'Cc1cccc2nc(CSc3cccc4cccnc34)cn12', 'Cc1cccc2nc(CSc3ccccc3N)cn12']"
5168,1e-04,0.0,0.0,[]
5169,0.0111,0.5193201,0.44976815581321716,"['Nc1cccc(OCCOc2ccccc2Cl)c1', 'Nc1cccc(OCCC(=O)Nc2ccccc2)c1', 'Nc1cc2c(cc1OCC1CCCCO1)OCCO2', 'Nc1cccc(NC(=O)CCOc2ccc(Br)cc2)c1', 'Nc1cccc(CCC(=O)NCC2CCCCO2)c1', 'Nc1ccc(SCCOc2ccc(F)cc2)cc1', 'Nc1ccccc1OCc1nnc(-c2ccco2)o1', 'Nc1cc2c(cc1Sc1ccccn1)OCCO2', 'Nc1ccc(-c2nnc(COc3cccc(F)c3)o2)cc1', 'Nc1cc(Cl)ccc1NC(=O)COCC1CC1']"
5170,1e-04,0.0,0.0,[]
5171,0.0066,0.38555065,0.5708513855934143,"['O=C(c1cccs1)C1CCCN(C(=O)c2ccc3nccn3c2)C1', 'O=C(Cc1ccc2ccccc2c1)Nc1ccnc2ccnn12', 'O=C(NCc1ccc(C(=O)N2CCCC2)cc1)c1ccc2cncn2c1', 'CN(CC1CCCN(c2ccc3nccn3n2)C1)C(=O)OC(C)(C)C', 'Cc1c(C(=O)N(Cc2ccc3[nH]ccc3c2)C2CC2)cnc2ccnn12', 'COCc1noc(CCNc2cc(C(C)C)nc3ccnn23)n1', 'Cc1ccccc1CC(C)(C)NC(=O)c1ccc2nncn2c1', 'Cn1ncc(C(=O)Nc2ccnc3ccnn23)c1-n1cccc1', 'CCOC(=O)C1CCN(c2cc(CC)nc3ncnn23)CC1', 'O=C(CNC(=O)c1cc2cccn2cn1)NCc1cccnc1']"
5172,1e-04,0.0,0.0,[]
5173,1e-04,0.0,0.0,[]
5174,1e-04,0.0,0.0,[]
5175,0.0005,0.41881138,0.8506962656974792,"['COC(=O)C1C2CCC(C2)C1NC(=O)c1ncn(-c2ccccc2)n1', 'O=C(NC1C2CCC(C2)C1CO)c1c[nH]c2ccccc12', 'CCOC(=O)C1C2CCC(=O)C2CN1C(=O)OCc1ccccc1', 'O=C(c1c[nH]nc1-c1ccccc1)N1CC2CCCC2(CO)C1', 'Cc1nc2c(c(C)nn2C)c(C)c1CCC(=O)N1CCOCC1']"
5176,0.0004,0.3899927,0.9337483644485474,"['Cc1c(O)ccc2c(CN(C)Cc3nccn3C(F)F)cc(=O)oc12', 'COC(=O)c1cc2c(=O)n(-n3cnnc3)ccc2nc1C=CN(C)C', 'CC1(C)CC(=O)c2cc(Cc3ccco3)c(=O)[nH]c2C1', 'CSc1nc2ncc3c(=O)n(Cc4cccnc4)ccc3n2n1']"
5177,1e-04,0.0,0.0,[]
5178,1e-04,0.0,0.0,[]
5179,1e-04,0.0,0.0,[]
5180,1e-04,0.0,0.0,[]
5181,0.0918,0.32074,0.5409992337226868,"['c1cc(-c2nnc(NCc3ccc(Oc4cnccn4)cc3)o2)ccn1', 'Cc1c(C)n(-c2ccccn2)c2ncnc(NCc3ccccn3)c12', 'O=C(COc1ccc(Oc2ccccn2)cc1)NCc1cscn1', 'O=C(Nc1ncccn1)c1nc(-c2cnccn2)no1', 'Cc1nc(CC(=O)N(Cc2ccccn2)C2CCCCC2)cs1', 'Cc1occc1C(=O)N(Cc1ccccn1)c1ccc(F)cc1', 'O=C(Nc1cccnc1)c1cccc(Nc2ncccn2)c1', 'CC(C)(C)Oc1cc(CNC(=O)c2cnccn2)ccn1', 'Brc1cccc(NCc2ccccn2)c1', 'c1cc(CN2CCOC3(CCCN(c4cnccn4)C3)C2)ccn1']"
5182,0.0112,0.4132692,0.5656270980834961,"['CC(=O)Nc1sc(SCC#N)nc1-c1ccccc1', 'CCCCn1nnnc1CSc1nc2ccccc2o1', 'CCCCCNC(=O)CSc1nc(N)cc(N)n1', 'Cc1cccc2nc(CSc3ccccc3N)cn12', 'Cn1cccc1C=c1sc2nc3ccccc3n2c1=O', 'Cc1cccn2cc(CSc3nnc(C4CCCCC4)n3N)nc12', 'CNC(=O)NC1CCSc2ccc(Cl)cc21', 'O=C(NCc1ccc2sccc2c1)c1ccc(O)cc1', 'Cc1cccc2nc(CSc3nnc(-c4cccs4)n3N)cn12', 'CC1(C)Cc2nc3sc4c(=O)[nH]c(=O)[nH]c4c3cc2CO1']"
5183,1e-04,0.0,0.0,[]
5184,1e-04,0.0,0.0,[]
5185,1e-04,0.0,0.0,[]
5186,1e-04,0.0,0.0,[]
5187,1e-04,0.0,0.0,[]
5188,1e-04,0.0,0.0,[]
5189,1e-04,0.0,0.0,[]
5190,0.4879,0.31351748,0.622388482093811,"['Cc1cnn(C2CN(CC=CCN3CC(n4cc(C)cn4)C3)C2)c1', 'c1nc2ccc(-c3noc(-c4cn(CC5CCCO5)nn4)n3)cc2[nH]1', 'Cc1ccc(-c2nccn3cc(C(=O)N4CCN(C)CC4)nc23)cc1', 'Cc1ccn2cc(C(=O)Nc3cccc(C(=O)NC4CC4)c3)nc2c1', 'Cc1ccc2ncc(C(=O)Nc3cc(C4CC4)nc(C)n3)n2c1', 'Cc1ccc2[nH]nc(C(=O)N3CCN(c4ncccc4C#N)CC3)c2c1', 'Cc1ccc(-c2cc(C(=O)N3CCC(CC(N)=O)CC3)on2)cc1', 'Cc1ccc2nc(C)c(C(=O)N3CCN(c4ncccn4)CC3)cc2c1', 'Cc1nc2ccc(NC(=O)c3cc4cnn(C(C)C)c4nc3C)cc2o1', 'COc1ccc(-c2cc(N3CCN(C(=O)C(C)C)CC3)ncn2)cc1']"
5191,0.3123,0.20188333,0.7343816757202148,"['COCC(C)Nc1nc(-c2cc(C)sc2C)cs1', 'Cc1cc(CN2CCN(c3oc(C4CC4)nc3C#N)CC2)no1', 'C=CCn1c(SCc2nc(C3CC3)no2)nnc1-c1ccoc1C', 'Cc1nc(CSc2nnc(-c3sc(C)nc3C)o2)no1', 'Cc1nnc2n1CC(NC(=O)c1nc(-c3ccccc3)cs1)CC2', 'CN(Cc1nc(-c2ccsc2)no1)Cc1nc2ccccc2s1', 'CCN(CC)c1nc2ccc(C)cc2cc1CCC#N', 'CCNc1nc(-c2sc(CC)nc2C2CC2)cs1', 'COCCCn1c(SCc2nc(C)c(C)s2)n[nH]c1=O', 'C=CCn1c(N)nnc1SCc1nc(CC(C)C)no1']"
5192,1e-04,0.0,0.0,[]
5193,1e-04,0.0,0.0,[]
5194,0.0003,0.5805106,0.2098895013332367,"['O=C(COc1cccc2c1CCC2=O)C1=NC=CC1', 'CCC(C)NC(=O)C1CCN(c2ncccn2)CC1', 'O=C(c1cn(Cc2ccccc2)nn1)N1CCCCC1']"
5195,0.003,0.39954334,0.6439322233200073,"['CC(C)(C)C1CCC(C(=O)NCCCn2cccn2)CC1', 'CC(C)C1COC2(CCCN(C(=O)c3cnccn3)C2)C1', 'CC(C)(C)C1CCc2onc(C(=O)NCc3ccco3)c2C1', 'CC(C)(C)C1CCN(S(=O)(=O)NC2C=CC(CO)C2)CC1', 'CC(C)CC1COCCN1Cc1ccccc1N1CCOCC1', 'CC(C)(C)C1CCCCC1NC(=O)c1csnn1', 'CC(C)(C)CC1CCCN1C(=O)c1cscn1', 'CC(C)C1C(=O)NCCN1C(=O)c1ccc2cc[nH]c2c1', 'CC(C)C1(O)CN(C(=O)Cc2cscn2)CC1C', 'CC(C)C1C(=O)NCCN1C(=O)NCC1CN2CCCCC2CO1']"
5196,1e-04,0.0,0.0,[]
5197,0.4166,0.17488937,0.7956593632698059,"['O=c1c(-c2ccccc2)c(N2CCN(c3ccccc3)CC2)c1=O', 'CC1CN(C(=O)CN(CCC#N)CCN2CCOCC2)CC(C)O1', 'CCOC(=O)N1CCN(c2c(-c3ccc(C)c(C)c3)c(=O)c2=O)CC1', 'CN(CC1CN(Cc2ccccc2F)CCO1)c1cccnn1', 'CCOc1c(Nc2ccc(Cl)cc2C)c(=O)c1=O', 'O=C1N(Cc2cccnc2)CC2CN(Cc3ccccn3)CCN12', 'CCN1CCN(C)C2(CCN(Cc3ccc(C)s3)CC2)C1=O', 'CN(Cc1ccncc1)c1ncc(Br)cc1N', 'CN1CCOC2CN(c3ccc(Br)cc3C#N)CC21', 'N#CCCN(Cc1ccco1)Cc1cccc2cccnc12']"
5198,0.0003,0.5783964,0.21582598984241486,"['O=C(c1cnn(-c2ccc(Cl)cc2Cl)c1)N1CC2CCC1C2', 'O=C(c1cc(CCc2ccccc2)no1)N1CC2CCC1C2', 'O=C(NCC1CN2CCCC2CO1)c1ccccn1']"
5199,1e-04,1.0,0.0,['Cc1nc2sc(=Cc3cccc(Cl)c3Cl)c(=O)n2n1']
5200,0.0002,0.5,0.0,"['CC(O)(c1ccccc1)c1nc(-c2ccccc2)nn1-c1ccccn1', 'CC(O)c1ccc(OCCOc2ccccc2)cc1']"
5201,0.0466,0.181466,0.7166543006896973,"['Nc1nc(N2CCCC(c3nc4ccccc4o3)C2)c2nc[nH]c2n1', 'CC12CCC(C(=O)Nc3ccc4c(c3)OCO4)(CC1O)C2(C)C', 'CN1C(=O)C2(N=C(N)NC(N3CCc4ccccc43)=N2)c2ccccc21', 'CN1CCOC2CN(c3ccc(Br)cc3C#N)CC21', 'CC1=CCC2CN(c3nc(C)ccc3C(N)=O)CC2C1', 'Cc1ccc(OCC2Cn3c(nc4c3c(=O)n(C)c(=O)n4C)O2)cc1', 'Cc1cc(N2CCN(Cc3ccccc3Cl)CC2)n2ncnc2n1', 'Cc1ccc2cccc(OCC(=O)Nc3cc(F)ccc3F)c2n1', 'CC12CCC(C(=O)NCCN3CCOCC3)(OC1=O)C2(C)C', 'Cc1ccc2nc(C)cc(C(=O)N3CCC4(CC3)OCCO4)c2c1']"
5202,1e-04,0.0,0.0,[]
5203,1e-04,0.0,0.0,[]
5204,1e-04,0.0,0.0,[]
5205,1e-04,0.0,0.0,[]
5206,1e-04,1.0,0.0,['CC(C)COc1cccc(CNC(=O)c2cccn2C)c1']
5207,1e-04,0.0,0.0,[]
5208,0.0146,0.3666854,0.8005825877189636,"['N#Cc1ccc(Oc2ccc(-c3nnco3)cc2)nc1', 'CN(C)c1nc(Oc2ccc(OCC(N)=O)cc2)nc(N(C)C)n1', 'O=C(NCc1ccc(Oc2cccnc2)c(F)c1)Nc1cccnc1', 'Brc1ccc(Oc2cnccn2)cc1', 'N#CCC(=O)NCc1ccc(Oc2ccccc2)cc1', 'O=C(NCCNC(=O)C1CC1)c1ccc(Oc2cccnc2)cc1', 'O=C(Nc1cccc(Oc2ccncc2)c1)c1cccc2c1OCCO2', 'O=C(Nc1ccc(Oc2cccnc2)nc1)c1c(O)cc(F)cc1F', 'c1cc(Oc2cnccn2)cc(-c2nc(-c3ccsc3)no2)c1', 'CC(C)C1C(=O)NCCN1C(=O)c1ccc(Oc2cccnc2)cc1']"
5209,1e-04,0.0,0.0,[]
5210,0.0066,0.26835448,0.8378273844718933,"['Cc1ccc(N2CCOCC2)c(Br)c1', 'COCCSc1cc(N2CCOCC2)ncn1', 'CCc1cc2c(N3CCCC(CO)C3)ncnc2s1', 'Cc1ccc2nc(N3CCCCC3)c(C#N)cc2c1', 'N#Cc1ccc(N2CCN(c3ccccc3)CC2)nn1', 'CC(C)Oc1cc(N2CC(C)OC(C)C2)nc(N)n1', 'CCOC(=O)c1ccc(N2CCN(CCO)CC2)nc1', 'CCCc1nnc(N2CC3CCC(C2)C3OC)o1', 'Brc1ccc(N2CCOc3ccccc3C2)nc1', 'CSc1nc(N2CCCC2)c2c(c1C#N)CC(C)(C)OC2']"
5211,1e-04,0.0,0.0,[]
5212,1e-04,0.0,0.0,[]
5213,0.0002,0.5,0.0,"['NC(=O)c1nc(-c2cccs2)nc2c1[nH]c(=O)n2C1CCCCC1', 'NC(=O)c1nc(-c2ccncc2)nc2c1[nH]c(=O)n2Cc1ccccc1']"
5214,1e-04,0.0,0.0,[]
5215,1e-04,0.0,0.0,[]
5216,1e-04,0.0,0.0,[]
5217,1e-04,0.0,0.0,[]
5218,0.0144,0.263066,0.7363763451576233,"['CC(NC(=O)N1CCC(c2ccccc2)C1)C(=O)N(C)C', 'Cc1cc(C(=O)N2CC(c3ccccc3C)CC2C)no1', 'COc1nn(C)cc1C(=O)N1CCC(c2cccs2)CC1', 'CC(=O)Nc1nc(C(=O)N2CCOC(c3ccc(F)cc3)C2)cs1', 'Cc1cc(C)n2nc(C(=O)N3CCC(c4ccccc4)C3)nc2n1', 'Cn1cnc(CNC(=O)N2CCOC(c3ccccc3Cl)C2)n1', 'CC(C)n1c(SC2CCN(c3ccccc3)C2=O)nnc1N(C)C', 'CCCC(=O)N1CCCC1C(=O)N1CCC(c2ccccc2C)C1', 'COCC(=O)N1CC(c2ccccc2)OC(c2ccc(F)cc2)C1', 'COc1cccc(OC)c1C(=O)N1CCC(Cc2ccccc2)CC1']"
5219,0.0807,0.5265183,0.32546213269233704,"['CC(=O)c1c(C)[nH]c(C(=O)CSc2ncccn2)c1C', 'CC(=O)c1c(C)[nH]c(-c2csc(-c3ccncc3)n2)c1C', 'COCCCOc1c(C(C)O)ccc2ccccc12', 'OC(CC(O)C(Cl)(Cl)Cl)c1ccccc1', 'C=CCN1CC2(CCN(S(C)(=O)=O)CC2)OCC1=O', 'CC1=NC(CN(C)c2nncc(-c3cccc4ccccc34)n2)N=C1', 'COC(=O)C1(Nc2cccc(F)c2)CCOCC1', 'COCCSc1cc(N2CCOCC2)ncn1', 'CC(=O)c1c(C)[nH]c(C(=O)NCc2ncoc2C)c1C', 'Cc1nnc(CN(C)Cc2cc(O)ccc2Br)n1C']"
5220,1e-04,0.0,0.0,[]
5221,0.0014,0.3224127,0.9798092246055603,"['CCn1nc(C)c(CNC(=O)C(c2ccc(F)cc2)N(C)C)c1C', 'CCn1c(C)cc(C(=O)NCc2ccc(C)s2)c1C', 'CCCn1nc(C)c(CN2CCN(C(=O)CC(F)(F)F)CC2)c1C', 'CC(C)(C)n1cc(C(=O)OCC(=O)N2CCCCCC2)cn1', 'C=CCn1c(C)nnc1SCC(=O)N(C)Cc1cnn(C)c1', 'CCCn1c(C)nnc1CSc1nnnn1-c1cccc(F)c1', 'COCCn1nc(C)c(NCc2nc3ccccc3n2C)c1C', 'C=CCn1c(C)nnc1SCc1nnc(-c2ccc(OC)cc2)o1', 'CC(C)n1cc(C#N)c(NC(=O)c2ncn(-c3ccccc3)n2)n1', 'CC(C)n1ncc(S(=O)(=O)NCc2ccncc2)c1N']"
5222,1e-04,0.0,0.0,[]
5223,1e-04,0.0,0.0,[]
5224,0.001,0.39886183,0.6574898958206177,"['CCc1nc2c(NC(=O)CCc3cccc(OC)c3)cccn2n1', 'COc1nc(N)c(-c2cccc(C(F)(F)F)c2)c(N)n1', 'CCn1nnc2cc(C(=O)Nc3cccc(C(=O)NC)c3)ccc21', 'O=c1[nH]cc(-c2cccc(OC(F)(F)F)c2)c(=O)[nH]1', 'CC(=O)c1ccc(-c2cccc(OCC(C)C)c2)n(C)c1=O', 'Cc1cc2c(N3CCN(C(=O)OC(C)(C)C)CC3)cccc2cn1', 'NC(=O)c1n[nH]c2ccc(NC(=O)c3cccc(F)c3)cc12', 'COCC(=O)Nc1ncc(Cc2ccc(C(F)(F)F)cc2)s1', 'Cc1c(C)c2ccc(NC(=O)c3c(F)cccc3F)cc2[nH]c1=O', 'O=C(Cc1ccc[nH]1)Nc1ccc(C(=O)NCCc2ccccc2)cc1']"
5225,0.0017,0.35636497,0.8156946897506714,"['C#CCC(N)c1nc(-c2ccc(O)cc2O)cs1', 'CC(O)C(N)c1nc(-c2ccccc2Cl)cs1', 'CC(O)C(N)c1nc(-c2ccc(F)c(F)c2)cs1', 'CC(O)C(N)c1nc(-c2cc(F)ccc2O)cs1', 'CCCCCCNC(=O)C(N)c1cccc(O)c1', 'CC(C)(O)c1nc(-c2ccc(F)cc2F)cs1', 'CCOC(=O)c1ccc(Br)c(OC)c1', 'CCCCCCNC(=O)C(N)c1cc(C)ccc1C', 'COCC(N)c1nc(-c2ccc(O)c(F)c2)cs1', 'COCCNC(=O)c1cc(Br)ccc1Cl']"
5226,1e-04,0.0,0.0,[]
5227,1e-04,0.0,0.0,[]
5228,1e-04,0.0,0.0,[]
5229,0.0136,0.30527398,0.7799599170684814,"['Cc1cc(C)c(NC(=O)Cn2cc3c(n2)CCC(C)C3)c(C)c1', 'Cc1cc(C)c(NC(=O)NC(C)C(=O)N2CCCCC2C)c(C)c1', 'Cc1cc(C)c(NC(=O)C(C)Sc2n[nH]c(N)n2)c(C)c1', 'Cc1cc(C)c(NC(=O)Cn2c(C)ccc(C#N)c2=O)c(C)c1', 'Cc1c(C)c(C)c(S(=O)(=O)N(C)CC(=O)NC2CC2)c(C)c1C', 'Cc1cc(C)c(NC(=O)CSc2nncc(=O)n2N)c(C)c1', 'Cc1cc(C)c(S(=O)(=O)N2CCC3(CC2)OCCCO3)c(C)c1', 'Cc1ccc(OCC(O)Cn2cnc3c(cnn3C)c2=O)c(C)c1', 'Cc1ccc(NC(=O)COc2cccc(C(=O)N(C)C)c2)c(C)c1', 'Cc1ccc(CN(C)C(=O)CNC(=O)c2ccco2)c(C)c1']"
5230,1e-04,0.0,0.0,[]
5231,0.0003,0.44173086,0.7201381325721741,"['CC(C)=CCN1CC2(CCN(c3ncccn3)CC2)CC1=O', 'CC(C)=CCC1(CO)CCCN(C(=O)C2(Cn3cccn3)CC2)C1', 'CC(C)=CC1C(C(=O)Nc2cccnc2-n2ccnc2C)C1(C)C']"
5232,1e-04,0.0,0.0,[]
5233,1e-04,0.0,0.0,[]
5234,0.0029,0.370259,0.8513849377632141,"['CCS(=O)(=O)N1CCCn2nnc(Cn3cccc3)c2C1', 'CN(C)C(=O)N1CCCn2nc(CNC(=O)c3ccncc3)cc2C1', 'O=C(NCC1Cn2ccnc2CO1)c1ccc(C(F)(F)F)cc1', 'C=CCN1CCn2ncc(C(=O)N3CCc4ccccc4C3)c2C1', 'O=S(=O)(c1ccccc1)N1CCn2cc(Cn3cncn3)nc2C1', 'O=C(c1ccc[nH]1)N1CCn2nnc(COCC3CC3)c2C1', 'O=C1Cn2ncnc2-c2cc(Br)ccc2N1', 'N#Cc1cccc(C(=O)N2CCCn3nc(-c4cccnc4)cc3C2)c1', 'O=C(c1cccc(Cl)c1)N1CCn2nc(-c3ccccn3)nc2C1', 'COC(=O)C1CCCn2nc(Cc3ccccc3)nc21']"
5235,1e-04,0.0,0.0,[]
5236,1e-04,0.0,0.0,[]
5237,1e-04,1.0,0.0,['NC(=O)c1sc2nc(C(F)(F)F)cc(-c3ccco3)c2c1N']
5238,0.0111,0.3104787,0.6922063827514648,"['COCC(=O)N1CCN(Cc2ccc(C(=O)OC)c(F)c2)CC1', 'CCNC(=O)N1CCN(c2ccc(C(C)=O)cc2F)CC1', 'CC1CN(c2cc(N3CCCC3CO)ncn2)CCO1', 'C#CCN1CCN(CCOc2ccc(C(=O)OC)cc2Cl)CC1', 'CCc1ccc(CNc2cc(C(N)=O)cc(F)c2C)o1', 'Cc1ccc(Oc2ccc(CCNC(=O)CC#N)cc2)c(C)c1', 'CC1CN(c2ccc3c(c2)NC(=O)C3=O)C(C)CO1', 'CC1CCN(C(=O)c2cc(S(C)(=O)=O)ccc2Cl)CC1', 'CCN1CCN(c2ccc(NC(=O)c3cccnc3)cn2)C1=O', 'C#CCN1CCN(Cc2cc(C#N)ccc2F)CC1']"
5239,0.001,0.46667758,0.6786702871322632,"['CC1(C)COCCN1CC(O)COc1ccc(C#N)cc1', 'CC1CN(C)CCN1C(=O)c1cc2sc(N(C)C)nc2s1', 'CC1(C)COCCN1C(=O)c1ccc(F)c(F)c1', 'CC1(C)COCCN1C(=O)C1CC1c1ccccc1C(F)(F)F', 'CC(C)(C)CC1CCCN1C(=O)c1cscn1', 'CC1CC1NC(=O)c1cc(N2CCCC2=O)ccc1Cl', 'CC(C)(C)C1CCCCC1NC(=O)c1csnn1', 'Cn1cc(Cl)cc1C(=O)N1CCCC(N2CCNC2=O)C1', 'NC1C(=O)NCC1c1ccccc1Br', 'CC(C)C1CCCN1C(=O)Cn1nc(-c2ccccc2)ccc1=O']"
5240,1e-04,0.0,0.0,[]
5241,1e-04,0.0,0.0,[]
5242,0.0026,0.36469796,0.692875862121582,"['CCc1nn(C)c(CC)c1CN1CC(C)OCC1c1ccccc1', 'COCCOc1ccc(NC(=O)NC2C(C)CCCC2C)cn1', 'CCCCN1C(=O)CCC2CN(C(=O)c3cccnn3)CCC21', 'O=C(NCCNC(=O)C1CC1(Cl)Cl)c1ccccc1Cl', 'CCc1nn(C)c(CC)c1CN1CCNC(=O)CC1c1ccccc1', 'COc1ccc(CC2CN(S(=O)(=O)N(C)C)CCC2OC)cc1', 'O=C(Nc1cccnc1)C1CC2CN(c3ncc(F)cn3)CC1O2', 'O=C(Nc1ccccn1)C12CC3CC(CC(Cl)(C3)C1)C2', 'CCCCC1C(=O)N(C)CCN1c1ccc(-c2nc(C)no2)cn1', 'CCN(Cc1ccc(OC)cc1)C(=O)CN1CCCCC1=O']"
5243,1e-04,0.0,0.0,[]
5244,1e-04,0.0,0.0,[]
5245,0.1384,0.3999381,0.4767647087574005,"['O=C(c1cc2c(s1)CCCC2)N1CCC2(CC1)OCCO2', 'CCc1ccc(-c2cnnc(N)c2C(=O)N(CC)CC)cc1', 'CCC(CC)c1nnc2n1NC(c1ccccc1)CS2', 'CCCn1ncc(-c2ccc3ccccc3c2)c(CO)c1=O', 'COc1ccc(Cl)cc1C(N)c1nnc2scc(C)n12', 'COCc1nnc2n1N=C(c1ccc(Cl)cc1)CS2', 'CC(O)c1ccc(OCCOc2ccc3c(c2)OCO3)cc1', 'CCOc1c(Br)cc(CNc2nnnn2C)cc1OC', 'O=C(CCn1ccc2ccc(F)cc21)NC1=CC2N=CC=C2C=C1', 'CCOc1ccc(C2OC(C)C(C)O2)cc1OC']"
5246,0.0063,0.20533024,1.3209872245788574,"['Cc1csc(=O)n1CC(=O)Nc1ccc(F)c(Cl)c1', 'Cc1csc(=O)n1CC(=O)Nc1cc(C#N)ccc1Cl', 'Cc1csc(=O)n1CC(=O)Nc1ccccc1C#N', 'Cc1csc(=O)n1CCC(=O)NC1CCCc2ccccc21', 'Cc1csc(=O)n1CC(=O)Nc1ccc(CN2CCOC2=O)cc1', 'Cc1csc(=O)n1CCC(=O)Nc1ccccc1N1CCOCC1', 'Cc1csc(=O)n1CC(=O)OCC(=O)NC1(C#N)CCCCC1', 'Cc1csc(=O)n1CCC(=O)Oc1ccc(-n2cnnn2)cc1', 'Cc1[nH]ccc(=O)c1OCC(=O)NC1CCCC1', 'CSc1nnc(C)c(=O)n1COC(=O)c1cc(C)cc(C)c1']"
5247,1e-04,1.0,0.0,['COCCCn1c(-c2ccco2)nc2ccccc2c1=O']
5248,0.0037,0.27592307,0.8026891350746155,"['CC(C)COc1ccc(C(C)O)cc1OCC(C)C', 'COCCCOc1c(C(C)O)ccc2ccccc12', 'Cc1ccc(OCCCCO)c(Br)c1', 'COc1cc(C(C)O)ccc1OCC1CCOCC1', 'CC(O)c1ccc(OCCOc2ccccc2)cc1', 'O=C(CCCOCC1CCOCC1)c1ccccc1', 'COc1cc(CC2CCCCC2=O)cc(OC)c1OC', 'CC(C)Cc1ccc(C2(CCCO)OCCO2)cc1', 'CCOc1cccc(CNc2ccc(C(C)=O)cc2)c1', 'CCCOC(=O)c1ccc(OC(C)C)c(OC)c1']"
5249,0.0032,0.40804458,0.6298883557319641,"['N#Cc1ccc(C(=O)Nc2cccc(-c3noc(C4CC4)n3)c2)c(F)c1', 'O=C(CCc1ccncc1)Nc1ccc(-c2nnc3n2CCCC3)cc1', 'CC(C)C(NC(N)=O)C(=O)Nc1cccc(-c2nnnn2C2CC2)c1', 'CN(CC1CCCCC1)C(=O)c1ccc(-n2ncc(C#N)c2N)cc1', 'O=C(CNC(=O)c1ccccc1)Nc1cccc(-c2ccc(=O)[nH]n2)c1', 'CCn1cc(C(=O)Nc2ccc(-c3cn4cccc(C)c4n3)cc2)cn1', 'COc1ccccc1NC(=O)c1cccc(-n2ncc(C#N)c2N)c1', 'O=C(CCN1CCCC1=O)Oc1ccc(-c2noc(C3CC3)n2)cc1', 'CC1CCCN(C(=O)Nc2cccc(-c3nnc4n3CCC4)c2)CC1', 'O=C(Nc1cc(-c2ccco2)ccc1F)c1ccc(-n2ccnn2)cc1']"
5250,1e-04,0.0,0.0,[]
5251,1e-04,0.0,0.0,[]
5252,1e-04,0.0,0.0,[]
5253,0.024,0.27223602,0.7276397943496704,"['O=C(NCc1cc(F)ccc1Br)NCC1CCC1', 'COC(=O)c1cc(F)c(F)cc1NCc1ccco1', 'NC(=O)c1cc(Cl)ccc1OCC(=O)N1CCCCC1', 'O=C(NCCc1cc(Cl)cc(Cl)c1)N(CCO)C1CC1', 'COCCN(Cc1cc(Cl)cc(Cl)c1)C(C)C(N)=O', 'COC(=O)c1cc(F)ccc1NCc1c[nH]nc1C', 'NC(=O)Nc1cc(F)ccc1SCC(F)F', 'CNC(=O)c1cc(Cl)ccc1NC(=O)CCC1CCCC1', 'COCCCCNc1cc(Br)ccc1OC', 'O=S(=O)(c1cc(Cl)ccc1Cl)N1CCCC1']"
5254,0.0011,0.3238493,0.7962015867233276,"['Cc1cc(C)c(CNC(=O)C(C)Oc2ccc3c(c2)CCC3)c(=O)[nH]1', 'Cc1cc(C)c(CNC(=O)CC2CCCC(C(F)(F)F)C2)c(=O)[nH]1', 'Cc1cc(C)c(C(=O)NCc2ccc3c(c2)OCCCO3)c(=O)[nH]1', 'Cc1nc2ccc(CNC(=O)C3CCOc4ccccc4C3)cc2[nH]1', 'Cc1ccc(C(=O)NC(C)c2ccc(-n3ccnn3)cc2)c(=O)[nH]1', 'Cc1cc(=O)cc(C2CCCN(C(=O)c3cccc(F)c3)C2)[nH]1', 'O=c1nncc(N2CCN(C(c3ccccc3)c3ccccc3)CC2)[nH]1', 'Cc1cc(C)c(CNC(=O)N(C)C2CCCc3ccccc32)c(=O)[nH]1', 'Cc1nc2ccc(NC(=O)CCn3ccnc3)cc2[nH]1', 'Cc1ccc(C(=O)N2CCN(Cc3ccc(Cl)cc3)CC2)c(=O)[nH]1']"
5255,0.0005,0.31333598,1.080059289932251,"['CSc1nc2c(c(-c3ccccc3)c1C#N)CN(C)CC2', 'CCn1nc2c(c(C(N)c3cccs3)c1=O)CCCC2', 'CC(=O)c1c2n(n(-c3ccccc3)c1=O)C(=O)c1nccnc1-2', 'Clc1cc2c(cc1Cc1nc(C3CCOC3)no1)OCCO2', 'CCNc1nnc(-c2cc3c(n(CC)c2=O)CCCC3)s1']"
5256,1e-04,1.0,0.0,['COC(=O)C1Cc2ncn(C)c2CN1C(=O)c1ccccc1']
5257,0.0002,0.5,0.0,"['CCN1CCN(C)C2(CCN(Cc3ccc(C)s3)CC2)C1=O', 'CCN1CCC2(CN(S(=O)(=O)c3ccc(F)cc3)CC2C)C1=O']"
5258,0.0006,0.44832054,0.5337978005409241,"['CCc1nc2cc3c(cc2n1Cc1cccc(C#N)c1)OCO3', 'COc1cc2nc3c(c(N)c2cc1OC)CCCC3', 'COCCN(Cc1cc2cc3c(cc2n2nnnc12)OCO3)C(C)=O', 'Cc1ccc2cc3c(nc2c1)OC(=O)N(Cc1ccc(C)o1)C3', 'Cc1c(C)c2cc(Cl)c3c(c2oc1=O)CN(C1CC1)CO3', 'COc1ccc2nc3c(nc2c1)C(=O)c1ccccc1-3']"
5259,0.0048,0.48150802,0.5745453834533691,"['O=C(CCn1c(=O)oc2ccccc21)NCc1nc2ccccc2[nH]1', 'CN(CCC(F)(F)F)C(=O)Cn1c(=O)[nH]c2ccccc21', 'O=C(Cn1c(=O)oc2ccccc21)Nc1ccc(Cl)cn1', 'COc1ccc(NC(=O)Cn2c(=O)oc3ccccc32)cc1Cl', 'Cc1noc(C)c1CCC(=O)NC(C)Cn1c(=O)oc2ccccc21', 'O=C(Cn1c(=O)oc2ccccc21)N1CCCCC1c1ccccn1', 'COc1ccccc1C(=O)COC(=O)Cn1c(=O)oc2ccccc21', 'CC(C(=O)NCc1nnc2ccccn12)n1c(=O)oc2ccccc21', 'O=C(Cn1c(=O)oc2cc(Cl)ccc21)N1CCc2ccccc2C1', 'O=C(CCn1c(=O)oc2ccccc21)Oc1ccc(Cl)cc1']"
5260,1e-04,0.0,0.0,[]
5261,0.0063,0.31388405,0.8240776658058167,"['CN(CCC(F)(F)F)C(=O)Cn1c(=O)[nH]c2ccccc21', 'CCN(CC(F)(F)F)C(=O)c1cnc2ccccn2c1=O', 'CCN(CCC(F)(F)F)S(=O)(=O)c1c[nH]c2ncccc12', 'O=C(CC(F)(F)F)N1CCN(Cc2c(F)cccc2F)CC1', 'CC(COCC(F)(F)F)NC(=O)Nc1nccs1', 'CC(C)N(CC(F)(F)F)C(=O)Cn1cc(N)cn1', 'CN(CCC(F)(F)F)Cc1cc(F)cc2cccnc12', 'O=C(NCC(F)(F)F)C1CCN(C(=O)C2CC2)CC1', 'CCN(CC(F)(F)F)C(=O)Cc1c(C)nc2c(c1C)c(=O)[nH]n2C', 'CN(CCC(F)(F)F)C(=O)COc1ccc(Cl)c2cccnc12']"
5262,0.0014,0.21409489,1.3323827981948853,"['Cn1c(NC(=O)COc2ccc(Cl)cc2)cc(=O)n(C)c1=O', 'Cn1nc(NC2CCCCCC2)c(=O)n(C)c1=O', 'CCn1c(N)c(C(=O)CN2CCc3cc(F)ccc3C2)c(=O)[nH]c1=O', 'Cc1nnc(SCc2ccc(-c3ccccc3C#N)cc2)n(N)c1=O', 'CC(=O)c1nn(-c2ccc(F)cc2F)c(=O)n(C)c1=O', 'Cn1cc(NC(=O)NC(c2nccs2)C2CC2)cc(Cl)c1=O', 'Cn1cc(NC(=O)COc2ccc(Br)cc2)ccc1=O', 'Cn1cc(NC(=O)C2CC3CCC2O3)cc(Br)c1=O', 'CCn1cc(NC(=O)CCCSc2ccccc2)ccc1=O', 'CCn1nc(-c2ccc3c(c2)CCCC3)cc(C(C)=O)c1=O']"
5263,0.0003,0.5543935,0.2864000201225281,"['COCCN1CCN(C(=O)C2(C)CC2(Cl)Cl)CC1=O', 'COCC(=O)NC1CCC2(C)CCC3C(C)C(=O)OC3C2C1C', 'CC1=CC(C)C2(CO)COC(c3ccco3)C1C2C']"
5264,1e-04,0.0,0.0,[]
5265,1e-04,0.0,0.0,[]
5266,1e-04,0.0,0.0,[]
5267,0.0012,0.5010368,0.4849841594696045,"['O=C(Nn1cnc2ccccc21)c1n[nH]c2ccccc12', 'Nc1nc(Oc2ccccc2)c(Br)c(=O)[nH]1', 'Nc1cc2c(cc1Sc1ccccn1)OCCO2', 'CCOc1cccc2n[nH]c(=NC(=O)Nc3ccc(C)cc3)n12', 'O=C(Nc1ccccc1C1=NCCO1)c1ccccc1O', 'O=C(Nc1ccccc1)c1ccc2c(c1)CCCN2', 'COc1ccc(NC(=O)Nc2ccccc2)cc1N1CCCCC1=O', 'Nc1ccc(S(=O)Nc2cccc(Cl)c2)cc1', 'CC(N)(C(=O)Nc1ccccc1Cl)c1ccccc1', 'O=C1OC(C(=O)NCc2ccccc2)Cc2ccccc21']"
5268,1e-04,0.0,0.0,[]
5269,1e-04,0.0,0.0,[]
5270,1e-04,0.0,0.0,[]
5271,0.0003,0.34824264,1.2931201457977295,"['CCCc1cc(C(=O)N(C)Cc2ccc(OC)c3ncccc23)[nH]n1', 'Cc1ccc(C)c(NC(=O)N(C)Cc2cc(=O)[nH]c3ccccc23)c1', 'CCNC(=O)c1cccc(NC(=O)c2cc(C)nc3ccccc23)c1']"
5272,1e-04,0.0,0.0,[]
5273,0.0006,0.5752678,0.3601016402244568,"['CC(C#N)CN(C)C(=O)c1ccc(Br)cc1F', 'CC(C#N)CN(C)Cc1cc2c(cc1Br)OCCO2', 'CC(C#N)CN(C)Cc1cc(=O)n2cc(Br)ccc2n1', 'CC(C#N)Cn1cccc(OCc2ccccc2)c1=O', 'CC(C#N)(NC(=O)c1cc(C(N)=O)cs1)C1CCCCC1', 'CC(C#N)CN1C(=O)C2(CCCC2)Nc2cc(F)ccc21']"
5274,1e-04,1.0,0.0,['O=C1OCCC1N1CCN(c2ccc(O)cc2)CC1']
5275,0.0004,0.5340812,0.5725177526473999,"['CC1(C)COCCN1CC(O)COc1ccc(C#N)cc1', 'CCc1nc2n(n1)CCCC2NC(=O)CCOCC(C)C', 'Cc1nnc(SCC(O)COCc2ccccc2)s1', 'Cc1ccccc1C1CC1C(=O)N(C)CCOCC1CC1']"
5276,0.025,0.4811536,0.5249095559120178,"['Cc1nn(C)c(Oc2ccc(Cl)cc2Cl)c1N', 'COc1ccccc1Nc1ncnc(Nc2ccc(C)cn2)c1N', 'CCCOc1ncnc(NCc2cccnc2)c1N', 'CCC(CC)(CO)NC(=O)c1cc(F)c(F)cc1N', 'CC(C)Oc1ccc(S(=O)(=O)N2CCCCC2)cc1N', 'N#Cc1cnc(CCOc2ccccc2Cl)nc1N', 'CCNC(=O)c1nsc(C(=O)NC2CCCCC2)c1N', 'Cc1nnc(Sc2ccc(C(N)=O)cc2N)n1N', 'COCCOc1nc(C)nc(NCc2cccnc2)c1N', 'CCc1ccc(N2CCN(C(=O)c3ccncc3)CC2)cc1N']"
5277,1e-04,0.0,0.0,[]
5278,1e-04,0.0,0.0,[]
5279,1e-04,0.0,0.0,[]
5280,0.0005,0.56962097,0.3604900538921356,"['Cn1cnc(CNC(=O)NCC2C3Cc4ccccc4C23)n1', 'O=C1CCC2CN(c3ncccc3Cl)CCC2N1CCCCO', 'COC1CCCC(OC(=O)CC2c3ccccc3CCN2C(C)=O)C1', 'CC1CC(N2CCc3nn(C)c(=O)cc3C2)C(=O)O1', 'CC(C)(C)OC(=O)N1CCC2Nc3sccc3C2C1']"
5281,0.0005,0.41427565,0.7609589099884033,"['CCC(=O)N(Cc1cccnc1)Cc1cc2cc(C)ccc2[nH]c1=O', 'CC(=O)N(Cc1cc2ccc(C)cc2[nH]c1=O)c1ccccc1C', 'CCCCN(Cc1cc2cc(C)ccc2[nH]c1=O)S(C)(=O)=O', 'CCCCN(Cc1cc2cccc(C)c2[nH]c1=O)C(=O)c1ccco1', 'CC(C)C(Sc1nnnn1C1CC1)C(=O)Nc1ccc(F)cc1']"
5282,0.4178,0.17906755,0.8027675151824951,"['Brc1ccc(NCCOCC2CCOCC2)cc1', 'O=C(CCCOCC1CCOCC1)c1ccccc1', 'CC(C)CC1COCCN1Cc1ccccc1N1CCOCC1', 'c1cc2c(cc1OCCCN1CCOCC1C1CC1)OCO2', 'CN1CCOC(CNCc2ccccc2N2CCOCC2)C1', 'COCCOCC(=O)Nc1cccc(N2CCOCC2)c1', 'Clc1cc2c(cc1Cc1nc(C3CCOC3)no1)OCCO2', 'Cc1cccc(OCC(O)CN2CCOCC2C2CC2)c1', 'Cn1ccc(C(=O)N2CCC3(CCOCC3COCC3CC3)CC2)n1', 'CC(O)c1ccc(OCCOc2ccc3c(c2)OCO3)cc1']"
5283,1e-04,0.0,0.0,[]
5284,1e-04,0.0,0.0,[]
5285,0.0006,0.5922797,0.33652615547180176,"['c1nc(NCCN2CCOCC2)c2c3c(sc2n1)CCCC3', 'Cc1nc(Nc2ccc(C(N)=O)cc2)c2c3c(sc2n1)CCCC3', 'O=C(OCc1cc(=O)n2c3c(sc2n1)CCCC3)c1ccco1', 'C=CCNC(=O)CSc1nc(N)c2c3c(sc2n1)CCCC3', 'C=CCn1c(=O)n2nc(-c3cccnc3)nc2c2c3c(sc21)CCC3', 'Cc1cc(C(=O)Nc2nc3c(s2)CCC3)c2c(C)noc2n1']"
5286,1e-04,0.0,0.0,[]
5287,1e-04,0.0,0.0,[]
5288,0.0571,0.28664643,0.5154941082000732,"['CCCCCNC(=O)CSc1nc(N)cc(N)n1', 'CCCCN(CC)S(=O)(=O)c1ccc(NC)nc1', 'CC(C)Cc1cc(C(=O)NC(CCO)c2ccccc2)n(C)n1', 'O=C(COc1cccc2c1CCC2=O)C1=NC=CC1', 'CC1CC(C)CN(C(=O)C2(C)CC2(Cl)Cl)C1', 'Cc1cccc(N)c1NCc1cccc2cc[nH]c12', 'CCC(C)NC(=O)C(Sc1nnnn1C1CCCC1)C(C)C', 'Cc1cc2ncn(-c3ccc(S(N)(=O)=O)s3)c2cc1C', 'CCCS(=O)(=O)NC1CCN(C(=O)C2CC2(Cl)Cl)CC1', 'Cc1nnc(SC(C(=O)N(C)C2CCCCC2)C(C)C)s1']"
5289,0.0005,0.32772714,0.983399510383606,"['O=C(COc1cccc2c1CCC2=O)C1=NC=CC1', 'CCn1c(SCC(=O)C2=NC=CC2)nnc1-c1ccc(Cl)cc1', 'CCCOc1ccc2cc(C(=O)C3=NC=CC3)oc2c1', 'CCOc1ccc(C)cc1S(=O)(=O)N1CCN=C1c1ccccc1', 'CC(C)(C)OC(=O)N1CCC2(CC1)OCc1ccncc12']"
5290,1e-04,0.0,0.0,[]
5291,1e-04,0.0,0.0,[]
5292,1e-04,1.0,0.0,['COCC12CCCOC1CCN(C(=O)c1ccoc1C)C2']
5293,1e-04,0.0,0.0,[]
5294,1e-04,0.0,0.0,[]
5295,1e-04,0.0,0.0,[]
5296,0.0268,0.28991678,0.5958075523376465,"['COc1ccc2nc3c(nc2c1)C(=O)c1ccccc1-3', 'OCc1cc2c(cc1OCc1cccnc1)OCO2', 'O=C(OCc1cc(Cl)c2c(c1)OCO2)c1ccccn1', 'O=S(Cc1cc(Cl)c2c(c1)OCCO2)c1ncccc1Cl', 'Cc1cc(=O)c(CO)cn1-c1cc(Cl)cc(Cl)c1', 'O=C(COc1cccc2cccnc12)c1ccccc1', 'CCCOC(=O)c1cc(-c2c(O)cc(O)cc2O)nn1CCO', 'Cc1ccc(C)c(OS(=O)(=O)c2cccnc2)c1C', 'CCOC(=O)c1c(C)n(C)c2cc(Br)c(O)cc12', 'COC(=O)c1cccn1C(=O)c1ccc(Cl)cc1']"
5297,0.0006,0.39242414,0.7442667484283447,"['CN(C)C(=O)C1CCC2C(CCN2Cc2cnn(C)c2)O1', 'CC(C)NC(=O)N1CCC2(CC2C(=O)Nc2cccc(F)c2)C1', 'O=C(C1CCCO1)N1CCC2(CCN2c2ncccn2)C1', 'CCOCC1CC2(COCCN2C(=O)c2ccc3[nH]ccc3c2)CO1', 'CC(C)CCNC(=O)CN1C(=O)C2=C(CCC2)Nc2ccccc21', 'O=C(NCC1CCC2C1OCCN2c1ncccn1)c1ccco1']"
5298,1e-04,0.0,0.0,[]
5299,1e-04,1.0,0.0,['COc1cc(C2CC(=O)Nc3nc(N)[nH]c(=O)c32)ccc1O']
5300,0.0024,0.5849982,0.6042652130126953,"['CC1CC1C(=O)Nc1ccc(N)cc1C(F)(F)F', 'CC1CC1C(=O)N(C)CC(=O)Nc1ccc(Br)cn1', 'CC1CC1NC(=O)c1cc(N2CCCC2=O)ccc1Cl', 'CC1CC1CNS(=O)(=O)c1ccc(Br)cc1', 'CC1CC1CNS(=O)(=O)c1c(F)cccc1F', 'CC1CC1C(=O)N(CCC#N)CCN1CCOCC1', 'CC1CC1C(=O)OCc1nc(-c2ccccc2)no1', 'CC1CC1CNC(=O)NCC(=O)Nc1ccc(Cl)cc1', 'CC1CC1C(=O)Nc1cc(C(N)=O)ccc1N1CCCC1', 'CC1CC1C(=O)Nc1ccc(S(=O)(=O)C2CCCC2)cc1']"
5301,1e-04,0.0,0.0,[]
5302,0.001,0.47381154,0.5736514329910278,"['CC1c2ccc3c(c2CN2CCc4cc5c(cc4C12)OCO5)OCO3', 'c1ccc2nc(N3CCC(c4nnc5n4CCC5)CC3)cnc2c1', 'c1nc2ccc(-c3noc(-c4cn(CC5CCCO5)nn4)n3)cc2[nH]1', 'c1cncc(-c2nnc3sc(-c4c[nH]c5ccccc45)nn23)c1', 'CN1CCc2c(sc3ncn4nc(-c5ccc(N)cc5)nc4c23)C1', 'c1ccc(C2(CNc3nn4c(nc5ccccc54)[nH]3)CC2)cc1', 'Cc1cc(C)n2nc(Cc3nc(-c4cc5ccccc5o4)no3)nc2n1', 'c1ccc(-c2nn3c(Cn4nnc5ccccc54)nnc3s2)nc1', 'CC1(C)Cc2nc3sc4c(=O)[nH]c(=O)[nH]c4c3cc2CO1', 'Cc1ccc2[nH]c3c(=O)n(CC(=O)Nc4cccnc4)ncc3c2c1']"
5303,0.0073,0.25727084,0.9092662930488586,"['CCC(CC)CS(=O)(=O)NCc1nnc2ccccn12', 'CCCCS(=O)(=O)NCC(=O)N1CCOC(C)C1C', 'CCN(CC)S(=O)(=O)NCC(C)N1CCc2ccccc21', 'CCCCN(C)S(=O)(=O)NCc1ccc(C#N)cc1F', 'CCN(CC)S(=O)(=O)N1CCN(Cc2nonc2C)CC1', 'CCCCS(=O)(=O)NCC(=O)N1CCN(c2cccs2)CC1', 'CN(CCC#N)S(=O)(=O)NCC1(c2ccc(F)cc2)CCCC1', 'CN(CCC#N)S(=O)(=O)N1CCCC1C(=O)NC1CC1', 'CCCCS(=O)(=O)NCC(=O)Nc1ccc2c(c1)oc(=O)n2C', 'CCN(CC)S(=O)(=O)N1CCCC1c1nnc2n1CCN(C)C2']"
5304,1e-04,0.0,0.0,[]
5305,1e-04,0.0,0.0,[]
5306,1e-04,0.0,0.0,[]
5307,1e-04,0.0,0.0,[]
5308,1e-04,0.0,0.0,[]
5309,1e-04,0.0,0.0,[]
5310,0.0025,0.36112264,0.6731800436973572,"['CCCCNC(=O)Cn1c(=O)n(C(C)C)c(=O)c2ccccc21', 'C=C(C)n1c(=O)n(C2CCCCC2O)c2ccccc21', '[H]N=c1n(CC=C)c2ccccc2n1CC(=O)c1cccs1', 'CCc1ccccc1OC(=O)Cn1c(=O)n(C)c2ccccc21', 'CCCn1c(=O)[nH]c(=O)c2c(C(=O)OCC)cc(C3CC3)nc21', 'C=CCn1c(=O)n2nc(-c3cccnc3)nc2c2c3c(sc21)CCC3', 'COC(=O)CCn1c(=O)cc(C(F)F)c2cn(C(C)C)nc21', 'CCn1c(=O)c(C(=O)NCc2ccc(OC)cc2)cc2cccnc21', 'Cn1c(=O)n(CC(=O)Nc2cccc3ncccc23)c2cccnc21', 'Cn1c(=O)n(Cc2ccc(OC(F)(F)F)cc2)c2cncnc21']"
5311,1e-04,0.0,0.0,[]
5312,0.0112,0.38354787,0.6527794003486633,"['Cn1ccc(C(=O)N(Cc2cccnc2)C2CC2)cc1=O', 'Cn1cccc(C(=O)NCCC(O)C2CC2)c1=O', 'Cn1ccc(C(=O)N2CCC(CO)CC2)cc1=O', 'Cn1cc(NC(=O)NC(c2nccs2)C2CC2)cc(Cl)c1=O', 'Cn1ncc(N2CCOC(CCNC(=O)NC(C)(C)C)C2)cc1=O', 'Cn1ccc(C(=O)Nc2nc(Sc3ccccc3)ns2)cc1=O', 'Cn1ccc(C(=O)NCCOc2cccnc2)cc1=O', 'CCn1ccc(NS(=O)(=O)c2ccc(N)cc2)cc1=O', 'Cn1cc(NC(=O)C2CC3CCC2O3)cc(Br)c1=O', 'CCn1cc(NC(=O)CCc2ccccc2Cl)ccc1=O']"
5313,1e-04,0.0,0.0,[]
5314,0.005,0.3167456,0.6921696066856384,"['Cc1ccc(C(C)C)c(OCC(=O)Nc2sccc2C(N)=O)c1', 'Cc1ncc(C(C)C)c(-c2ccc3c(c2)OCCO3)n1', 'Cc1nn(CC(C)C)c(C)c1CC(=O)NCc1ccccc1', 'CCn1nc(C(C)C)cc1-c1nn2c(CC(C)C)nnc2s1', 'Cc1nc(C(C)C)sc1C(=O)NCCCOc1cccnc1', 'Cc1nc(C(C)C)sc1C(=O)NCCNC(=O)c1ccccc1F', 'Cc1cn(C(C)C)c(=O)c(C#N)c1-c1ccccn1', 'Cc1nc(C(C)C)sc1C(=O)N1CC(C)(C)C(C)(O)C1', 'Cc1cc(OC(C)C)ccc1NC(=O)NCCC(=O)NC1CCCC1', 'Cc1noc(C(C)C)c1C(=O)Nc1ccc(CS(N)(=O)=O)cc1']"
5315,0.0114,0.24418382,0.8100151419639587,"['Oc1ccccc1SCc1cn2ccccc2n1', 'O=C(COc1cccc2cccnc12)c1ccccc1', 'Cc1oc2cc(O)ccc2c(=O)c1Oc1ccccc1', 'OCCCc1nc2ccccc2n1-c1ccncc1', 'Brc1ccc(Oc2cnccn2)cc1', 'CC(O)c1nc2cc(O)ccc2n1-c1ccccc1', 'CC(O)c1ccc(OCCOc2ccccc2)cc1', 'O=C(NCc1ccc2sccc2c1)c1ccc(O)cc1', 'Nc1ccc(S(=O)Nc2cccc(Cl)c2)cc1', 'Cc1ccc(S(=O)CCOc2ccccc2)cc1']"
5316,1e-04,0.0,0.0,[]
5317,0.0005,0.56710786,0.44244447350502014,"['CNc1ncc2c(n1)CN(CCc1ccc3c(c1)OCO3)C2=O', 'COc1ccc2c(c1)C(c1ccc3c(c1)OCO3)NCC2', 'COc1cc2c(cc1-c1c(C#N)c(N)nc3c1CCCC3)OCCO2', 'Cc1nc2n(n1)CC(Nc1ncnc3c1CCC3)CC2', 'Oc1cc(O)c2c(c1)C(c1ccc3[nH]nnc3c1)NCC2']"
5318,1e-04,0.0,0.0,[]
5319,0.0023,0.32072017,1.0545467138290405,"['OC(Cc1cnccn1)(c1ccccc1)c1ccccc1', 'COC(=O)C(c1c(C)[nH]c2ccccc12)(C(C#N)C#N)C(F)(F)F', 'OC(c1ccc(F)cc1)(c1cncnc1)c1ccccc1Cl', 'OC(c1ccccc1)(c1ccccn1)C(F)(F)F', 'CC12CCC(C(=O)NCCN3CCOCC3)(OC1=O)C2(C)C', 'CC12CCC(C(=O)Nc3ccc4c(c3)OCO4)(CC1O)C2(C)C', 'COCC1(C(=O)N2CCC(C#N)(c3ccccc3)CC2)CCC1', 'CC(C#N)(NC(=O)c1cc(C(N)=O)cs1)C1CCCCC1', 'CC(=O)NC(C)(C(=O)N1CCCC(n2nc(C)cc2C)C1)C1CC1', 'CN(C)C1=NC(C(F)(F)F)(C(F)(F)F)N=C(c2cccnc2)O1']"
5320,1e-04,1.0,0.0,['CCC(=O)c1ccc2c(c1)N(CC(=O)OC)C(=O)C(C(C)C)O2']
5321,0.0007,0.46948543,0.7237699031829834,"['CC(=O)N1c2ccc(S(=O)(=O)Oc3cccc(F)c3)cc2CC1C', 'CC(=O)N1c2ccc(NC(=O)CN3CC(C)OC(C)C3)cc2CC1C', 'CCC(=O)N1c2ccc(C(=O)C3CCCCN3)cc2CC1C', 'CC(C)CN1Cc2cc(NC(=O)c3cccs3)ccc2OCC1=O', 'CC(C)C(=O)N1Cc2ccc(C(O)c3ccco3)cc2C1', 'CCCC(=O)N1Cc2ccc(C(O)c3cccs3)cc2C1', 'CC(C)C(=O)N1Cc2ccc(C(O)C(C)C)cc2C1']"
5322,1e-04,1.0,0.0,['OC1=Nc2c(ncn2-c2ccc(F)cc2)C(c2cc(F)ccc2F)C1']
5323,1e-04,0.0,0.0,[]
5324,1e-04,0.0,0.0,[]
5325,0.0463,0.2856896,0.6698901653289795,"['N#Cc1ccc(S(=O)(=O)Oc2ccc(F)cc2)cc1', 'Cc1cccc(NS(=O)(=O)c2ccc(O)cc2)c1', 'Cc1ccccc1OC(=O)c1cccc(S(C)(=O)=O)c1', 'CS(=O)(=O)c1ccc(OS(=O)(=O)c2cn[nH]c2)cc1', 'O=S(=O)(Oc1cccc(F)c1)c1ccc(F)cc1', 'Nc1ccc(S(=O)(=O)Nc2cccc3ccccc23)cc1', 'COc1cccc(S(=O)(=O)CCOC(C)C)c1', 'COc1ccc(S(=O)(=O)c2nnn(-c3cccc(C)c3)c2C)cc1', 'COC(=O)c1sccc1S(=O)(=O)Nc1cccc(SC)c1', 'CCNC(=O)c1ccc(S(=O)(=O)Nc2ccccc2)cc1']"
5326,0.0669,0.26993412,0.5708717107772827,"['Cc1cc(=O)[nH]cc1C(=O)N(C)CCN(C)C(=O)OC(C)(C)C', 'Cc1cc(Br)c2ncc(C(N)=O)cc2c1', 'Cc1nccn1-c1cccc(C2CCCN2S(=O)(=O)N(C)C)n1', 'CCc1ccc(NC(=O)c2cnc(CCOC)nc2N)cc1', 'CC(c1ccco1)N(C)Cc1ccc(S(=O)(=O)N2CCCC2)o1', 'Cc1noc(C)c1CCCNC(=O)Nc1ccccc1OC(C)C', 'Cc1ccc(C)c(NCC(O)c2ccc(C)c(N)c2)c1', 'Cc1noc(C)c1CCC(=O)NC(C)Cn1c(=O)oc2ccccc21', 'Cc1noc(C)c1S(=O)(=O)NCC(C)(O)c1cccs1', 'Cc1ccc2c(c1)OCCN2CC1CCCN(S(C)(=O)=O)C1']"
5327,0.0074,0.41098967,0.6410783529281616,"['Cc1occc1C(=O)N1CCN(CC(=O)N2CC(C)CC(C)C2)CC1', 'COc1cc(C#N)cc(Cl)c1OCC(=O)N1CC(C)CC(C)C1', 'Cc1nc(C)c(C#N)c(SCC(=O)N2CC(C)CC(C)C2)n1', 'Cc1nccc(CNC(=O)N2CC(C)CC(C)C2)n1', 'CCn1nc(C(=O)N2CCC(C)CC2C)ccc1=O', 'CSc1nc2ncn(CC(=O)N3CCCC(C)C3)c(=O)c2s1', 'Cc1cc(C(=O)CCC(=O)NC2CCC(C)CC2)c(C)s1', 'COc1ccc(C(C)=O)c(OCC(=O)N2CC(C)CC(C)C2)c1', 'Cc1ocnc1CNS(=O)(=O)N1CC(C)CC(C)C1', 'Cc1cc(CNc2ccccc2C(=O)N2CCC(C)CC2)no1']"
5328,0.0154,0.30755863,0.7154206037521362,"['COCCNC(c1cnn(C)c1)c1nccs1', 'CCc1onc(C)c1NC(=O)N1CCC(c2cnn(C)c2)CC1', 'CC(C)Oc1ccc(C#N)cc1NC(=O)NCCc1cnn(C)c1', 'CCc1nn(C)c(OC)c1CN1CCN(c2cnn(C)c2)C(=O)C1', 'CC(C)CN(C)c1ccc(C(=O)N2CCCC2c2cnn(C)c2)cn1', 'CN(Cc1cnn(C)c1)C(=O)CN(C)S(C)(=O)=O', 'COCCN(Cc1cnn(C)c1)C(=O)Cc1ccc(Cl)cc1', 'Cc1noc(C)c1CNC(=O)N1CCC(Cc2cnn(C)c2)C1', 'COc1cc(C)c(CN2CCOC(c3cnn(C)c3)C2)cc1OC', 'CN(Cc1cnn(C)c1)C(=O)Nc1ccccc1OCC1CC1']"
5329,0.0943,0.2891921,0.5939420461654663,"['CC(C)N1CCCC2(CCN(C(=O)Cn3cccnc3=O)C2)C1=O', 'COc1ccc(N2CC(C(=O)N(C)C3CCN(C)C3=O)CC2=O)cc1', 'O=C(Cc1cnc[nH]c1=O)N1CCC2(CCCN(CCO)C2=O)C1', 'O=C(CCN1CCOC1=O)NC1CCCNC1=O', 'CCOc1c(Nc2ccc(Cl)cc2C)c(=O)c1=O', 'COCCN1CCCC2(CCN(C(=O)CCc3ccco3)C2)C1=O', 'COCCN1CCC2(CCN(C(=O)c3ccnnc3)CC2)C1=O', 'COCCN1CCCC2(CCN(c3ccnc(OC)c3C#N)C2)C1=O', 'CCCCCC(=O)NC1CCCN(c2ccccc2F)C1=O', 'Cc1ccc(CCNC(=O)C2CCN(c3ccccc3)C2=O)cc1']"
5330,1e-04,0.0,0.0,[]
5331,0.0643,0.36893538,0.6024774312973022,"['NC(=O)Cc1ccc(NC(=O)CCCc2ccccc2)cc1', 'CC(Cn1cccn1)NC(=O)CCc1ccc(S(N)(=O)=O)cc1', 'Cn1cc(NC(=O)CCc2ccc(Br)cc2F)cn1', 'Cc1cccc(CCNC(=O)CCc2nnc(-c3ccsc3)o2)c1', 'Cc1cc(CN2CCN(C(=O)CCc3ccc(F)c(F)c3)CC2)no1', 'CCn1cc(NC(=O)CCc2ccccc2Cl)ccc1=O', 'CC(C)CCN(C)C(=O)CCc1ccc(C#N)cc1', 'CC(=O)N1CCCN(C(=O)CCc2ccc(-c3ccccc3)o2)CC1', 'CCCN1CCN(C(=O)Cc2ccccc2N)CC1', 'CC(NC(=O)CCc1cccc(F)c1)C1CCCO1']"
5332,0.0472,0.41898838,0.4946281909942627,"['CC(Sc1ncnc2ccsc12)c1nc(N)nc(N(C)C)n1', 'CCCn1c(CNc2cn[nH]c2)nc2ccccc21', 'O=C(c1n[nH]c2ccccc12)N(CC1CC=CO1)C1CC1', 'Cn1cc2c3c(cccc31)CN(C(=O)c1cccs1)CC2', 'O=C(NCc1cn2ccsc2n1)c1ccccc1Cl', 'O=C(Nc1cccc(Cl)c1)OCC1OCCO1', 'Cc1nc(N2CCC3(CC2)CC(=O)N(C)C3)c2c(C)noc2n1', 'CCC(Nc1ccc2cc[nH]c2n1)c1ccncc1', 'O=C(c1cccc2cc[nH]c12)N1CCCC1c1nnc2n1CCCCC2', 'Nc1c(NCCN2CCOCC2)c2ccccc2oc1=O']"
5333,1e-04,0.0,0.0,[]
5334,0.0068,0.29006165,0.8640567064285278,"['O=C(Nc1ccccc1OC(F)F)c1n[nH]c(=O)c2ccccc12', 'CC(=O)Nc1cc(NC(=O)c2n[nH]c(=O)c3ccccc23)ccc1C', 'O=C(c1n[nH]c(=O)c2ccccc12)N1CCCCCC1', 'Cc1ccc(NC(=O)c2n[nH]c(=O)c3ccccc23)cc1C', 'NC(=O)COc1ccc(NC(=O)c2n[nH]c(=O)c3ccccc23)cc1', 'CC(=O)c1ccc(NC(=O)c2nn(C)c(=O)c3ccccc23)cc1', 'Cc1ccc(Cl)cc1NC(=O)c1nn(C)c(=O)c2ccccc12', 'Cc1nn(CC(=O)NC2CCC(C)CC2)c(=O)c2ccccc12', 'Cc1nn(CC(O)c2cc(F)ccc2F)c(=O)c2ccccc12', 'Cc1n[nH]c(-c2ccc(NC(=O)c3n[nH]c4ccccc34)cc2)n1']"
5335,1e-04,0.0,0.0,[]
5336,1e-04,0.0,0.0,[]
5337,1e-04,0.0,0.0,[]
5338,1e-04,0.0,0.0,[]
5339,0.0004,0.5648976,0.3312346637248993,"['N#Cc1c(=O)c2c(=O)oc3ccccc3c2n2nc3n(c12)CCCCC3', 'C=CCn1c(=O)n2nc(-c3cccnc3)nc2c2c3c(sc21)CCC3', 'C=CCc1c(OCC(=O)NC2CC2)ccc2nc3n(c(=O)c12)CCC3', 'Cc1nc(Nc2ccc(C(N)=O)cc2)c2c3c(sc2n1)CCCC3']"
5340,0.0219,0.54441535,0.42898833751678467,"['CCC1CCCCC1Oc1nc2sccn2c1CO', 'CC(c1cccc(O)c1)N(C)Cc1cnc2cnccn12', 'COc1ccc(C(O)CCC2OCCO2)cc1OC', 'CC(=O)N1CCOC2CN(c3ncccn3)CCC2C1', 'CN(Cc1ccc(O)cc1)C(=O)C1CCCCN1S(C)(=O)=O', 'CCCn1cc(C(O)Cc2ccccc2Br)cn1', 'O=c1[nH]nc2c(Oc3cccc(Cl)c3)nccn12', 'COc1ccc2c(Br)cc(C)nc2c1', 'O=C(NCCOCCO)C1CCCc2ccccc21', 'CC(C)CN1CCOC(CNc2nc3ccccc3s2)C1']"
5341,1e-04,0.0,0.0,[]
5342,1e-04,0.0,0.0,[]
5343,0.0013,0.3803671,0.8163547515869141,"['O=C(NC(CO)CO)c1cc2cccc(Cl)c2o1', 'O=C(NC(CO)CO)c1cc(CN2CCOCC2)on1', 'O=C1C(c2ccccc2)Nc2ccccc2N1CC(O)CO', 'CN(CC(C)(CO)CO)C(=O)c1ccc2ccc(Cl)cc2n1', 'COc1ccc(Cc2c(CO)nnn2CC(O)CO)cc1', 'CSc1nc(C)nc(C)c1C(=O)NC(C)CO', 'O=C(c1ccccc1Oc1ccccc1)N1CCCC(O)(CO)C1', 'O=C(CN1CCN(C(=O)CO)CC1)Nc1c(Cl)cccc1Cl', 'CCOC(=O)c1ccc(NC(=O)NC(C)C(C)CO)cc1', 'CSc1ccc(NC(=O)NC2CCCC2(C)CO)cc1Cl']"
5344,0.0084,0.25775638,0.6607842445373535,"['CCCN(CC(=O)NC)C(=O)CCc1cc(Br)cs1', 'CN(Cc1cc(=O)c(O)co1)Cc1cc(Br)cs1', 'COCc1c(C(=O)N(C)Cc2ccc(C)o2)noc1C', 'CC1(C(=O)NCc2cccs2)CC1(Cl)Cl', 'COc1ccc(-c2cc(CO)c(C)s2)cc1F', 'Cc1cc(CN(C)C(=O)c2sccc2Br)no1', 'COC(CNC(=O)C1CCCCC1)c1ccc(C)s1', 'COCC(NC(=O)NC1CCCc2c1cnn2C)c1ccc(C)o1', 'Cc1cc(C(=O)NC(C)c2cc(C)sc2C)no1', 'O=C(NCC1(c2cccs2)CC1)c1cc(-c2ccco2)on1']"
5345,1e-04,0.0,0.0,[]
5346,1e-04,0.0,0.0,[]
5347,1e-04,0.0,0.0,[]
5348,0.0035,0.31827435,0.7785394191741943,"['C=CCn1c(SC2CCCCC2O)n[nH]c1=O', 'CCCn1c(SCCOc2ccc(F)cc2)n[nH]c1=O', 'Cn1c(SCCCc2ccc(Cl)cc2)n[nH]c1=O', 'CCCn1c(SCc2ncc(-c3cccs3)o2)n[nH]c1=O', 'CCCn1c(SCC(=O)N(CC)C2CCCCC2)n[nH]c1=O', 'COc1ccc(Cn2c(CCc3c(C)n[nH]c3C)n[nH]c2=O)cc1', 'COCCCn1c(SCc2nc(C)c(C)s2)n[nH]c1=O', 'CCCn1c(SCc2cc(=O)oc3c(C)c(C)ccc23)n[nH]c1=O', 'NC(=O)Cn1c(-c2cccc(Br)c2)noc1=O', 'CCCCn1c(SC(C)C(=O)N2CCc3ccccc32)n[nH]c1=O']"
5349,1e-04,0.0,0.0,[]
5350,1e-04,0.0,0.0,[]
5351,0.0037,0.35080823,0.6972788572311401,"['CC(C)(C)OC(=O)N1CCc2[nH]c3ccc(Cl)cc3c(=O)c2C1', 'CC(C)OCCCNC(=O)C1CN(c2ncnc3c2nnn3C)C1', 'CC(C)(C)OC(=O)N1CCC(C(=O)Nc2ccc(F)c(C#N)c2)C1', 'CC(C)(C)CC(=O)N1CC(c2nc(-c3cccnc3)no2)C1', 'CC(C)S(=O)(=O)N1CCN(c2cc(-c3ccccc3)ncn2)CC1', 'CC(C)(C)C(=O)N1CCN(Cc2noc(-c3cccs3)n2)CC1', 'CC(C)(C)OC(=O)N1CCC(CS(=O)c2cccc(N)c2)C1', 'C=CCCS(=O)(=O)N1CCC(Cn2nc(C)cc2C)CC1', 'CC(C)(C)NC(=O)N1CCC(NC(=O)c2cncc(F)c2)CC1', 'CC(C)(C)OC(=O)N1CCc2nc(-c3ccccn3)ncc2C1']"
5352,1e-04,0.0,0.0,[]
5353,0.0008,0.33659804,0.8470116853713989,"['C#CCNC(=O)c1cccnc1SC1CCCC1', 'CC(Sc1ccncc1N)C(=O)NC(C)(C)C', 'CC1CC(C)CN(C(=O)CSc2nc(C(C)C)n[nH]2)C1', 'NC(=O)Nc1cc(F)ccc1SCC(F)F', 'CC(=O)NCCNC(=O)Nc1ccccc1SC(C)CC#N', 'CC(Sc1ccccc1)C(=O)NCC(C)N1CCOCC1', 'C=CCNC(=O)C(C)Sc1ccc(F)cc1N', 'COc1ccccc1SCCC(=O)OC(C)(C)C']"
5354,0.0104,0.3313069,0.6657902002334595,"['Cc1cc(-c2ccc(S(C)(=O)=O)cc2)nc(-c2ccccc2O)n1', 'C=CCOC(=O)N1CCC23C=CC(O)CC2Oc2c(O)ccc(c23)C1', 'COc1cc2c(-c3cncc4cc(O)c(OC)cc34)cncc2cc1O', 'Cc1ccc2c(c1)N(C(=O)CCC(=O)N1CCOCC1)CC(C)O2', 'CC1(C(=O)Nc2cccc(C(=O)NCC(N)=O)c2)CC1(Cl)Cl', 'COc1cc(F)c(C(C)NC(=O)Cc2c(C)nn(C)c2C)cc1OC', 'COc1cc(C(=O)N(C2CC2)C(C)c2ccco2)cc(OC)c1OC', 'COc1cc(OC)c(-c2[nH]nc3c2C(=O)CC(C)(C)C3)cc1OC', 'CC1(C)C(NC(=O)NCCc2ccc3c(c2)CCO3)C2CCOC21', 'Cc1ccc(-c2noc(CCCN3CCOC(C(N)=O)C3)n2)cc1F']"
5355,0.0006,0.21027131,1.6641918420791626,"['COc1ccc(NC(C)=O)cc1NCC(=O)N(C)Cc1ccco1', 'Cc1ccc(NC(=O)C(C)NC(=O)Nc2ccccc2)c(F)c1', 'CCOc1cccc(C(C)NC(=O)C(C)NC(=O)c2ccco2)c1', 'CNC(=O)c1ccc(CN(C)C(=O)Cc2c[nH]c3ccccc23)cc1', 'COc1ccc(CNC(=O)CC#N)cc1OCc1ccccc1', 'Cc1cc(CNC(=O)CCNC(=O)Cc2ccccc2)c(C)o1']"
5356,1e-04,0.0,0.0,[]
5357,1e-04,0.0,0.0,[]
5358,1e-04,0.0,0.0,[]
5359,0.0004,0.6267685,0.2613585889339447,"['CCC1(CNC(=O)c2cccc(-c3ccoc3)c2)CC1', 'CCC1(CNC(=O)NC2C3CCOC3C2(C)C)CC1', 'OCC1(c2nc(C3CCOCC3)nn2-c2cccc3c2CCC3)CC1', 'CCC1(CC)Oc2ccc(C(C)=O)cc2N(CCCC#N)C1=O']"
5360,1e-04,0.0,0.0,[]
5361,1e-04,0.0,0.0,[]
5362,1e-04,0.0,0.0,[]
5363,0.0448,0.3047811,0.5396988391876221,"['O=C(c1ccc(Cl)cc1)C1CCN(C(=O)c2ccccc2)CC1', 'CC(=O)Oc1cc2oc(=O)cc(C)c2cc1C(=O)c1ccccc1', 'CCOC(=O)c1c(SC)[nH]n(C(=O)c2ccc(OC)cc2)c1=O', 'CCc1ccc(N2CCN(C(=O)c3ccccc3)C(C)C2=O)cc1', 'CCN(CC)S(=O)(=O)NC1CCCN(C(=O)c2ccccc2)C1', 'CC(=O)c1nc2ccccc2n1C(C)C(=O)c1ccccc1', 'O=C(CCc1ccccc1)OCC(=O)c1ccc(F)cc1', 'C#CCSc1nnc(CNC(=O)c2ccccc2)o1', 'CC(NS(=O)(=O)c1ccccc1)C(=O)Nc1ccccc1Cl', 'CCCN1C(=O)C(O)(C(C)C(=O)c2ccccc2)c2ccccc21']"
5364,0.0323,0.31084868,0.5822937488555908,"['Cc1oncc1C1NCCc2cc(F)c(F)c(F)c21', 'Cc1cnc(NCc2ccc(F)c(Cl)c2)nc1', 'Cc1ccc(CN(C)S(=O)(=O)c2cc(Cl)c(N)c(Cl)c2)o1', 'Cc1nc(C(=O)Nc2ccc(F)c(Cl)c2)c(C)o1', 'CC(=O)NCc1nc(-c2ccc(F)c(N)c2)cs1', 'CCc1ncc(C(=O)Nc2ccc(F)c(F)c2F)c(N)n1', 'CN(Cc1cscn1)C(=O)c1ccc(Br)c(N)c1', 'Cc1csc(=O)n1CC(=O)Nc1ccc(F)c(Cl)c1', 'O=C1NCCN1CCNc1ccc(Cl)c(F)c1', 'CC(C)(C)CC1NCCc2c(F)cc(F)c(F)c21']"
5365,1e-04,0.0,0.0,[]
5366,1e-04,0.0,0.0,[]
5367,1e-04,0.0,0.0,[]
5368,1e-04,0.0,0.0,[]
5369,1e-04,0.0,0.0,[]
5370,1e-04,1.0,0.0,['CCCc1c(C)nc2ncnn2c1Sc1ccc(NC(C)=O)cc1']
5371,0.0009,0.70177394,0.28677675127983093,"['CCC(=O)Nc1nc(-c2ccc(OC)c(OC)c2)c(C)s1', 'CCOC(=O)c1cn2nc(-c3cccc(Cl)c3)cc2[nH]1', 'COCC(=O)Nc1nc(-c2ccccc2)c(CC(=O)OC)s1', 'Nc1c(-c2nc3ccccc3[nH]2)c(C2CCCCC2)nn1CCO', 'COCC(=O)Nc1nc(-c2ccccc2)c(C(C)=O)s1', 'Cn1nc(-c2ccco2)c(Cc2ccccc2)c1N', 'CC(=O)c1cnc2c(-c3ccccc3)c(C)nn2c1C', 'CCn1c(CN)cc(=O)n2nc(-c3ccccc3)cc12', 'CCN1CC(C(=O)NCCNc2ccc(C(F)(F)F)cn2)CC1=O']"
5372,0.0002,0.5,0.0,"['Cc1ccc(CN2CC3CC(C(=O)NCC(C)C)C(C2)O3)cc1', 'CCOc1ccc(CCC2CCN(C(=O)COC)CC2)cc1']"
5373,0.0409,0.30521905,0.662993848323822,"['Brc1ccc(Br)c2nccnc12', 'Nc1ncc(Br)c(Cl)c1Br', 'O=C1NC(O)c2cc(Br)cc(Br)c2O1', 'Cc1ccc(OCCCCO)c(Br)c1', 'Brc1ccc(Oc2cnccn2)cc1', 'Cc1nn(C2CCCCO2)c(C)c1Br', 'CCOC(=O)COc1ccc(CO)cc1Br', 'Brc1cccc(NCc2ccccn2)c1', 'CCOC(C)C(=O)Oc1ccc(C)cc1Br', 'NC1C(=O)NCC1c1ccccc1Br']"
5374,0.0229,0.2953751,0.6785922050476074,"['O=C(c1coc(COc2ccc3ncccc3c2)n1)N1CCC1', 'Cc1nc(C(=O)Nc2ccc3nccnc3c2)cs1', 'CC(Sc1nncs1)C(=O)Nc1cccc2ncccc12', 'Cc1cc(=O)c(OCC(=O)Nc2cccc3ncccc23)cn1C', 'CSc1ccc(CN(C)C(=O)c2ccc3nccnc3c2)cc1', 'CCC(NC(=O)c1ccc2nc(C)c(C)nc2c1)C(C)C', 'O=C(c1cc2ncccn2n1)N(Cc1ccc2[nH]ccc2c1)C1CC1', 'O=C(Nc1ccc(F)cc1)c1ccc2nccnc2c1', 'COc1cc(N)c2ncccc2c1Br', 'O=C(Nc1cnc2n1CCCC2)c1cccc2cnccc12']"
5375,0.0011,0.2968175,0.8429700136184692,"['CC(=O)Nc1ccc2c(c1)C(=O)N(C)c1cccnc1S2', 'CCC(=O)N(C)C1CCC2(CC1)CN(C(C)=O)Cc1ccccc1O2', 'O=c1[nH]c(F)c(Cl)c2c1Oc1ccccc1O2', 'CC(C)(C)OC(=O)N1CCC2(CC1)Nc1cc(F)ccc1NC2=O', 'CCC(CC)c1nnc2n1NC(c1ccccc1)CS2', 'C#CCNC(=O)c1ccc2c(c1)S(=O)(=O)N=C1CCCCCN12', 'Nc1cc(Cl)c2c(c1)NC(=O)C(c1ccccc1)O2', 'O=C(C1CC1)N1CCC2(C1)c1ccccc1S(=O)(=O)N2CC1CC1', 'COc1ccc2c(c1)N(Cc1cccc(C(N)=O)c1)CC(C)O2', 'CCCc1c(C)nc2ncnn2c1Sc1ccc(NC(C)=O)cc1']"
5376,1e-04,0.0,0.0,[]
5377,1e-04,0.0,0.0,[]
5378,1e-04,0.0,0.0,[]
5379,0.0309,0.24983673,0.6614037752151489,"['Cc1c(NC(=O)c2cnccn2)cccc1-n1cnnn1', 'O=C(NCCc1ccccc1)c1ccc(F)cc1-n1cnnn1', 'O=C(OCCNc1ncccn1)c1sccc1-n1cnnn1', 'O=C(CCn1cncn1)NC1CCc2cc(F)ccc21', 'O=C(NCC(F)(F)F)C(Cc1ccccc1)n1cnnn1', 'O=C(NCc1ccc(F)cc1)c1ccc(Cl)cc1-n1cnnn1', 'O=C(Nc1cc(F)cc(F)c1)c1sccc1-n1cnnn1', 'CN1CCCN(C(=O)Cn2cnnn2)c2cc(F)ccc21', 'O=C(Cn1cnnn1)Nc1cc(-c2cc(Cl)cc(Cl)c2)[nH]n1', 'O=C(NCCc1cc(F)cc(F)c1)c1sccc1-n1cnnn1']"
5380,1e-04,0.0,0.0,[]
5381,1e-04,0.0,0.0,[]
5382,1e-04,0.0,0.0,[]
5383,1e-04,0.0,0.0,[]
5384,0.0009,0.27119103,1.0300272703170776,"['Nc1nc(-c2ccccc2)cc(-c2cc(-c3ccccc3)nc(N)n2)n1', 'c1cc(-c2ccc(-n3cncn3)cc2)n2ncnc2n1', 'Cc1cc(-c2ccc(S(C)(=O)=O)cc2)nc(-c2ccccc2O)n1', 'CNC(=O)c1cnc(-c2ccccc2)nc1-c1ccccc1', 'Cn1c(=O)[nH]c(=O)c2nc(-c3ccccc3)cnc21', 'CC(O)(c1ccccc1)c1nc(-c2ccccc2)nn1-c1ccccn1', 'COc1cc(CS(=O)(=O)c2ccccc2)nc(-c2ccccc2)n1', 'Nc1nc(COC(=O)C2CC2)nc(Nc2ccccc2)n1', 'Nc1nc(-c2ccccc2)cc(-c2ccccc2F)n1']"
5385,1e-04,0.0,0.0,[]
5386,0.0028,0.47255033,0.6126798391342163,"['O=C(Oc1ccccc1F)C1CCCN1C(=O)C1CC1', 'CC1=CC(C)C2(CO)COC(c3ccco3)C1C2C', 'N#Cc1ccc(F)c(CNC(=O)NC(CO)c2ccccc2)c1', 'CCOC(=O)C(CC)N1C(=O)C(C(C)C)Oc2ccc(C(C)=O)cc21', 'CCOc1ccccc1C(CC)NC(=O)Nc1c(C)noc1CC', 'COC(=O)C1OC(c2ccccc2)OC1C(=O)OC', 'NC(=O)C(CCSc1ccccc1)c1ccccc1', 'CCC(CCO)NC(=O)Nc1cccc(NC(C)=O)c1C', 'O=C(Nc1ccc(Cl)cc1F)NC(CO)Cc1ccccc1', 'Fc1cc(Br)c2c(c1)CCNC2C1CC1']"
5387,1e-04,0.0,0.0,[]
5388,0.0031,0.4482722,0.620134711265564,"['Cc1c(O)ccc2c1C(C(O)Cc1ccccc1)NCC2', 'CCc1cccc2c1N(CC(=O)Nc1nncs1)CC2', 'Fc1cc(Br)cc2c1C(C1CNC1)NCC2', 'Fc1c(Cl)ccc2c1C(c1nccs1)NCC2', 'COc1cccc2c1OCC(NC(=O)c1c(C)cc(C)[nH]c1=O)C2', 'COc1cccc2c1CCCCN2C(=O)c1ccncc1F', 'COc1c(O)ccc2c1C(c1ccc(F)cc1C)NCC2', 'Cc1ccc(F)c2c1N(C(=O)c1nc3nccc(C)n3n1)CCC2', 'Cc1cccc2c1C(C(O)Cc1ccccc1)NCC2', 'COc1cc(CO)cc2c1OC(C(C)C)C(=O)N2CC(C)C']"
5389,1e-04,0.0,0.0,[]
5390,1e-04,0.0,0.0,[]
5391,1e-04,0.0,0.0,[]
5392,1e-04,0.0,0.0,[]
5393,0.0297,0.49894613,0.3008773922920227,"['c1cc(-c2n[nH]cc2-c2ccc3nccn3c2)ccn1', 'COc1ccc2ncnc(NCc3ccccn3)c2c1', 'O=C(Nc1cn[nH]c1)N1CCN(c2ccccc2)CC1', 'O=C(Nc1nnc2n1CCCS2)c1ccccc1Br', 'O=C(Nc1cn[nH]c1)C1CC1c1ccc(Cl)cc1', 'O=C(Nc1nnc2n1CCCS2)c1ccccc1F', 'O=C(CCc1nc2ccccc2[nH]1)CCc1nc2ccccc2[nH]1', 'CCCOc1ncnc(NCc2cccnc2)c1N', 'O=C(Nc1cn[nH]c1)c1ccn(-c2ccccc2F)n1', 'COc1ccc2ncnc(NCCc3ccc(OC)c(OC)c3)c2c1']"
5394,1e-04,0.0,0.0,[]
5395,0.0305,0.4584168,0.48881134390830994,"['CCc1c(C)nc2cc(-c3ccoc3C)nn2c1NCCOC', 'CCc1sc(NC(=O)CC#N)nc1-c1ccc(C)cc1C', 'CC(C)c1nnc(CNC(=O)c2scnc2C2CC2)n1C', 'CC(=O)c1c(C)[nH]c(C(=O)CSc2ncccn2)c1C', 'CC(=O)c1c(C)[nH]c(C(=O)NCc2ncoc2C)c1C', 'COc1ccc(-c2csc3ncnc(NCCO)c23)cc1OC', 'COc1cc(-c2nc3[nH]c(C)cc(=O)n3n2)cc(OC)c1OC', 'COc1cc(C)c(NC(=O)Nc2cnn(C)c2)cc1OC', 'COc1ccc(C(C#N)CC(=O)NC2CCCC2)cc1OC', 'COc1ccc(C(O)CNc2ccc(C)c(C)c2)cc1OC']"
5396,1e-04,0.0,0.0,[]
5397,1e-04,0.0,0.0,[]
5398,1e-04,0.0,0.0,[]
5399,1e-04,0.0,0.0,[]
5400,0.0004,0.38834992,0.815467119216919,"['Cc1ccccc1C1CC(O)C(O)C1NC(=O)C(C)C', 'COC(=O)C1OC(c2ccccc2)OC1C(=O)OC', 'CCOC(=O)C1C2CCC(=O)C2CN1C(=O)OCc1ccccc1', 'CC(C)OC(=O)C1C(=O)CC(C)(O)CC1c1ccccc1']"
5401,1e-04,0.0,0.0,[]
5402,0.0012,0.4351162,0.5424729585647583,"['CCC1Oc2c(cccc2OCc2ccccc2)NC1=O', 'CCC1Oc2ccc(N)nc2N(CC(C)C#N)C1=O', 'O=C1NC(O)c2cc(Br)cc(Br)c2O1', 'O=C1Cn2ncnc2-c2cc(Br)ccc2N1', 'O=C1Nc2cc(O)ccc2OC1Cc1ccccc1C(F)(F)F', 'NC(=O)CCN1C(=O)c2cc(N)ccc2S1(=O)=O', 'CCC1Nc2cc(Br)ccc2N(COC)C1=O', 'CC1Cc2ccccc2N1C(=O)C1Cc2ccccc2C(=O)O1', 'COC(=O)CC1Nc2cc(Cl)ccc2NC1=O', 'CCC1Oc2cccc(N)c2N(Cc2ccc(F)cc2)C1=O']"
5403,1e-04,0.0,0.0,[]
5404,0.1303,0.39862972,0.4068179428577423,"['CC(C)Cc1cc(C(=O)N2CCN(C(=O)c3c[nH]c(=O)[nH]3)CC2)[nH]n1', 'O=C(N=c1[nH]cc[nH]1)c1cc(-c2ccc3c(c2)CCO3)n[nH]1', 'Cc1c(C2CC2)n[nH]c1NC(=O)CCCc1ccc2[nH]c(=O)[nH]c2c1', 'O=C(CCc1nc2ccccc2[nH]1)CCc1nc2ccccc2[nH]1', 'O=c1[nH]cc(-c2cccc(OC(F)(F)F)c2)c(=O)[nH]1', 'Cc1ccc(-c2cc(C(=O)N(C)Cc3cc(C4CC4)[nH]n3)[nH]n2)s1', 'Cc1[nH]ncc1CCCNC(=O)c1c[nH]nc1-c1ccccc1F', 'Cc1cc(C(=O)N(C)CCCCN(C)C(=O)c2cc(C)n[nH]2)[nH]n1', 'CCCCc1nc(-c2cc(-c3c(C)n[nH]c3C)nc(N)c2C#N)c[nH]1', 'c1coc(-c2nc(CSc3nc4ccccc4[nH]3)n[nH]2)c1']"
5405,1e-04,0.0,0.0,[]
5406,1e-04,1.0,0.0,['Nc1c(-n2nnc3ccccc32)ccc2scnc12']
5407,0.0006,0.3806901,0.8456300497055054,"['COc1ccc2c(=O)cc(C(=O)NCCO)oc2c1', 'COc1ccc2c(=O)cc(C(=O)N3CCC(C(N)=O)CC3)oc2c1', 'Cc1cccc2c(=O)c(C(=O)N3CCOC(C(F)(F)F)C3)c[nH]c12', 'COc1cccc2cc(C(=O)Nc3ccc4c(C)cc(=O)[nH]c4c3)oc12', 'Cc1ccc2c(CC(=O)Oc3ccc4c(c3)CCC(=O)N4)coc2c1', 'COc1cccc2c(=O)c(C(=O)Nc3ccccc3C#N)cn(C)c12']"
5408,1e-04,0.0,0.0,[]
5409,1e-04,0.0,0.0,[]
5410,0.0114,0.4354492,0.5915847420692444,"['Cc1ccc2nc(CNc3cccc(F)c3)cc(=O)n2c1', 'Cc1ccc2ncc(C(=O)N3CCc4ccccc43)n2c1', 'Cc1ccc2ncc(CN3CCN(c4cccs4)CC3)n2c1', 'Cc1ccc2ncc(C(=O)N3CCCN(C(N)=O)CC3)n2c1', 'Cc1ccc2ncc(C(=O)NCCc3ccc4c(c3)OCO4)n2c1', 'Cc1ccc2ncc(C(=O)Nc3ccc(-n4ccnc4)cc3)n2c1', 'Cc1ccc2nc(C)c(C(=O)Nc3ccc(OCC#N)cc3)cc2c1', 'Cc1ccc2ncc(C(=O)NC(C)c3csc(C(C)C)n3)n2c1', 'Cc1ccc2ncc(C(=O)NCc3nc(-c4ccncc4)no3)n2c1', 'c1ccc2nc(Nc3ccc(N4CCOCC4)nc3)cnc2c1']"
5411,1e-04,0.0,0.0,[]
5412,0.1408,0.3742669,0.5430370569229126,"['Cc1ncn(CC(O)c2cc(Cl)ccc2Cl)c(=O)c1C', 'C=CCNc1nc(-c2ccc3c(c2)CCCC(=O)N3)cs1', 'Cn1cnnc1Sc1ccc(NC(=O)Cc2ccc(O)cc2)cc1', 'CN(Cc1ccc(Cl)cc1)C(=O)Cc1ccc(O)cc1', 'Cc1nc2ccc(CCNc3ccccc3)cc2c(=O)[nH]1', 'CCOCCNC(=O)Nc1ccc2c(c1)CCC(=O)N2', 'CC(CN1CCOCC1)NC(=O)c1ccc2c(=O)[nH]c(=O)n(C)c2n1', 'NCC(=O)OCCc1ccc2c(c1)CCCS2(=O)=O', 'CCn1cc(C(=O)NCC(C)(C)NS(C)(=O)=O)cn1', 'COc1ccc(C(=O)C2C3C(=O)C4OCC(O4)C23)cc1']"
5413,0.0007,0.7359807,0.11163152754306793,"['Nc1ccc(NC(=O)C23CC4CC(CC(C4)C2)C3)nc1', 'CC(=O)Nc1cccc(CNC(=O)NC23CC4CC(CC(C4)C2)C3)c1', 'Cc1noc(CNC(=O)C23CC4CC(CC(C4)C2)C3)n1', 'O=C1CN(C(=O)CNC(=O)CC23CC4CC(CC(C4)C2)C3)CCN1', 'Cc1cc(C(=O)OCC(=O)NC23CC4CC(CC(C4)C2)C3)on1', 'O=C(Cn1cnnn1)Nc1ccc(C23CC4CC(CC(C4)C2)C3)cc1', 'COCC(C)NC(=O)NCCC12CC3CC(CC(C3)C1)C2']"
5414,0.0052,0.25400618,0.647397518157959,"['CSc1nc(C)nc(C)c1C(=O)NC(C)CO', 'COc1cc2nc(C)c(C)c(Cl)c2cc1OC', 'CCC(Sc1nc(C)c(C)[nH]1)C(=O)Nc1ccc(O)cc1', 'COc1ccc2c(Br)cc(C)nc2c1', 'Cc1nn(C)c(C)c1Nc1nc2c(s1)c(C)nn2C', 'COC(=O)Cc1cc(C)nc2c(F)c(F)c(F)cc12', 'COc1nc(C)nc(NC2CCCCC2C)c1N', 'CCCCc1c(C)nc(N)nc1N1CCC(NC(C)=O)CC1', 'COCCNc1c(C)c(C)nc2c(-c3ccccc3)c(C)nn12', 'CNc1nc(C)cc(C)c1S(=O)(=O)c1ccccc1C']"
5415,1e-04,0.0,0.0,[]
5416,1e-04,1.0,0.0,['Cc1oc2cc(O)ccc2c(=O)c1Oc1ccccc1']
5417,0.0003,0.35507634,1.2410154342651367,"['CC=CCC(=O)N1CC(F)CC1CNC(=O)CC1CCCC1', 'O=C(NCc1cc(F)ccc1Br)NCC1CCC1', 'O=C(OCC1OC(n2ccc(=O)[nH]c2=O)CC1O)Oc1ccccc1']"
5418,1e-04,0.0,0.0,[]
5419,0.0031,0.40680978,0.6669175624847412,"['CC(=O)N(CCC(=O)NC(C)C1CCCCC1)Cc1ccccc1', 'CC(=O)N(CCc1ccccc1)CC(=O)N(C)CC1CCCCO1', 'CC(=O)N(Cc1cc2ccc(C)cc2[nH]c1=O)c1ccccc1C', 'CC(=O)NC(CC(=O)Nc1c[nH]ccc1=O)c1ccc(Cl)cc1', 'CS(=O)(=O)N(CC(=O)NCc1ccco1)c1cccc(Cl)c1', 'CC(=O)N(CCc1ccccc1)CC(=O)NC1(C)CCOCC1', 'CC(=O)N(Cc1cccnc1)c1nc2c(C)cc(C)cc2s1', 'CC(=O)N(Cc1cccnc1)c1nc2cc3c(cc2s1)OCCO3', 'CS(=O)(=O)N(CC(=O)NCc1ccco1)c1ccc(Cl)cc1', 'CC(=O)NC(CC(=O)Nc1ccc(C)cc1C)c1ccccc1']"
5420,1e-04,0.0,0.0,[]
5421,0.0006,0.530964,0.5986468195915222,"['O=C1C(c2ccccc2)Nc2ccccc2N1CC(O)CO', 'O=C1C(Sc2nc(-c3cccnc3)n[nH]2)CCN1CC(F)(F)F', 'O=C1N(c2cccnc2)CCC12CCCN(c1ncc(F)cn1)C2', 'O=C1N(Cc2cccnc2)CC2CN(Cc3ccccn3)CCN12', 'CC1CC(N2CCN(c3cccc(C(F)(F)F)c3)CC2)C(=O)O1', 'O=C1NC(c2ccco2)c2c(-c3ccccc3)n[nH]c21']"
5422,0.0015,0.22812434,1.2153364419937134,"['Cn1cc(CNC(=O)Cc2ccc(S(=O)(=O)C(F)F)cc2)cn1', 'COc1ccc(NC(=O)CN(C)S(=O)(=O)C(F)F)cc1Cl', 'CN(Cc1ccccc1)C(=O)CCNC(=O)CC(F)(F)F', 'Cc1cc(C)cc(NC(=O)C(C)S(=O)(=O)c2ccccc2F)c1', 'O=C(c1cscn1)N1CCC(O)(C(F)(F)F)C1', 'COC(=O)Nc1ccc(NC(=O)C(C)C)cc1F', 'O=C(Nc1cnn(-c2ccccc2F)c1)C1CC=CC1', 'COC(=O)C(NC(=O)c1ccccc1)c1nnc(C(F)(F)F)o1', 'CC(NS(=O)(=O)c1ccccc1C(F)(F)F)C(=O)N1CCC1', 'Cc1ccc(NC(=O)c2cn(-c3ccc(C(F)(F)F)cn3)nn2)nc1']"
5423,1e-04,0.0,0.0,[]
5424,1e-04,0.0,0.0,[]
5425,0.0217,0.58998936,0.3525567650794983,"['CC1CCC(COC(=O)CN2CCOCC2)C(C)C1', 'CC1CC(C)CN(C(=O)COc2ncnc3sccc23)C1', 'CC1CC(C)CN(C(=O)COc2ccccc2N)C1', 'CC1CCC(Nc2ccccc2Cn2cncn2)C1', 'CC1CCCC(NC(=O)N(C)Cc2ccccn2)C1C', 'CC1CCCC(NC(=O)CSc2nnc(-c3ccco3)n2N)C1C', 'CC1CCCC(NS(=O)(=O)c2ccccc2)C1C', 'CC1CCc2nc(NC(=O)C3CCCO3)sc2C1', 'CC1CC(C)CN(C(=O)CSc2nc(C(C)C)n[nH]2)C1', 'CC1CCC(CO)(Nc2ncc(Cl)cc2Cl)CC1']"
5426,1e-04,0.0,0.0,[]
5427,1e-04,0.0,0.0,[]
5428,0.0002,0.5,0.0,"['C#CCN1CCN(Cc2ccc(F)c(F)c2)CC1', 'C#CCN1CCN(Cc2cc(C#N)ccc2F)CC1']"
5429,0.0113,0.33546677,0.7691676616668701,"['C=CCNC(=O)c1ccc(NC(=O)NCC2(O)CCCCCC2)cc1', 'Cc1ccnc(N(C)CC2(CO)CCOCC2)n1', 'Cc1csc(=O)n1CC(=O)OCC(=O)NC1(C#N)CCCCC1', 'CC1CN(C(=O)C2(C#N)CCCCCC2)CCCO1', 'Cc1csc(N2CCN(C(=O)C3(C#N)CCCCC3)CC2)n1', 'CCNC(=O)c1cccnc1N(C)CCC1(O)CCCC1', 'COCCN1CCN(C(=O)C2(CC(C)C)CCCC2)CC1=O', 'O=C(Cc1ccc(F)cc1)NCC1(CO)CCC1', 'COc1ccc(F)cc1NC(=O)C1(C#N)CCCCC1', 'CNC(=O)c1ccc(NC(=O)C2(C#N)CCCCC2)cc1']"
5430,1e-04,0.0,0.0,[]
5431,0.0007,0.22084136,1.4450454711914062,"['Cc1nccc(CN2CC3CC(C2)c2cccc(=O)n2C3)n1', 'O=C(NCCC1=CCCCC1)C1CSc2nccc(=O)n2C1', 'Cc1nc(CC(=O)N2CCC3(CC2)c2ccccc2CC3O)cs1', 'COc1cc2c(cc1OC)-c1cc3ccccc3c(=O)n1CC2', 'O=C(C1CC1)N1CCC2(C1)c1ccccc1S(=O)(=O)N2CC1CC1', 'Cc1cccc(CCC(=O)NC2CCc3nnc(C)n3C2)c1', 'COc1ccccc1C(=O)NC1CC2C(=O)NC(C(C)O)C(=O)N2C1']"
5432,1e-04,0.0,0.0,[]
5433,1e-04,0.0,0.0,[]
5434,1e-04,0.0,0.0,[]
5435,1e-04,0.0,0.0,[]
5436,1e-04,0.0,0.0,[]
5437,1e-04,0.0,0.0,[]
5438,1e-04,0.0,0.0,[]
5439,0.045,0.31381708,0.7055724859237671,"['O=C(CSc1nnc(-c2ccco2)o1)Nc1ccc(F)cc1F', 'O=C(COc1ccc(Cl)cc1)Nc1ccccc1N1CCOCC1', 'O=C(CSc1ccc(-c2ccncc2)nn1)Nc1ccccc1F', 'O=C(CCn1nnnc1-c1ccccn1)Nc1cccc(F)c1', 'O=C(CNS(=O)(=O)c1ccccc1)Nc1cccc(F)c1', 'O=C(CCn1c(=O)sc2ccccc21)Nc1cccc(F)c1', 'O=C(CCNC(=O)c1cccs1)Nc1cc(F)ccc1F', 'O=C(CCOc1ccccc1)Nc1ccccc1F', 'O=C(CCc1cccs1)Nc1ccc(F)c(F)c1F', 'O=C(Nc1ccc(F)cc1)Nc1ccc(NC(=O)C2CC2)cc1']"
5440,0.0013,0.41182536,0.7321429252624512,"['CCOC(=O)C1=C(C)N(C)C(=O)NC1c1cccc(OC)c1OC', 'COC(=O)C1=C(C)NC(=O)NC1c1cccc(C)c1', 'COC(=O)C1=C(C)NC(=O)NC1c1ccsc1', 'CCOC(=O)C1=C(C)N(CCOC)C(=O)NC1c1cccc(F)c1', 'CCOC(=O)C1=C(CC)N(CC)C(=O)NC1c1ccccn1', 'CCCCOC(=O)C1=C(C)Nc2ncnn2C1c1ccc(OC)cc1', 'CCCCOC(=O)C1=C(C)Nc2ncnn2C1c1cccc(F)c1', 'COC(=O)C1=C(C)N(C2CC2)C(=O)NC1c1ccc(F)cc1F', 'NC(=O)CN1c2ccccc2C(=O)NC1c1cccc(Cl)c1', 'COCCN1C(=O)c2ccccc2NC1c1ccccc1OC(C)C']"
5441,0.001,0.43968534,0.5269993543624878,"['Cn1ccnc1NCc1ccc(Cl)c(Cl)c1', 'Cn1cnnc1Cc1cccc(Br)c1', 'Cn1c(SCCCC#N)nnc1-c1ccncc1', 'Cn1cnnc1Cc1ccc(Br)cc1', 'Cn1ccn(-c2cc(O)c(Cl)cc2Cl)c1=O', 'Cn1ncc(C(=O)N2CCCCCC2)c1-n1cccc1', 'CCn1ccc2c(Br)c(N)ccc2c1=O', 'Cn1ccnc1Sc1ncc(C(F)(F)F)cc1Cl', 'Cn1cc(SCc2cccc(Br)c2)cn1', 'Cn1ncc(C(=O)Nc2ccccc2F)c1-n1cccc1']"
5442,1e-04,0.0,0.0,[]
5443,0.0019,0.4724097,0.6348640322685242,"['CCC(C)C(NC(=O)COc1ccc2ccccc2c1)C(N)=O', 'CCC(C)C(NC(N)=O)C(=O)NCc1cccc(F)c1', 'CCC(C)C(NS(=O)(=O)c1cccc(Br)c1)C(N)=O', 'CCC(C)C(Nc1nc(C)cc(C2CCC2)n1)C(N)=O', 'CCC(C)C(NS(=O)(=O)c1cccc2cc(C)cnc12)C(N)=O', 'CC(C)CC(NC(=O)N1CCCC1)C(=O)N(C)Cc1ccccc1', 'CC(C)CC(NC(=O)C(C)NC(=O)c1ccco1)c1ccccc1', 'CC(C)CC(NC(=O)CC(C)(C)C)C(=O)N1CCc2ncccc2C1', 'CC(C)CC(NC(=O)C1CC=CCC1)C(=O)OC(C)C', 'CC(C)CC(NC(=O)C1COCCO1)c1cccs1']"
5444,1e-04,1.0,0.0,['O=C1NC2=C(C(=O)N(CCO)C2)C(c2ccc3c(c2)OCO3)N1']
5445,1e-04,0.0,0.0,[]
5446,0.0037,0.24749036,0.8903909921646118,"['CC(C)(C)Nc1ncnc(NCc2cccnc2)c1N', 'CCC(CO)Nc1ncnc2cc(OC)c(OC)cc12', 'COCC(C)Nc1ncnc2c1cnn2-c1ccc(C)cc1', 'CCC(C)Nc1ncnc(N2CCOCC2)c1N', 'COc1ccccc1Nc1ncnc(Nc2ccc(C)cn2)c1N', 'CCC(C)C(Nc1nc(C)cc(C2CCC2)n1)C(N)=O', 'CCOCCCNc1ncnc2c1nc1n2CCCC1', 'Cn1ccnc1Sc1ncc(C(F)(F)F)cc1Cl', 'CC(C)(O)CSc1nnc(NCc2ccco2)s1', 'CC1CCCCN1c1nc(C(F)(F)F)cc(=O)[nH]1']"
5447,1e-04,0.0,0.0,[]
5448,1e-04,0.0,0.0,[]
5449,1e-04,0.0,0.0,[]
5450,0.0048,0.18439533,1.140539526939392,"['Cc1nc(C(N)c2cncc(Br)c2)sc1C', 'Cc1csc(C(N)c2ccc(Br)cc2)n1', 'Cc1ccc(C(N)c2cc(C(C)C)n[nH]c2=O)cc1C', 'COc1ccccc1C(N)c1nc(-c2cccs2)cs1', 'CCOC(=O)C(N)c1nc2ccc(Cl)cc2o1', 'CCn1nc2c(c(C(N)c3cccs3)c1=O)CCCC2', 'N#CCc1nnc(C(N)c2c(F)cccc2F)o1', 'Cc1ccc(C(N)C(=O)NCc2cccc(C)c2)cc1', 'CCCn1cc(C(O)Cc2ccccc2Br)cn1', 'Cc1cccc(C(N)C(=O)NCc2ccc[nH]2)c1F']"
5451,1e-04,1.0,0.0,['C=CCNc1nc(-c2ccc3c(c2)CCCC(=O)N3)cs1']
5452,0.6887,0.21528593,0.728428840637207,"['O=c1c2ccccc2nnn1CSc1nnnn1C1CCCC1', 'Cc1nc2sc(=Cc3cccc(Cl)c3Cl)c(=O)n2n1', 'Cc1nc2sc(=Cc3ccc(Br)cc3)c(=O)n2n1', 'CCCc1cc(=O)[nH]c2nnc(SC(C)C(=O)OCC)n12', 'CCc1ccc(NC(=O)CSc2nnc(-c3ccco3)n2N)cc1', 'CCCCc1nnc2sc(NC(=O)COc3ccc(C)cc3)nn12', 'CCc1cccc(CC)c1NC(=O)CSc1nnc(C2CC2)n1N', 'Cc1nnc(SCC(=O)Nc2ccc3c(c2)OCCO3)n1N', 'COc1ccc(OC(=O)CSc2nnc(-c3ccco3)n2C)cc1', 'Clc1ccc(-c2nnc(CSc3nnc4ccccn34)o2)cc1']"
5453,1e-04,0.0,0.0,[]
5454,1e-04,0.0,0.0,[]
5455,1e-04,0.0,0.0,[]
5456,1e-04,0.0,0.0,[]
5457,1e-04,0.0,0.0,[]
5458,0.0033,0.26079085,0.916560709476471,"['CCC1Oc2ccc(C)cc2N(CCC(=O)N2CCNCC2)C1=O', 'CCC1Oc2ccc(C)cc2N(CC(=O)NCCCOC)C1=O', 'CC(=O)NC1Cc2ccccc2N(C(=O)OC(C)(C)C)C1', 'O=S1(=O)c2ccccc2C(O)C(Cc2cccnc2)N1CCO', 'CC1Oc2ccccc2N(CC(=O)Nc2nc(C3CC3)cs2)C1=O', 'CCC1Oc2cccc(N)c2N(Cc2ccc(F)cc2)C1=O', 'CCC1(CC)Oc2ccc(C(C)=O)cc2N(CCCC#N)C1=O', 'CCC1Oc2ccc(N)nc2N(CC(C)C#N)C1=O', 'CCC1Nc2cc(Br)ccc2N(COC)C1=O', 'CN(C)S(=O)(=O)N1CCC2OCCC2(COc2cccnc2)C1']"
5459,1e-04,0.0,0.0,[]
5460,1e-04,1.0,0.0,['COc1cc2c(cc1OC)-c1cc3ccccc3c(=O)n1CC2']
5461,1e-04,0.0,0.0,[]
5462,0.012,0.53541464,0.3907450735569,"['Cc1c(CNC(C)c2cnc3ccsc3c2)cnn1C', 'Cc1c(CNc2nccc(C(F)(F)F)n2)cnn1C', 'Nc1c(NCc2ccccc2Cl)ncnc1Nc1cccnc1', 'Nc1c(Nc2cccnc2)ncnc1Nc1nccs1', 'Cc1c(NCc2nc(C3CC3)no2)cccc1C(N)=O', 'Cc1c(CNC(=O)COc2ccc(Cl)cc2Cl)cnn1C', 'Cc1c(OCC(=O)Nc2cccc(C(F)(F)F)c2)c(=O)ccn1C', 'Nc1c(Nc2cccc3cccnc23)ncnc1N1CCCC1', 'Cc1c(C(=O)Nc2cccc3cccnc23)nc2cc(Cl)ccn12', 'Nc1c(NCCN2CCOCC2)c2ccccc2oc1=O']"
5463,0.0197,0.29841045,0.6609060764312744,"['Cc1cc(C)n(-c2nc(N3CCOCC3)nc(N3CCOCC3)n2)n1', 'CCCNC(=O)CCC(=O)Nc1cccc(N2CCCCCC2)c1', 'COC(=O)C(C)Cc1ccc2cc(N3CCCC3)ccc2n1', 'CC(Cc1ccccc1F)C(=O)Nc1ccc(N2CCOCC2)cn1', 'COc1ccccc1OCC(=O)Nc1cc(N2CCCC2)ncn1', 'Cc1noc(CCNC(=O)NC(C)c2cccc(N3CCCC3)c2)n1', 'O=C(Cc1noc2ccccc12)Nc1ccc(N2CCCCC2)cn1', 'CCc1nc(CCNC(=O)Nc2cccc(N3CCCC3)c2)cs1', 'Cc1nc(CNC(=O)c2ccc(N3CCCC3)nc2)c(C)s1', 'COc1ccc(NC(=O)c2cnc(N3CCCCCC3)nc2N)cc1']"
5464,1e-04,0.0,0.0,[]
5465,1e-04,0.0,0.0,[]
5466,1e-04,0.0,0.0,[]
5467,1e-04,0.0,0.0,[]
5468,1e-04,0.0,0.0,[]
5469,1e-04,0.0,0.0,[]
5470,1e-04,0.0,0.0,[]
5471,1e-04,0.0,0.0,[]
5472,1e-04,0.0,0.0,[]
5473,1e-04,0.0,0.0,[]
5474,1e-04,0.0,0.0,[]
5475,1e-04,0.0,0.0,[]
5476,1e-04,0.0,0.0,[]
5477,0.0006,0.5830562,0.4559536278247833,"['CCCCCCNC(=O)C(N)c1cc(C)ccc1C', 'CCCCCCN1CC2(CCN(C(=O)c3cccnc3)CC2)OC1=O', 'CCCCCC(C)NC(=O)Nc1cc(C(F)(F)F)c[nH]c1=O', 'CCCCCCNC(=O)C(N)c1cccc(O)c1', 'CC(=O)Nc1ccc(C)c(S(=O)(=O)Oc2cccc(C)c2C)c1', 'COc1ccccc1N1CC(C(=O)Nc2cccc(C)c2)CC1=O']"
5478,0.1115,0.35700077,0.4368218183517456,"['O=C(COc1ccc(Br)cc1F)c1ccc[nH]1', 'CCc1cnc(CN2CCCC(c3cc(C)n[nH]3)C2)o1', 'CCC(C)n1c(SCC#N)nc2cc(C)[nH]c2c1=O', 'CSc1ccccc1NC(=O)Nc1c(C)n[nH]c1C', 'Cc1cccc2nc(-c3nc(C4CC4)n[nH]3)c(F)n12', 'CC(=O)N1CCCc2cc(-c3cc(N)[nH]n3)ccc21', 'CCCn1c(SCCOc2ccc(F)cc2)n[nH]c1=O', 'Cc1cccc(C(N)C(=O)NCc2ccc[nH]2)c1F', 'COc1ccc(OC)c(-n2c(CCCO)n[nH]c2=O)c1', 'CCCC(NC(=O)c1cc(C(C)=O)c[nH]1)c1ccccc1']"
5479,1e-04,1.0,0.0,['COc1ccc2c3c(ccc2c1)CCNC3c1cnoc1C']
5480,1e-04,0.0,0.0,[]
5481,1e-04,0.0,0.0,[]
5482,0.0186,0.23739645,0.755855917930603,"['COc1ccccc1C(=O)Cc1cccc(F)c1F', 'COc1ccc(OC)c(C(=O)Cc2cccnc2)c1', 'COc1ccc(C(=O)c2ccc(C3OCCO3)s2)cc1', 'COCCC(=O)c1cc(Cl)c(OC)cc1OC', 'CCC(CC)c1cc(C(=O)C(C#N)c2nc(C)cs2)on1', 'Cc1cc(C(=O)Cn2cncn2)c(C)n1CCC(C)C', 'COc1ccc(Cl)cc1C(=O)CCC(=O)N1CCOCC1', 'CCOc1ccc(C(=O)CSc2nc(C)c(C)o2)cc1', 'COc1ccc(C(=O)C2CCCN2C(=O)c2ccco2)cc1', 'CCc1ccc(C(=O)CSc2nnc(C3CC3)n2C)cc1']"
5483,1e-04,0.0,0.0,[]
5484,1e-04,0.0,0.0,[]
5485,0.0025,0.3210717,0.7979356646537781,"['Cn1cc(S(=O)(=O)N2CCCCC2CCc2ccccc2)cn1', 'Cn1cc(S(=O)(=O)NCc2cccc(NC(=O)C3CCC3)c2)cn1', 'Cn1nc(C(=O)NCCCn2cccn2)cc1NC(=O)c1ccco1', 'Cn1nc(C(=O)Nc2nccs2)cc1NC(=O)c1ccccc1', 'Cn1cc(S(=O)(=O)NCC(=O)NCC2CCOC2)cn1', 'CC(C)n1cc(S(=O)(=O)NCC(C)(C)c2ccncc2)cn1', 'CCOC(=O)c1nn(CC2CC2)c2c1CN(Cc1ccc(C)o1)CC2', 'Cn1cc(S(=O)(=O)NCCCN2CCCCCC2=O)cn1', 'Cn1nc(C(=O)N2CCc3cc(F)ccc3C2)ccc1=O', 'Cn1cc(S(=O)(=O)Nc2cnn(C(C)(C)C)c2)cn1']"
5486,0.008,0.3605941,0.6664673089981079,"['Cc1nnsc1-c1nn2c(C(C)C)nnc2s1', 'Cc1nnsc1NC(=O)OCc1ccc(Cl)cc1Cl', 'CCc1nnsc1C(=O)NC1CCCc2occc21', 'CCc1nnsc1C(=O)N1CCN(c2nccc(OC)n2)CC1', 'CCc1nnsc1C(=O)NC1CCN(C(=O)C(C)(C)C)CC1', 'CCCc1nnsc1C(=O)N1CCc2ncncc2C1', 'O=C(c1snnc1-c1ccccc1)N1CCCCC1', 'Cc1nnsc1CN(C)C(=O)CN1CCOC1=O', 'CCc1nnsc1C(=O)NCC(C)N1CCc2ccccc21', 'Cc1nnsc1C(=O)N1CCC(CNC(=O)CC(C)(C)C)CC1']"
5487,1e-04,0.0,0.0,[]
5488,1e-04,0.0,0.0,[]
5489,1e-04,1.0,0.0,['Cc1ncc2c(N3CCCCCC3)nc3ccccc3n12']
5490,0.0004,0.36070043,1.0042592287063599,"['COc1ccccc1OC(=O)C1Cc2ccccc2S1', 'CCCCN1C(=O)C(C)S(=O)c2ccc(N)cc21', 'Cc1ccccc1CN1C(=O)C(N)Sc2ccccc21', 'O=C(CN1C(=O)COc2ccc(Cl)cc21)Nc1cccnc1']"
5491,1e-04,0.0,0.0,[]
5492,0.0115,0.19502975,1.0629003047943115,"['Cc1ccc(-c2nc3cc4c(cc3n2CCO)OCO4)cc1N', 'N#Cc1cc(F)cc(C2NCCc3cc4c(cc32)OCC4)c1', 'N#Cc1cccc(Nc2nc3cc4c(cc3[nH]2)OCO4)c1', 'c1ccc(C2NCCc3ccc4c(c32)OCCO4)nc1', 'c1nc(C2NCCc3ccc4c(c32)OCCO4)n[nH]1', 'c1ncc(C2NCCc3ccc4c(c32)OCO4)cn1', 'Cc1ccc(OCC2Cn3c(nc4c3c(=O)n(C)c(=O)n4C)O2)cc1', 'Cc1ccc2c(CC(=O)Oc3ccc4c(c3)CCC(=O)N4)coc2c1', 'Cc1ccc(-c2noc(C3CC34CCCCC4)n2)nn1', 'CC1CCc2sc(C(=O)NCc3cn4c(n3)SCC4)cc2C1']"
5493,1e-04,0.0,0.0,[]
5494,0.6794,0.2999013,0.6201977729797363,"['Cc1ccc(C(C)NC(=O)NCCCN2CC(C)OC(C)C2)o1', 'CN1CCOC(CNCc2ccccc2N2CCOCC2)C1', 'COc1ccc(CNC(=O)NC(C)c2ccc(C)c(F)c2)cc1OC', 'COCc1ccccc1NC(=O)NCCc1c(F)cccc1F', 'CCOCc1ccccc1CNC(=O)NCc1ccc(C)cc1', 'CCn1cc(CN(Cc2cccnc2)Cc2ccccc2F)c(C)n1', 'CC(C)(CNC(=O)NCCCC1CCCC1)N1CCOCC1', 'Cc1cccc(CCNC(=O)NCC(O)c2c(F)cccc2F)c1', 'CNC(=O)c1cccc(CCNC(=O)NCCc2ccc(C)cc2)c1', 'COc1ccccc1C(C)N(C)CC(O)c1c(F)cccc1F']"
5495,1e-04,0.0,0.0,[]
5496,0.0118,0.27293283,0.7846731543540955,"['CCN(C(=O)Cn1cc(Br)ccc1=O)C1CC1', 'CCN(C(=O)c1cc(Br)ccc1O)C1CC1', 'CC(NC(=O)NCC(=O)NCc1ccccc1)C1CC1', 'CCCCN(C(=O)c1ccc(OC)c(Br)c1)C1CC1', 'O=C(Nc1cc(Br)ccc1N1CCOCC1)C1CC1', 'CCC(C)NC(=O)CCN(C(=O)c1ccoc1)C1CC1', 'CCn1ncnc1C(NC(=O)c1oc2ccc(C)cc2c1C)C1CC1', 'COc1ccccc1CN(C(=O)CCc1nc(C)no1)C1CC1', 'O=C(c1n[nH]c2ccccc12)N(CC1CC=CO1)C1CC1', 'CC(=O)NC(C)(C(=O)N1CCCC(n2nc(C)cc2C)C1)C1CC1']"
5497,1e-04,0.0,0.0,[]
5498,1e-04,0.0,0.0,[]
5499,0.0007,0.27886736,1.0702983140945435,"['CN(CCC#N)C(=O)c1ccc2c(c1)S(=O)(=O)N(C1CC1)C2=O', 'CCOC(=O)c1sc(C)c2c1NC(C)N(Cc1ccccc1)C2=O', 'CCS(=O)(=O)N1CCC2(CC1)CN(c1cccc(F)c1)C2=O', 'CCOc1ccc(NC(=O)c2cccc3c2C(=O)N(CC)C3)cc1', 'COc1nc2c(cc1CNC(=O)C1CC1)C(=O)N(C1CCCC1)C2', 'COc1cc(NC(=O)Nc2ccc3c(c2)CC(=O)N3C)cc(OC)c1', 'CNc1ncc2c(n1)CN(CCc1ccc3c(c1)OCO3)C2=O']"
5500,1e-04,0.0,0.0,[]
5501,1e-04,0.0,0.0,[]
5502,1e-04,0.0,0.0,[]
5503,1e-04,0.0,0.0,[]
5504,1e-04,0.0,0.0,[]
5505,1e-04,0.0,0.0,[]
5506,1e-04,0.0,0.0,[]
5507,1e-04,0.0,0.0,[]
5508,1e-04,0.0,0.0,[]
5509,0.003,0.34587824,0.5554336309432983,"['CC1Cc2cc(F)ccc2C(C)N1Cc1cccc(C(=O)N(C)C)c1', 'CC1Cc2ccccc2N1C(=O)C1Cc2ccccc2C(=O)O1', 'COC1CCCC(OC(=O)CC2c3ccccc3CCN2C(C)=O)C1', 'CC1Cc2nc(N)nn2CC1c1ccccc1Cl', 'CC(C)NC(=O)C1Cc2cc(C(F)(F)F)ccc2N2CCCC12', 'CCC(=O)N1c2ccc(C(=O)C3CCCCN3)cc2CC1C', 'COc1ccc(C(C)=O)cc1CN1Cc2ccccc2CC1C(N)=O', 'CC1(C)c2cc(N)ccc2CN(C2CCCCC2)S1(=O)=O', 'O=C1Nc2cc(O)ccc2OC1Cc1ccccc1C(F)(F)F', 'O=S1(=O)c2ccc(O)cc2CC1c1ccccc1']"
5510,1e-04,0.0,0.0,[]
5511,1e-04,0.0,0.0,[]
5512,1e-04,0.0,0.0,[]
5513,0.0185,0.30203494,0.566694974899292,"['NC(=O)C(Cc1ccccc1)Nc1ncc(Br)cn1', 'O=C(CNCc1ccc(Cl)cc1)NCc1ccccc1F', 'O=C(NCC(O)c1ccccc1)c1ccccc1-n1cnnn1', 'O=S(=O)(Cc1ccccc1)N1CCCC1c1cccs1', 'O=C(NC(CO)c1ccccc1)c1cc(Br)c[nH]1', 'CC(=O)N(CCc1ccccc1)CC(=O)NC1(C)CCOCC1', 'O=C(CN1CCc2ccccc21)N1CCN(Cc2cscn2)CC1', 'CCC(C)N(Cc1ccccc1)C(=O)C1CCOCC1', 'O=C(NC(CO)c1ccccc1)c1ccc(F)c(F)c1F', 'O=C(CC1CCc2ccccc21)N1CCC2(CCCO2)CC1']"
5514,1e-04,0.0,0.0,[]
5515,1e-04,0.0,0.0,[]
5516,0.0016,0.3190921,0.6872745752334595,"['Cc1oc2cc(O)ccc2c(=O)c1Oc1ccccc1', 'CC(C)(C)OC(=O)N1CCc2[nH]c3ccc(Cl)cc3c(=O)c2C1', 'Cc1cc(Cc2nc3sc(C)c(C)c3c(=O)[nH]2)no1', 'O=c1[nH]c2scc(-c3ccco3)c2c(=O)n1CCCO', 'Cc1cc(C)c2[nH]c(CNC3CCCNC3=O)cc(=O)c2c1', 'CCOc1ccc2[nH]cc(C(=O)c3cccc(OC)c3)c(=O)c2c1', 'N#Cc1c[nH]c2ccc(OCc3ccccc3)cc2c1=O', 'CCCNc1nc2nc3ccc(C)cn3c(=O)c2cc1C(=O)NC', 'Nc1ccc2oc(C(=O)N3CCc4ccccc43)cc(=O)c2c1', 'Cc1oc2c(C(=O)OCCN3CCOCC3)cccc2c(=O)c1C']"
5517,1e-04,0.0,0.0,[]
5518,0.0198,0.63227636,0.22954793274402618,"['CN(CCOc1ccccc1F)c1cccnc1C#N', 'CN(CCc1cccs1)C(=O)c1cccc(N)c1', 'CN(Cc1ccncc1)c1ncc(Br)cc1N', 'CN(CCOc1ccccc1F)C(=O)c1ccc[nH]1', 'CN(CCCOc1ccccc1)C(=O)c1scnc1C1CC1', 'CN(CCOc1ccccc1)C(=O)Nc1ccccc1F', 'CN(Cc1cscn1)C(=O)c1ccc(Br)c(N)c1', 'CN(CCN1CCCC1=O)C(=O)c1ccc(Br)cc1O', 'CN(Cc1cscn1)C(=O)c1c(O)cc(F)cc1F', 'CN(CCc1ccccn1)C(=O)CNc1c(Cl)cccc1C#N']"
5519,0.0248,0.38756886,0.5944234728813171,"['COc1ccccc1NCCOc1cccc(N)c1', 'COc1ccccc1CCNC(=O)Nc1c(F)cccc1F', 'COc1ccccc1CCNC(=O)Nc1ccc(F)cc1', 'CCOc1ccccc1OCCOc1cccc(C#N)c1', 'COc1ccc(N)cc1CS(=O)(=O)c1cccs1', 'COc1ccccc1CNC(=O)Cc1ccc(F)cc1F', 'CCOc1ccccc1CNc1cn[nH]c(=O)c1Cl', 'COc1ccc(F)cc1NCCN1CCOCC1', 'COc1ccccc1CC(=O)NCc1ccc(Cl)cc1', 'COc1ccc(F)cc1C(C#N)CN1CCOCC1']"
5520,1e-04,0.0,0.0,[]
5521,1e-04,0.0,0.0,[]
5522,0.0007,0.5019976,0.5745184421539307,"['C=CCOCC12CCCOC1CCN(C(=O)c1ccco1)C2', 'OC(CC(O)(C(F)(F)F)C(F)(F)F)c1cccs1', 'O=C(CCCOCC1CCOCC1)c1ccccc1', 'COCCCC1(CO)CCCN(C(=O)CC2CCCC2)C1', 'CCOC(=O)C1(NC(=O)C2CC=CC2)CCCCC1', 'CC(OCC1CCCO1)C(=O)NCCC1=CCCCC1', 'CCOc1ccc(C(=O)OCC2CCCCO2)cc1']"
5523,1e-04,0.0,0.0,[]
5524,1e-04,0.0,0.0,[]
5525,1e-04,1.0,0.0,['C=CCOC1C=CC=CC1C(c1c(O)n[nH]c1C)c1c(O)n[nH]c1C']
5526,0.0004,0.40057382,0.7578505873680115,"['CN1C(=O)C2(N=C(N)NC(N3CCc4ccccc43)=N2)c2ccccc21', 'Cc1ccc2c(c1)NC(=O)C(C)(C(=O)Nc1cc(C)nn1C(C)C)O2', 'Cc1cc(C)c(CNC(=O)c2cc(C3CC3)nn2C(C)(C)C)c(=O)[nH]1', 'Cc1cccc(N2CC(C(=O)Nc3ccc(CC#N)cc3)CC2=O)c1']"
5527,1e-04,0.0,0.0,[]
5528,0.1312,0.38013527,0.4475567638874054,"['O=C1NCCNC1c1ncccc1Br', 'C=CCOC(=O)N1CCC23C=CC(O)CC2Oc2c(O)ccc(c23)C1', 'Nc1cccnc1Sc1nnnn1C1CCCC1', 'CCCc1c(C)nc2ncnn2c1Sc1ccc(NC(C)=O)cc1', 'COc1cc(OC)c2nc3n(c(=O)c2c1)CCCCC3', 'COC(=O)C1Cc2ncn(C)c2CN1C(=O)c1ccccc1', 'CC(=O)OCCCn1c(C)nc2cc(Cl)ccc21', 'CC1COCCN1Cc1ncc(-c2ccccc2)o1', 'O=c1c2ccccc2nnn1CSc1nncs1', 'CC(=O)N1CCn2c(nnc2C2CCN(c3ncccn3)CC2)C1']"
5529,1e-04,0.0,0.0,[]
5530,1e-04,0.0,0.0,[]
5531,1e-04,0.0,0.0,[]
5532,1e-04,1.0,0.0,['OCCN(CCO)c1ccc2ccc(F)cc2n1']
5533,0.0586,0.29524055,0.6383498311042786,"['CC(C)Oc1ccccc1NC(=O)CCOc1cccc(N)c1', 'CCc1nnc(NC(=O)COc2cc(C)ccc2C(C)C)s1', 'CCCCNC(=O)C1CCN(C(=O)COc2cc(C)ccc2C)CC1', 'Cc1nnc(NC(=O)COc2ccc(C)c(C)c2)s1', 'Cc1cc(NC(=O)COc2c(C)ccc(C)c2C)no1', 'CCNC(=O)CNC(=O)NCCOc1c(C)cccc1C', 'CN(CC(=O)NC1CC1)C(=O)COc1cc(Cl)ccc1Cl', 'CC1CCCN(C(=O)COc2ccc(Cl)cc2C(N)=O)C1', 'N#CC1CCN(C(=O)COc2ccc(F)cc2Cl)CC1', 'Cc1nnc(NC(=O)C(C)Oc2ccc(Cl)cc2C)s1']"
5534,1e-04,0.0,0.0,[]
5535,1e-04,0.0,0.0,[]
5536,1e-04,0.0,0.0,[]
5537,1e-04,0.0,0.0,[]
5538,1e-04,0.0,0.0,[]
5539,0.0035,0.2710332,0.9035171270370483,"['Cc1ccc2c(c1)C1OCCC1C(c1ccco1)N2', 'O=C1CCC(C(=O)N2CCCC2c2cccs2)N1', 'O=C1CCC(C(=O)NCCCOCC2CCOC2)N1', 'CCN1CCN(C2=NC(=O)CC(C(=O)Nc3ccccc3)N2)CC1', 'O=C1CCC(C(=O)Nc2cc(Cl)ccc2NCc2ccccc2)N1', 'O=C1CCC(C(=O)Nc2ccn(-c3cccc(C(F)(F)F)c3)n2)N1', 'O=C1CCC(COC(=O)CCNC(=O)c2ccc(F)cc2F)N1', 'O=C1NC2=C(C(=O)N(CCO)C2)C(c2ccc3c(c2)OCO3)N1', 'O=S1(=O)c2ccccc2C(O)C(Cc2cccnc2)N1CCO', 'O=C1c2ccccc2NC(c2cccs2)N1Cc1ccccc1']"
5540,1e-04,0.0,0.0,[]
5541,0.0023,0.25254261,1.0553834438323975,"['COc1ccnc(NC(=O)CCc2c(C)nc3cc(O)nn3c2C)c1', 'CCCCc1c(C)nc2nc(SCc3nccc(N)n3)nn2c1C', 'CCN(CC(F)(F)F)C(=O)Cc1c(C)nc2c(c1C)c(=O)[nH]n2C', 'CCCc1c(C)nc2ncnn2c1Sc1ccc(NC(C)=O)cc1', 'C#CCCOC(=O)Cc1c(C)nc2c(c1C)c(=O)[nH]n2C', 'CCc1c(C)nc2cc(-c3ccoc3C)nn2c1NCCOC', 'C=CCNC(=O)c1cc(C2CC2)nc2c1c(=O)[nH]c(=O)n2CC(C)C', 'Cc1c(Cl)c(NC(=O)c2cc(C3CC3)nc3c2cnn3C)nn1C', 'COC(=O)c1c(C)nc2c(c(SC)nn2-c2ccccc2)c1N', 'CCOC(=O)Cc1c(C)[nH]c2cc(-c3ccc(Cl)cc3)nn2c1=O']"
5542,1e-04,0.0,0.0,[]
5543,1e-04,0.0,0.0,[]
5544,1e-04,0.0,0.0,[]
5545,1e-04,0.0,0.0,[]
5546,0.0028,0.27978444,0.8233165740966797,"['N#Cc1ccc2[nH]nc(-c3ccc(F)cc3F)c2c1', 'Nc1ccc2[nH]nc(-c3ccc(F)c(F)c3F)c2c1', 'CCOC(=O)c1cnc2[nH]cc(-c3cn[nH]c3)c2c1', 'CC(C)C(C(=O)Nc1ccc2[nH]nc(C(N)=O)c2c1)c1ccccc1', 'CCOc1ccc(C(=O)Nc2ccc3[nH]nc(C(N)=O)c3c2)cn1', 'O=C(Cc1cccs1)N1CCc2[nH]nc(-c3ccccc3)c2C1', 'Cc1ccccc1NC(=O)c1c[nH]n(-c2ccc(F)cc2)c1=O', 'c1cncc(-c2n[nH]c(SCc3ncc(-c4cccs4)o3)n2)c1', 'Cc1ccc2[nH]nc(C(=O)N3CCN(c4ncccc4C#N)CC3)c2c1', 'c1cncc(-c2nnc3sc(-c4c[nH]c5ccccc45)nn23)c1']"
5547,0.0051,0.38225517,0.610727071762085,"['CNc1nc(-c2ccc(OC)cc2)c(C(C)=O)s1', 'CCOCCNC(=O)Nc1ccc(C(C)=O)cc1', 'COc1ccc(C(C)=O)c(OC(=O)c2ccncc2F)c1', 'CCOc1ccc(C(C)=O)cc1Cn1nnc(-c2cccc(F)c2)n1', 'CCC(CCO)NC(=O)Nc1cccc(C(C)=O)c1', 'CCn1ccnc1COc1ccc(Cl)cc1C(C)=O', 'CCc1ccc(-n2cc(C(C)=O)c(=O)cc2C)cc1', 'COc1ccc(-c2cc(C(C)=O)c(C)s2)c(OC)c1OC', 'COCc1ccsc1C(=O)Nc1ncc(C(C)=O)s1', 'CCn1c(-c2cccc(OC)c2)ccc(C(C)=O)c1=O']"
5548,0.0052,0.5030442,0.49390164017677307,"['CC(COCC(F)(F)F)NC(=O)Nc1nccs1', 'CC(CCc1cccn1C)NC(=O)Cc1cccc(F)c1F', 'CC(Cn1cccn1)Nc1ccc(C(F)(F)F)cn1', 'CC(Cc1cccs1)NC(=O)c1cncc(Br)c1', 'CC(Cc1ccsc1)NC(=O)NCC1CCCO1', 'CC(CN1CCCC1=O)Nc1ncnc2ccsc12', 'CC(Cc1ccccc1F)NC(=O)Cn1ccccc1=O', 'CC(CC1CCOCC1)Nc1ccc(NC(=O)C2CC2)nc1', 'CC(Cn1cccn1)NC(=O)c1cccc(C#N)c1', 'CC(Cn1ccnc1)NC(=O)c1cc2c(s1)CCCC2']"
5549,0.0004,0.38231748,0.832940399646759,"['Cc1ccc(C2=CC(=O)N(CC(N)=O)c3ccccc3N2)c(C)c1', 'Cc1cccc(C2=CCN(C(=O)c3c[nH]c4c(cnn4C)c3=O)CC2)c1', 'CCOc1ccc(C2=CCN(C(=O)c3ccc[nH]3)CC2)cc1', 'COc1ccc(C2(C(=O)Nc3ccc(Cn4cncn4)cc3)CC2)cc1']"
5550,1e-04,0.0,0.0,[]
5551,1e-04,0.0,0.0,[]
5552,1e-04,0.0,0.0,[]
5553,1e-04,0.0,0.0,[]
5554,1e-04,0.0,0.0,[]
5555,1e-04,0.0,0.0,[]
5556,0.0053,0.34744266,0.771399199962616,"['Cc1ccc(-n2cnnc2SCc2cccnc2)cc1Cl', 'c1ccc(-n2nnnc2N2CCCC(c3nnc4ccccn34)C2)cc1', 'Cc1ccc(-n2nnnc2SCC(=O)NC(C)C(C)C)c(C)c1', 'COc1ccc(-n2nnnc2SCC(=O)NC2CCCCC2)cc1', 'Clc1ccc(-n2nnnc2CSc2ncn[nH]2)cc1', 'Cc1cccc(-n2nnnc2SCC(=O)NC2CC2)c1', 'c1csc(-c2oncc2CSc2nc(C3CC3)n[nH]2)c1', 'Cc1ccc(-c2ocnc2C(=O)Nc2ccc(S(C)=O)cc2)cc1', 'Cc1ccc(-n2nnnc2-c2c[nH]c(=O)nc2-c2cccc(F)c2)cc1', 'Oc1cccc(-n2nnnc2SCc2ccccc2F)c1']"
5557,0.0621,0.23818119,0.7422893047332764,"['Fc1ccc2c(c1F)C(CNCc1ccccc1)NCC2', 'Cc1cccc(CNC(=O)C(N)c2ccc(N)cc2)c1', 'CCOc1ccc(CC(C)NCc2ccncc2)cc1N', 'Cc1ccc(-c2c(C#N)c(N)nc3c2CNCC3)cc1C', 'Cc1ccccc1-c1noc(=O)n1Cc1nc(N)nc(N)n1', 'c1csc(CCN2CN=C(Nc3nc4ccccc4o3)NC2)c1', 'CCOC(=O)c1sc(=NC(=O)CSc2n[nH]c(N)n2)[nH]c1C', 'Fc1cc(Br)cc2c1C(C1CNC1)NCC2', 'CCC(NCC1CCCO1)C(=O)c1ccc2c(c1)CCN2', 'Nc1cc(N2CCC(CO)(CCOc3ccccc3)CC2)nc(N)n1']"
5558,1e-04,0.0,0.0,[]
5559,1e-04,0.0,0.0,[]
5560,1e-04,0.0,0.0,[]
5561,0.0134,0.29743075,0.6781461238861084,"['O=C(NC(CO)CO)c1cc2cccc(Cl)c2o1', 'COc1ccc(OC(=O)c2cc3c(C)nn(C)c3s2)cc1', 'COCCOC(=O)c1cc2c(C)nn(C)c2s1', 'O=C(NCCO)c1cc2ccccc2n1Cc1ccccc1F', 'CCCN(C)C(=O)c1cc2cc(Br)ccc2[nH]1', 'NC(=O)c1ccc(NC(=O)c2cc3ccc(F)cc3s2)cc1', 'CCOC(=O)N1CCN(C(=O)c2cc3ccc(F)cc3n2C)CC1', 'CCNC(=O)CNC(=O)c1cc2occc2n1Cc1ccccc1C', 'COc1ccnc(NC(=O)c2cc3cc(Br)ccc3o2)c1', 'COC(=O)c1cccc(NC(=O)c2cc3cc(F)ccc3[nH]2)c1O']"
5562,0.0206,0.2940695,0.6768103837966919,"['Cc1cc(-c2coc3cccc(Br)c23)no1', 'Cc1nc(CNC(=O)c2cccc(Cl)c2Cl)no1', 'C=CCc1cccc(Cl)c1OCCn1ccnc1', 'N#CCc1nc2ccc(F)c(F)c2n1-c1cccc(N)c1', 'N#Cc1nc2ccc(F)c(F)c2n1-c1ccccc1N', 'N#Cc1ccc(-n2cnc3ccc(F)c(F)c32)cc1', 'CCCC(=O)Nc1cccc(Cl)c1-n1cccn1', 'COc1c(NC(=O)Nc2cccc(Cl)c2N(C)C)c(C)nn1C', 'CCCN(CCO)c1ccc2cccc(Br)c2n1', 'COc1cccc(OC)c1C(=O)N1CCCc2cccc(N)c21']"
5563,1e-04,0.0,0.0,[]
5564,1e-04,0.0,0.0,[]
5565,0.0009,0.37586975,0.866882860660553,"['Cc1ccc(S(=O)CCOc2ccccc2)cc1', 'c1cncc(C(c2cc3ccccc3[nH]2)C2OCCO2)c1', 'c1cnc2c(CN3CCOCC3C3CC3)cccc2c1', 'c1ccc(C2CNc3ccccc3N2Cc2cccnc2)cc1', 'Cc1cccc(OCC(O)CN2CCOCC2C2CC2)c1', 'Fc1cccc2c1CCNC2CCc1ccccc1', 'Oc1ccc(C=CC2NCCc3cc(O)ccc32)cc1', 'c1ccc2c(CNCCN3CCOCC3)cccc2c1', 'Cc1cc(NC(=O)C2CC2c2ccccc2)ccn1']"
5566,1e-04,0.0,0.0,[]
5567,0.0057,0.3568929,0.54443359375,"['O=C(NCC(F)(F)F)C(Cc1ccccc1)n1cnnn1', 'O=C(CNC(=O)NCc1ccc(F)c(Cl)c1)NCC(F)(F)F', 'O=C(NCC(O)c1cccc(C(F)(F)F)c1)Nc1cccc(F)c1', 'O=C(CCCc1cc(F)ccc1F)NCC(F)F', 'O=C(CCc1ccccc1F)OCc1ccccn1', 'O=C(Cc1cccn1-c1ccc(F)cc1)N1CCCC1', 'O=C(NCCCOCc1ccco1)c1c(F)cccc1Cl', 'O=C(NCC(O)c1ccccc1)c1ccccc1-n1cnnn1', 'O=C(Nc1nncs1)c1c(F)cccc1Cl', 'O=C(NCC(O)c1ccccc1F)Nc1ccc(F)c(F)c1']"
5568,1e-04,0.0,0.0,[]
5569,0.0029,0.44897893,0.6930661201477051,"['CCc1cc2c(=O)n(CC(=O)OC(C)(C)C)cnc2s1', 'Cc1cccc2c(=O)n(CCCC(=O)N3CCOCC3)cnc12', 'Cc1cccc2c(=O)n(CC(=O)NCC3CCCC(C)C3)cnc12', 'Cn1ncc2c(=O)n(Cc3ccccc3Br)cnc21', 'Cc1ccc2c(=O)n(CCc3nncn3C)cnc2c1C', 'CCc1cc2c(=O)n(NC(=O)C3CCN(C(C)=O)CC3)cnc2s1', 'Cn1ncc2c(=O)n(Cc3ccc(F)c4cccnc34)cnc21', 'COc1cccc2c(=O)n(CCN3CCOCC3)cnc12', 'Cc1ccc2[nH]c3c(=O)n(CC(=O)Nc4cccnc4)ncc3c2c1', 'Cc1cc2c(=O)n(CC(=O)Nc3ccccc3C(C)C)cnc2s1']"
5570,1e-04,0.0,0.0,[]
5571,1e-04,0.0,0.0,[]
5572,1e-04,0.0,0.0,[]
5573,1e-04,1.0,0.0,['CCc1ccc(Cc2nnc(NC(=O)c3cccs3)o2)cc1']
5574,0.0028,0.32713908,0.7433381080627441,"['O=C(NCCCn1nc2n(c1=O)CCCC2)NC1CCCC1', 'O=C(CSc1nc2c(c(=O)[nH]1)CCCC2)NCCc1ccccc1', 'O=C(Nc1nc2c(s1)CCCC2)c1cc(-n2cccn2)ccn1', 'O=C(NCc1nnc2n1CCC2)C1CC1c1ccco1', 'O=C(NCc1nnc2n1CCC2)NC1(c2ccc(F)cc2)CCCC1', 'O=C(Nc1ccc2c3c(cccc13)CC2)N1CCC(CO)CC1', 'O=C(NCc1nnc2n1CCC2)Nc1ccc(Cn2cccn2)cc1', 'CCC(C(=O)NCc1n[nH]c2c1CCCC2)n1cnc2ccccc21', 'O=C(Nc1nnc2n1CCCS2)c1ccccc1Br', 'CCN(CCNC(=O)Cn1cc2c(n1)CCCC2)c1ccccc1']"
5575,1e-04,0.0,0.0,[]
5576,0.0003,0.44610682,0.699201762676239,"['N#CCCC(C#N)Cn1c(=O)c(C#N)c2n(c1=O)CCCCC2', 'N#CCCC(C#N)Cn1nc(-c2cccs2)oc1=O', 'N#CCCCCS(=O)c1nc2ccc(N)cc2o1']"
5577,1e-04,0.0,0.0,[]
5578,1e-04,0.0,0.0,[]
5579,1e-04,0.0,0.0,[]
5580,1e-04,0.0,0.0,[]
5581,1e-04,0.0,0.0,[]
5582,1e-04,0.0,0.0,[]
5583,1e-04,0.0,0.0,[]
5584,1e-04,0.0,0.0,[]
5585,0.0452,0.46343213,0.46000781655311584,"['O=C(COC(=O)c1ccc(F)cc1F)NCc1ccco1', 'O=C(CCNC(=O)c1ccccc1Cl)NCc1ccco1', 'O=C(COC(=O)c1c(F)cccc1F)NCc1ccco1', 'O=C(COc1c(Cl)cccc1Cl)NCc1ccco1', 'O=C(COC(=O)c1ccsc1)NCc1ccccc1F', 'O=C(CNC(=O)c1ccncc1)NCc1ccccn1', 'O=C(CNC(=O)c1ccc(Cl)cc1Cl)NCC(=O)NC1CC1', 'O=C(CN1CCCCCC1=O)NCc1cccnc1', 'O=C(CCNC(=O)c1ccc(F)cc1Cl)NCc1cscn1', 'O=C(CNCc1ccc(Cl)cc1)NCc1ccccc1F']"
5586,1e-04,0.0,0.0,[]
5587,1e-04,0.0,0.0,[]
5588,1e-04,0.0,0.0,[]
5589,0.1763,0.44094583,0.40252968668937683,"['Cc1nc(Nc2ccc(C(N)=O)cc2)c2c3c(sc2n1)CCCC3', 'Cc1cc(N)cc2c(CC(=O)N3CCCCC3C)noc12', 'Cc1cc(-c2ccc3ccccc3n2)cn2nc(N)nc12', 'COc1ccccc1OCCNC(=O)c1cnn2nc(C)[nH]c12', 'COCC(c1ccccn1)N(C)c1ncnc2oc(C)nc12', 'COc1ccc(Cl)cc1-c1nc(-c2ccc3nncn3c2)no1', 'Cc1nc(Nc2ccc3c(c2)OCO3)c2c(C)noc2n1', 'O=C1CC(C(=O)Nc2ccccc2)NC(N2CCCCC2)=N1', 'CC1CCCC(C)N1S(=O)(=O)c1cccc2nonc12', 'Cc1ccccc1CN1CC2CC(C(=O)N(C)C)C(C1)O2']"
5590,1e-04,1.0,0.0,['O=C1CCC(=O)c2oc3ccc(Br)cc3c2N1']
5591,1e-04,0.0,0.0,[]
5592,1e-04,0.0,0.0,[]
5593,1e-04,0.0,0.0,[]
5594,1e-04,0.0,0.0,[]
5595,0.0079,0.30860457,0.6249090433120728,"['COCCCNC(=O)CN(C)C(=O)c1cn[nH]c1', 'Cc1n[nH]c(C)c1NC(=O)Cn1cc(CCO)nn1', 'COC(=O)c1ccccc1NC(=O)Cn1cnc(N)n1', 'CC(C)c1nnc(NC(=O)NCCCc2n[nH]c(=O)[nH]2)s1', 'CCCc1[nH]nc(C(=O)N(CCCO)C(C)C)c1N', 'COC(=O)CC1C(=O)NCCN1S(=O)(=O)c1cn[nH]c1', 'CC(C)CN(CC(C)C)C(=O)CS(=O)(=O)c1nncn1C', 'CCCCS(=O)(=O)c1nsc(C(=O)NCC)c1N', 'CNC(=O)Cn1cc(NC(=O)CN(C)S(C)(=O)=O)cn1', 'COC(=O)c1sc(NC(=O)CSc2nnnn2C)nc1C']"
5596,1e-04,0.0,0.0,[]
5597,1e-04,0.0,0.0,[]
5598,1e-04,0.0,0.0,[]
5599,1e-04,0.0,0.0,[]
5600,0.0007,0.47931936,0.6727902889251709,"['c1c[nH]c(-c2nccn2-c2ccc3ncsc3c2)n1', 'COc1ccc(-n2cnc3c2N=C(O)CC3c2cccc(F)c2)cc1', 'Nc1c(-c2nnc3n2CCCCC3)nnn1-c1ccc(Cl)cc1', 'c1cncc(-c2nnc3sc(-c4c[nH]c5ccccc45)nn23)c1', 'c1cc(-c2n[nH]cc2-c2ccc3nccn3c2)ccn1', 'c1ccc(-c2nc3cccnc3nc2-c2ccccn2)nc1', 'c1ccc(Cn2cc3c(n2)C(CNCc2ccncc2)OCC3)nc1']"
5601,0.0187,0.43093795,0.5899879932403564,"['O=C(Cc1csc(-c2cccs2)n1)Nc1ccc2nccn2c1', 'O=C(CCc1nnc(-c2ccsc2)o1)Oc1ccc2cn[nH]c2c1', 'O=C(CCc1nc(-c2cccs2)no1)NCc1ccc(F)cc1', 'O=C(Cc1csc(-n2cccc2)n1)N1CCn2c1nc1ccccc12', 'O=C(NCc1coc(-c2cccs2)n1)Nc1ccccc1', 'O=C(Cc1nc(-c2cccc(F)c2)no1)NCc1ccccc1Cl', 'O=C(Cc1coc(-c2ccccc2)n1)NCc1nnc2ccccn12', 'O=C(Nc1nnc(-c2ccsc2)o1)c1cnc2ccccc2n1', 'O=C(c1cc(-c2ccco2)n[nH]1)N1CCC(Oc2ccccn2)CC1', 'O=C(NCc1nc(-c2cccs2)no1)c1cccnc1']"
5602,1e-04,0.0,0.0,[]
5603,1e-04,0.0,0.0,[]
5604,1e-04,1.0,0.0,['COc1ccccc1NCCOc1cccc(N)c1']
5605,1e-04,0.0,0.0,[]
5606,0.0116,0.3043476,0.6355636119842529,"['CCn1c(SCc2ccc(C(=O)OC)o2)nnc1C1CC1', 'CCn1cc(CN2CCN(c3ccc(C(=O)OC)cc3)CC2C)cn1', 'C#CCN1CCN(CCOc2ccc(C(=O)OC)cc2Cl)CC1', 'Cc1cc(Br)c2ncc(C(N)=O)cc2c1', 'COc1ccc(C(=O)OCc2ccc(C(N)=O)cc2)c(F)c1', 'CC(NC(=O)c1ccc(C(N)=O)cc1)c1cccc(C(F)(F)F)c1', 'Cc1ccc(-c2cnn3cc(C(N)=O)cnc23)cc1', 'Cc1ccc(C(N)=O)cc1NCCN1CCCc2ccccc21', 'CN(CCCc1ccccc1)S(=O)(=O)c1cc(C(N)=O)n(C)c1', 'CCNC(=O)Cn1ccc(NC(=O)c2cccc(C(=O)OC)c2)n1']"
5607,1e-04,0.0,0.0,[]
5608,1e-04,0.0,0.0,[]
5609,1e-04,0.0,0.0,[]
5610,0.0009,0.21424688,1.3168351650238037,"['COc1ccc(Br)cc1CC(O)CC(F)(F)F', 'COc1ncc(C(F)(F)F)cc1Br', 'CCN(CC(=O)c1sccc1Br)CC(F)(F)F', 'CCN(C(=O)c1cc(N)c(F)cc1Br)C1CCCC1', 'O=C(NCC1CC1)c1ccc(F)cc1Br', 'Cc1ccc(OCCCCO)c(Br)c1', 'Cc1oncc1C(=O)Nc1ccc(Br)cc1F', 'O=C(NCc1ccoc1)c1ccc(F)cc1Br', 'CC(C#N)CN(C)C(=O)c1ccc(Br)cc1F']"
5611,1e-04,0.0,0.0,[]
5612,0.0026,0.33516997,0.8810887932777405,"['N#Cc1ccccc1CSc1n[nH]c(=O)n1CC1CCCO1', 'O=C1OCCC1Sc1n[nH]c(=O)n1CCc1ccccc1', 'CC(C)(C)NC(=O)CSc1n[nH]c(=O)n1Cc1ccccc1', 'CN(C)C(C(=O)NCCc1n[nH]c(=O)n1C)c1ccc(F)cc1', 'CC1CCC(N(C(=O)CSc2n[nH]c(=O)n2C)C2CC2)CC1', 'CCCNC(=O)CSc1n[nH]c(=O)n1CCC', 'COc1ccc(-c2noc(=O)n2CC(C)C)cc1OC', 'CCCN1CNc2c(c(=O)[nH]c(=O)n2Cc2ccccc2)C1', 'Cc1ccccc1-c1noc(=O)n1Cc1nc(N)nc(N)n1', 'Cc1ccc(-n2nnnc2-c2c[nH]c(=O)nc2-c2cccc(F)c2)cc1']"
5613,0.001,0.51292694,0.39156636595726013,"['CCOC(=O)C1=C(Cn2nnc3ccccc3c2=O)NC(=O)NC1', 'CCOC(=O)C1=C(CNC(C)c2cccc(F)c2)NC(=O)NC1', 'CCOC(=O)C1=C(CNC(C)c2ccc(Cl)cc2)NC(=O)NC1', 'COC(=O)C1=C(C)N(C2CC2)C(=O)NC1c1ccc(F)cc1F', 'CCCC1=C(C(=O)OCC)C(c2ccccc2OC)NC(=O)N1', 'CCOC(=O)C1=C(C)N(C)C(=O)NC1c1cccc(OC)c1OC', 'CCOC(=O)C1=C(C)N(CCOC)C(=O)NC1c1cccc(F)c1', 'CCOC(=O)C1=C(CC)N(CC)C(=O)NC1c1ccccn1', 'CCOC(=O)C1=C(CN2CCc3sccc3C2)NC(=O)NC1', 'COC(=O)C1=C(C)NC(=O)NC1c1cccc(C)c1']"
5614,1e-04,0.0,0.0,[]
5615,1e-04,0.0,0.0,[]
5616,1e-04,0.0,0.0,[]
5617,0.0015,0.44124037,0.7996619343757629,"['O=C(NC1=CC2N=CC=C2C=C1)c1cc(-n2cccc2)ccc1Cl', 'OCCc1cn(C2CCN(C3N=CN=C4N=CN=C43)CC2)nn1', 'O=C(NC1=CC2N=CC=C2C=C1)c1csc(NCC2CCCO2)n1', 'O=C(CCn1ccc2ccc(F)cc21)NC1=CC2N=CC=C2C=C1', 'O=C(NCCC1=C2C=CC(F)C=C2N=C1)c1ccc2[nH]nnc2c1', 'CCCOc1ccc2cc(C(=O)C3=NC=CC3)oc2c1', 'O=C(COc1cccc2c1CCC2=O)C1=NC=CC1', 'C=CCOC1C=CC=CC1C(c1c(O)n[nH]c1C)c1c(O)n[nH]c1C', 'CC(=O)NC1=NC(=O)C2=NCN(COCCO)C2=N1', 'CCn1c(SCC(=O)C2=NC=CC2)nnc1-c1ccc(Cl)cc1']"
5618,1e-04,1.0,0.0,['OCc1cnn2cccc(CN3CCN(c4ccccc4)CC3)c12']
5619,1e-04,0.0,0.0,[]
5620,0.0012,0.6129136,0.36456093192100525,"['C=CCNC(=O)C1CCCN1C1=NS(=O)(=O)c2ccccc21', 'CCCNC(=O)c1ccc(NC2=NS(=O)(=O)c3ccccc32)cc1', 'NS(=O)(=O)c1ccc(NC2=NS(=O)(=O)c3ccccc32)cc1', 'O=C(CNC1=NS(=O)(=O)c2ccccc21)NCC1CCCC1', 'COCCCNC1=NS(=O)(=O)c2ccccc21', 'Cc1ccc(=NS(=O)(=O)C2CS(=O)(=O)c3ccccc32)[nH]c1', 'CC(NC1=NS(=O)(=O)c2ccccc21)C(=O)N1CCOCC1', 'CCOC1CC(NC2=NS(=O)(=O)c3ccccc32)C12CCC2', 'CC1CCCCC1NC1=NS(=O)(=O)c2ccccc2N1', 'CC1=NS(=O)(=O)c2cccnc2N1c1ccc(Cl)cc1']"
5621,0.0298,0.38129756,0.5465419292449951,"['CC(NC(=O)c1ccccc1Cl)C(O)Cc1ccccc1', 'CCCN(C)C(=O)c1cc(-c2ccccc2Cl)[nH]n1', 'Nc1c(NCc2ccccc2Cl)ncnc1Nc1cccnc1', 'O=C(Cc1ccccc1F)Nc1ccn(-c2ncccc2Cl)n1', 'CN(C)S(=O)(=O)N1CCN(CCOc2ccccc2Cl)CC1', 'CCN(Cc1ccccc1Cl)C(=O)C1CCCN1C(=O)C1CC1', 'CCc1nnc(C2CCN(C(=O)c3ccccc3Cl)CC2)s1', 'CNC(=O)c1c(-c2ccc(Cl)cc2Cl)cnnc1N', 'O=C(Cc1c(F)cccc1Cl)NC1CCSc2ccccc21', 'O=C(Cn1nc(-c2ccccc2Cl)ccc1=O)NCc1ccco1']"
5622,1e-04,1.0,0.0,['CC(C)(C)OC(=O)N1CCC2(CC1)Nc1cc(F)ccc1NC2=O']
5623,1e-04,0.0,0.0,[]
5624,0.0004,0.39929044,0.787111759185791,"['CCCCSc1nc(N)cc(N2CCC3(CN(C)C(=O)O3)C2)n1', 'Cc1ccc(C(=O)N2CCC3CC(c4nccs4)OC3C2)cn1', 'Fc1ccc(N2CCN(CC3COC4(CCCC4)O3)CC2)cc1', 'CCCCCCN1CC2(CCN(C(=O)c3cccnc3)CC2)OC1=O']"
5625,1e-04,0.0,0.0,[]
5626,0.0011,0.52448565,0.6532476544380188,"['O=c1c(=CC=Cc2ccccc2)sc2nc(-c3ccncc3)nn12', 'Cc1nc2ccc(CCNc3ccccc3)cc2c(=O)[nH]1', 'O=C(Nc1ccc(Oc2ccccc2)cc1)C1CCOC1', 'O=C(CNc1ccc(Oc2ccccc2)cc1)N1CCOCC1', 'O=C1CCC(C(=O)Nc2cc(Cl)ccc2NCc2ccccc2)N1', 'COc1ccc(C)cc1C(O)CCNc1ccc(C(C)=O)cc1', 'CCc1ccc(-c2noc(CNc3cccc(NC(C)=O)c3)n2)cc1', 'COc1ccc(CC(C)CNC(=O)c2c(C)nn3cccnc23)cc1', 'Nc1ccc(S(=O)(=O)Nc2cccc3ccccc23)cc1', 'CC(C)OCCC(=O)N1CCC(Nc2ccccc2)C1']"
5627,1e-04,0.0,0.0,[]
5628,0.1445,0.4488139,0.45721086859703064,"['CC1CCc2c(sc3ncnc(NCc4nccs4)c23)C1', 'CNC(=O)COC(=O)c1c2c(nc3ccccc13)CCCCC2', 'CSc1n[nH]c2ncnc(NCCn3cc(Cl)cn3)c12', 'Cc1ccnn2c(C(=O)c3ccccc3F)nnc12', 'O=C(CCNC(=O)N1CCn2c1nc1ccccc12)NC1CC1', 'Cc1sc2ncnc(N3CCCC3Cn3cncn3)c2c1C', 'COc1cc(C)c(CN2CCOC(c3cnn(C)c3)C2)cc1OC', 'Cc1ccc(NC(=O)Nc2cccn3nc(C)nc23)cc1', 'Cc1csc2cc(C(=O)NCc3ccco3)cnc12', 'O=C(Oc1ccc2c(-c3ccccc3)noc2c1)N1CCOCC1']"
5629,1e-04,0.0,0.0,[]
5630,1e-04,0.0,0.0,[]
5631,0.0002,0.5,0.0,"['Brc1ccc2c(c1)CCCN2Cc1noc(C2CC2)n1', 'O=C(Nc1nn(Cc2ccc(F)cc2)cc1Br)C1CC1']"
5632,1e-04,0.0,0.0,[]
5633,1e-04,1.0,0.0,['Cc1ccc(C2=CC(=O)N(CC(N)=O)c3ccccc3N2)c(C)c1']
5634,0.0005,0.50221384,0.40999865531921387,"['CCC1C(=O)NCCN1C(=O)C1CCCN(C(=O)C2CC2)C1', 'CC1(C)C(=O)NCCN1C(=O)Nc1ccccc1F', 'CC1(C)C(=O)OCCN1C(=O)c1ccccc1Cl', 'CCC1C(=O)NCCN1C(=O)C(C)CC1CCCC1', 'CC(C)C1C(=O)NCCN1C(=O)c1ccc2cc[nH]c2c1']"
5635,1e-04,0.0,0.0,[]
5636,1e-04,0.0,0.0,[]
5637,1e-04,0.0,0.0,[]
5638,1e-04,0.0,0.0,[]
5639,0.0309,0.30934447,0.7654403448104858,"['CN(C)c1c(Cl)cccc1NC(=O)NCC1CCCO1', 'O=C(COc1c(Cl)cccc1Cl)NCc1ccco1', 'CC(=O)NC(C)C(=O)NCCc1c(Cl)cccc1Cl', 'Cc1cccc(CCNC(=O)NCC(O)c2c(F)cccc2F)c1', 'COCc1ccccc1NC(=O)NCCc1c(F)cccc1F', 'O=C(Cc1c(F)cccc1Cl)NC1CCSc2ccccc21', 'CC(=O)c1c(F)cccc1SCc1ccco1', 'O=C(NCCCOCc1ccco1)c1c(F)cccc1Cl', 'O=C(NCCC(=O)N1CCCC1)NCCc1c(F)cccc1F', 'Cc1cccc(NC(=O)c2c(Cl)cccc2Cl)n1']"
5640,1e-04,0.0,0.0,[]
5641,0.0031,0.2788961,0.8937770128250122,"['O=C1Cn2ncnc2-c2cc(Br)ccc2N1', 'O=C1CCC(C(=O)NCCCOCC2CCOC2)N1', 'O=C1CCC(=O)c2oc3ccc(Br)cc3c2N1', 'O=C1CC(NC(=O)Nc2ccccc2Cl)CN1', 'O=C1CCc2cc(Cl)cc(C(O)Cc3cccs3)c2N1', 'CCOC(=O)C1CC2CN(C(=O)OCC)CC2N1', 'COC(=O)CC1=CC(=O)N(CC(N)=O)c2ccccc2N1', 'O=C1CCC(C(=O)N2CCCC2c2cccs2)N1', 'O=C1CC(c2ccsc2)c2cnn(Cc3ccccc3Cl)c2N1', 'O=C1CC(c2cccs2)c2cnn(C3CCCC3)c2N1']"
5642,0.0224,0.29074308,0.7792384624481201,"['CCc1onc(C)c1NC(=O)NC(CC)c1c(C)nn(C)c1C', 'Cc1ccccc1C(C(=O)N(C)Cc1c(C)nn(C)c1C)N(C)C', 'COCC1CCCN1C(=O)CCc1c(C)nn(C)c1C', 'CSc1cccc(NC(=O)c2cc(-c3c(C)nn(C)c3C)n[nH]2)c1', 'CCC(=O)N1CCN(Cc2c(CC)nn(C)c2CC)CC1', 'COc1cc(F)c(C(C)NC(=O)Cc2c(C)nn(C)c2C)cc1OC', 'CCC(NC(=O)Cc1c(C)nn(C)c1C)c1cccs1', 'CC(=O)NCc1ccc(C(=O)Oc2c(C)nn(C)c2C)cc1', 'COc1ccc2c(C)nc(N(C)Cc3c(C)noc3C)nc2c1', 'CCN(CC(=O)Nc1c(C)nn(C)c1C)c1cc(C)ccc1C']"
5643,0.0036,0.4110409,0.6954830884933472,"['CCCNc1ccc(C(=O)N(C)C2CCCC2)nn1', 'CCNc1ccc(S(=O)(=O)N(CC)CC(C)C)cn1', 'CCNc1nc(-c2sc(CC)nc2C2CC2)cs1', 'CCNc1cncc(S(=O)(=O)NCc2ccco2)c1', 'CCNc1ncc(-c2cn(CCOC(C)C)nn2)cn1', 'CCNc1cncc(S(=O)(=O)N2CCCCC2CCO)c1', 'CCNc1cccc(C(=O)NCc2ccc(C)s2)n1', 'CCNc1nc(-c2nnc3scc(C)n23)cs1', 'CCCNc1nnc(SCC(=O)c2ccccc2F)s1', 'CCNc1nc(SCCn2cccn2)nc2ccccc12']"
5644,0.0073,0.37639755,0.8071343302726746,"['Nn1c(COc2ccc(F)cc2)nnc1SCCn1cccn1', 'Cn1c(SCC(=O)Nc2ccc(Cl)cc2)nnc1-c1ccco1', 'Cn1c(SCCCC#N)nnc1-c1ccncc1', 'CCn1c(SCc2nccn2C)nnc1-c1ccco1', 'Nn1c(SCc2nc3ccccc3[nH]2)nnc1-c1ccc(F)cc1', 'Nn1c(CCc2ccccc2)nnc1SCC(=O)NC1CCCC1', 'Cn1c(SCC(=O)Nc2ccc(F)cc2Cl)nnc1C1CC1', 'Cn1c(CNc2ccccc2OC(F)F)nnc1-c1ccccc1', 'CCn1c(SCC(=O)NC2CC2)nnc1C1CCCC1', 'Cn1c(SCC(=O)NC2(c3ccccc3)CCC2)nnc1C1CC1']"
5645,1e-04,0.0,0.0,[]
5646,1e-04,1.0,0.0,['O=C1NC2=C(C(=O)N(CCO)C2)C(c2ccc3c(c2)OCO3)N1']
5647,1e-04,1.0,0.0,['Cc1nn2c(NC(=O)Nc3ccccc3)csc2nc1=O']
5648,1e-04,0.0,0.0,[]
5649,1e-04,0.0,0.0,[]
5650,1e-04,0.0,0.0,[]
5651,1e-04,0.0,0.0,[]
5652,0.0745,0.5055776,0.3772450089454651,"['COCCOC(=O)c1cc2c(C)nn(C)c2s1', 'CCCOc1ccc(-c2csc(CC)n2)cc1N', 'COc1ccc(-c2nc3sc(C)cn3c2CC#N)cc1', 'COC(=O)C(O)(c1cc(C)c2cccnc2c1O)C(F)(F)F', 'COCCC(=O)NCCc1cn(C)c2ncccc12', 'COc1ccccc1-c1csc(C(C)CCO)n1', 'CNCC1NCCc2cc(Cl)c(OC)c(OC)c21', 'NC(=O)C1(NCc2csc(Cc3ccccc3)n2)CCCCC1', 'CNC(=O)c1c(-c2cc(C)c(OC)c(C)c2)cnnc1N', 'CCCOc1ccc(-c2csc(C(C)=O)n2)cc1']"
5653,1e-04,0.0,0.0,[]
5654,1e-04,1.0,0.0,['CCN1CC23CN(C(=O)c4ccccc4)CC(CC2S1(=O)=O)O3']
5655,0.0002,0.5,0.0,"['CCn1nc(-c2ccc3c(c2)CCCC3)cc(C(C)=O)c1=O', 'CCC(=O)Nc1nc(-c2ccc(CCC(C)NC(C)=O)cc2)cs1']"
5656,1e-04,0.0,0.0,[]
5657,1e-04,0.0,0.0,[]
5658,0.0641,0.49692672,0.3415032923221588,"['Nc1ncc(Br)c(Cl)c1Br', 'Cc1ncc(CNc2ccc(Br)cc2N)s1', 'Cc1nc2sc(=Cc3cccc(Cl)c3Cl)c(=O)n2n1', 'Cc1ncc(-c2ccc(NC(=O)C3CCC3)cc2)o1', 'Cc1nc(C)n(CC2CCCCN2C2CCOC2=O)n1', 'Nc1ncnc(Nc2cccc(Br)c2)c1N', 'Cc1nccc(-c2ccc(Br)cc2)c1C#N', 'Cc1nc(CSc2nncn2-c2ccccc2)cs1', 'Cc1ncc(Cl)c(C(=O)OCCOc2ccccc2)n1', 'Cc1ncsc1C(=O)NCc1ccccc1Cl']"
5659,0.0002,0.5,0.0,"['CC(=O)N1CCCC(=O)c2ccc3c(c21)OC(C)C3', 'CC1c2ccc3c(c2CN2CCc4cc5c(cc4C12)OCO5)OCO3']"
5660,0.0145,0.71626925,0.3003150224685669,"['CC(C)(C)OC(=O)Nc1nccc(Cl)c1Cl', 'CC(C)(C)OC(=O)N1CCC(O)(c2ccccn2)CC1', 'CC(C)(C)OC(=O)NCC(=O)Nc1cccnc1', 'CC(C)(C)CC1NCCc2c(F)cc(F)c(F)c21', 'CC(C)(C)OC(=O)N1CCCC(C(=O)NCc2ccccc2)C1', 'CC(C)(C)OC(=O)N1CCC2Nc3sccc3C2C1', 'CC(C)(C)OC(=O)N1CCCC(CSc2ncccn2)C1', 'CC(C)(C)OC(=O)NC1CCC(=O)c2ccccc21', 'CC(C)(C)OC(=O)N1CCCC(N2CCOCC2)C1', 'CC(C)(C)OC(=O)N1CCCC1COC(F)(F)F']"
5661,1e-04,1.0,0.0,['Cc1nc2c(c(=O)[nH]1)CN(C(=O)c1ccc3nc(C)c(C)nc3c1)C2']
5662,0.0285,0.2861766,0.6979144215583801,"['Cc1cccc(NC(=O)CCNC(=O)C2CCOC2)n1', 'Cc1cccc(NC(=O)c2c(Cl)cccc2Cl)n1', 'Cc1nccc(CNC(=O)Nc2cc(Cl)ccc2Cl)n1', 'Cc1cccc(NC(=O)CNC(=O)c2ccccc2C)n1', 'Cc1cccc(NC(=O)C2CCN(C(=O)c3ccccc3C)CC2)n1', 'Cc1cccc(C(=O)Nc2ccccc2C(=O)N2CCOCC2)n1', 'Cc1cccc(CNS(=O)(=O)c2cccc(Cl)c2F)n1', 'Cc1cccc(C(=O)N=c2sc3ccccc3n2C)n1', 'Cc1cccc(NC(=O)CCn2ccc3ccc(F)cc32)n1', 'Cc1cccc(C(=O)N2CCCC2c2ccncc2)n1']"
5663,0.018,0.37334138,0.6048260927200317,"['CCC(C)NC(=O)COc1cccc2ccccc12', 'COC(=O)CCNC(=O)CSc1ccnc2ccccc12', 'Cc1ccccc1CNC(=O)c1ccnc2ccccc12', 'NC(=O)CCCNC(=O)c1cccc2ncccc12', 'O=C(Nc1ncccn1)Nc1cccc2ccccc12', 'CCn1nccc1C(=O)Nc1cccc2ccccc12', 'CCCS(=O)(=O)NCc1cccc2cccnc12', 'CN(C)C(=O)CCOc1ccc(N)c2cccnc12', 'CCOC(C)C(=O)Nc1cc(C)cc2cccnc12', 'COCCC(=O)NCCc1cn(C)c2ncccc12']"
5664,1e-04,0.0,0.0,[]
5665,0.0005,0.51484966,0.46541741490364075,"['CN(C(=O)c1ccco1)c1nc2c(s1)CCc1c-2cnn1C', 'COc1ccccc1CNC(=O)c1ccc2c(c1)nc1n2CCC(C)C1', 'O=C(COc1ccccc1)Nc1ccc2c(c1)nc1n2CCOC1', 'CCOCCCNc1ncnc2c1nc1n2CCCC1', 'O=C(NC1CC1)c1ccc2c(c1)nc1n2CCCC1']"
5666,0.0043,0.2821647,0.9347211122512817,"['CC(=O)N1CCc2cc(S(=O)(=O)NCCc3cnccn3)ccc21', 'CC(=O)N1CCc2cc(C(=O)C(C)Sc3ncccn3)ccc21', 'CC(=O)N1CCc2ccc(NC(=O)CC(C)(C)C)cc21', 'CC(=O)N1CCCc2cc(NC(=O)c3ccccc3F)ccc21', 'CNC(=O)N1CCc2ccc(C(=O)Nc3ccccc3)cc21', 'CC(=O)N1CCc2cc(Nc3ncnc4sccc34)ccc21', 'CC(=O)N1CCCc2cc(NS(=O)(=O)c3cccc(F)c3)ccc21', 'CC(=O)N1CCCc2cc(-c3cc(N)[nH]n3)ccc21', 'CC(C)C(=O)N1CCc2ccc(NC(=O)c3ccco3)cc2C1', 'CC(=O)N1CC(C)(C)c2cc(S(=O)(=O)NCc3ccco3)ccc21']"
5667,0.0017,0.17148936,1.2663849592208862,"['NS(=O)(=O)c1ccc(NC2=NS(=O)(=O)c3ccccc32)cc1', 'CCN(CC1CC1)C(=O)Nc1cc2c(cc1SC)OCCO2', 'CC(=O)Nc1ccc(OC(=O)c2cccc(NS(C)(=O)=O)c2)cc1', 'COC(=O)C1=C(C)N(c2ccc(S(N)(=O)=O)cc2)C(=O)C1', 'CS(=O)(=O)Nc1ccccc1C(=O)OCc1ccc(C(N)=O)cc1', 'CC(=O)Nc1ccc(C)c(S(=O)(=O)Oc2cccc(C)c2C)c1', 'CS(=O)(=O)c1cccc(C(=O)Oc2ccc(C#N)cc2Cl)c1', 'NC(=O)c1ccc(NS(=O)(=O)c2ccc(N)cc2)cc1', 'CC(=O)c1ccccc1-c1ccc(S(C)(=O)=O)cc1', 'O=S1(=O)c2ccccc2-c2cc3cc(F)c(F)cc3cc21']"
5668,0.0003,0.5717402,0.2348029911518097,"['CC1=NS(=O)(=O)c2cccnc2N1c1ccc(Cl)cc1', 'CC1=NC(CN(C)c2nncc(-c3cccc4ccccc34)n2)N=C1', 'Cc1n[nH]c(C2CN(C(=O)CC3CCCO3)CCO2)n1']"
5669,1e-04,0.0,0.0,[]
5670,1e-04,0.0,0.0,[]
5671,1e-04,0.0,0.0,[]
5672,0.0281,0.30056047,0.5694157481193542,"['NC(=O)c1cccnc1Sc1ccc(Br)cc1', 'Cn1cnnc1Sc1ccc(Br)cc1N', 'Cc1ccc(C)c(Sc2ncccc2C(N)=O)c1', 'Cc1cc(=O)[nH]c(Sc2nc(C)cc(=O)[nH]2)n1', 'Cc1nnc(Sc2ccc(C(N)=O)cc2N)n1N', 'CCc1nnc(Sc2ccc(N)cc2OC)n1N', 'CC(Sc1ccncc1N)C(=O)NC(C)(C)C', 'C=CCNC(=O)Nc1ccc(Sc2nc(C)cs2)cc1', 'Cn1ccnc1Sc1ncc(C(F)(F)F)cc1Cl', 'CC(CO)NC(=O)c1cccnc1Sc1ccccc1']"
5673,1e-04,0.0,0.0,[]
5674,1e-04,0.0,0.0,[]
5675,0.0002,0.5,0.0,"['CC(c1ccccc1)N(CC1CCC1)C(=O)Cn1ccc(=O)[nH]c1=O', 'CCNC(=O)CN(CC)C(=O)C(C)NC(=O)c1ccccc1Cl']"
5676,1e-04,1.0,0.0,['CCCN1CCn2c(nc3cc(NC(=O)c4cccnc4)ccc32)C1']
5677,0.0012,0.4674883,0.6488789319992065,"['COC(=O)c1sc2nc(-c3cnccn3)[nH]c(=O)c2c1C', 'C=CCOC(=O)c1sc2nc(-c3ncccn3)[nH]c(=O)c2c1C', 'C=CCOC(=O)c1sc2nc(-c3ccco3)[nH]c(=O)c2c1C', 'CCN(CC1CC1)C(=O)c1sc2nc(COC)nc(OC)c2c1C', 'CCCOC(=O)c1sc2nc(COC)nc(OC)c2c1C', 'C=CCNC(=O)c1sc2nc(C(F)(F)F)cc(C)c2c1N', 'COC(=O)c1sc2nc(C(F)(F)F)c(C#N)cc2c1N', 'NC(=O)c1sc2nc(C(F)(F)F)cc(-c3ccco3)c2c1N', 'C#CCNC(=O)c1sc2nc(C(F)(F)F)ccc2c1C', 'CCOC(=O)c1noc2ncnc(Nc3cccc(C)c3C)c12']"
5678,1e-04,1.0,0.0,['COc1ccc(C(=O)C2C3C(=O)C4OCC(O4)C23)cc1']
5679,1e-04,0.0,0.0,[]
5680,1e-04,0.0,0.0,[]
5681,1e-04,0.0,0.0,[]
5682,1e-04,0.0,0.0,[]
5683,1e-04,0.0,0.0,[]
5684,1e-04,0.0,0.0,[]
5685,0.2741,0.3559679,0.4936211407184601,"['c1nc2ccc(-c3noc(-c4cn(CC5CCCO5)nn4)n3)cc2[nH]1', 'N#Cc1cnn2cc(-c3cc(NC4CCCC4)nc4[nH]ccc34)cnc12', 'Cc1cc2nc(N3CCn4nc(C)nc4C3)c3ccccc3n2n1', 'Cc1ccc(OCC2Cn3c(nc4c3c(=O)n(C)c(=O)n4C)O2)cc1', 'c1ccc(C2(CNc3nn4c(nc5ccccc54)[nH]3)CC2)cc1', 'c1ccc2c(CCNc3nn4nnnc4c4ccccc34)c[nH]c2c1', 'Cc1ccc2cccc(NC(=O)c3cccc4c3OCCO4)c2n1', 'Cn1ccc(C(=O)N2CCC3(CCOCC3COCC3CC3)CC2)n1', 'N#Cc1ccc(-c2noc(C3CC3c3cccc4ccccc34)n2)nc1', 'Cc1cc(C)n2nc(Cc3nc(-c4cc5ccccc5o4)no3)nc2n1']"
5686,1e-04,1.0,0.0,['C=CCN1C(=O)C2(NC(=O)c3c(C)cccc3N2)c2ccccc21']
5687,1e-04,0.0,0.0,[]
5688,1e-04,0.0,0.0,[]
5689,1e-04,0.0,0.0,[]
5690,1e-04,0.0,0.0,[]
5691,0.0007,0.44123724,0.5634822845458984,"['Cc1cccc(NC(=O)C2CC2(Cl)Cl)c1C(=O)N1CCCC1', 'COCCN1CCN(C(=O)C2(C)CC2(Cl)Cl)CC1=O', 'CNC(=O)CN1CCN(C(=O)C2(C)CC2(Cl)Cl)CC1', 'O=C(Nc1ccccn1)C12CC3CC(CC(Cl)(C3)C1)C2', 'CCC(C)N(C)C(=O)c1cc(Cl)c(OCC(N)=O)c(OC)c1', 'CCCS(=O)(=O)NC1CCN(C(=O)C2CC2(Cl)Cl)CC1', 'Cc1cc(C)n(CC(=O)N(C)C(C)c2ccc(Cl)cc2)n1']"
5692,1e-04,0.0,0.0,[]
5693,0.0002,0.5,0.0,"['Cc1ccc(N2C(=O)Cn3c2nc2c3c(=O)n(C)c(=O)n2C)cc1F', 'Cc1ccc(OCC2Cn3c(nc4c3c(=O)n(C)c(=O)n4C)O2)cc1']"
5694,0.0011,0.4242507,0.6740895509719849,"['Cc1nccn1Cc1cccc(CNC(=O)C2CC3CCC2O3)c1', 'COc1ccc(Cl)cc1-c1cc(NC(=O)C2CC3CCC2O3)[nH]n1', 'Cc1ccc2nc(C)cc(C(=O)N3CCC4(CC3)OCCO4)c2c1', 'O=C(c1cc(CCc2ccccc2)no1)N1CC2CCC1C2', 'O=C(c1cnn(-c2ccc(Cl)cc2Cl)c1)N1CC2CCC1C2', 'Cc1cc(N)n(CC(=O)N2CCC3(CCCN(CC4CC4)C3=O)C2)n1', 'Cc1cccc(N2CCN(C(=O)C3CC4CCC3O4)CC2)c1', 'CC(C)NC(=O)CN1CCN(C(=O)CC2CC3CCC2C3)CC1', 'O=C(Nc1ccccc1)NC1CCN(C(=O)C2CC3CCC2C3)CC1', 'CN(C)C(=O)COc1cccc(NCc2nnc(C3CCC3)o2)c1']"
5695,0.0004,0.44880238,0.8570124506950378,"['Nc1nonc1-c1noc(C(Cl)(Cl)Cl)n1', 'O=C(CCN1CCc2onc(-c3cccc(F)c3)c2C1)NC1CC1', 'COc1cccc(-c2nnc(SCC(=O)Nc3ccccc3)o2)c1', 'O=C(COCc1ccccc1)NCc1ccc(-n2ccnc2)cc1']"
5696,0.0003,0.5261386,0.37772682309150696,"['C=C(C)CN(CC)C(=O)C1=NC=C(S(=O)(=O)N(C)C)C1', 'CC(=O)NC1=NC(=O)C2=NCN(COCCO)C2=N1', 'CCOC(=O)C1=C(C)C(S(=O)(=O)NC2CCCCCC2)C(C)=N1']"
5697,1e-04,0.0,0.0,[]
5698,0.2424,0.2448721,0.6053118109703064,"['O=C(C=c1[nH]c(=O)c(=Cc2cccnc2)s1)c1ccco1', 'O=c1c(=CC=Cc2ccccc2)sc2nc(-c3ccncc3)nn12', 'CN(C(=O)c1cccs1)C(C#N)c1ccccc1Cl', 'N#CCCC(C#N)Cn1c(=O)c(C#N)c2n(c1=O)CCCCC2', 'CC(C)C(NC(N)=O)C(=O)NCC1Cc2ccccc2O1', 'CCCn1c(SCC(=O)N(CC)C2CCCCC2)n[nH]c1=O', 'CCC(C)C(=O)N=c1[nH]c2ccc(S(C)(=O)=O)cc2s1', 'CC(Cn1cccn1)NC(=O)c1cccc(C#N)c1', 'N#CCC1(COC(=O)C2CC2c2ccc(F)cc2)CC1', 'OCC1CN(c2ccc(F)cc2)C(c2cccc(O)c2)O1']"
5699,1e-04,0.0,0.0,[]
5700,0.0021,0.42850322,0.5617451071739197,"['Cc1ccc2c(c1)C(O)(CC(=O)c1cccs1)C(=O)N2', 'CCc1ccc2c(c1)C(O)(CC(=O)c1ccccn1)C(=O)N2', 'CCCC(O)c1cc(CC)c2c(c1)C(CC)C(=O)N2', 'CCNc1nc2c(s1)C(c1ccc(F)c(F)c1)CC(=O)N2', 'CC(=O)c1cnoc1-c1ccc2c(c1)C(C)(C)C(=O)N2', 'CCNc1nc2c(s1)C(c1cc(OC)c(O)c(OC)c1)CC(=O)N2', 'Cc1ccc(N2CCC3(CC2)CC(c2ccccc2)C(=O)N3)nn1', 'CCc1cc(Br)cc2c1OC(C)C(=O)N2', 'CCC(=O)Nc1cc2c(cc1OC)C(c1ncnn1CC)CC(=O)N2', 'Cc1cc(C)c2c(c1)C(N1CCOCC1)C(C)CN2']"
5701,1e-04,0.0,0.0,[]
5702,1e-04,0.0,0.0,[]
5703,1e-04,0.0,0.0,[]
5704,1e-04,0.0,0.0,[]
5705,1e-04,0.0,0.0,[]
5706,1e-04,0.0,0.0,[]
5707,0.0018,0.4684301,0.5432389378547668,"['Cc1cccc(C(=O)N=c2sc3ccccc3n2C)n1', 'O=C(N=c1sccn1CC(=O)N1CCCC1)c1ccccc1Cl', 'CC(=O)NC(C)C(=O)N=c1[nH]c2ccccc2n1C1CCCCC1', 'Cc1nccc(C(=O)N=c2[nH]c3ccccc3n2C(C)(C)C)n1', 'COc1ccc(C(=O)CCC(=O)N=c2[nH]nc3cc(C)ccn23)cc1', 'COc1cccc(N=c2oc3ccccc3cc2C(N)=O)c1', 'O=C(N=c1[nH]c2ccccc2n1C1CCCC1)c1cccnc1', 'CCC(C)C(=O)N=c1[nH]c2ccc(S(C)(=O)=O)cc2s1', 'Cc1cc(C)cc(NC(=O)CCC(=O)N=c2[nH]nc3ccccn23)c1', 'CCS(=O)(=O)c1ccc(S(=O)(=O)N=c2[nH]cc(C)s2)cc1']"
5708,1e-04,0.0,0.0,[]
5709,1e-04,0.0,0.0,[]
5710,1e-04,0.0,0.0,[]
5711,1e-04,0.0,0.0,[]
5712,0.3088,0.16019668,1.0796040296554565,"['CC12CCC(C(=O)NCCN3CCOCC3)(OC1=O)C2(C)C', 'CC12CN(C(=O)C3CCCC3)CC1NC(=O)c1ccccc1C2=O', 'CC12CCC(C(=O)Nc3ccc4c(c3)OCO4)(CC1O)C2(C)C', 'CCOCC12COCC1CN(C(=O)c1sccc1C)C2', 'COCC12CCCOC1CCN(C(=O)c1ccoc1C)C2', 'C=CCOCC12CCCOC1CCN(C(=O)c1ccco1)C2', 'CCOC(=O)C12CCC(=O)N1c1ccccc1C(=O)N2C', 'COC1CCCOC12CCN(C(=O)c1cc3ncccn3n1)CC2', 'CSc1cc2c(cc1NC(=O)C1CC3C=CC1C3)OCCO2', 'CC(=O)c1c2n(n(-c3ccccc3)c1=O)C(=O)c1nccnc1-2']"
5713,0.1495,0.428276,0.49137014150619507,"['Cc1ccoc1C(=O)NCCCNS(C)(=O)=O', 'CC(O)Cn1c(NCCCO)nc2c1c(=O)[nH]c(=O)n2C', 'O=C(CCOc1ccccc1)N1CCOCC(O)C1', 'Cc1cccc(CCC(=O)NCc2cccc(O)c2)c1', 'Cc1nn(C)c(C)c1C(=O)NCC1(O)CCCc2ccccc21', 'CC1(C)Cc2nc3sc4c(=O)[nH]c(=O)[nH]c4c3cc2CO1', 'CC(OCc1ccccc1)C(=O)Nc1c(O)cccc1F', 'Cc1cc(=O)[nH]c(Sc2nc(C)cc(=O)[nH]2)n1', 'COc1ccc(C)cc1C1NCCc2ccc(O)c(OC)c21', 'COC(=O)c1ccn2nc(-c3cccc(O)c3)nc2c1']"
5714,0.0041,0.2453811,0.6633856892585754,"['CCN(CC)S(=O)(=O)c1ccc(NC(=O)C2CCC2)cc1', 'CCC(C)NS(=O)(=O)c1cc(-c2nc(C)cs2)n(C)c1C', 'CN(C)S(=O)(=O)c1ccc(F)c(NC(=O)N2CCCCCC2)c1', 'CC(C)NS(=O)(=O)c1cc(C(=O)Nc2cn[nH]c2)ccc1F', 'CCN(C)S(=O)(=O)c1c(C)nn(Cc2nc(C)cs2)c1C', 'CCCCN(CC)S(=O)(=O)c1c[nH]c(C(=O)N2CCCC2)c1', 'C#CCNS(=O)(=O)c1ccc(C(=O)NCc2ccc(C)cc2)cc1', 'CCN(CC)S(=O)(=O)NC1CCCN(C(=O)c2ccccc2)C1', 'CC(C)(C)NS(=O)(=O)c1cccc(NC(=O)C2CCC2)c1', 'CN(C)S(=O)(=O)c1ccc(NC(=O)C2CCCCC2)cc1']"
5715,1e-04,0.0,0.0,[]
5716,1e-04,0.0,0.0,[]
5717,1e-04,0.0,0.0,[]
5718,1e-04,0.0,0.0,[]
5719,0.0086,0.58619326,0.394321471452713,"['CCCC(C)c1nnc(NC(=O)COc2ccccc2)s1', 'CCCC(C)c1nnc(NC(=O)c2ccc(F)cc2)s1', 'CCOC(C)C(=O)Oc1ccc(C)cc1Br', 'COCC(C)OC(=O)c1ccc(N2CCCC2)nc1', 'CCCC(C)(C)NS(=O)(=O)c1c[nH]c(C(=O)N2CCCC2)c1', 'CCCN(C)c1ccc(C(=O)NCc2ccsc2)cc1', 'CCOC(C)c1nc(CSc2ccc(C)cn2)cs1', 'COCC(C)NC(=O)c1ccc(CSc2ccccc2)o1', 'CCCN(C)C(=O)c1c[nH]c(C(=O)N2CCCC2)c1', 'COCC(C)NC(=O)COc1cc(N)ccc1C']"
5720,1e-04,0.0,0.0,[]
5721,0.0002,0.5,0.0,"['O=c1c(Cl)c(NC2CCC(O)CC2)cnn1-c1ccccc1', 'O=c1cc(N2CCCCC2)cnn1Cc1cc(F)c(F)cc1F']"
5722,1e-04,0.0,0.0,[]
5723,1e-04,1.0,0.0,['COC(=O)NCCCC(=O)N1CC2CCCCC21c1ccccc1']
5724,0.0236,0.38048238,0.6495179533958435,"['CC(=O)c1cccc(NCC(=O)N2CCCCCC2)c1', 'CC(O)c1ccc(SCc2ccco2)c(F)c1', 'CC(=O)c1ccc(OCCCC(=O)N2CC(C)OC(C)C2)cc1', 'CC(=O)c1c(F)cccc1SCc1ccco1', 'CC(=O)c1cccc(NC(=O)N2CCCCCC2)c1', 'CC(=O)c1ccc(CC(=O)NCc2ccc(F)c(C)c2)cc1', 'CC(=O)c1ccc(CNc2nccnc2C#N)nc1C', 'CC(=O)c1ccc(N2CCN(Cc3cccc(F)c3)CC2)cc1', 'CC(=O)c1cccc(OCC(=O)N2CCCCC2C(C)C)c1', 'CC(=O)c1cccc(NCc2cc(Cl)cc3c2OCOC3)c1']"
5725,0.0002,0.5,0.0,"['CCNc1ccc(S(=O)(=O)N(CC)CC(C)C)cn1', 'CCNc1cncc(S(=O)(=O)NCc2ccco2)c1']"
5726,1e-04,0.0,0.0,[]
5727,0.0002,0.5,0.0,"['O=c1oc2ccc(Cl)cc2c(=O)n1-c1ccc(F)cc1', 'O=c1oc(-c2ccco2)nn1Cc1cnn(-c2ccccc2)n1']"
5728,1e-04,0.0,0.0,[]
5729,0.0002,0.5,0.0,"['CCc1ccc(C2(Cc3ccc(C)o3)NC(N)=NC2=O)cc1', 'Cc1ccc(C2(Cc3ccccc3F)NC(N)=NC2=O)cc1C']"
5730,1e-04,0.0,0.0,[]
5731,1e-04,0.0,0.0,[]
5732,0.0107,0.37238118,0.713478684425354,"['Cc1ccoc1C(=O)N1CCC(c2nc3ccccc3[nH]2)CC1', 'Cc1ncc(C(=O)N2CCCC(c3nc4ccccc4[nH]3)C2)s1', 'O=C(NC1CCCC1)N1CCC(c2nc(C3CC3)no2)C1', 'O=C(COc1ccccc1)N1CCCC(c2nc3ccccc3[nH]2)C1', 'Cc1cnc(C(=O)N2CCC(c3cc4nccnc4[nH]3)C2)cn1', 'COCC(=O)N1CCC(c2nnc(Cn3cccn3)n2C)CC1', 'O=C1CCC(C(=O)N2CCC(c3nc4ccccc4o3)CC2)CN1', 'O=C(c1ccco1)N1CCC(c2ccnc3nc4ccccc4n23)CC1', 'COc1cccc(C(=O)N2CCCC(c3nc4ccccc4[nH]3)C2)n1', 'CS(=O)(=O)N1CCC(c2nc3cc(Cl)ccc3o2)C1']"
5733,0.1324,0.40430117,0.4678495228290558,"['COCCNC(=O)C1CN(c2nnc(C)s2)CC2OCCC21', 'CCn1ncc(CN2CCc3nc4sccc4c(=O)n3CC2)c1C', 'COc1cc2ncn(-c3ccc(F)cc3)c2cc1OC', 'COCCN(Cc1cc2cc3c(cc2n2nnnc12)OCO3)C(C)=O', 'COc1cc2ncn(-c3cccc(N)c3)c2cc1OC', 'CC1(C)C(C(=O)NCc2csc(=O)[nH]2)C1(C)C', 'Cn1cc(C#N)cc1C(=O)N1CCCC1C(C)(C)O', 'O=C(Nc1cnn(-c2ccccc2F)c1)C1CC=CC1', 'CNC(=O)c1c(COCc2ccccc2C)cccc1OC', 'CC(Sc1ncnc2ccsc12)c1nc(N)nc(N(C)C)n1']"
5734,1e-04,0.0,0.0,[]
5735,0.0049,0.47070423,0.48899444937705994,"['COCCN1C(=O)CCC12CCC(NC(=O)c1c(C)noc1C)CC2', 'CC1(C)CCC(CNC(=O)CCn2cc(S(N)(=O)=O)cn2)CC1', 'CC(C)Cc1cc(C(=O)N2CCN(C(=O)c3c[nH]c(=O)[nH]3)CC2)[nH]n1', 'CCN1CC(C(=O)NCCNc2ccc(C(F)(F)F)cn2)CC1=O', 'COC(=O)N1CCC(NC(=O)CCCc2nc(C(C)C)no2)CC1', 'NC(=O)C1CCN(C(=O)CSc2nnc(C3CC3)n2C2CC2)CC1', 'CC1CCCC(CNC(=O)CN(C)c2ncnc3[nH]cnc23)C1', 'Cc1n[nH]c(C2CN(C(=O)C3CC(=O)N(CC4CC4)C3)CCO2)n1', 'CCNC(=O)N1CCC(NC(=O)c2ccnc(C(C)C)n2)CC1', 'CC1CCCC(N(C)C(=O)C2CCN(c3cnccn3)CC2)C1']"
5736,1e-04,0.0,0.0,[]
5737,1e-04,0.0,0.0,[]
5738,1e-04,0.0,0.0,[]
5739,1e-04,1.0,0.0,['CCOc1ccc(Br)cc1S(N)(=O)=O']
5740,1e-04,0.0,0.0,[]
5741,0.0261,0.2900923,0.6842061877250671,"['O=C(Nc1nncs1)c1cc(F)c(Cl)cc1Cl', 'CC1CC1CNS(=O)(=O)c1c(F)cccc1F', 'O=C(Nc1nncs1)c1c(F)cccc1Cl', 'COC(=O)CCC(=O)Nc1ccc(Cl)c(F)c1', 'CC(C)N(C)C(=O)CNc1ccc(F)c(F)c1F', 'CCC(CC)NS(=O)(=O)c1ccc(F)c(F)c1', 'CCCOC(=O)CCC(=O)c1cc(F)c(F)c(F)c1', 'CC1OCCC1NC(=O)NCc1ccc(Br)cc1F', 'O=C(NCC1CCCO1)Nc1ccc(F)cc1Cl', 'COCC(=O)N(C)Cc1ccc(C(F)(F)F)cc1']"
5742,0.0002,0.5,0.0,"['Cc1c(O)ccc2c(CN(C)Cc3nccn3C(F)F)cc(=O)oc12', 'CCOC(=O)c1nn(CC2CC2)c2c1CN(Cc1ccc(C)o1)CC2']"
5743,0.012,0.27892,0.7135025858879089,"['CCCn1ccnc1-c1nccn1Cc1ccccc1-n1cncn1', 'O=C(OCc1nccn1Cc1ccccc1)c1scnc1C1CC1', 'O=C(Cc1cccn1-c1ccc(F)cc1)N1CCCC1', 'Cc1ccc(-c2nccn2Cc2ccccc2-n2cncn2)o1', 'O=C(NCc1nncn1C1CC1)Nc1ccn(Cc2ccccc2)n1', 'CCc1nccn1-c1ccc(CNC(=O)C2(c3ccccc3)CC2)cc1', 'CCCc1noc(CSc2nccn2Cc2ccccn2)n1', 'Cc1nccn1-c1ncccc1NC(=O)C1CCCCC1', 'CN(Cc1nccn1CC(F)(F)F)C(=O)Nc1ccccc1', 'Cc1nccn1-c1ccc(Br)c(N)c1']"
5744,1e-04,0.0,0.0,[]
5745,1e-04,0.0,0.0,[]
5746,1e-04,0.0,0.0,[]
5747,0.0084,0.34994057,0.6512461304664612,"['Cc1c2ncnc(NCc3ccc(F)cc3)c2nn1C', 'Cc1sc2ncnc(Sc3nc(C(C)C)n[nH]3)c2c1C', 'Cc1sc2ncnc(OCC(=O)N3CCCCC3)c2c1C', 'Cc1sc2ncnc(NCCn3cccn3)c2c1C', 'COc1ccc2ncnc(NCCc3ccc(OC)c(OC)c3)c2c1', 'COc1ccc2ncnc(NCc3ccccn3)c2c1', 'Cc1oc2ncnc(NC(=O)c3cnc4n3CCCC4)c2c1C', 'Cc1oc2nc[nH]c(=O)c2c1C(=O)NCc1ccc(Cl)cc1', 'COc1ccc(-c2csc3ncnc(NCCO)c23)cc1OC', 'Cc1sc2ncnc(N3CCCC3Cn3cncn3)c2c1C']"
5748,0.0636,0.35669607,0.5828990340232849,"['COC(=O)CCc1cc(C)nc2ccc(OC)cc12', 'COc1cc2nc(C)c(C)c(Cl)c2cc1OC', 'COc1cc(CNc2cc(C)no2)ccc1Cl', 'CCCNC(=O)c1cc(C)nc2ccc(Cl)cc12', 'CCC(C)N(Cc1nc(C)no1)Cc1nc(C)no1', 'COc1ccc(-c2nc(C)c(CCO)s2)cc1O', 'CC(=O)OCCCn1c(C)nc2cc(Cl)ccc21', 'Cc1cc2c(SCCOC(C)C)ncnc2s1', 'Cc1cc(=O)n2nc(C)c(-c3ccc(Br)cc3)c2[nH]1', 'CCC(C)C(Nc1nc(C)cc(C2CCC2)n1)C(N)=O']"
5749,1e-04,0.0,0.0,[]
5750,1e-04,1.0,0.0,['CCNC(=O)Cc1cc(OCC)c(OCC)cc1Br']
5751,0.0494,0.5387316,0.38212263584136963,"['COCCNC(c1nc(C(C)C)cs1)C1CCOC1', 'COCCNC(c1cnn(C)c1)c1nccs1', 'CCCCNC(=O)N1CCCC(c2n[nH]cc2NC(=O)NCC)C1', 'CCC(Sc1nncn1CCOC)c1ccc(F)cc1', 'C#CCNc1ccccc1CS(=O)(=O)c1ccccc1', 'C#CCN1CCN(CC(=O)Nc2ccccc2SCC=C)CC1', 'CCC(NCc1ccc(OC)cc1F)C(=O)OC', 'CCCCN(Cc1ccccc1C)C(=O)c1cnc(N)nc1C', 'C=CCN(CC=C)C(=O)CNc1ccc(C)c(C)c1', 'C#CCNC(=O)CSc1nnc(-c2ccccc2C)n1CC']"
5752,0.0132,0.2923976,0.7919806241989136,"['C=CCc1cc(CN2CCN(C(C)C(N)=O)CC2)cc(OC)c1O', 'Cc1cc(CNC(=O)NCCc2ccccc2)cc(C)c1O', 'COc1ccc(CNc2ccc(Cl)cn2)cc1O', 'COc1ccc(C(=O)NCCCc2ccccc2)cc1O', 'CCOc1cc(CNc2cccc3cccnc23)ccc1O', 'COC(=O)c1cccc(NC(=O)c2cc3cc(F)ccc3[nH]2)c1O', 'COc1cc(CNC(=O)Cc2ccc(F)cc2F)cc(OC)c1O', 'Cc1cccc(C(=O)NCCCN2CCOCC2)c1O', 'COc1cccc(C(=O)N(C)c2ccccn2)c1O', 'O=C(NCc1cscn1)c1cc(Cl)ccc1O']"
5753,1e-04,0.0,0.0,[]
5754,1e-04,0.0,0.0,[]
5755,1e-04,1.0,0.0,['Nc1c(-c2nc3ccccc3[nH]2)c(C2CCCCC2)nn1CCO']
5756,1e-04,0.0,0.0,[]
5757,1e-04,1.0,0.0,['C=CCNC(=O)c1cc(OCc2ccccc2)no1']
5758,1e-04,0.0,0.0,[]
5759,1e-04,0.0,0.0,[]
5760,0.0068,0.3805909,0.5250903367996216,"['CC(=O)c1c(F)cccc1SCc1ccco1', 'CC(Nc1cc(S(N)(=O)=O)ccc1Cl)c1ccco1', 'CC(O)c1ccc(SCc2ccco2)c(F)c1', 'O=S(=O)(NCc1ccco1)c1ccc(Cl)cc1', 'O=C(CCNC(=O)c1ccco1)Nc1cccc(O)c1', 'O=C(NCCCOCc1ccco1)c1c(F)cccc1Cl', 'COC(=O)c1occc1CSc1ccccc1O', 'O=C(c1ccco1)N1CCCC1c1ccc(F)cc1', 'Cc1cc(OC(C)C)ccc1NC(=O)NC(C)CC(O)c1ccco1', 'CC(NC(=O)N(C1CC1)C(C)c1ccco1)c1ccccn1']"
5761,1e-04,0.0,0.0,[]
5762,0.0075,0.09430926,1.9754571914672852,"['O=c1c(-c2ccccc2)c(N2CCN(c3ccccc3)CC2)c1=O', 'CCOc1c(Nc2ccc(Cl)cc2C)c(=O)c1=O', 'COCCCNc1c(-c2cc(C)c(C)cc2C)c(=O)c1=O', 'CCOC(=O)N1CCN(c2c(-c3ccc(C)c(C)c3)c(=O)c2=O)CC1', 'CC1(C)C(C(=O)N2CCC(C(N)=O)CC2)C1(C)C', 'CC1(C(=O)NCc2cccs2)CC1(Cl)Cl', 'CC1(C)C(C(=O)NCc2csc(=O)[nH]2)C1(C)C', 'CCN(C(=O)C1C(C)(C)C1(C)C)c1ccccc1S(=O)(=O)CC', 'CC(C)=CC1C(C(=O)Nc2cccnc2-n2ccnc2C)C1(C)C', 'COC(=O)C1C(C(=O)N2CCOCC2)C1(C)C(=O)c1ccccc1N']"
5763,0.002,0.5237477,0.5691576600074768,"['Cc1sc2ncnc(N3CCCC3Cn3cncn3)c2c1C', 'Cc1cnn(C2CCCN(C(=O)C3CC3c3ccco3)C2)c1', 'Cc1nn(C)c2nc(N3CCCC3c3nc(C(C)C)no3)sc12', 'N#Cc1ccc(-c2noc(C3CC3c3cccc4ccccc34)n2)nc1', 'Cc1ccc(-c2noc(C3CC34CCCCC4)n2)nn1', 'c1cnc2c(CN3CCOCC3C3CC3)cccc2c1', 'Cn1ccc(C(=O)N2CCC3(CCOCC3COCC3CC3)CC2)n1', 'CCCc1noc(C2CCN(C(=O)C3CC3c3ccccc3)CC2)n1', 'Cc1cc(C)n2c(CN3CCOCC3C3CC3)cnc2n1', 'c1ccc(-c2ncc(CN3CCOCC3C3CC3)s2)nc1']"
5764,1e-04,0.0,0.0,[]
5765,1e-04,0.0,0.0,[]
5766,1e-04,0.0,0.0,[]
5767,0.0005,0.43882903,0.5830569863319397,"['CCOC(=O)CC(c1oc(CO)cc(=O)c1O)C(C)C', 'C=CCOC1C=CC=CC1C(c1c(O)n[nH]c1C)c1c(O)n[nH]c1C', 'CCCOC(=O)c1cc(-c2c(O)cc(O)cc2O)nn1CCO', 'COC(=O)C(c1ccc(Cl)cc1)c1nc(OC)cc(OC)n1', 'COC(=O)c1c(O)cc(O)cc1CCc1ccc(O)cc1']"
5768,0.0846,0.35004953,0.5179923176765442,"['CCCc1nnc2sc(Cc3ccc4c(c3)OCCO4)nn12', 'CCOC(=O)c1c(C)n(C)c2cc(Br)c(O)cc12', 'COc1cc(C)cc(C)c1-c1csc(CC#N)n1', 'CC1=CC(C)C2(CO)COC(c3ccco3)C1C2C', 'CCOc1ccc(C2(CNS(N)(=O)=O)CCOCC2)cc1', 'CCCC(O)c1cc(CC)c2c(c1)C(CC)C(=O)N2', 'COCCCOc1c(C(C)O)ccc2ccccc12', 'CCC(=O)Nc1c(C)nn(Cc2ccccc2)c1C', 'CC(C)Cc1ccc(C2(CCCO)OCCO2)cc1', 'CCOC(=O)c1c(C)[nH]c(C(=O)OCCO)c1C']"
5769,1e-04,0.0,0.0,[]
5770,0.005,0.33246914,0.6589265465736389,"['CN1CCN(C(=O)c2cnc(-c3ccccn3)nc2N)CC1', 'CC1CCN(c2ncnc(N(CCC#N)CCC#N)c2N)CC1', 'C#CCN1CCN(Cc2nnc(-c3cccc(C)c3)o2)CC1', 'CCN1CCN(C(=O)c2nn(C)c3c2COc2ccccc2-3)CC1', 'C#CCN1CCN(S(=O)(=O)c2ccc(-c3coc(C)n3)cc2)CC1', 'CN1CCN(C(=O)c2csc(-c3ccc4c(c3)OCCO4)n2)CC1', 'CN1CCN(C(=O)Cn2cc(C#N)c3ccccc32)CC1', 'CCN1CCN(C2=NC(=O)CC(C(=O)Nc3ccccc3)N2)CC1', 'C#CCN1CCN(CC(=O)Nc2ccccc2SCC=C)CC1', 'CC1CCN(C(=O)c2ccc3c(c2)NC(=O)C2CCCCN32)CC1']"
5771,0.0005,0.3984217,0.8218944072723389,"['CC1OCCC1NC(=O)NCc1ccc(Br)cc1F', 'CC1OCCC1C(=O)N1CCC(C(=O)Nc2cccc(F)c2)CC1', 'CC1OCCC1C(=O)Nc1ccc(CN2CCOCC2)c(Cl)c1', 'CC1Oc2c(cccc2C(=O)N(C(C)C)C2CCC2)NC1=O', 'CC1Oc2ccccc2N(CC(=O)Nc2nc(C3CC3)cs2)C1=O']"
5772,0.003,0.5467605,0.5025660395622253,"['COc1c(O)ccc2c1C(c1ccc(F)cc1C)NCC2', 'Cc1oncc1C(=O)Nc1ccc2c(c1)N(C(=O)C1CC1)CC2', 'Fc1c(Cl)ccc2c1C(c1nccs1)NCC2', 'CCc1cccc2c1N(CC(=O)Nc1nncs1)CC2', 'Cc1c(O)ccc2c1C(C(O)Cc1ccccc1)NCC2', 'O=C(Nc1ccc2c(c1)N(C(=O)C1CCCC1)CC2)c1ccccn1', 'Nc1cccc2c1N(C(=O)c1ccccc1)CCC2', 'Cc1ccc(F)c2c1N(C(=O)c1nc3nccc(C)n3n1)CCC2', 'CCn1ncc2c1C(COCC1CC1)N(C(=O)c1ccco1)CC2', 'COc1ccc2c(c1)N(Cc1cccc(C(N)=O)c1)CC(C)O2']"
5773,1e-04,1.0,0.0,['COc1ccc(C(=O)C2C3C(=O)C4OCC(O4)C23)cc1']
5774,0.0022,0.5103945,0.5250892639160156,"['CCC(C)NC(=O)C1c2ccccc2C(=O)N2CCCCC12', 'O=C1N(Cc2cccnc2)CC2CN(Cc3ccccn3)CCN12', 'CCCCOC(=O)C1=C(C)NC2(O)c3ccccc3C(=O)C12O', 'CC(C)NC(=O)C1Cc2cc(C(F)(F)F)ccc2N2CCCC12', 'O=C(CC1COCC2CN(C(=O)c3ccoc3)CC12)NCC1CC1', 'CC1CCN(C(=O)C2CCCO2)C2CCCCC12', 'Cc1noc(CC2COC3CN(C(=O)c4ccnnc4)CC23)n1', 'O=C(NC1CC1)C1c2ccccc2C(=O)N2CCc3ccccc3C12', 'C=CCOC1CN(S(=O)(=O)c2cccnc2)C2CCCOC12', 'Cc1ccc(-c2ncco2)cc1NC(=O)NC1CCCC2OCCC12']"
5775,1e-04,0.0,0.0,[]
5776,1e-04,0.0,0.0,[]
5777,1e-04,1.0,0.0,['CC(C)(C)C1CCc2onc(C(=O)NCc3ccco3)c2C1']
5778,0.0015,0.22142297,1.0154815912246704,"['CCc1ccc2[nH]c(=O)c(CN(Cc3ccc(C)cc3)C(C)=O)cc2c1', 'NC(=O)c1ccc(CN(CC(O)c2cc(F)ccc2F)C2CC2)cc1', 'CN(C)C(=O)c1ccc(C(=O)Nc2ccc(Cl)cc2C(N)=O)cc1', 'CN(C)c1nc(CNC(=O)c2cccc(CCC(C)(C)O)c2)cs1', 'CN(Cc1ccccc1)C(=O)C1(C)Oc2ccc(Cl)cc2NC1=O', 'Cc1ccc(NC(=O)N(CC(O)c2ccccc2)C2CC2)cc1', 'COC(=O)c1cccc(CNc2cc(Cl)ccc2C(N)=O)c1', 'O=C(NCCN1CCNC1=O)c1cn(CCc2ccccc2)nn1', 'COc1cccc(CC(NC(C)=O)C(=O)NC(C)C2CCCO2)c1', 'Cc1n[nH]c(SCC(=O)N(c2ccccc2)C(C)C)nc1=O']"
5779,0.0053,0.24059348,0.9402995705604553,"['Cn1ccsc1=NC(=O)CCCNC(=O)OCc1ccccc1', 'COC(=O)C1CN(C(=O)OCc2ccccc2)CCCO1', 'CC(O)C(NC(=O)OCc1ccccc1)C(N)=O', 'COC(=O)c1c[nH]c(CNC(=O)OCc2ccccc2)n1', 'CCOC(=O)C1C2CCC(=O)C2CN1C(=O)OCc1ccccc1', 'O=C(NS(=O)(=O)c1ccccc1)OCc1ccccc1', 'N#Cc1ccc2c(c1)C1(CCN(C(=O)OCc3ccccc3)CC1)CN2', 'COc1ccc(CNC(=O)Oc2ccccc2)cc1', 'CC1(C)OC2C(O)CC(NC(=O)OCc3ccccc3)C2O1', 'Cc1ccc(S(=O)(=O)NCC(=O)OCc2ccccc2)cc1']"
5780,1e-04,1.0,0.0,['C=CCc1ccc2nc(C(F)(F)F)c(C#N)c(N)c2c1']
5781,1e-04,0.0,0.0,[]
5782,1e-04,0.0,0.0,[]
5783,0.0015,0.3414542,0.8169240355491638,"['COc1cccc2c(=O)n(CCN3CCOCC3)cnc12', 'Cc1oc2c(C(=O)OCCN3CCOCC3)cccc2c(=O)c1C', 'CCN1CCc2c(OCC(=O)NC3CCCCC3)cccc2C1=O', 'Nc1cccc2c(-c3cccc(CN4CCOCC4)c3)n[nH]c12', 'Cc1cc(C)c2[nH]c(CNC3CCCNC3=O)cc(=O)c2c1', 'CN1C(=O)c2cccc3c(S(=O)(=O)N4CCOCC4)ccc1c23', 'c1cc2c(cc1CN1CCCC(CN3CCOCC3)C1)OCCO2', 'CCN1C(=O)Cc2cc(C(=O)N3CCOCC3)ccc21', 'Nc1c(NCCN2CCOCC2)c2ccccc2oc1=O', 'O=C(c1ccc[nH]1)N1CCc2c(COCc3ccncc3)cncc2C1']"
5784,1e-04,0.0,0.0,[]
5785,1e-04,0.0,0.0,[]
5786,0.009,0.3307996,0.619301438331604,"['COc1ccc2cc(C#N)c(SCC(=O)OC(C)C)nc2c1', 'Cc1cccc2cc(C#N)c(N3CCC(O)CC3)nc12', 'CCOC(=O)N1CCN(c2c(-c3ccc(C)c(C)c3)c(=O)c2=O)CC1', 'COc1cc2cc(CC#N)c(N(C)C)nc2cc1Cl', 'Cc1ccc(-c2nccn3cc(C(=O)N4CCN(C)CC4)nc23)cc1', 'CCOc1ccc2cc(C#N)c(SCC(=O)OC)nc2c1', 'COc1cc(N)cn2cc(-c3ccc4c(c3)CCC4)nc12', 'COc1ccc2cc(C(=O)OC(C)C(C)=O)c(C)nc2c1', 'COc1ccc2cc(C(=O)N(C)CC(=O)N(C)C)c(C)nc2c1', 'C=CCNC(=O)c1cc(C2CC2)nc2c1c(=O)[nH]c(=O)n2CC(C)C']"
5787,1e-04,1.0,0.0,['CCn1nc2c(c(C(N)c3cccs3)c1=O)CCCC2']
5788,0.0066,0.3232739,0.8346245884895325,"['COc1cccn(Cc2sc(C)nc2C)c1=O', 'CCOC(=O)c1cncn(Cc2cc(F)ccc2C#N)c1=O', 'Cn1c(=O)ccn(CC(=O)NC2(c3ccccc3)CCC2)c1=O', 'CC(=O)Nc1cccn(Cc2ccc(F)cc2)c1=O', 'Cn1c(=O)ccn(CC(=O)NCc2ccnc(OC(C)(C)C)c2)c1=O', 'COC(=O)c1cncn(CC(=O)c2ccc(Cl)cc2)c1=O', 'COC(=O)Cc1c(C)[nH]n(-c2nc(-c3ccccc3)cs2)c1=O', 'Nc1cc(-c2ccco2)nn(CC(=O)N2CCOCC2)c1=O', 'Cc1ccccc1NC(=O)c1c[nH]n(-c2ccc(F)cc2)c1=O', 'COC(=O)c1cnc(C)n(Cc2cc(F)ccc2F)c1=O']"
5789,1e-04,0.0,0.0,[]
5790,1e-04,0.0,0.0,[]
5791,1e-04,0.0,0.0,[]
5792,1e-04,0.0,0.0,[]
5793,1e-04,0.0,0.0,[]
5794,1e-04,0.0,0.0,[]
5795,1e-04,0.0,0.0,[]
5796,0.0011,0.45132068,0.6567171812057495,"['COCCN1Cc2cc(Cl)ccc2OCC1=O', 'OCC1CN(c2ccc(F)cc2)C(c2cccc(O)c2)O1', 'CCC1Nc2cc(Br)ccc2N(COC)C1=O', 'O=C1C2CC(O)CCN2C(=O)CN1CCCN1CCOCC1', 'O=S1(=O)c2ccccc2C(O)C(Cc2cccnc2)N1CCO', 'CCC1Oc2ccc(C)cc2N(CC(=O)NCCCOC)C1=O', 'CC1Cc2cc(F)ccc2C(C)N1Cc1cccc(C(=O)N(C)C)c1', 'COC(=O)C1(Nc2cccc(F)c2)CCOCC1', 'O=C1CNc2cccc(Cl)c2N1CCc1ccccc1', 'CCC1Oc2cccc(N)c2N(Cc2ccc(F)cc2)C1=O']"
5797,1e-04,0.0,0.0,[]
5798,1e-04,0.0,0.0,[]
5799,0.0004,0.647519,0.13998576998710632,"['O=C1c2nccnc2C(O)N1c1ccc(Br)cn1', 'C=CCNC(=O)c1ccc(NC(=O)NCC2(O)CCCCCC2)cc1', 'CN1C(=O)OC(C)(CC(C)(C)c2ccccc2)C1(C)O', 'CNS(=O)(=O)c1cc(NC(=O)NCCc2ccccc2)ccc1C']"
5800,1e-04,0.0,0.0,[]
5801,0.0029,0.22993498,1.0178956985473633,"['CN1C(=O)CCC(C(=O)NCc2ccncc2)C1c1cccc(F)c1', 'CCOC1CCN(C(=O)C2CC=CC2)C1Cc1ccccc1', 'CN1C(=O)CC(C(=O)Nc2ccccn2)C1c1ccc2c(c1)OCO2', 'CCC(=O)N1CC(=O)Nc2ccc(F)cc2C1c1ccccc1', 'OC1CCN(Cc2ccco2)C1Cc1ccccc1', 'O=C1NCCN(C(=O)c2ccc(Cl)c(F)c2)C1Cc1ccccc1', 'NC(=O)CN1c2ccccc2C(=O)NC1c1cccc(Cl)c1', 'CCc1nn(C)c(CC)c1CN1CCNC(=O)CC1c1ccccc1', 'O=C1CC2(CCN(c3cnccn3)C2)CN1c1ccccc1', 'CCOC(=O)C1=C(N)Oc2n[nH]c(C)c2C1c1ccccc1']"
5802,1e-04,0.0,0.0,[]
5803,0.0069,0.29862496,0.6061201095581055,"['COC(=O)C(C#N)c1ccc(Br)cc1', 'COC(=O)c1nc2ccccc2c(C)c1C(=O)OC', 'CCOC(=O)c1ccc(Br)c(OC)c1', 'CNC(=O)c1c[nH]c2ncc(Br)cc12', 'CCOC(=O)c1nc2ccccc2c(Cl)c1N', 'NC(=O)c1ccc2cc(Br)ccc2n1', 'COC(=O)C(NC(=O)c1ccon1)c1ccccc1', 'COC(=O)c1cccn1C(=O)c1ccc(Cl)cc1', 'COC(=O)Cc1ccc2cc(Br)ccc2n1', 'COC(=O)C1CCCCN1S(=O)(=O)NCc1ccccc1']"
5804,1e-04,0.0,0.0,[]
5805,0.0032,0.34434482,0.7601009607315063,"['CC#CC(=O)N1CC(=O)N(C(C)C)CC(OCc2ccc(F)cc2)C1', 'COC(=O)C1CC(Oc2ccc(OC)cc2Br)CN1', 'O=C(OCCc1cccs1)c1cnc2n(c1=O)CCS2', 'O=C1OC(C(=O)NCc2ccccc2)Cc2ccccc21', 'Cc1cnc2n(c1=O)CC(C(=O)Nc1nccs1)CS2', 'O=C1CCC(COC(=O)CCNC(=O)c2ccc(F)cc2F)N1', 'CCN1CC(C(=O)Nc2ccsc2C(=O)OC)CC1=O', 'COC(=O)C1C(C(=O)N2CCOCC2)C1(C)C(=O)c1ccccc1N', 'COC1CC(CC(=O)NCCc2ccc3c(c2)OCO3)CC(OC)C1', 'CC(=O)N1CC(C(=O)N2CCN(C(=O)c3ccco3)CC2)C1']"
5806,1e-04,0.0,0.0,[]
5807,1e-04,0.0,0.0,[]
5808,0.0043,0.31613377,0.7577212452888489,"['CC(C)NC(=O)CSc1nc2ccccc2nc1N1CCCCC1', 'COc1ccc(-c2cc3cccnc3nc2N)cc1OC', 'Cc1nc2ccccc2nc1N1CCN(c2nccs2)CC1', 'CCN(CC)c1nc2ccc(C)cc2cc1CCC#N', 'Cc1nc2ccccc2nc1N1CCN(c2ccc(O)cc2)CC1', 'COC(=O)CCCN(C)C(=O)c1cc2ccc(F)cc2nc1C', 'COc1cccc(NC(=O)c2cc3cc(F)ccc3nc2C)c1', 'CN1CCN(C(=O)CC(C)(C)C)c2nc3ccccc3nc21', 'Cc1nc2ccccc2nc1CN1CCCC1c1c(C)noc1C', 'COc1ccc(NC(=O)c2cc3cc(F)ccc3nc2C)cc1']"
5809,1e-04,0.0,0.0,[]
5810,0.0003,0.3760849,1.0926913022994995,"['OCCc1cn(C2CCN(C3N=CN=C4N=CN=C43)CC2)nn1', 'Cc1cnc(C(=O)N2CC3(CCCC3)c3c(F)cccc32)cn1', 'Cc1cncc(C(=O)N2CCC3(CCNC(=O)CC3)CC2)c1']"
5811,1e-04,1.0,0.0,['CC(C)NC(=O)N1CCC2(CC2C(=O)Nc2cccc(F)c2)C1']
5812,1e-04,0.0,0.0,[]
5813,1e-04,0.0,0.0,[]
5814,0.1447,0.35098782,0.44176772236824036,"['CCCc1nc(NCc2cccnc2)cc(OCC)n1', 'O=C(COC1CCCCC1)NC1CCC2(CC1)OCCO2', 'COc1c(Cl)c(OC)c(OC)c2c1CCNC2C', 'Cc1ccc(S(=O)(=O)N(C)C2(C#N)CCCCC2)s1', 'O=C(COc1cccc2cccnc12)N(CCO)CCO', 'CCOc1ccccc1OCc1nc(CC)c(CO)s1', 'O=C(Cc1cccnc1)NCC1COC2(CCCCC2)O1', 'O=C(CCc1cccnc1)NC1COC2(CCCC2)C1', 'Cc1ccc(NC(=O)COC(=O)C2(C#N)CCCC2)c(Cl)c1', 'N#Cc1cccc(NC(=O)NCC2CC=CCC2)c1']"
5815,0.0005,0.44581193,0.7031427621841431,"['Cc1cc(C)c2[nH]c(CNC3CCCNC3=O)cc(=O)c2c1', 'Cc1cc(C(=O)Nc2ccnn2C(C)C)c2c(C)noc2n1', 'Cc1nc(NC2c3ccccc3CC2O)c2c(C)nn(C)c2n1', 'Cc1ccc2c(CNc3ccc(C(N)=O)cc3)cc(=O)oc2c1', 'Cc1cc(C(=O)N2CCOCC2C2CC2)c2c(C)nn(C)c2n1']"
5816,1e-04,0.0,0.0,[]
5817,0.0083,0.32293868,0.6461777091026306,"['Cc1ncnc(N2CCCC3(CCC(=O)N(C4CCCC4)C3)C2)c1C', 'Nc1nccc(N2CCC3(CCC(=O)N(CC4CCCO4)C3)CC2)n1', 'Cn1cccc1C(=O)N1CCC2(CCCN(CC3CCC3)C2=O)C1', 'c1cncc(N2CCCC3(C2)CN(C2CCOCC2)CCO3)c1', 'Cc1cc(N)n(CC(=O)N2CCC3(CCCN(CC4CC4)C3=O)C2)n1', 'Fc1ccc(N2CCN(CC3COC4(CCCC4)O3)CC2)cc1', 'c1ccc(CN2CCOC3(CCN(c4ncccn4)CC3)C2)cc1', 'CC(C)c1nc(C(=O)N2CC(C)C(N3CCOCC3)C2)cs1', 'CN(CCO)c1ccc(C(=O)N2CCC(N3CCOCC3)CC2)cn1', 'CSc1nnc(C2CCN(C(=O)N3CCCC3)CC2)n1C']"
5818,0.0267,0.6684799,0.24519197642803192,"['COCCC(=O)c1cc(Cl)c(OC)cc1OC', 'COCCCc1nc(-c2ccc(OC(F)F)cc2)cs1', 'COCCC(=O)N(C)Cc1cc(N)ccc1Cl', 'COCCc1ncc(C(=O)Nc2ccccc2)c(N)n1', 'COCCSc1nc2ccccc2n1C(F)F', 'COCCC(=O)NCC(C)(C)c1cccc(Cl)c1', 'COCCCOc1c(C(C)O)ccc2ccccc12', 'COCCc1noc(-c2cc(CC(C)C)nn2C)n1', 'COCCc1nnc(NC(=O)c2ccc(F)cc2)s1', 'COCC(C)NC(=O)c1ccc(CSc2ccccc2)o1']"
5819,1e-04,0.0,0.0,[]
5820,1e-04,0.0,0.0,[]
5821,0.1845,0.41211024,0.4097306728363037,"['Nc1nonc1-c1noc(C(Cl)(Cl)Cl)n1', 'Cc1cc(-c2coc3cccc(Br)c23)no1', 'Nc1coc2c(-c3cccc(Br)c3)noc12', 'CCc1noc(CC)c1CC(=O)OCc1nc(C)no1', 'CCc1onc(C)c1NC(=O)c1cc2cc(F)ccc2o1', 'COC(=O)c1cc(CN(C)Cc2nc3ccccc3o2)oc1C', 'COCc1c(C(=O)N(C)Cc2ccc(C)o2)noc1C', 'Cc1oc(NC(=O)Cc2nc3ccc(N)cc3o2)c(C#N)c1C', 'N#Cc1ccc(-c2noc(-c3cc4cc(Cl)ccc4o3)n2)nc1', 'Cc1noc(CNC(c2nc(C)no2)C(C)C)n1']"
5822,0.0004,0.5674609,0.38657641410827637,"['O=S1(=O)c2ccccc2-c2cc3cc(F)c(F)cc3cc21', 'COc1cc(O)ccc1C1Nc2c(C)cccc2-c2cc(C)nn21', 'O=C1Cn2ncnc2-c2cc(Br)ccc2N1', 'CN1C(=O)COc2ccc(-c3nccc(N)n3)cc21']"
5823,1e-04,0.0,0.0,[]
5824,1e-04,0.0,0.0,[]
5825,1e-04,0.0,0.0,[]
5826,0.0004,0.37187618,0.9353694915771484,"['Cc1cc(-c2cnc(NCc3cccnc3)nc2-c2ccc(C)o2)on1', 'Cc1cnn(-c2ccc(C(N)=O)cc2NC(=O)c2cc(C)on2)c1', 'CCc1ccc(-c2c(-c3ccccc3)ncn2CCCO)o1', 'Cc1cc(C)cc(-n2nc(C)cc2NC(=O)CNC(=O)C2CC2)c1']"
5827,1e-04,0.0,0.0,[]
5828,0.001,0.39613026,0.8828601241111755,"['Cc1cnc2c(c1)nc(-c1ccccc1F)n2CCO', 'CCOC(=O)c1ccc2c(c1)nc(-c1ccc(N)cc1)n2N', 'Fc1ccc2c(c1)nc(-c1ccncc1)n2C1CC1', 'CC(C(=O)Nc1ccc2c(c1)nc(C1CC1)n2C)c1ccsc1', 'Cc1ccc2c(c1)cc(C(=O)NCc1cccnc1)n2C', 'CCCCn1c(=O)[nH]c(=O)c2c1nc(-c1cccc(F)c1)n2CC', 'Nc1occ2c1nc(C1CC1)n2Cc1ccccc1', 'CCCCn1c(=O)[nH]c(=O)c2c1nc(CNc1ccc(F)cc1)n2C', 'O=C1CCCc2c1c(Cc1ccccc1)nn2CCO', 'O=C(NC1CCCCCC1)c1ccc2c(c1)nc1n2CCOC1']"
5829,1e-04,1.0,0.0,['CCNC(=O)c1cc2cnn(-c3ccc(C)cc3C)c2nc1N']
5830,1e-04,0.0,0.0,[]
5831,1e-04,0.0,0.0,[]
5832,0.0089,0.4278828,0.6162524223327637,"['COc1ccc(CC2CN(S(=O)(=O)N3CCCC3)CCO2)cc1', 'Cc1n[nH]c(C2CN(C(=O)CC3CCCO3)CCO2)n1', 'CCCc1n[nH]c(C2CN(C(=O)Cc3ccc(C)nc3)CCO2)n1', 'Cc1cnn(CC2CN(c3cc(C)nc(N)n3)CCO2)c1', 'CC(C)c1n[nH]c(C2CN(C(=O)c3cnccn3)CCO2)n1', 'Oc1cccc(C2CN(CC3=CCCOC3)CCO2)c1', 'Cc1cnn(CC2CN(c3nnc(C)c(C)c3C#N)CCO2)c1', 'Cc1n[nH]c(C2CN(C(=O)CC3OCCc4sccc43)CCO2)n1', 'CCCc1n[nH]c(C2CN(CC(O)Cn3cccn3)CCO2)n1', 'CCCC1CN(C(=O)Nc2cnccc2C)CCO1']"
5833,1e-04,0.0,0.0,[]
5834,1e-04,1.0,0.0,['CC(O)c1ccc(OCCOc2ccc3c(c2)OCO3)cc1']
5835,1e-04,0.0,0.0,[]
5836,1e-04,0.0,0.0,[]
5837,1e-04,0.0,0.0,[]
5838,1e-04,1.0,0.0,['Fc1ccc2nc(COC3CN(Cc4ccccc4)CC3F)[nH]c2c1']
5839,1e-04,0.0,0.0,[]
5840,1e-04,0.0,0.0,[]
5841,0.0089,0.42763597,0.5561767220497131,"['CCCCc1nnc(SCc2nc(C)c3ccccc3n2)n1N', 'Cc1nnc(CN(C)Cc2cc(O)ccc2Br)n1C', 'Cc1nnc(SCC(=O)Nc2ccc3c(c2)OCCO3)n1N', 'Cc1nnc(SC(C)C(=O)NCc2ccccc2)n1N', 'N#CCSc1nnc(COc2ccc(F)cc2)n1N', 'C#CCNC(=O)CSc1nnc(-c2ccccc2C)n1CC', 'CCCCc1nnc(SCC(=O)Nc2ccc(Cl)cc2)n1N', 'Cc1nnc(Sc2ccc(C(N)=O)cc2N)n1N', 'CCOC(=O)C(C)Sc1nnc(-c2ccc(C)cc2)n1N', 'CCc1nnc(Sc2ccc(N)cc2OC)n1N']"
5842,1e-04,0.0,0.0,[]
5843,0.0116,0.42211056,0.605953574180603,"['CC1CCCN(C2(O)C(=O)Nc3ccc(Cl)cc32)C1', 'CCC1CCCN(C(=O)c2ccc(=O)n(CCOC)n2)C1', 'CCC1CCCN(C(=O)c2nc(N)ccc2Cl)C1', 'CC1CCCN(C(=O)COc2ccc(Cl)cc2C(N)=O)C1', 'COCC1CCCN(C(=O)Cc2cn(C)c3ccccc23)C1', 'CCOC1CCCN(C(=O)Nc2cc(F)ccc2Cl)C1', 'CCCN1CCOC(CCNC(=O)c2c(F)cccc2Cl)C1', 'CC1CCCC(CO)(Nc2ccnc(C(N)=O)c2)C1', 'COC1CCCC(OC(=O)CC2c3ccccc3CCN2C(C)=O)C1', 'CC1CCCC(NC(=O)Nc2cccc(C(N)=O)c2)C1']"
5844,1e-04,0.0,0.0,[]
5845,0.0002,0.5,0.0,"['Cc1noc(CNc2ccc(Cl)cc2OC(F)F)n1', 'Cc1nc(-c2cc(Cl)ccc2N)sc1CCO']"
5846,1e-04,0.0,0.0,[]
5847,0.0006,0.6432423,0.24580663442611694,"['Cc1nnc(CSc2nnc(-c3ccc(F)cc3)o2)o1', 'c1cncc(-c2n[nH]c(SCc3ncc(-c4cccs4)o3)n2)c1', 'Cc1ccc(C)c(NC(=O)CSc2nnc(-c3ccoc3C)o2)c1', 'Nn1c(CCc2ccccc2)nnc1SCC(=O)NC1CCCC1', 'CCc1nnc(CSc2nnc(-c3ccccc3)n2CC)o1', 'CCc1nnc(NC(=O)COc2cccc(Br)c2)s1']"
5848,1e-04,0.0,0.0,[]
5849,0.0032,0.30394202,0.8682286143302917,"['COC1(C)CC(NC(=O)CCNC(=O)C(C)(C)C)C1(C)C', 'CC1CN(C(=O)C2CCN(C(=O)C(C)(C)C)CC2)CC(C)O1', 'CCC(OC)C(=O)NC1CCN(C(=O)C(C)(C)C)CC1', 'CS(=O)(=O)N1CCOC2CN(C(=O)C3CC(F)(F)C3)CC2C1', 'O=C(C1CCCC(C(F)(F)F)C1)N1CCC(O)(C(F)(F)F)CC1', 'COC(CNC(=O)N1CCN(C(C)C(F)(F)F)CC1)C(C)C', 'COc1ccc(F)c(NC(=O)C2CCCN(C(=O)C(C)(C)C)C2)c1', 'CC1CN(C(C(=O)N2CCc3cc(F)ccc3C2)C(C)C)CC(C)O1', 'Cc1cccc(CC(=O)NCC2CCCN(C(=O)OC(C)(C)C)C2)c1', 'CC(C)CC(NC(=O)CC(C)(C)C)C(=O)N1CCc2ncccc2C1']"
5850,0.0072,0.17670679,0.8381578922271729,"['CC(=O)NC(Cc1c[nH]c2ccccc12)C(=O)NC(C)C(C)C', 'CCCCC(NC(N)=O)C(=O)N1CCCC1c1cnn(C)c1', 'CC(=O)NC(CC(=O)Nc1c[nH]ccc1=O)c1ccc(Cl)cc1', 'CC(O)C(NC(=O)OCc1ccccc1)C(N)=O', 'Cn1ccsc1=NC(=O)CCCNC(=O)OCc1ccccc1', 'O=C(Cc1c[nH]c2ccccc12)NC1CCCN(c2ccccc2)C1=O', 'CC(=O)NC(CC(=O)NCCO)c1cccs1', 'CC(NC(=O)C(C)(C)C)C(=O)OC(C)C(=O)c1c[nH]c2ccccc12', 'CC(C)C(NC(=O)c1ccco1)C(=O)NC(C)C(C)n1cncn1', 'CC(NC(=O)c1n[nH]c2ccccc12)C(=O)NCC(=O)NC1CC1']"
5851,1e-04,0.0,0.0,[]
5852,0.0004,0.44278014,0.6324124932289124,"['COC(=O)c1sc(NC(=O)CSc2nnnn2C)nc1C', 'C=CCOC(=O)c1sc(NC(=O)c2snnc2C)nc1C', 'CCOC(=O)c1sc(NC(=O)CCc2c(C)noc2C)cc1C', 'CCOC(=O)c1sc(NC(=O)c2cc(C)cc(C)n2)nc1C']"
5853,1e-04,1.0,0.0,['CCc1ccc2[nH]c(=O)c(CN(Cc3ccc(C)cc3)C(C)=O)cc2c1']
5854,1e-04,0.0,0.0,[]
5855,0.0003,0.47423986,0.5738289952278137,"['O=c1[nH]c(=O)n(-c2nc3ccccc3o2)cc1Cl', 'O=c1[nH]c(=O)n(Cc2nc(-c3cccs3)no2)cc1Cl', 'Cc1nc(=O)c2cccnc2n1C1=CCN(C(=O)c2ccccn2)CC1']"
5856,1e-04,0.0,0.0,[]
5857,1e-04,1.0,0.0,['CCCOC(=O)Cn1cnc2sc(C(N)=O)c(C)c2c1=O']
5858,0.0454,0.2797588,0.5765620470046997,"['CCCS(=O)(=O)N1CCN(S(=O)(=O)C2CC2)CC1', 'CS(=O)(=O)N1CCN(Cc2ccsc2)CC1', 'CS(=O)(=O)N1CCN(C(=O)Nc2ccccc2Cl)CC1', 'Cc1cccc(C)c1OCCCNS(=O)(=O)N1CCCCC1', 'CN(C)S(=O)(=O)N1CCN(CCOc2ccccc2Cl)CC1', 'NS(=O)(=O)N1CCN(C(=O)c2cc(F)cc(F)c2)CC1', 'NC(=O)c1ccc(S(=O)(=O)N2CCCCC2)cc1', 'CCOC(=O)N1CCN(CCCc2ccccc2)CC1', 'CCNC(=O)N1CCN(Cc2cccc(F)c2F)CC1', 'CCOC(=O)N1CCN(Cc2ccc(Cl)cc2)CC1']"
5859,0.3121,0.16385674,0.7262228727340698,"['CCN(CC)C(=O)NC1C(NC(=O)N(CC)CC)N(C)C(=O)N1C', 'CC(=O)NC1=NC(=O)C2=NCN(COCCO)C2=N1', 'O=C(CCN1CCOC1=O)NC1CCCNC1=O', 'CC(=O)NCC(=O)NCC(=O)Nc1ccccc1Cc1ccccc1', 'CC(=O)Nc1nonc1-n1nnc(C(=O)NCc2ccccc2)c1C', 'CSc1cccc(NC(=O)Nc2c[nH]c(=O)[nH]c2=O)c1', 'CCOC(=O)C12CCC(=O)N1c1ccccc1C(=O)N2C', 'O=C(CCC1NC(=O)c2ccccc2N=C1O)Nc1ccccn1', 'CCOC(=O)CNc1nnnn1C1OC(CO)C(O)C1O', 'CCOC(=O)C1=C(Cn2nnc3ccccc3c2=O)NC(=O)NC1']"
5860,1e-04,0.0,0.0,[]
5861,1e-04,0.0,0.0,[]
5862,1e-04,0.0,0.0,[]
5863,1e-04,0.0,0.0,[]
5864,1e-04,0.0,0.0,[]
5865,1e-04,1.0,0.0,['O=C(CCc1nc2ccccc2[nH]1)CCc1nc2ccccc2[nH]1']
5866,0.0015,0.5217921,0.6166748404502869,"['O=c1cc(C2CCC2)ncn1CC#Cc1cccc(Cl)c1', 'COc1cccc(S(=O)(=O)NCC#CCOc2cccnc2)c1', 'COc1ccc(NC(=O)NCC#CCN2CCOCC2)c(OC)c1', 'CNC(=O)c1ccccc1C#CCNC(=O)CCC(=O)c1ccccc1', 'C#CCN1CCN(CC(=O)Nc2ccccc2SCC=C)CC1', 'COc1ccc(NC(=O)NCC#Cc2ccccc2N(C)C)cc1', 'Cc1ccccc1C1CC(O)C(O)C1NC(=O)C(C)C', 'CC(C)C(=O)NCC#CCOc1cccc2cccnc12', 'CS(=O)(=O)N1CCCCC1C(=O)NCC#Cc1ccccc1', 'COc1ccc(CCC(=O)NCC#Cc2ccccc2)cc1OC']"
5867,1e-04,0.0,0.0,[]
5868,1e-04,0.0,0.0,[]
5869,0.0891,0.34427628,0.5495939254760742,"['Cc1ccc(-c2nn(Cc3nncn3C)cc2Br)cc1', 'CCOC(=O)c1cn(CC)c2cc(OCC)c(F)cc2c1=O', 'CCOC(=O)c1sc(C)c2c1NC(C)N(Cc1ccccc1)C2=O', 'CCOC(=O)c1cn(Cc2ncccc2C)c2nc(C)ccc2c1=O', 'Cc1ccc(Cc2nc(C)c(CCO)s2)c(C)c1', 'CC(=O)c1[nH]c2c(C)cccc2c1Br', 'CCOC(=O)c1cc(CC)sc1NC(=O)c1ccc2c(c1)OCO2', 'COC(=O)Cc1cc(C)nc2c(F)c(F)c(F)cc12', 'c1ccc(-c2csc(CNCCc3ccccn3)n2)cc1', 'Cc1cc(C)n2nc(Cc3nc(-c4ccncc4)no3)nc2n1']"
5870,1e-04,0.0,0.0,[]
5871,1e-04,0.0,0.0,[]
5872,1e-04,0.0,0.0,[]
5873,1e-04,1.0,0.0,['C#CCN1CCN(CC(=O)Nc2ccccc2SCC=C)CC1']
5874,1e-04,0.0,0.0,[]
5875,1e-04,1.0,0.0,['C=CCN1C(=O)C(C)NC12CCN(C(=O)C1CCC1)CC2']
5876,1e-04,1.0,0.0,['CCN(CC)C(=O)NC1C(NC(=O)N(CC)CC)N(C)C(=O)N1C']
5877,1e-04,0.0,0.0,[]
5878,1e-04,1.0,0.0,['C=CCc1c(OCC(=O)NC2CC2)ccc2nc3n(c(=O)c12)CCC3']
5879,1e-04,0.0,0.0,[]
5880,1e-04,0.0,0.0,[]
5881,0.4269,0.20266339,0.6699094772338867,"['CN(C(=O)NCc1ccccc1F)C1CCCC1', 'CC(NC(=O)NCc1ccccc1Cl)C1CCCO1', 'CC(NC(=O)N(C1CC1)C(C)c1ccco1)c1ccccn1', 'CC(NC(=O)NC(C1CC1)C1CC1)c1ccccc1', 'CC(C)(C)C1CCC(C(=O)NCCCn2cccn2)CC1', 'CN1C(=O)C(C(=O)Nc2ccccc2Br)c2ccccc21', 'O=C(NCCOc1ccccc1F)C(c1cccnc1)N1CCCC1', 'CCC(C)NC(=O)C(Sc1nnnn1C1CCCC1)C(C)C', 'CCCOCC(=O)NC(c1cccs1)c1cccs1', 'CCOC(=O)NC(C(=O)Nc1cccnc1)C(C)C']"
5882,1e-04,0.0,0.0,[]
5883,1e-04,0.0,0.0,[]
5884,1e-04,0.0,0.0,[]
5885,1e-04,0.0,0.0,[]
5886,1e-04,0.0,0.0,[]
5887,1e-04,0.0,0.0,[]
5888,1e-04,0.0,0.0,[]
5889,1e-04,0.0,0.0,[]
5890,1e-04,0.0,0.0,[]
5891,1e-04,0.0,0.0,[]
5892,1e-04,0.0,0.0,[]
5893,0.0327,0.22958082,0.7029204964637756,"['CCC(=O)Nc1cccc(C(=O)Oc2cccc(C(=O)NC)c2)c1', 'CCOc1cccc(C(=O)Nc2cccc(C(=O)N3CCCC3)c2)c1', 'Cc1ccc(O)c(C(=O)Nc2cccc(C(=O)NC3CC3)c2)c1', 'C=CCNC(=O)Nc1ccc(C(=O)N2CCCC2c2ccccc2)cc1', 'O=C(Nc1cccc(O)c1)c1cccc(C(=O)Nc2cccc(O)c2)c1', 'O=C(Nc1ccccc1)Nc1cccc(C(=O)N2CCCCCC2)c1', 'CCC(C)(C)NC(=O)CNc1ccc(C(=O)N2CCCC2)cc1C', 'COc1cccc(C(=O)Nc2cccc(C(=O)NC3CC3)c2)c1F', 'CCC(C)C(=O)NCc1ccc(C(=O)NC2CC2)cc1', 'CN(C)C(=O)CNc1cccc(C(=O)N2CCCCCC2)c1']"
5894,0.4111,0.22942524,0.6531724333763123,"['C=CCn1c(Oc2ccccc2F)nc2c1c(=O)n(C)c(=O)n2C', 'O=C1CCCc2c1c(Cc1ccccc1)nn2CCO', 'CCc1nc(CC(=O)Oc2ccccc2OC)cs1', 'OC(Cc1cnccn1)(c1ccccc1)c1ccccc1', 'O=c1c(-c2ccccc2)c(N2CCN(c3ccccc3)CC2)c1=O', 'CCc1nnc(NC(=O)Cn2ncc3c2c(C)nn3C)s1', 'O=C(Cc1ccc(F)cc1F)N(CC1CC1)CC1CC1', 'COc1ccc(Br)cc1CC(O)CC(F)(F)F', 'COc1ccc(CCC(=O)NC2CCCc3c2cnn3C)cc1', 'CC(C)(C)CC(=O)NCCC(=O)NCc1cccnc1']"
5895,0.0211,0.3004955,0.6872390508651733,"['COc1ccc(C)cc1NC(=O)c1cnn2c(C)cc(C)nc12', 'COc1c(F)cc(NC(=O)Cc2nc3nc(C)cc(C)n3n2)cc1F', 'COc1ccc(NC(=O)c2cnn3c(C)cc(C)nc23)cc1OC', 'CCOc1ncccc1CNC(=O)c1nc2nc(C)cc(C)n2n1', 'COc1ccc(C)cc1NC(=O)c1cnc2sc(C)c(C)n2c1=O', 'CCOC(=O)C(C)(C)N(C)Cc1cnc2nc(C)cc(C)n12', 'CCCn1c(=O)c2c(nc3n(C)c(C)c(C)n23)n(C)c1=O', 'COc1cccc(CNc2cc(C)nc3cc(C)nn23)c1OC', 'CCC1CCN(C(=O)CCc2nc3sc(C)c(C)c3c(=O)[nH]2)CC1', 'CCc1ccc(OC(=O)c2nc3nc(C)cc(C)n3n2)cc1']"
5896,0.0023,0.29918796,0.912362277507782,"['O=C1CCCN1c1cccc(NCc2ccc(F)cc2)c1', 'O=C1CCCN1c1cccc(NCc2ccccc2OC(F)F)c1', 'O=C1OCCN1c1cccc(NC(=O)N(Cc2ccco2)C2CC2)c1', 'CC1CCCCN1c1csc2ccc(F)cc2c1=O', 'CC1CCCCN1c1nc(C(F)(F)F)cc(=O)[nH]1', 'CC1COCC(C)N1Cc1coc(-c2cccc(F)c2)n1', 'CC1CC1NC(=O)c1cc(N2CCCC2=O)ccc1Cl', 'O=C1CCCN1CCC(=O)N1CCOC(CCCc2ccccc2)C1', 'OCCC1CCCCN1c1nc2ccccc2s1', 'CCCCC1C(=O)N(C)CCN1c1ccc(-c2nc(C)no2)cn1']"
5897,1e-04,0.0,0.0,[]
5898,1e-04,0.0,0.0,[]
5899,1e-04,0.0,0.0,[]
5900,1e-04,0.0,0.0,[]
5901,1e-04,0.0,0.0,[]
5902,1e-04,1.0,0.0,['C=C(C)n1c(=O)n(C2CCCCC2O)c2ccccc21']
5903,1e-04,0.0,0.0,[]
5904,0.0077,0.23862791,0.9431979656219482,"['Cc1ccncc1NC(=O)N1CCNC(=O)CC1c1ccccc1', 'COc1ccc(NC(=O)N2CCN3C(=O)CNC(=O)C3C2)c(C)c1', 'Cc1nc(C)c(C(=O)N2CCNC(=O)C2c2ccccc2Cl)s1', 'COc1ccc(C(=O)N2CCNC(=O)C2Cc2ccccc2)cc1F', 'CC(C)CCC(NC(=O)N1CCNC(=O)C1)c1ccc(Cl)cc1', 'CCc1nn(C)c(CC)c1CN1CCNC(=O)CC1c1ccccc1', 'COc1ccc(-c2nc(CN3CCNC(=O)C3)cs2)c(OC)c1', 'CC(C)n1cc(Br)cc1C(=O)N1CCNC(=O)C1', 'CC(Cn1cncn1)NC(=O)C1CCN(C)C(=O)C1', 'CC(C)C(=O)c1ccccc1NC(=O)C1CCNC(=O)C1']"
5905,1e-04,0.0,0.0,[]
5906,1e-04,1.0,0.0,['Cc1cc2c(nc1C)oc1c(=O)n(Cc3ccc(F)cc3)cnc12']
5907,0.0155,0.36479107,0.6047140955924988,"['N#Cc1nnn(Cc2c(F)cccc2Cl)c1C1CC1', 'N#Cc1ccc(Sc2ncnc3nc[nH]c23)cc1Cl', 'N#Cc1ccc(SC2CCc3ccccc32)nc1', 'N#Cc1cnc(CCOc2ccccc2Cl)nc1N', 'N#Cc1ccccc1OCCOc1ccccc1F', 'N#Cc1nnn(-c2ccccc2)c1-c1ccccc1F', 'N#Cc1nc2cc(F)ccc2n1-c1cccc(F)c1', 'N#Cc1nccnc1Sc1nc2ccccc2s1', 'N#Cc1nn(-c2ccc(Cl)cc2)c(=O)cc1Cl', 'N#Cc1cnc(CCOc2cccc(Cl)c2)nc1N']"
5908,1e-04,0.0,0.0,[]
5909,1e-04,0.0,0.0,[]
5910,1e-04,1.0,0.0,['COCCCNC(=O)COc1ccccc1Cl']
5911,0.0101,0.39106804,0.6439775228500366,"['O=C(COC(=O)c1cc2c(s1)CCC2)c1ccc[nH]1', 'c1nc(C2NCCc3ccc4c(c32)OCCO4)n[nH]1', 'O=C(CCNC(=O)c1cnn2c1OCCC2)Nc1nccs1', 'Cc1ncsc1CCNc1ccc2c(c1)CCC2', 'Cn1ncc2c(SCc3cccc4c3OCCO4)ncnc21', 'COc1ccc(NCc2ccc3c(c2)CCO3)cn1', 'COCCn1nc(-c2ccc3c(c2)OCO3)ccc1=O', 'c1ncc(C2NCCc3ccc4c(c32)OCO4)cn1', 'CC(C)NC(=O)c1ccc2c(c1)CCN2S(=O)(=O)c1ccccc1', 'O=C(CSc1ncnc2sc3c(c12)CCCC3)N1CCCC1']"
5912,1e-04,0.0,0.0,[]
5913,0.5532,0.23466031,0.6757864356040955,"['Cc1cccc(OCC(C)NC(=O)NC2c3ccccc3CC2O)c1', 'CCC(CCO)NC(=O)Nc1cccc(C(C)=O)c1', 'CCC(CCO)NC(=O)Nc1cccc(NC(C)=O)c1C', 'O=C(Nc1ccccc1Br)NC1c2ccccc2CC1O', 'O=C(Nc1nc(Cc2ccccc2)cs1)NC1C=CC(CO)C1', 'CSc1ccc(NC(=O)NC2CCCC2(C)CO)cc1Cl', 'CCCc1nnc(NC(=O)CCC(=O)NC2CCCCCC2)s1', 'CCC(=O)Nc1cccc(NC(=O)c2snnc2CC)c1', 'CS(=O)(=O)N1CCC(C(=O)Nc2onc3c2CCC3)CC1', 'CCC1C(=O)Nc2c(F)cc(C(O)Cc3ccccc3)cc21']"
5914,0.12,0.38103926,0.4612436592578888,"['Cc1cn2c3c(=O)n(C)c(=O)n(C)c3nc2n1C1CCCCC1', 'Cc1cc(=O)[nH]c(Sc2nc(C)cc(=O)[nH]2)n1', 'CCc1ccc2c(Cn3cnc(C4CCC4)cc3=O)cc(=O)oc2c1', 'O=C(NCc1cc(=O)[nH]c2ccccc12)c1ccc(=O)[nH]c1', 'CC(C)n1c(N)c(CN2CCOCC2)c(=O)[nH]c1=O', 'CC(Oc1ccc(F)cc1)C(=O)OCc1cc(=O)n(C)c(=O)n1C', 'Cn1c(=O)c(=O)n(C)c2cc3c(cc21)ncn3Cc1ccccc1', 'CC(Cn1ccnc1)NC(=O)c1ccc2c(=O)n(C)c(=O)n(C)c2n1', 'CC(c1cccc(Cl)c1)N(C)C(=O)Cn1ccc(=O)n(C)c1=O', 'C=CCn1c(=O)c2c(nc(-c3ccccc3)n2C)n(C)c1=O']"
5915,0.001,0.5548766,0.5391135811805725,"['Cc1nc(C(F)(F)F)nc(N2Cc3cnn(CCO)c3C2)c1C', 'Cc1nc(C(C)(C)C)sc1C(=O)N1CCCC(C(=O)NC2CC2)C1', 'Cc1cc(C(F)(F)F)c2c(C(N)=O)cn(C(C)(C)C)c2n1', 'Cn1nc(C(F)(F)F)c(C#N)c1Oc1ccccc1', 'Nc1cc(C(F)(F)F)ccc1NCCN1CCOCC1', 'Cn1nc(C(F)(F)F)cc1C(=O)NCc1ccccc1', 'Cc1nn(C(C)(C)C)c(C)c1C(=O)NCCCOc1ccccc1F', 'Cc1nn(C(C)(C)C)c(=O)n1Cc1csc(C2CC2)n1', 'Cc1cc(C(F)(F)F)n(-c2nc(Cn3cccn3)cs2)n1', 'Cc1cc(C(F)(F)F)nn1CC(C)C(=O)Nc1ccn(C)n1']"
5916,1e-04,1.0,0.0,['Cc1nc(CC(=O)N2CCC3(CC2)c2ccccc2CC3O)cs1']
5917,1e-04,0.0,0.0,[]
5918,1e-04,0.0,0.0,[]
5919,1e-04,0.0,0.0,[]
5920,0.0224,0.48657542,0.4222271740436554,"['Cc1ccc(OCCCCO)c(Br)c1', 'Cc1ccc(O)c(NC(=O)c2cnn3cc(Br)cnc23)c1', 'CCc1cc(OC2CNC(C(=O)OC)C2)ncn1', 'O=C(CCCOCC1CCOCC1)c1ccccc1', 'Cc1ccc(OCC(O)CN2CCOCC2)c(C(C)(C)C)c1', 'Brc1ccc(Oc2cnccn2)cc1', 'Cc1ccc(OCC(O)Cn2cnc(C)c(C)c2=O)cc1', 'COc1cc(OC)cc(-c2nn3cc(N)nc3s2)c1', 'Cc1ccc(O)c(C(=O)Nc2cccc(C(=O)NC3CC3)c2)c1', 'Cc1ccc(OCC(=O)NC2CC3CCC2C3)cc1C']"
5921,1e-04,0.0,0.0,[]
5922,1e-04,0.0,0.0,[]
5923,1e-04,0.0,0.0,[]
5924,1e-04,0.0,0.0,[]
5925,1e-04,0.0,0.0,[]
5926,0.0185,0.46353975,0.5296958088874817,"['Cc1ccc(-c2cnn3cc(C(N)=O)cnc23)cc1', 'Nc1cccn2cc(-c3ccc4c(c3)OCO4)nc12', 'O=C(NCc1cnn2ccccc12)c1cccc(Cl)c1', 'Cc1cccn2cc(-c3ccc4c(c3)OCO4)nc12', 'CC(C)(C)c1nnc(SCc2cn3ccccc3n2)o1', 'Nc1cccn2cc(-c3ccc4c(c3)OCCCO4)nc12', 'Cc1cc(N)nc(SCc2cn3cccc(C)c3n2)n1', 'O=C(Cn1cnc2ccccc21)NCc1cnn2ccccc12', 'Nc1c(Cl)cc(NC(=O)c2cnn3cccnc23)cc1Cl', 'O=C(NCCc1cn2ccccc2n1)c1ccc(N2CCCC2=O)cc1']"
5927,1e-04,0.0,0.0,[]
5928,1e-04,0.0,0.0,[]
5929,1e-04,0.0,0.0,[]
5930,1e-04,0.0,0.0,[]
5931,1e-04,0.0,0.0,[]
5932,1e-04,0.0,0.0,[]
5933,0.002,0.2058957,0.9999788999557495,"['c1csc(CCN2CN=C(Nc3nc4ccccc4o3)NC2)c1', 'Cc1ccn2c(=NC(=O)Cn3c(=O)oc4ccccc43)[nH]nc2c1', 'Cc1csc(=NC(=O)c2cc(-n3cnnn3)ccc2Cl)[nH]1', 'CCN1CCN(C2=NC(=O)CC(C(=O)Nc3ccccc3)N2)CC1', 'CC(C)(C)n1c(=NC(=O)c2cnn3cccnc23)[nH]c2ccccc21', 'C#CCN1CCN(C(=O)NCCNC(=O)CC2CCCC2)CC1', 'Cc1nc(C2(NC(=O)NCc3cc(C#N)ccc3F)CCCC2)no1', 'Cn1cc(NC(=O)NCC(c2ccc(F)cc2)N2CCOCC2)cn1', 'O=C(N=c1[nH]c2ccccc2[nH]1)c1noc2c1CCCCC2', 'CCCCc1ccc2c(c1)S(=O)(=O)N=C(NCC(C)O)N2']"
5934,0.0019,0.32196838,0.8400146961212158,"['Cc1nc2ncnn2c(C)c1CCC(=O)NC(C)C1CCCO1', 'Cc1nc2cc(=O)[nH]n2c(C)c1CC(=O)OCC1CC=CCC1C', 'Cc1nc2cc(=O)[nH]n2c(C)c1CNC(=O)CCc1ccccc1', 'Cc1nc2ncnn2c(Nc2ccc(F)cc2)c1Cl', 'Cc1nc2c(c(C)nn2C)c(C)c1CCC(=O)N1CCOCC1', 'Cc1nc2ccccc2c(C)c1CC(=O)NCCC(=O)OC(C)C', 'Cc1[nH]c2c(-c3cccnc3)cnn2c(=O)c1C1CCCC1', 'Cc1nc2c(C)cccn2c(=O)c1NC(=O)C1CCCCC1', 'Cc1nc2ncnn2c2ccn(Cc3ccccn3)c(=O)c12', 'CCCc1c(C)nc2ncnn2c1Sc1ccc(NC(C)=O)cc1']"
5935,0.0004,0.6183746,0.18452852964401245,"['CC(C)(C)OC(=O)N1CCc2nc(-c3ccccn3)ncc2C1', 'CC(=O)N1CCc2nc(-c3ccccn3)nc(N3CCOCC3)c2C1', 'CCCCS(=O)(=O)N1CCc2nc(-c3ccccc3)ncc2C1', 'COCCC(=O)NC1CCCc2nc(N(C)C)ncc21']"
5936,1e-04,0.0,0.0,[]
5937,1e-04,1.0,0.0,['O=S(=O)(c1ccccc1)n1nnc2ccccc21']
5938,1e-04,0.0,0.0,[]
5939,1e-04,0.0,0.0,[]
5940,1e-04,0.0,0.0,[]
5941,0.001,0.37238294,0.8367332220077515,"['CCOCC1CCN(C(=O)C2C3CCCCC32)C1', 'Cc1ccc(NC(=O)C2C3CCCC32)cc1S(C)(=O)=O', 'Cn1cnc(CNC(=O)NCC2C3Cc4ccccc4C23)n1', 'COc1cccc(F)c1C(=O)NC1CCC2CCCC21', 'COC(=O)NCCCC(=O)N1CC2CCCCC21c1ccccc1', 'N#CCOc1cccc(CC(=O)NCC2Cc3ccccc32)c1', 'O=C(c1cccs1)N1CC(OCC2CCOCC2)C2COCC21', 'COc1ccc(C(=O)C2C3C(=O)C4OCC(O4)C23)cc1', 'CC1(C)C(NC(=O)NCCc2ccc3c(c2)CCO3)C2CCOC21', 'O=C(NC1CCC2CCCC21)c1ccccc1N1CCOCC1']"
5942,0.0008,0.37676507,0.7586761116981506,"['Cc1n[nH]c2c(N3CCN(c4ncccn4)CC3)ncnc12', 'CCc1cc2c(N3CCCC(CO)C3)ncnc2s1', 'c1ccc2nc(N3CCC(c4nnc5n4CCC5)CC3)cnc2c1', 'Cn1ncc2c(N3CCC4(CC3)OCCO4)ncnc21', 'Cc1ccc2oc(N3CCN(C(=O)CC(C)(C)C)CC3)nc2n1', 'Cc1ccc2oc(N3CCCC(c4noc(C)n4)C3)nc2c1', 'Cc1cc2c(N3CCN(C(=O)OC(C)(C)C)CC3)cccc2cn1', 'Cc1cccc2[nH]c(C3CCN(C(=O)C(C)n4ccnc4)CC3)nc12']"
5943,1e-04,0.0,0.0,[]
5944,1e-04,0.0,0.0,[]
5945,0.0196,0.23567215,0.8719894886016846,"['CC(C)c1ccc(CN(C)Cc2nc(N)nc(N)n2)cc1', 'CCCCCNC(=O)CSc1nc(N)cc(N)n1', 'CN(Cc1ccc(C(C)(C)C)cc1)Cc1nc(N)nc(N)n1', 'Cc1ccccc1-c1noc(=O)n1Cc1nc(N)nc(N)n1', 'CCCc1nnc(NC(=O)CSc2nc(N)cc(N)n2)s1', 'CC(C)(C)C(NCc1nc(N)nc(N)n1)c1ccc(F)cc1', 'COc1ccc(O)cc1Cc1cnc2nc(N)nc(N)c2c1C', 'CS(=O)(=O)N1CCN(C(=O)CSc2nc(N)cc(N)n2)CC1', 'Cc1ccc(CSc2nnc(N)n2C(C)C)o1', 'Cc1ccccc1CCc1noc(N)c1-c1ccccn1']"
5946,0.0052,0.29800197,0.870424747467041,"['CCc1[nH]c(C(=O)Nc2ccc(OC)nc2)c(C)c1C(=O)OC', 'CCc1[nH]c(C(=O)Nc2ccc3c(c2)COC3)c(C)c1C(=O)OC', 'CCc1[nH]c(C(=O)N2CCCC2(C)C)c(C)c1C(=O)OC', 'CCCc1[nH]nc(C(=O)N(CCCO)C(C)C)c1N', 'Cc1[nH]c(C(=O)N2CCOC(C)(C)C2)c(C)c1C(=O)OC(C)C', 'COc1c[nH]c(CSc2ccc(F)cc2)cc1=O', 'CCc1[nH]c(C(=O)N(CC)CC)c(C)c1C(=O)OC', 'Cc1[nH]c(NC(=O)CSc2nccn2C)c(C#N)c1C', 'CCOC(=O)c1[nH]c(C)c(C(=O)OC2CC(C)OC2=O)c1C', 'Cc1[nH]c(SCC(=O)N2CCNC(=O)C2)nc1Cc1ccccc1']"
5947,1e-04,0.0,0.0,[]
5948,1e-04,0.0,0.0,[]
5949,1e-04,0.0,0.0,[]
5950,1e-04,0.0,0.0,[]
5951,1e-04,0.0,0.0,[]
5952,1e-04,0.0,0.0,[]
5953,0.0002,0.5,0.0,"['COc1ccc(C2NC(=O)NC=C2c2nc3ccccc3s2)cc1', 'CCOC(=O)c1ccc(N2C(=O)CC(C(=O)OC)=C2C)cc1']"
5954,1e-04,0.0,0.0,[]
5955,0.0154,0.4064463,0.573601484298706,"['COc1cc(C(C)=O)ccc1OC(=O)Cc1cccs1', 'CCn1ccnc1COc1ccc(Cl)cc1C(C)=O', 'COc1cc(C(C)=O)ccc1OC(=O)COc1ccc(F)cc1', 'CCOc1cccc(CNc2ccc(C(C)=O)cc2)c1', 'COc1cc(COC(C)=O)c(O)c2c1CCCC2', 'COc1ccc(C(C)=O)cc1CC(=O)NCc1ccccc1Cl', 'CCc1ccc(-n2cc(C(C)=O)c(=O)cc2C)cc1', 'COc1ccc(C(C)=O)cc1CN1Cc2ccccc2CC1C(N)=O', 'COc1ccc(C(C)=O)c(OC(=O)c2ccncc2F)c1', 'COC(=O)CCC(=O)Oc1ccc(C(C)=O)cc1']"
5956,0.1845,0.40552622,0.40927743911743164,"['c1ccc2oc(CCNc3ncnc4[nH]cnc34)nc2c1', 'COc1cc(Cl)c(C)cc1-n1nncc1CO', 'Clc1cc(NCc2nccs2)nc2[nH]ccc12', 'Cc1ccc(N2C(=O)Cn3c2nc2c3c(=O)n(C)c(=O)n2C)cc1F', 'CC(C)OCc1ccccc1CNc1ncccn1', 'CCOCCCNc1ncnc2c1nc1n2CCCC1', 'CCCOc1ccccc1-c1csc2nnc(CC#N)n12', 'CCCCNC(=O)N1CCCC(c2n[nH]cc2NC(=O)NCC)C1', 'Cc1ccc2oc(N3CCCC(c4noc(C)n4)C3)nc2c1', 'Cc1cc(C)c(C(=O)CSc2n[nH]c(N)n2)cc1C']"
5957,1e-04,0.0,0.0,[]
5958,1e-04,0.0,0.0,[]
5959,0.007,0.62996054,0.22980093955993652,"['c1csc(-c2oncc2CSc2nc(C3CC3)n[nH]2)c1', 'Cc1sc2ncnc(NCCn3cccn3)c2c1C', 'c1csc(CN2CCOC(c3cccs3)C2)c1', 'Cc1occc1-c1nnc(NCc2ccc(F)cc2)o1', 'Cc1sc2ncnc(Sc3nc(C(C)C)n[nH]3)c2c1C', 'Cc1oc2ncnc(NC(=O)c3cnc4n3CCCC4)c2c1C', 'Cc1occc1-c1nn(Cc2ccccc2F)c(=O)o1', 'Cc1oncc1C(=O)Nc1cc(Cl)ccc1N', 'Cc1oncc1C(=O)Nc1ccc(Br)cc1F', 'c1csc(C2CSc3nnc(C4CCCCC4)n3N2)c1']"
5960,0.0019,0.42482355,0.610167384147644,"['CC(Cc1cccs1)NC(=O)c1cccc(S(C)(=O)=O)c1', 'CC(Cn1cccn1)NC(=O)CCc1ccc(S(N)(=O)=O)cc1', 'Cc1ccc(C(=O)NC(C)c2cccc(S(N)(=O)=O)c2)c(C)c1', 'CC(Cn1cccn1)NC(=O)NCc1ccc(S(C)(=O)=O)cc1', 'CC(NC(=O)c1ccc(C(N)=O)cc1)c1cccc(C(F)(F)F)c1', 'CCCN(CC1CC1)S(=O)(=O)c1cccc(S(N)(=O)=O)c1', 'Cc1ccc(F)cc1NC(=O)NC1CCCN(S(C)(=O)=O)C1', 'Cc1ccc(C(C)NC(=O)Cn2ccc(=O)[nH]c2=O)o1', 'CCCN(Cc1ccccc1)C(=O)Cn1ccc(=O)[nH]c1=O', 'CCCCc1ccc(NC(=O)CCn2ccc(=O)[nH]c2=O)cc1']"
5961,0.1212,0.48590028,0.3525107502937317,"['CCn1c(SCc2nccn2C)nnc1-c1ccco1', 'CCN(CC1Oc2nocc2NC1=O)C(=O)OC', 'COC(=O)Cn1c(=O)[nH]c2sc3c(c2c1=O)CCCC3', 'CCOC(=O)c1nc2ccccc2c(Cl)c1N', 'O=C(NCCCn1cc(Br)cn1)c1ccco1', 'OCCSc1ccc2nnc(-c3ccccc3)n2n1', 'C=CCN1CCn2ncc(C(=O)N3CCc4ccccc4C3)c2C1', 'CCC1COCCN1Cc1cc(C(N)=O)cs1', 'OCc1cn(Cc2noc(-c3ccsc3)n2)nn1', 'CCc1nc(Cn2cnc3c(nnn3-c3ccccc3)c2=O)cs1']"
5962,1e-04,0.0,0.0,[]
5963,1e-04,0.0,0.0,[]
5964,1e-04,0.0,0.0,[]
5965,0.0019,0.33216646,0.8088611960411072,"['CC1CCC(Oc2cc3c(cc2N)OCCO3)CC1', 'CC(C#N)CN(C)Cc1cc2c(cc1Br)OCCO2', 'CCN(CC1CC1)C(=O)Nc1cc2c(cc1SC)OCCO2', 'CC1CCCN(C(=O)Nc2cc3c(cc2Cl)OCCCO3)C1', 'CCc1noc(C)c1C(=O)Nc1cc2c(cc1C(C)=O)OCO2', 'CCC(=O)Nc1cc2c(cc1OC)C(c1ncnn1CC)CC(=O)N2', 'Cc1ccccc1NS(=O)(=O)c1cc2c(cc1C)n(C)c(=O)n2C', 'CC(=O)Nc1cc2c(s1)C1(CCCCC1)CC(=O)N2', 'COCCn1c2c(ccc1=O)CCN(C(=O)Cc1ccsc1)CC2', 'Nc1cc2c(cc1SCc1ccccc1)NC(=O)C2']"
5966,0.0004,0.34546348,1.0375434160232544,"['CC1=CCC2CN(c3nc(C)ccc3C(N)=O)CC2C1', 'CCCN1CNc2c(c(=O)[nH]c(=O)n2Cc2ccccc2)C1', 'CC(C)(C)c1csc(CN2CCN(C(=O)c3ccco3)CC2)n1', 'CCOc1ccc(C2=CCN(C(=O)c3ccc[nH]3)CC2)cc1']"
5967,0.0027,0.58283705,0.436148464679718,"['COC(C)(C)CC(C)(NCC(F)(F)F)C(N)=O', 'COC(C)(C)c1noc(CNS(=O)(=O)c2cccs2)n1', 'COC(C)C(=O)NC(c1nc2ccccc2[nH]1)C(C)C', 'COC(C)c1nc(C)c(C(=O)N2CCOc3ccc(F)cc32)s1', 'COC(C)C(=O)NCC1(c2ccc(F)cc2)CCCC1', 'COC(C)C(=O)Nc1ccc2nc(C3CC3)sc2c1', 'COC(C)(C)c1noc(-c2cccc(-n3ccnc3)c2)n1', 'COC(C)(C)c1noc(Cn2c(C3CC3)nc3ccccc32)n1', 'COC(C)C(=O)Nc1ccc2nc(N3CCOCC3)sc2c1', 'COC(C)c1nc(CNC2(C(N)=O)CCCCC2)cs1']"
5968,1e-04,0.0,0.0,[]
5969,0.0168,0.4129003,0.6374354958534241,"['O=C(c1cccs1)C1CCCN1C(=O)C1CCCO1', 'CCCNC(=O)C1CCCN1C(=O)Cc1ccccc1', 'CC(C)(C)CC1CCCN1C(=O)c1cscn1', 'Cn1cc(C2CCCCCN2C(=O)c2nn(C)cc2Cl)cn1', 'CC(C)(C)CC1CCCN1C(=O)NCc1nnc2ccccn12', 'COc1cccc(C2CCCN2S(=O)(=O)Cc2ccon2)c1', 'CCCC(C)NC(=O)C1CCCN1S(=O)(=O)c1ccc(C)cc1', 'CC(C)(C)CC1CCCN1C(=O)Nc1ccccn1', 'CCc1nc(C2CCCN2C(=O)c2ccc(OC)nn2)no1', 'CCN(Cc1ccccc1Cl)C(=O)C1CCCN1C(=O)C1CC1']"
5970,0.0075,0.32493606,0.8758601546287537,"['CC(C)c1cc(C(=O)NCC(c2cccs2)N2CCOCC2)n[nH]1', 'Cc1cc(C)cc(C(=O)NCC(c2ccsc2)N2CCOCC2)c1', 'Cn1cc(NC(=O)NCC(c2ccc(F)cc2)N2CCOCC2)cn1', 'Cc1ccnc(N(C)CC(c2cccs2)N2CCOCC2)n1', 'O=C(NCC(c1ccsc1)N1CCOCC1)c1ccc(F)cc1', 'O=C(NCC(c1cccs1)N1CCOCC1)c1cccs1', 'Cn1cc(NC(=O)NC(c2nccs2)C2CC2)cc(Cl)c1=O', 'Cc1ccoc1C(=O)NC(c1ccc(F)cc1)C1CCCO1', 'CC(C)NC(=O)NC(c1ccc(F)cc1)C1CCC1', 'CC(C)C(=O)NC(C)C(c1cccs1)N1CCOCC1']"
5971,1e-04,0.0,0.0,[]
5972,0.0017,0.35915127,0.7389243841171265,"['CC1CCC(CNC(=O)c2scnc2C2CC2)CC1', 'CN(C)C(CNCc1cccc2c1OCO2)c1ccccc1', 'CC(C)CN1CCOC(CNc2nc3ccccc3s2)C1', 'O=C(CNc1cncc(Br)c1)N1CCCCC1', 'Cn1c(CNCc2ccc(Cl)cc2)nc2ccccc21', 'O=C(C1CC1C1CC1)N1CCC(OCc2ccccc2F)CC1', 'CN1CCOC(CNCc2ccccc2N2CCOCC2)C1', 'CC(COc1cccc(F)c1)NC(=O)NCC1CC1C', 'CC(CNC(=O)c1csnn1)c1nc2ccccc2s1', 'OC(CNCc1ccc(F)c(F)c1)c1cccc(C(F)(F)F)c1']"
5973,1e-04,0.0,0.0,[]
5974,1e-04,0.0,0.0,[]
5975,0.0051,0.31964675,0.8843534588813782,"['CCC(NCc1ccc(OC)cc1F)C(=O)OC', 'CCC(C)(NC(=O)Nc1cccc2cccnc12)C(N)=O', 'COCC(NC(=O)c1ccc(SC(F)F)cc1)C(N)=O', 'CCC(C)C(NS(=O)(=O)c1cccc(Br)c1)C(N)=O', 'COCC(NC(=O)C1(c2ccc(F)cc2F)CCCC1)C(N)=O', 'CCC(C)C(NC(=O)COc1ccc2ccccc2c1)C(N)=O', 'CC(NC(=O)c1cccnc1Sc1ccccc1)C(N)=O', 'CCC(C)C(Nc1nc(C)cc(C2CCC2)n1)C(N)=O', 'COCC(NC(=O)c1cccc(-c2ccoc2)c1)C(N)=O', 'CC(NC(=O)c1cc(F)cc2[nH]cnc12)C(N)=O']"
5976,1e-04,1.0,0.0,['O=C(NCCC1=C2C=CC(F)C=C2N=C1)c1ccc2[nH]nnc2c1']
5977,0.002,0.5581522,0.5403343439102173,"['COCC(NC(=O)c1cc(C(C)C)nn1C)c1ccnn1C', 'COCC(NC(=O)c1ccc(SC(F)F)cc1)C(N)=O', 'CCCC(NC(=O)c1cc(C(C)=O)c[nH]1)c1ccccc1', 'CCCC(NC(=O)Cc1ccccc1)C(=O)N1CCN(C(C)C)CC1', 'COCC(NC(=O)c1cccc(-c2ccoc2)c1)C(N)=O', 'C=CC(CC(=O)Nc1cc(C)nn1-c1ccc(C)nn1)c1ccccc1', 'COCC(NC(=O)NC1CCCc2c1cnn2C)c1ccc(C)o1', 'C#CCC(OC(=O)c1ccc(NC(C)=O)cc1)c1ccccn1', 'COCC(NC(=O)c1cc(-c2ccc(F)cc2)[nH]n1)C(N)=O', 'COCC(NC(=O)C1(c2ccc(F)cc2F)CCCC1)C(N)=O']"
5978,0.0012,0.39399043,0.628879189491272,"['Cc1nc2cc(COC(=O)CNC3CC3)ccc2n1C', 'Cc1[nH]nc(CCC(=O)NC(C)Cc2cccs2)c1C', 'CCc1ccc(NC(=O)c2ccc(CNC(C)=O)cc2)cc1', 'COc1ncnc(OC)c1CNc1ccccc1C', 'CC(C(=O)Nc1c[nH]ccc1=O)n1cnc2ccccc21', 'CC(C)Oc1ccccc1CN1CCOCC1C1CC1', 'COc1cc(CNC(C)=O)ccc1OCc1cccnc1', 'CC(C)OCc1ccccc1CNc1ncccn1', 'CCn1cc(Br)cc1C(=O)NCCCC(C)C', 'C=CCSc1ccccc1NC(=O)c1ccc(CNC(C)=O)cc1']"
5979,1e-04,0.0,0.0,[]
5980,1e-04,1.0,0.0,['COc1cc2c(cc1OC)-c1cc3ccccc3c(=O)n1CC2']
5981,1e-04,0.0,0.0,[]
5982,1e-04,0.0,0.0,[]
5983,1e-04,0.0,0.0,[]
5984,0.0003,0.41149092,0.8769890666007996,"['c1cn2cnnc2c(N2CCOC(c3ccsc3)C2)n1', 'Cc1nc2ncnn2c2ccn(Cc3ccccn3)c(=O)c12', 'Cc1nc2ncnn2c(Nc2ccc(F)cc2)c1Cl']"
5985,1e-04,1.0,0.0,['CC1(C(=O)NCCSc2cn[nH]n2)CCCCO1']
5986,1e-04,0.0,0.0,[]
5987,1e-04,0.0,0.0,[]
5988,1e-04,0.0,0.0,[]
5989,1e-04,0.0,0.0,[]
5990,1e-04,0.0,0.0,[]
5991,1e-04,0.0,0.0,[]
5992,1e-04,0.0,0.0,[]
5993,0.278,0.38974547,0.37690675258636475,"['O=c1c2ccccc2nnn1CSc1nncs1', 'O=C(Nc1cc(C2CCOCC2)[nH]n1)c1cc[nH]n1', 'Cc1ccc(-n2ncc3c2ncn2nc(C4CCCO4)nc32)cc1', 'C=CCc1cccc(Cl)c1OCCn1ccnc1', 'COCC1CCCN(C(=O)Cc2cn(C)c3ccccc23)C1', 'N#Cc1ccc(Sc2ncnc3nc[nH]c23)cc1Cl', 'c1cc(N2CCCC2)ccc1-c1noc(C2CCC2)n1', 'Oc1ccc(CCCNc2ccc3cn[nH]c3c2)cc1', 'CCC1CCCCC1Oc1nc2sccn2c1CO', 'CCOCCCNc1ncnc2c1nc1n2CCCC1']"
5994,1e-04,0.0,0.0,[]
5995,1e-04,0.0,0.0,[]
5996,1e-04,0.0,0.0,[]
5997,1e-04,0.0,0.0,[]
5998,1e-04,0.0,0.0,[]
5999,0.0463,0.38083196,0.6286054849624634,"['CC1CC(N2CCN(c3cccc(C(F)(F)F)c3)CC2)C(=O)O1', 'CCN(CC(F)(F)F)C(=O)Cc1c(C)nc2c(c1C)c(=O)[nH]n2C', 'CCN1CC23CN(C(=O)c4ccccc4)CC(CC2S1(=O)=O)O3', 'CC1CC1C(=O)Nc1cc(S(=O)(=O)N2CCCC2)ccc1O', 'CC(=O)c1ccc(-c2cccc(OCC(C)C)c2)n(C)c1=O', 'Cc1nn2cccnc2c1C(=O)Nc1cc(C(F)(F)F)ccc1O', 'COc1ccc(-c2c(C)cn(C3CC3)c(=O)c2C#N)cc1O', 'CC(c1ccc(-n2cncn2)cc1)N(C)C(=O)c1ccc(=O)[nH]c1', 'Cc1ccccc1NS(=O)(=O)c1cc2c(cc1C)n(C)c(=O)n2C', 'CC(Oc1ccc(F)cc1)C(=O)OCc1cc(=O)n(C)c(=O)n1C']"
6000,1e-04,0.0,0.0,[]
6001,0.0005,0.41254058,0.7669388055801392,"['Cn1cnc(CNC(=O)NCC2C3Cc4ccccc4C23)n1', 'O=C(Cn1ccc(=O)c2ccccc21)N1CC2C3CCC(CC3)C2C1', 'Cc1cc(=O)n(C)cc1NC(=O)NC1C2CCc3ccccc3C21', 'CCOCC1CCN(C(=O)C2C3CCCCC32)C1', 'CC(=O)c1ccc(NC(=O)NC2C3CCC(C3)C2CO)cc1C']"
6002,0.0035,0.39832857,0.8506061434745789,"['Cc1cc(C)n2nc(CC(=O)Nc3ccccc3F)nc2n1', 'Cc1cc(C)n2nc(C(=O)Oc3ccc(Cl)c(Cl)c3)nc2n1', 'Cc1cc(C)n2nc(C(=O)N3CCC(c4ccccc4)C3)nc2n1', 'Cc1cc(C)n2nc(C(=O)N3CCCC(C(N)=O)C3)nc2n1', 'Cc1cc(C)n2nc(C(=O)Oc3ccc(Cl)cc3C)nc2n1', 'Cc1cc(C)n2nc(Cc3nc(-c4ccncc4)no3)nc2n1', 'Cc1cc(C)n2ncc(C(=O)N3CCCC(C(F)(F)F)C3)c2n1', 'Cc1cc(C)n2nc(Cc3nc(-c4cc5ccccc5o4)no3)nc2n1', 'Cc1cc(C)n2nc(C(=O)N3CCOCC3)nc2n1', 'Cc1cc(C)n2nc(C)c(C(=O)Nc3ccc(Cl)c(F)c3)c2n1']"
6003,1e-04,0.0,0.0,[]
6004,1e-04,0.0,0.0,[]
6005,0.2444,0.18569487,0.8161163330078125,"['CC(=O)c1c2n(n(-c3ccccc3)c1=O)C(=O)c1nccnc1-2', 'COc1ccc(C(=O)C2C3C(=O)C4OCC(O4)C23)cc1', 'Nc1nonc1-c1noc(C(Cl)(Cl)Cl)n1', 'COC(=O)CCC(=O)Oc1ccc(C(C)=O)cc1', 'CSc1c2c(oc(=O)c1C#N)CC(C)(C)CC2=O', 'O=c1c(-c2ccccc2)c(O)n(O)c2ccccc12', 'CCOc1c(Nc2ccc(Cl)cc2C)c(=O)c1=O', 'CC(=O)NC1=NC(=O)C2=NCN(COCCO)C2=N1', 'COC(=O)C1OC(c2ccccc2)OC1C(=O)OC', 'CC(=O)c1nn(-c2ccc(F)cc2F)c(=O)n(C)c1=O']"
6006,0.3744,0.13363457,0.7017307281494141,"['O=c1c(-c2ccccc2)c(N2CCN(c3ccccc3)CC2)c1=O', 'CCOc1c(Nc2ccc(Cl)cc2C)c(=O)c1=O', 'CCOC(=O)N1CCN(c2c(-c3ccc(C)c(C)c3)c(=O)c2=O)CC1', 'COCCCNc1c(-c2cc(C)c(C)cc2C)c(=O)c1=O', 'c1cncc(-c2nnc3sc(-c4c[nH]c5ccccc45)nn23)c1', 'Nc1nonc1-c1noc(C(Cl)(Cl)Cl)n1', 'c1cncc(-c2nc3nccc(-c4ccsc4)n3n2)c1', 'CC1(C(=O)NCc2cccc(Cl)c2)CC1(Cl)Cl', 'CC1(C(=O)Nc2ccc3c(c2)CC(=O)N3)CC1(Cl)Cl', 'COCCN1CCN(C(=O)C2(C)CC2(Cl)Cl)CC1=O']"
6007,1e-04,0.0,0.0,[]
6008,1e-04,0.0,0.0,[]
6009,0.0029,0.42813873,0.60776686668396,"['COC(=O)CCC(=O)Oc1ccc(C(C)=O)cc1', 'CC(=O)c1ccccc1-c1ccc(S(C)(=O)=O)cc1', 'O=S1(=O)c2ccc(O)cc2CC1c1ccccc1', 'COc1ccc(C(=O)Oc2ccccc2OC)cc1', 'Cc1ccccc1OC(=O)c1cccc(S(C)(=O)=O)c1', 'O=C(NS(=O)(=O)c1ccccc1)OCc1ccccc1', 'CS(=O)(=O)Oc1ccc2c(c1)oc(=O)c1ccccc12', 'CC(=O)Oc1cc2oc(=O)cc(C)c2cc1C(=O)c1ccccc1', 'COC(=O)c1c(C)c(C)c(C)c(C)c1C(=O)OC', 'COC(=O)c1ccccc1OC(=O)CC(C)(C)C']"
6010,1e-04,0.0,0.0,[]
6011,1e-04,0.0,0.0,[]
6012,0.0243,0.28253043,0.6180044412612915,"['Cc1ccc(S(=O)(=O)NC(=O)NCc2ccc(C#N)cc2)cc1', 'CC(=O)NCC(=O)NCC(=O)Nc1ccccc1Cc1ccccc1', 'COc1ccc2cc(C(=O)N(C)CC(=O)N(C)C)c(C)nc2c1', 'CNC(=O)CNC(=O)NCc1cccc2cccnc12', 'CCCCNC(=O)Cn1c(=O)n(C(C)C)c(=O)c2ccccc21', 'CCCNC(=O)CNC(=O)c1cccnc1Sc1ccccc1', 'CC(=O)NCC(=O)OCC(=O)Nc1nc(-c2ccccc2)cs1', 'CCN(CC(=O)NC(C)C)C(=O)c1cccc2ccc(C)nc12', 'CC(=O)NCC(=O)NCC(=O)Nc1ccc(Cl)c(F)c1', 'Cc1ccc(NC(=O)CNC(=O)c2c[nH]c3ccccc3c2=O)c(C)c1']"
6013,0.0103,0.25863495,0.6728702783584595,"['Cc1cc(C)n(-c2ccc(-c3nc(C4CCOC4)no3)cc2)n1', 'CCC(=O)Nc1nc(-c2ccc(CCC(C)NC(C)=O)cc2)cs1', 'CC(C)n1nnc(-c2ccc(C(=O)NCCc3ccncc3)cc2)n1', 'Cc1n[nH]c(-c2ccc(NC(=O)c3n[nH]c4ccccc34)cc2)n1', 'Cc1cc(C)n(Cc2ccc(C(=O)N3CCOCC3C3CC3)cc2)n1', 'Cc1n[nH]c(-c2ccc(NCc3cccc4cn[nH]c34)cc2)n1', 'Cc1cc(C)n(-c2ccc(COC(=O)c3ccnnc3)cc2)n1', 'C#CCN1CCN(S(=O)(=O)c2ccc(-c3coc(C)n3)cc2)CC1', 'CCc1nnc(-c2ccc(NC(=O)c3ccc(C)cc3)cc2)o1', 'CC(=O)Nc1nc(-c2ccc(NC(=O)CC(C)C)cc2)cs1']"
6014,1e-04,0.0,0.0,[]
6015,0.0052,0.3787103,0.6435444951057434,"['Cc1c(C(=O)N(Cc2ccc3[nH]ccc3c2)C2CC2)cnc2ccnn12', 'CCn1c(CNC(=O)c2ccc(NC(C)=O)cc2)nc2ccccc21', 'Cn1nc(C(=O)Nc2ccc3c(c2)COC3=O)c2ccccc2c1=O', 'CC(C)n1nc(C(=O)OC2(C3CC3)CC2)c2ccccc2c1=O', 'Cn1c(=O)n(CC(=O)Nc2cccc3ncccc23)c2cccnc21', 'Cn1nc(C(=O)NCc2ccc(S(N)(=O)=O)cc2)c2ccccc21', 'CCCn1nc(C(=O)Nc2ccc(OC(F)(F)F)cc2)ccc1=O', 'Cc1nc(C(=O)N2CC(C)C(N3CCOCC3)C2)c2ccccn12', 'CCn1c(=O)c(C(=O)NCc2ccc(OC)cc2)cc2cccnc21', 'CCn1c(=O)c(SCC(=O)NCC2CCCO2)nc2ccccc21']"
6016,0.1161,0.4985678,0.34495070576667786,"['CCCN1CNc2c(c(=O)[nH]c(=O)n2Cc2ccccc2)C1', 'CCN1CC(c2nc3ccccc3n2Cc2ccccc2F)CC1=O', 'Cc1c(CNc2nccc(C(F)(F)F)n2)cnn1C', 'Cc1cc(-c2n[nH]c3cc(N)ccc23)c(O)cc1Cl', 'O=C1CCCc2c1c(Cc1ccccc1)nn2CCO', 'O=C1OC(c2c[nH]c3ccccc3c2=O)c2ccccc21', 'CCN1CC(c2nc3ccccc3n2CC(=O)OC)CC1=O', 'CCC(C)Nc1ncnc(N2CCOCC2)c1N', 'O=C1CCCc2c1c(C1CC1)nn2-c1c(F)cccc1F', 'CC(=O)OC1CC2CCC1N(Cc1ccccc1)C2=O']"
6017,1e-04,0.0,0.0,[]
6018,1e-04,0.0,0.0,[]
6019,1e-04,0.0,0.0,[]
6020,0.0142,0.29288673,0.6734220385551453,"['CC(O)CCNC(=O)NCc1ccnc(OC2CCC2)c1', 'CC(C)OCCCNC(=O)N1CCN(C(=O)c2ccccc2)CC1', 'CC(O)CCNC(=O)NC1CCCC1c1ccccc1C(F)(F)F', 'CC(O)CC(C)CNC(=O)c1ccnc(OC2CCC2)c1', 'CC(C)CNC(=O)CCNC(=O)c1cc2cnsc2s1', 'CC(O)CC(C)CNC(=O)Nc1ccc2oc(C(F)(F)F)nc2c1', 'CC(O)CC(C)(C)CNC(=O)c1ccnc(OC2CCC2)c1', 'CC(CO)CNC(=O)NCC1(c2cccc(Cl)c2)CCOCC1', 'CC(C)(C)CNC(=O)c1c(F)ccc2cccnc12', 'COC(=O)CCNC(=O)c1ccc(Cl)c2cccnc12']"
6021,0.0121,0.37865943,0.63643878698349,"['Cc1nnc(SC(C)c2nc(C(C)(C)C)no2)n1N', 'CCOCCNC(=O)c1sc(C(C)C)nc1C', 'CC1CCN(C(=O)c2cc(C(C)C)nc(N(C)C)n2)CC1', 'CCOCC1CCCN(C(=O)c2cc(C(C)(C)C)n[nH]2)C1', 'CCn1nc(C(C)C)cc1-c1nn2c(CC(C)C)nnc2s1', 'CCC1CCCN(C(=O)CCc2nc(C(C)(C)C)no2)C1', 'Cc1noc(C)c1Cc1nn2c(C(C)C)nnc2s1', 'COc1ncccc1CNC(=O)c1cc(C(C)C)[nH]n1', 'CCOCCCNC(=O)c1nc(C(C)C)ncc1Cl', 'CC1CCN(Cc2nnc(C(C)(C)C)o2)c2ccccc21']"
6022,1e-04,0.0,0.0,[]
6023,0.0009,0.3450538,0.8060828447341919,"['Cc1nnc(N2CCC3(CC2)OCCCC3O)o1', 'Oc1cccc(C2CN(CC3=CCCOC3)CCO2)c1', 'Cc1cc(C)c(S(=O)(=O)N2CCC3(CC2)OCCCO3)c(C)c1', 'CCOC(=O)C1C2CCC(=O)C2CN1C(=O)OCc1ccccc1', 'CCOc1ccc(C2CCCN2C(=O)c2cccc(C#N)c2)cc1', 'CCc1cnc(N2CCC3C2CCC(=O)N3c2ccccc2)nc1', 'Cc1ccc(C2C(C(=O)N3CCC(C)CC3)CCC(=O)N2C)cc1', 'COc1cc(NC(=O)N2C3CCC2COC3)cc(OC)c1OC', 'COc1cc(CC2CCCCC2=O)cc(OC)c1OC']"
6024,1e-04,0.0,0.0,[]
6025,0.0261,0.261909,0.575818657875061,"['CC1CCCN(c2nc(-c3ccccc3F)no2)C1', 'CCOC(=O)C1CCCN(c2ncnc3c2nnn3C)C1', 'CC1CCCN(c2ncnc(NCC3CCCO3)c2N)C1', 'COCC1(O)CCN(c2ccnc(SC)n2)CC1(C)C', 'CC1CCCN(c2nnc(-c3ccc(N)cc3)o2)C1', 'OCC1(O)CCN(c2noc(-c3ccccc3)n2)CC1', 'CC1CCN(c2ncnc(N(CCC#N)CCC#N)c2N)CC1', 'CC(=O)N1CCn2c(nnc2C2CCN(c3ncccn3)CC2)C1', 'Cc1ccsc1CNC(=O)C1CCCN(c2cnccn2)C1', 'CCCC(=O)OC1CN(c2nc3c(OC)cccc3s2)C1']"
6026,0.0114,0.3907049,0.6395862698554993,"['CCC(NCc1ccc(OC)cc1F)C(=O)OC', 'CCN1CC(c2nc3ccccc3n2CC(=O)OC)CC1=O', 'COCC(=O)N1CCN(Cc2ccc(C(=O)OC)c(F)c2)CC1', 'COCC(=O)Nc1nc(-c2ccccc2)c(CC(=O)OC)s1', 'CCn1cc(CN2CCN(c3ccc(C(=O)OC)cc3)CC2C)cn1', 'COC(=O)c1nc2ccccc2c(C)c1C(=O)OC', 'CCc1nc2onc(C)c2c(=O)n1CC(=O)OC', 'CCOC(=O)c1cccc2nc(C)n(CC(=O)OC)c12', 'CCc1cc(C(=O)N2CCCC2C(=O)OC)sc1C', 'CNc1nc(-c2ccccc2)c(C(C)=CC(=O)OC)s1']"
6027,0.011,0.4989162,0.5584530830383301,"['CCc1noc(C(C)N2CCN(c3ncccn3)CC2)n1', 'COCc1noc(CCNc2cc(C(C)C)nc3ccnn23)n1', 'CC(C)c1noc(C(C)Sc2ncnc3nc[nH]c23)n1', 'Cc1noc(COCC(=O)Oc2ccc(Br)cc2F)n1', 'CCCc1noc(C2CCCN(C(=O)CCn3nc(C)cc3C)C2)n1', 'CCc1noc(CN2CCN(Cc3nc(CC)no3)CC2)n1', 'Cc1noc(C(C)OC(=O)CCC(=O)c2ccc(F)cc2F)n1', 'Cc1noc(NC(=O)C2CC2c2ccc(F)cc2)n1', 'Cc1noc(CNC(c2nc(C)no2)C(C)C)n1', 'Cc1noc(CC2COC3CN(C(=O)c4ccnnc4)CC23)n1']"
6028,1e-04,1.0,0.0,['COc1ccccc1C(=O)NC1CC2C(=O)NC(C(C)O)C(=O)N2C1']
6029,1e-04,0.0,0.0,[]
6030,0.0013,0.55357873,0.6096508502960205,"['CC(OC(=O)CCc1nc2ccccc2s1)C(=O)NC1CC1', 'CC(OC(=O)c1cccc(F)c1)C(=O)NCc1ccc2c(c1)OCO2', 'CC(OC(=O)c1ccc(OC(F)F)cc1)C(=O)NC1CC1', 'CCC(OC(=O)c1ccc(NC(N)=O)cc1)C(=O)Nc1cc(C)on1', 'CC(OC(=O)c1cccnc1)C(=O)NC(C)c1ccc(Cl)cc1', 'CC(OC(=O)C1CC=CCC1)C(=O)Nc1ccccc1F', 'CC(OC(=O)CSc1nnnn1C1CC1)c1ccc(F)cc1F', 'CC(OC(=O)c1cc2c([nH]c1=O)CCCC2=O)c1ccc(Cl)cc1', 'CC(OC(=O)C1CCN(C(=O)OC(C)(C)C)CC1)c1ccccn1', 'CC(OC(=O)c1ccc(=O)n(C)n1)c1ccccc1']"
6031,0.0011,0.2939271,0.862862229347229,"['CC(=O)NC1Cc2ccccc2N(C(=O)OC(C)(C)C)C1', 'COC(=O)C1CC(=O)N(c2cc(C(F)(F)F)ccc2Cl)C1', 'CC(=O)N1CN(S(C)(=O)=O)c2ccccc2N(S(C)(=O)=O)C1', 'O=C1CC(C(=O)Nc2ccccc2)NC(N2CCCCC2)=N1', 'COCC(=O)N1CC(c2ccccc2)OC(c2ccc(F)cc2)C1', 'C1=C(c2cccs2)CCN(Cc2ccsc2)C1', 'CCCCNC(=O)C1CCC(C)N(C(=O)c2ccc(COC)o2)C1', 'CCc1ccccc1OC1CN(CC(C)(C)N2CCOCC2)C1', 'CC1CCC(C)N(C(=O)Nc2ccccc2OC2CCOC2)C1', 'O=C1CC(=O)CC(c2ccccc2C(F)(F)F)C1']"
6032,1e-04,0.0,0.0,[]
6033,1e-04,0.0,0.0,[]
6034,0.0192,0.40631983,0.5809318423271179,"['Cc1ccc(C)c(NC(=O)CSc2nnc(-c3ccoc3C)o2)c1', 'Cc1ccc(NC(=O)CSc2nnc(-c3ccco3)n2C)cc1C', 'CCc1ccc(NC(=O)CSc2nnc(-c3ccco3)n2N)cc1', 'CCc1nc2cc(NC(=O)CSc3nncn3C(C)C)ccc2o1', 'CCc1cccc(CC)c1NC(=O)CSc1nnc(C2CC2)n1N', 'Cc1cccc(C)c1NC(=O)CSc1nc2ccsc2c(=O)[nH]1', 'Cc1cccc(NC(=O)CCSc2nnc(-c3cccnc3)o2)c1', 'Cc1ccc(NC(=O)CSc2nnnn2-c2ccc(F)cc2)cc1', 'CC1CCCC(NC(=O)CSc2nnc(-c3ccco3)n2N)C1C', 'COc1ccc(CNC(=O)CSc2nc3ncccc3o2)cc1']"
6035,0.0004,0.4923011,0.662628173828125,"['c1csc(CCN2CN=C(Nc3nc4ccccc4o3)NC2)c1', 'CN1C(=O)C2(N=C(N)NC(N3CCc4ccccc43)=N2)c2ccccc21', 'c1ccc(CN2CCN3CC(Oc4cncnc4)CC3C2)nc1', 'O=C(c1ccc2c(c1)OCCCO2)N1CCc2ccccc21']"
6036,1e-04,0.0,0.0,[]
6037,1e-04,1.0,0.0,['O=S1(=O)c2ccccc2-c2cc3cc(F)c(F)cc3cc21']
6038,1e-04,0.0,0.0,[]
6039,0.0428,0.4012288,0.46310001611709595,"['O=C(NCc1cccnc1)C1CCN(c2cccnn2)C1', 'CCCc1c(C)nc2ncnn2c1Sc1ccc(NC(C)=O)cc1', 'Cc1cc(N2CCC(Cc3ccnn3C)CC2)ncn1', 'Cc1cc(-c2cnnc(N)c2C(=O)NC(C)(C)C)ccc1F', 'CCOc1cccc(-c2cnnc(N)c2C(N)=O)c1', 'CCc1cnc(C)nc1N(C)Cc1cc(COC)[nH]n1', 'CC1Cc2nc(N)nn2CC1c1ccccc1Cl', 'CCOc1ccc(NC(=O)c2cnc(C)nc2N)cc1', 'CN(Cc1cnn(C)c1)C(=O)c1c[nH]nc1-c1ccccc1F', 'CCc1nc(SC)ncc1C(=O)Nc1cccc(C(C)=O)c1']"
6040,1e-04,0.0,0.0,[]
6041,1e-04,0.0,0.0,[]
6042,1e-04,0.0,0.0,[]
6043,1e-04,0.0,0.0,[]
6044,1e-04,0.0,0.0,[]
6045,0.3429,0.11200866,1.1613943576812744,"['O=C1NC2=C(C(=O)N(CCO)C2)C(c2ccc3c(c2)OCO3)N1', 'CCCC1=C(C(=O)OCC)C(c2ccccc2OC)NC(=O)N1', 'CC1=C(C(=O)OC(C)(C)C)C(c2ccc(F)cc2)NC(=O)N1', 'C=CCN1C(=O)C2(NC(=O)c3c(C)cccc3N2)c2ccccc21', 'CN1C(=O)C2(OCCCO2)c2cccc(Cl)c21', 'CN1C(=O)C2(N=C(N)NC(N3CCc4ccccc43)=N2)c2ccccc21', 'O=C1c2ccccc2NC(c2cccs2)N1C1CC1', 'O=C1c2ccccc2NC(c2cccs2)N1Cc1ccccc1', 'CC1CC2(CCCCC2)N2C(=O)C(=O)c3cccc1c32', 'CC(=O)NC1=NC(=O)C2=NCN(COCCO)C2=N1']"
6046,0.0007,0.42219016,0.6359462738037109,"['O=C1CC(=O)CC(c2ccccc2C(F)(F)F)C1', 'CCCC1CCC(=O)C(CN2CCOCC2CC)C1', 'C=C(C)CN(CC)C(=O)C1=NC=C(S(=O)(=O)N(C)C)C1', 'CCCN1CNc2c(c(=O)[nH]c(=O)n2Cc2ccccc2)C1', 'CC1(C)CC(=O)c2cnc(NCc3ccco3)nc2C1', 'CCOC(=O)C1=C(C)C(S(=O)(=O)NC2CCCCCC2)C(C)=N1', 'COC(=O)C1CC(=O)N(c2cc(C(F)(F)F)ccc2Cl)C1']"
6047,0.0002,0.5,0.0,"['COCCn1c(C(=O)N(C)C)cc2c1c1ccccc1n2C', 'COc1cc2c(c(O)c1OC)c(=O)c1cccc(O)c1n2C']"
6048,1e-04,0.0,0.0,[]
6049,1e-04,0.0,0.0,[]
6050,1e-04,0.0,0.0,[]
6051,1e-04,0.0,0.0,[]
6052,1e-04,1.0,0.0,['CCn1c(=O)c2c(ncn2Cc2ccccc2)n(-c2ccccc2)c1=O']
6053,1e-04,0.0,0.0,[]
6054,0.0002,0.5,0.0,"['COc1ncc(C(F)(F)F)cc1Br', 'Cc1cc(S(=O)OC(C)C)c2nc(C)ccc2c1']"
6055,0.0019,0.5137474,0.5022293925285339,"['CN1C(=O)OC(C)(CC(C)(C)c2ccccc2)C1(C)O', 'O=C(OC(C(=O)c1ccccc1)c1ccccc1)c1cccnc1', 'C=CCOC1C2CCC1N(S(=O)(=O)c1ccccc1)CCO2', 'Fc1ccccc1C1CN(Cc2ccncc2)Cc2ccccc2O1', 'CC1CC(OC(=O)c2ccccc2SCc2ccsc2)C(=O)O1', 'O=C1OC(C(=O)NCc2ccccc2)Cc2ccccc21', 'Cc1cccc2c1C(C(O)Cc1ccccc1)NCC2', 'O=C(Cn1c(=O)cnc2ccccc21)OC1CCCC1', 'COc1cccc(CN(CC(O)c2ccccc2)C2CC2)c1', 'CCCN1C(=O)C(O)(C(C)C(=O)c2ccccc2)c2ccccc21']"
6056,0.0188,0.31848034,0.5586593151092529,"['Cc1c(C(=O)NCc2nnc3n2CCCCC3)oc2c1C(=O)CCC2', 'N#CCCN(CCC(F)(F)F)C(=O)c1[nH]nc2c1CCCC2', 'O=C(NCc1ccccc1C(F)(F)F)c1[nH]nc2c1COCC2', 'Cc1nc(N2CCOCC2)nc2c1CCN(C(=O)CC(C)(C)C)CC2', 'CCc1onc(C)c1NC(=O)c1[nH]nc2c1CCCC2', 'Cc1ccccc1NC(=O)c1noc2c1CC(C)CC2', 'CCOC(=O)c1c(N)oc2c1CN(C(C)=O)CC2', 'CSc1ccccc1C(=O)NCc1nn(C)c2c1CCCC2', 'CCOc1ccccc1NC(=O)c1noc2c1CCCC2', 'CC(C)Oc1ccc(NC(=O)c2n[nH]c3c2CCc2ncccc2-3)cc1']"
6057,1e-04,0.0,0.0,[]
6058,1e-04,0.0,0.0,[]
6059,1e-04,0.0,0.0,[]
6060,1e-04,0.0,0.0,[]
6061,1e-04,0.0,0.0,[]
6062,0.0004,0.46202075,0.7084558606147766,"['CNc1cc2c(nn1)CCN(C(=O)C1Cc3cc(Cl)ccc3O1)C2', 'O=c1ccc2c(n1CC1CC1)CCC(NS(=O)(=O)C1CC1)C2', 'CNC(=O)c1cc2c(nc1N(C)C)CCN(c1ncc(C)cn1)CC2', 'Cc1cc2c(nc1C)oc1c(=O)n(Cc3ccc(F)cc3)cnc12']"
6063,1e-04,0.0,0.0,[]
6064,1e-04,0.0,0.0,[]
6065,0.0011,0.3424815,0.7394728064537048,"['CC(NC(=O)CN1C(C)COCC1C)c1ccccc1Cl', 'O=C(NCCS(=O)(=O)N1CCNCC1)c1c(F)cccc1Cl', 'Cc1cccc(C)c1NC(=O)CSc1nc2ccsc2c(=O)[nH]1', 'Cc1noc(C)c1C(=O)Nc1cc(Br)ccc1Cl', 'CC(=O)NC(C)C(=O)NCCc1c(Cl)cccc1Cl', 'COc1ccc(C)cc1NC(=O)C1CCCCC1CO', 'CCC(C)NC(=O)CCC(O)c1ccc(Br)cc1', 'CCCCCNC(=O)Nc1cc(C(=O)NC)ccc1Cl', 'Cc1noc(C)c1CC(=O)Nc1cc(F)ccc1Cl', 'Cc1cc(Br)ccc1C(=O)NCCCO']"
6066,1e-04,0.0,0.0,[]
6067,1e-04,0.0,0.0,[]
6068,1e-04,0.0,0.0,[]
6069,0.0003,0.6152496,0.11818741261959076,"['Cc1cc[nH]c(=NS(=O)(=O)c2cnn(C)c2)c1', 'Cc1cc(CSc2ncnc3sc(C)cc23)no1', 'O=C(Nc1ccc2oc(=O)ccc2c1)c1ccc[nH]c1=O']"
6070,1e-04,0.0,0.0,[]
6071,0.5015,0.22176965,0.6713392734527588,"['Cc1cc(C)n(CCNCc2cc(=O)c3cc(F)ccc3[nH]2)c(=O)n1', 'N#CC(C(=O)CCC(=O)c1ccc(F)cc1F)c1ccccn1', 'CCCC1CCC(=O)C(CN2CCOCC2CC)C1', 'COc1ccc(Cl)cc1C(=O)CCC(=O)N1CCOCC1', 'N#CCCC(C#N)Cn1c(=O)c(C#N)c2n(c1=O)CCCCC2', 'COC(=O)CCC(=O)Oc1ccc(C(C)=O)cc1', 'O=C(C=c1[nH]c(=O)c(=Cc2cccnc2)s1)c1ccco1', 'Cc1cc(C(=O)CCC(=O)NC2CCC(C)CC2)c(C)s1', 'CCCNC(=O)CCC(=O)N1CCC(N2CCCC2=O)CC1', 'CCN1CCN(C(=O)CCC(O)c2ccccc2OC)CC1']"
6072,0.0002,0.5,0.0,"['CCOC(=O)c1ccc(N2CCN(CCO)CC2)nc1', 'N#Cc1ccccc1OCCOc1ccccc1F']"
6073,0.0002,0.5,0.0,"['Cc1nn(C(=O)c2ccccc2)c2c1C1C(C2)C1(C)C', 'COc1ccc(C(NS(=O)(=O)c2c(C)noc2C)C2CC2)cc1']"
6074,1e-04,0.0,0.0,[]
6075,0.0011,0.34679583,0.7674261331558228,"['CCN(C)C(=O)c1cccc(OCC(=O)N2C(C)CCCC2C)c1', 'Cc1c(C(=O)N2CC(C)CCCC2C)c(=O)oc2ccccc12', 'COCCOc1ccc(NC(=O)NC2C(C)CCCC2C)cn1', 'CC(NC(=O)CN1C(C)COCC1C)c1ccccc1Cl', 'CC(C)Cc1noc(CN2C(C)COCC2C)n1', 'CC=Cc1ccc(OCC(O)CN2C(C)COCC2C)c(OC)c1', 'CCOC(=O)c1oc2ccccc2c1CN1C(C)COCC1C', 'C#CCN1CCN(C(C)C(=O)N2c3ccccc3CC2C)CC1', 'Cc1nc(C)c(C#N)c(SCC(=O)N2CC(C)CC(C)C2)n1', 'COC(=O)c1c(C)[nH]c(C(=O)CN2CC(C)c3ccccc32)c1C']"
6076,1e-04,0.0,0.0,[]
6077,1e-04,0.0,0.0,[]
6078,1e-04,0.0,0.0,[]
6079,1e-04,0.0,0.0,[]
6080,1e-04,0.0,0.0,[]
6081,0.0297,0.23203224,0.7858672738075256,"['CCCC(O)c1cc(CC)c2c(c1)C(CC)C(=O)N2', 'C#CCN1CCN(C(=O)NCC2(CCC)CC2)CC1', 'CCCc1cc(C(=O)N2CC(CCC)C(NS(C)(=O)=O)C2)no1', 'CCCOc1ccc(NC(=O)CC)c2cccnc12', 'CCC(=O)Nc1nc2cc3nc(NC(=O)CC)sc3cc2s1', 'CCOc1ccccc1C(CC)NC(=O)Nc1c(C)noc1CC', 'CCc1nc2n(n1)CCCC2NC(=O)N(CC)CC(C)CC', 'CCC(=O)N1CCN(Cc2c(CC)nn(C)c2CC)CC1', 'C=CCNC(=O)c1ccc(NC(=O)C(CC)CC)cc1', 'CCNC(=O)N1CCC(c2nc(CCNC(=O)CC)cs2)CC1']"
6082,1e-04,0.0,0.0,[]
6083,1e-04,0.0,0.0,[]
6084,1e-04,0.0,0.0,[]
6085,1e-04,0.0,0.0,[]
6086,1e-04,0.0,0.0,[]
6087,1e-04,0.0,0.0,[]
6088,1e-04,0.0,0.0,[]
6089,1e-04,0.0,0.0,[]
6090,0.0005,0.3951674,0.7937179803848267,"['NC(=O)Nc1ccc(C(=O)Nc2ccc3c4c(cccc24)CC3)cc1', 'O=C(Nc1ccc2c3c(cccc13)CC2)N1CCC(CO)CC1', 'CCc1ccccc1NC(=O)c1cn2c3c(cccc3c1=O)CC2', 'CS(=O)(=O)NCCNC(=O)c1c2c(nc3ccccc13)CCC2', 'Cn1cc2c3c(cccc31)CN(C(=O)c1cccs1)CC2']"
6091,1e-04,0.0,0.0,[]
6092,1e-04,0.0,0.0,[]
6093,1e-04,0.0,0.0,[]
6094,1e-04,0.0,0.0,[]
6095,1e-04,0.0,0.0,[]
6096,0.0006,0.32878816,0.909380316734314,"['CCOC(=O)C=C(C)NC(=O)c1ccccc1Cl', 'COC(=O)C1=C(C)NC(=O)NC1c1ccsc1', 'COC(=O)C1=C(C)NC(=O)NC1c1cccc(C)c1', 'COCc1c(Br)cccc1NC(=O)C1CC=CC1', 'C=CCNC(=O)Nc1ccc(NC(=O)C2CC=CC2)cc1', 'CC(=Cc1ccccc1)CN(C)Cc1nccs1']"
6097,1e-04,0.0,0.0,[]
6098,0.0107,0.22354719,0.7332177758216858,"['CC(Sc1ccccn1)C(=O)N1CCC(C)(C)C1', 'CCc1ccccc1OCC(=O)N1CCC(C)(O)C1', 'Cc1ccc(CC(=O)N2CCC(C(N)=O)C2)s1', 'Cc1ncc(C(=O)N2CCC(C)(O)C(O)C2)c(C)n1', 'Cc1nc(C(=O)N2CC(C)C(N3CCOCC3)C2)c2ccccn12', 'CCc1cc(C(=O)N2CCC(C)(O)C(O)C2)cc(=O)[nH]1', 'Cc1ccc(CN2CC(C(=O)N3CC(CO)C3)CC2=O)cc1', 'Nc1cc(F)c(S(=O)(=O)N2CCC(O)C2)c(F)c1', 'O=C(Cc1cccc(OCc2ccc(Cl)cc2)c1)N1CCC(O)C1', 'O=S(=O)(c1ccc(Cl)c(Cl)c1)N1CCC(O)C1']"
6099,0.4549,0.2148379,0.7126296758651733,"['CCc1nnc(CN(CC)C(=O)Cc2csc(C)n2)o1', 'Cc1noc(CNC(c2nc(C)no2)C(C)C)n1', 'Cc1nc(CSc2nnc(-c3sc(C)nc3C)o2)no1', 'Cc1noc(C2CCCN(C(=O)Cc3csc(C)n3)C2)n1', 'COCCc1noc(CN2CCCC2c2noc(C)n2)n1', 'O=C(CCc1ccsc1)OCc1noc(-c2ccc(F)cc2)n1', 'CCCCn1nnnc1CN1CCCC1c1noc(C(C)C)n1', 'Cc1ccsc1-c1nnc(SCc2nnc(C(C)C)o2)o1', 'Cc1nnc(C(C)Sc2nnc(COc3ccc(F)cc3)o2)o1', 'Cc1cccc2oc(CNC(=O)c3ccc(Cn4cnnn4)cc3)nc12']"
6100,1e-04,0.0,0.0,[]
6101,0.0037,0.7591848,0.12541408836841583,"['CC(O)c1ccc(SCc2ccco2)c(F)c1', 'CC(O)c1ccc(OCCOc2ccccc2)cc1', 'CC(O)c1ccc(OCCOc2ccc3c(c2)OCO3)cc1', 'CC(O)c1ccc(NC(=O)CSc2ccc(F)cc2F)cc1', 'CC(O)CNC(=O)c1cccnc1N1CCCCC1', 'CC(O)c1nc2ccc(F)cc2n1Cc1ccc(N)nc1', 'CC(O)c1nc2cc(O)ccc2n1-c1ccccc1', 'CC(O)CC(C)CNC(=O)c1ccnc(OC2CCC2)c1', 'CC(O)(CNC(=O)NCCc1cscn1)c1ccccc1Cl', 'CC(O)C(N)c1nc(-c2cc(F)ccc2O)cs1']"
6102,0.0087,0.7817215,0.1640721559524536,"['CCNc1cncc(S(=O)(=O)NCc2ccco2)c1', 'CCNc1ccc(C(=O)OCC)cc1NC(=O)C(C)C', 'CCNC(=O)Cc1cc(OCC)c(OCC)cc1Br', 'CCNC(=O)c1cnc(CCOc2ccccc2)nc1N', 'CCNc1cncc(S(=O)(=O)N2CCCCC2CCO)c1', 'CCNc1ncc(-c2cn(CCOC(C)C)nn2)cn1', 'CCNC(=O)c1ccc(NC(=O)NCCO)cc1', 'CCNc1nc(OC)nc(-n2cnc(SC)n2)n1', 'CCNC(=O)C(C)NC(=O)CCc1ccccc1OC', 'CCNc1cnn(-c2ccccc2C(=O)OC)c(=O)c1Cl']"
6103,1e-04,0.0,0.0,[]
6104,1e-04,0.0,0.0,[]
6105,0.0018,0.5763877,0.4995017945766449,"['Oc1ccc(CCCNc2ccc3cn[nH]c3c2)cc1', 'Oc1ccc(N2CCN(Cc3nc4c(F)cccc4[nH]3)CC2)cc1', 'Oc1cccc(-n2nnnc2SCc2ccccc2F)c1', 'Oc1ccccc1SCc1cn2ccccc2n1', 'Oc1cc2c(cc1F)CCNC2c1ccncc1Cl', 'Oc1cc(O)c2c(c1)C(c1ccc3[nH]nnc3c1)NCC2', 'Oc1ccc(CNCCc2ccccc2F)c(F)c1', 'Oc1ccc(C=CC2NCCc3cc(O)ccc32)cc1', 'Oc1cc(O)c2c(c1)C(C(O)c1ccccc1F)NCC2', 'Oc1cccc(C2CN(CC3=CCCOC3)CCO2)c1']"
6106,1e-04,0.0,0.0,[]
6107,1e-04,0.0,0.0,[]
6108,1e-04,0.0,0.0,[]
6109,1e-04,0.0,0.0,[]
6110,1e-04,0.0,0.0,[]
6111,1e-04,0.0,0.0,[]
6112,1e-04,0.0,0.0,[]
6113,1e-04,0.0,0.0,[]
6114,0.0016,0.4287731,0.7660689353942871,"['Cc1cc(C)n(-c2nc(N3CCOCC3)nc(N3CCOCC3)n2)n1', 'c1ccc(-c2cc(N3CCOCC3)nc(-c3ccncc3)n2)cc1', 'CC1CCN(C(=O)c2cc(C(C)C)nc(N(C)C)n2)CC1', 'O=C1CCN(c2cc(-c3ccncc3)nc(-c3ccccc3)n2)CC1', 'CCOC(=O)N1CCN(c2cc(-c3ccccc3F)nc(C)n2)CC1', 'Cc1cccc(NC(=O)c2cc(C(C)C)nc(N(C)C)n2)n1', 'COC(=O)c1ccc(OCc2nc(N)nc(N3CCCCC3)n2)cc1', 'CC(=O)N1CCc2nc(-c3ccccn3)nc(N3CCOCC3)c2C1', 'CCCC(=O)N1CCN(c2cc(-n3cnc(C)c3C)nc(C)n2)CC1', 'CN1CCN(C(=O)c2cnc(-c3ccccn3)nc2N)CC1']"
6115,1e-04,0.0,0.0,[]
6116,0.0007,0.24628735,1.3859241008758545,"['COc1ccc(-n2nc(C)c3c2N=C(O)CC3c2ccccc2)nn1', 'COc1ccc(-n2cnc3c2N=C(O)CC3c2cccc(F)c2)cc1', 'Cc1nnc(-c2c(C)[nH]c(C)c2S(=O)(=O)NCc2ccccc2)o1', 'COc1cc(OC)c(-c2[nH]nc3c2C(=O)CC(C)(C)C3)cc1OC', 'CCOC(=O)c1sc(C)c2c1NC(C)N(Cc1ccccc1)C2=O', 'Cc1cc(C)cc(-n2nc(C)cc2NC(=O)CNC(=O)C2CC2)c1', 'CCc1onc(C)c1NC(=O)c1cc2cc(F)ccc2o1']"
6117,0.0082,0.19155414,0.8714560866355896,"['COc1c[nH]c(CSc2ccc(F)cc2)cc1=O', 'COC(=O)C(c1c(C)[nH]c2ccccc12)(C(C#N)C#N)C(F)(F)F', 'Cc1nc(CSc2nnc(SCC(N)=O)s2)cs1', 'Cn1cnn(CC(=O)NCC2(c3ccc(F)cc3)CCCCC2)c1=O', 'Cn1c(=O)ccn(CC(=O)NC2(c3ccccc3)CCC2)c1=O', 'NC(=O)CSc1nc2ccc(NC(=O)c3cccs3)cc2s1', 'NC(=O)CSc1nnc(NCc2ccco2)s1', 'COc1ccnc(Sc2nnnn2C2CC2)n1', 'Cc1ccc2c(c1)C(O)(CC(=O)c1cccs1)C(=O)N2', 'Brc1ccc(Oc2cnccn2)cc1']"
6118,1e-04,0.0,0.0,[]
6119,1e-04,0.0,0.0,[]
6120,1e-04,0.0,0.0,[]
6121,1e-04,0.0,0.0,[]
6122,1e-04,1.0,0.0,['CC1=CC(C)C2(CO)COC(c3ccco3)C1C2C']
6123,1e-04,0.0,0.0,[]
6124,1e-04,0.0,0.0,[]
6125,1e-04,0.0,0.0,[]
6126,0.0042,0.38083187,0.5976935029029846,"['COc1ccc(C(C)(CO)Cc2cccs2)cc1OC', 'CCOC(=O)C(N)Cc1c(F)ccc2cccnc12', 'COc1ccc(C(O)CCC2OCCO2)cc1OC', 'COc1ccc(NC(=O)C(C#N)Cc2ccc(OC)cc2OC)cc1', 'CCCC(C#N)CCC(=O)Nc1ccc2c(c1)OCCO2', 'CCCn1cc(C(O)Cc2ccccc2Br)cn1', 'Cc1ccccc1C(C#N)CCC(=O)NCc1cccnc1', 'CC(C)(C)OC(=O)C(N)Cc1ccc(CO)cc1', 'COc1ccc(F)cc1C(C#N)CN1CCOCC1', 'COc1ccc(Br)cc1CC(O)CC(F)(F)F']"
6127,1e-04,0.0,0.0,[]
6128,1e-04,0.0,0.0,[]
6129,1e-04,0.0,0.0,[]
6130,1e-04,0.0,0.0,[]
6131,0.0192,0.18045866,0.7499909996986389,"['CC(=O)c1sc(N(C)C)nc1-c1ccc(N(C)C)cc1', 'CC(Sc1ncnc2ccsc12)c1nc(N)nc(N(C)C)n1', 'Cc1cccc(NC(=O)c2cc(C(C)C)nc(N(C)C)n2)n1', 'CCOC(=O)c1cnc2ccc(Cl)cc2c1N(C)C', 'COc1cc2cc(CC#N)c(N(C)C)nc2cc1Cl', 'Cc1cc(N(C)C)cc(C)c1NC(=O)Nc1c(C)n[nH]c1C', 'Cc1ccccc1C(=O)NCC#Cc1ccc(N(C)C)cc1', 'Cc1ccccc1C(C(=O)N(C)Cc1c(C)nn(C)c1C)N(C)C', 'CN(C)c1nc(Oc2ccc(OCC(N)=O)cc2)nc(N(C)C)n1', 'Cc1ccccc1CN(C)C(=O)Nc1cc(C(=O)N(C)C)ccc1C']"
6132,1e-04,0.0,0.0,[]
6133,1e-04,0.0,0.0,[]
6134,0.0086,0.3850034,0.5905855298042297,"['CC(C)N(C)C(=O)c1ccc(F)c(S(=O)(=O)N2CCCCC2)c1', 'CC(c1ccco1)N(C)Cc1ccc(S(=O)(=O)N2CCCC2)o1', 'O=C(NC1CCCCC1)c1cc(S(=O)(=O)N2CCCC2)c[nH]1', 'C#CCNC(=O)c1ccc(OC)c(S(=O)(=O)N2CCCC2)c1', 'O=C(CCc1ccco1)Nc1cccc(S(=O)(=O)N2CCCC2)c1', 'C#CCNC(=O)NCc1ccc(S(=O)(=O)N2CCCC2)cc1', 'CC(O)CNC(=O)c1ccc(F)c(S(=O)(=O)N2CCCC2)c1', 'O=C(Nc1ccccn1)c1ccc(S(=O)(=O)NC2CC2)cc1', 'Cc1ccoc1C(=O)Nc1ccc(S(=O)(=O)NC2CC2)cc1', 'CC1CC1C(=O)Nc1cc(S(=O)(=O)N2CCCC2)ccc1O']"
6135,1e-04,0.0,0.0,[]
6136,1e-04,0.0,0.0,[]
6137,1e-04,0.0,0.0,[]
6138,0.0002,0.5,0.0,"['CC1(C(=O)Nc2ccc3c(c2)CC(=O)N3)CC1(Cl)Cl', 'O=c1[nH]c(F)c(Cl)c2c1Oc1ccccc1O2']"
6139,1e-04,0.0,0.0,[]
6140,0.007,0.34329715,0.7428469061851501,"['CCc1c(C(=O)NCc2cscn2)cnn1-c1cccc(Cl)c1', 'CCc1c(C(=O)NCc2cscn2)cnn1-c1ccccc1', 'COc1c(NC(=O)Nc2cccc(Cl)c2N(C)C)c(C)nn1C', 'CCc1c(C(=O)Nc2ccccc2)cnn1-c1ccc(OC)nn1', 'COCCCOc1c(C(C)O)ccc2ccccc12', 'COc1c(NC(=O)Nc2cc(-c3ccccc3)on2)c(C)nn1C', 'COc1c(CNc2cnn(CC(C)C)c2)c(C)nn1C', 'CCCc1c(C(=O)N2CCNC(=O)C2)[nH]c(C)c1C(=O)OC', 'CCCc1c(C(=O)NC(C)C)nnn1-c1ccccc1', 'NC(=O)Cn1c(-c2cccc(Br)c2)noc1=O']"
6141,1e-04,0.0,0.0,[]
6142,0.0054,0.34112096,0.7461527585983276,"['OCCc1cn(C2CCN(C3N=CN=C4N=CN=C43)CC2)nn1', 'CC(=O)c1cn(CC(=O)Nc2cc(Cl)ccc2O)c2ccccc12', 'CC(=O)c1cn(CC(=O)Nc2cccc3[nH]ccc23)c2ccccc12', 'O=C(NCCc1ccco1)c1cn(CCN2CCOCC2)nn1', 'CC(=O)c1cn(CC(=O)Nc2ccc3c(c2)OCO3)c2ccccc12', 'COC(=O)CCNC(=O)c1cn(Cc2ccccc2)c2ccccc12', 'CNC(=O)c1cn(Cc2ccccc2)c2ccccc12', 'OCc1cn(Cc2noc(-c3ccsc3)n2)nn1', 'O=C(NCCCO)c1cn(-c2ccccc2)nc1-c1cccnc1', 'CCCCNC(=O)c1cn(-c2ccccc2)c2ncccc12']"
6143,1e-04,0.0,0.0,[]
